{"type":"FeatureCollection","source":"Astana municipal open geoportal","source_url":"https://gis.esaulet.kz/server/rest/services/dop_sloi_geoportal_otkr/MapServer/18","metadata":{"sourceId":"astana-municipal-buildings","source":"https://gis.esaulet.kz/server/rest/services/dop_sloi_geoportal_otkr/MapServer/18","retrievedAt":"2026-09-23T11:44:36.492584+00:00","publicationDate":null,"geometryStatus":"sourced","status":"unverified","license":null,"reuseTerms":"Not stated by public source service.","outputCrs":"EPSG:4326","coordinateDimensions":"Source Z discarded; longitude and latitude retained.","queryBbox":[71.220936,50.999912,71.728067,51.301212],"bboxClipped":false,"sourceFeatureCount":125832,"featureCount":2065,"completeWithinQuery":false,"renderSampleCap":null,"selection":"Tile subset of complete city coverage; full features assigned once by bbox center.","generalizationToleranceDegrees":9e-06,"invalidGeneralizedFeaturesReplacedByRaw":0,"fields":"OBJECTID,NAME,NAME_OBJECT,NUMBER_STOREYS,FUNCTIONAL,PURPOSE","query":{"where":"1=1","geometry":"71.220936,50.999912,71.728067,51.301212","geometryType":"esriGeometryEnvelope","inSR":4326,"spatialRel":"esriSpatialRelIntersects","outFields":"OBJECTID,NAME,NAME_OBJECT,NUMBER_STOREYS,FUNCTIONAL,PURPOSE","outSR":4326,"f":"geojson","returnGeometry":"true","returnZ":"false","returnM":"false","geometryPrecision":7,"maxAllowableOffset":9e-06,"orderByFields":"OBJECTID","resultRecordCount":2000},"generator":"build_building_tiles.py","sourceMetadataFile":"buildings-source.json","schemaVersion":1,"coverageChecks":{"method":"Feature bboxes intersecting a 400m by400m WGS84-local rectangle centered on user-supplied anchor. No features generated from anchors.","featuresByAnchor":{"astana_1_station":61,"nurly_zhol_station":23,"astana_airport":1,"baiterek":29}},"tileId":"r1-c3","tileBbox":[71.601198,51.0998537,71.7190923,51.1432259],"gridBbox":[71.60128424999999,51.075237,71.728067,51.150562],"completeCollectionWithinQuery":true},"features":[{"type":"Feature","id":"municipal-buildings-46907","geometry":{"type":"Polygon","coordinates":[[[71.6259934,51.1174333],[71.6256441,51.1174911],[71.6255796,51.1173367],[71.6259289,51.1172789],[71.6259934,51.1174333]]]},"properties":{"name":" ","functional":" ","purpose":"Здание"}},{"type":"Feature","id":"municipal-buildings-46908","geometry":{"type":"Polygon","coordinates":[[[71.6963385,51.1146639],[71.6962435,51.1146889],[71.6961864,51.1146031],[71.6961097,51.1146233],[71.696081,51.1145801],[71.6962528,51.1145349],[71.6963385,51.1146639]]]},"properties":{"name":" ","functional":" ","purpose":"Здание"}},{"type":"Feature","id":"municipal-buildings-46909","geometry":{"type":"Polygon","coordinates":[[[71.7108498,51.111037],[71.7107886,51.1109367],[71.711153,51.1108486],[71.7112293,51.1109817],[71.7111531,51.1109988],[71.7111356,51.1109679],[71.7108498,51.111037]]]},"properties":{"name":" ","functional":" ","purpose":"Частный дом"}},{"type":"Feature","id":"municipal-buildings-46910","geometry":{"type":"Polygon","coordinates":[[[71.7113119,51.1108353],[71.7112572,51.1108487],[71.7112243,51.1107954],[71.711279,51.110782],[71.7113119,51.1108353]]]},"properties":{"name":" ","functional":" ","purpose":"Здание"}},{"type":"Feature","id":"municipal-buildings-46911","geometry":{"type":"Polygon","coordinates":[[[71.7123926,51.1112129],[71.7123422,51.1112304],[71.7122927,51.1111737],[71.7123431,51.1111563],[71.7123926,51.1112129]]]},"properties":{"name":" ","functional":" ","purpose":"Здание"}},{"type":"Feature","id":"municipal-buildings-46912","geometry":{"type":"Polygon","coordinates":[[[71.7124558,51.1111232],[71.7123621,51.1111512],[71.7122748,51.1110353],[71.7123685,51.1110074],[71.7124558,51.1111232]]]},"properties":{"name":" ","functional":" ","purpose":"Частный дом"}},{"type":"Feature","id":"municipal-buildings-46913","geometry":{"type":"Polygon","coordinates":[[[71.7127008,51.1112308],[71.7126536,51.111245],[71.7126149,51.1111941],[71.7126621,51.1111799],[71.7127008,51.1112308]]]},"properties":{"name":" ","functional":" ","purpose":"Здание"}},{"type":"Feature","id":"municipal-buildings-46914","geometry":{"type":"Polygon","coordinates":[[[71.7127201,51.111325],[71.7126847,51.1113372],[71.712646,51.1112926],[71.7126814,51.1112804],[71.7127201,51.111325]]]},"properties":{"name":" ","functional":" ","purpose":"Здание"}},{"type":"Feature","id":"municipal-buildings-46915","geometry":{"type":"Polygon","coordinates":[[[71.7120842,51.1111624],[71.7120609,51.1111686],[71.7120849,51.1112042],[71.7119933,51.1112287],[71.7119465,51.1111593],[71.7120615,51.1111286],[71.7120842,51.1111624]]]},"properties":{"name":" ","functional":" ","purpose":"Частный дом"}},{"type":"Feature","id":"municipal-buildings-46916","geometry":{"type":"Polygon","coordinates":[[[71.7113769,51.1114432],[71.7115327,51.1114307],[71.7115421,51.1115192],[71.7113857,51.1115258],[71.7113769,51.1114432]]]},"properties":{"name":" ","functional":" ","purpose":"Здание"}},{"type":"Feature","id":"municipal-buildings-46917","geometry":{"type":"Polygon","coordinates":[[[71.711383,51.1115005],[71.7112694,51.1115086],[71.7112592,51.1114515],[71.7113769,51.1114432],[71.711383,51.1115005]]]},"properties":{"name":" ","functional":" ","purpose":"Здание"}},{"type":"Feature","id":"municipal-buildings-46918","geometry":{"type":"Polygon","coordinates":[[[71.7108832,51.1114373],[71.7107153,51.1114782],[71.71068,51.111421],[71.7107039,51.1114152],[71.710668,51.1113593],[71.7107592,51.1113361],[71.7107957,51.1113928],[71.710848,51.1113801],[71.7108832,51.1114373]]]},"properties":{"name":" ","functional":" ","purpose":"Частный дом"}},{"type":"Feature","id":"municipal-buildings-46919","geometry":{"type":"Polygon","coordinates":[[[71.7108925,51.1117022],[71.7108479,51.1117117],[71.710821,51.111662],[71.7108656,51.1116525],[71.7108925,51.1117022]]]},"properties":{"name":" ","functional":" ","purpose":"Здание"}},{"type":"Feature","id":"municipal-buildings-46920","geometry":{"type":"Polygon","coordinates":[[[71.7105595,51.1118165],[71.710396,51.1118541],[71.7103785,51.1118241],[71.710542,51.1117864],[71.7105595,51.1118165]]]},"properties":{"name":" ","functional":" ","purpose":"Здание"}},{"type":"Feature","id":"municipal-buildings-46921","geometry":{"type":"Polygon","coordinates":[[[71.7104195,51.1116165],[71.7102382,51.1116608],[71.7101812,51.1115704],[71.7103635,51.1115258],[71.7104195,51.1116165]]]},"properties":{"name":" ","functional":" ","purpose":"Здание"}},{"type":"Feature","id":"municipal-buildings-46922","geometry":{"type":"Polygon","coordinates":[[[71.7092998,51.1114321],[71.7090722,51.1114828],[71.7090292,51.1114063],[71.7092568,51.1113556],[71.7092998,51.1114321]]]},"properties":{"name":" ","functional":" ","purpose":"Частный дом"}},{"type":"Feature","id":"municipal-buildings-46923","geometry":{"type":"Polygon","coordinates":[[[71.7088911,51.1113632],[71.7088647,51.1113195],[71.7090307,51.1112811],[71.7090674,51.111342],[71.7089905,51.1113604],[71.7089794,51.1113421],[71.7088911,51.1113632]]]},"properties":{"name":" ","functional":" ","purpose":"Здание"}},{"type":"Feature","id":"municipal-buildings-46924","geometry":{"type":"Polygon","coordinates":[[[71.7086623,51.1119507],[71.708668,51.111959],[71.7085672,51.111986],[71.7085061,51.1118953],[71.7086068,51.1118684],[71.7086623,51.1119507]]]},"properties":{"name":" ","functional":" ","purpose":"Здание"}},{"type":"Feature","id":"municipal-buildings-46925","geometry":{"type":"Polygon","coordinates":[[[71.7086623,51.1119507],[71.7086921,51.1119427],[71.7087216,51.1119864],[71.708591,51.1120213],[71.7085672,51.111986],[71.708668,51.111959],[71.7086623,51.1119507]]]},"properties":{"name":" ","functional":" ","purpose":"Здание"}},{"type":"Feature","id":"municipal-buildings-46926","geometry":{"type":"Polygon","coordinates":[[[71.7076812,51.111825],[71.7076094,51.111842],[71.7075221,51.1116957],[71.7075939,51.1116787],[71.7076812,51.111825]]]},"properties":{"name":" ","functional":" ","purpose":"Здание"}},{"type":"Feature","id":"municipal-buildings-46927","geometry":{"type":"Polygon","coordinates":[[[71.7081032,51.1116634],[71.7078362,51.1117312],[71.7077893,51.1116581],[71.7080563,51.1115902],[71.7081032,51.1116634]]]},"properties":{"name":" ","functional":" ","purpose":"Здание"}},{"type":"Feature","id":"municipal-buildings-46928","geometry":{"type":"Polygon","coordinates":[[[71.7056468,51.1122316],[71.7055659,51.1121378],[71.705653,51.1121122],[71.7057247,51.1122086],[71.7056468,51.1122316]]]},"properties":{"name":" ","functional":" ","purpose":"Здание"}},{"type":"Feature","id":"municipal-buildings-46929","geometry":{"type":"Polygon","coordinates":[[[71.7056468,51.1122316],[71.7056566,51.1122463],[71.7055125,51.1122844],[71.7054628,51.1122099],[71.7055938,51.1121753],[71.7056468,51.1122316]]]},"properties":{"name":" ","functional":" ","purpose":"Частный дом"}},{"type":"Feature","id":"municipal-buildings-46930","geometry":{"type":"Polygon","coordinates":[[[71.7066189,51.1119225],[71.7065504,51.1119379],[71.7065367,51.1119138],[71.7064693,51.1119297],[71.7064406,51.1118816],[71.7065879,51.1118468],[71.7066189,51.1119225]]]},"properties":{"name":" ","functional":" ","purpose":"Здание"}},{"type":"Feature","id":"municipal-buildings-46931","geometry":{"type":"Polygon","coordinates":[[[71.706681,51.1120336],[71.7066029,51.1120524],[71.7065808,51.112016],[71.7066589,51.1119972],[71.706681,51.1120336]]]},"properties":{"name":" ","functional":" ","purpose":"Здание"}},{"type":"Feature","id":"municipal-buildings-46932","geometry":{"type":"Polygon","coordinates":[[[71.7070221,51.1123662],[71.7069693,51.112385],[71.7069296,51.1123406],[71.7069824,51.1123219],[71.7070221,51.1123662]]]},"properties":{"name":" ","functional":" ","purpose":"Здание"}},{"type":"Feature","id":"municipal-buildings-46933","geometry":{"type":"Polygon","coordinates":[[[71.707204,51.1121818],[71.7071264,51.1121854],[71.7071222,51.1121489],[71.7071998,51.1121453],[71.707204,51.1121818]]]},"properties":{"name":" ","functional":" ","purpose":"Здание"}},{"type":"Feature","id":"municipal-buildings-46934","geometry":{"type":"Polygon","coordinates":[[[71.7070886,51.1118017],[71.7070341,51.1118124],[71.7069847,51.1117413],[71.7070616,51.1117255],[71.7070886,51.1118017]]]},"properties":{"name":" ","functional":" ","purpose":"Здание"}},{"type":"Feature","id":"municipal-buildings-46935","geometry":{"type":"Polygon","coordinates":[[[71.7068628,51.1119502],[71.7067527,51.1119765],[71.706707,51.1119007],[71.7070315,51.1118231],[71.7070772,51.1118989],[71.7068628,51.1119502]]]},"properties":{"name":" ","functional":" ","purpose":"Здание"}},{"type":"Feature","id":"municipal-buildings-46936","geometry":{"type":"Polygon","coordinates":[[[71.7068628,51.1119502],[71.7068865,51.1119865],[71.7067776,51.1120147],[71.7067527,51.1119765],[71.7068628,51.1119502]]]},"properties":{"name":" ","functional":" ","purpose":"Здание"}},{"type":"Feature","id":"municipal-buildings-46937","geometry":{"type":"Polygon","coordinates":[[[71.7070742,51.111894],[71.7071015,51.1119374],[71.7069453,51.1119763],[71.7069203,51.1119365],[71.7070742,51.111894]]]},"properties":{"name":" ","functional":" ","purpose":"Здание"}},{"type":"Feature","id":"municipal-buildings-46938","geometry":{"type":"Polygon","coordinates":[[[71.6355786,51.1426072],[71.635457,51.142608],[71.6354554,51.1425042],[71.6355769,51.1425034],[71.6355786,51.1426072]]]},"properties":{"name":" ","functional":" ","purpose":"Частный дом"}},{"type":"Feature","id":"municipal-buildings-46939","geometry":{"type":"Polygon","coordinates":[[[71.6358703,51.142588],[71.6357674,51.1425877],[71.6357681,51.1425069],[71.6358709,51.1425072],[71.6358703,51.142588]]]},"properties":{"name":" ","functional":" ","purpose":"Частный дом"}},{"type":"Feature","id":"municipal-buildings-46940","geometry":{"type":"Polygon","coordinates":[[[71.6358707,51.142531],[71.6359176,51.1425309],[71.635918,51.1425879],[71.6358703,51.142588],[71.6358707,51.142531]]]},"properties":{"name":" ","functional":" ","purpose":"Здание"}},{"type":"Feature","id":"municipal-buildings-46941","geometry":{"type":"Polygon","coordinates":[[[71.6362897,51.1420405],[71.6362835,51.142146],[71.6359583,51.1421385],[71.6359645,51.142033],[71.6362897,51.1420405]]]},"properties":{"name":" ","functional":" ","purpose":"Частный дом"}},{"type":"Feature","id":"municipal-buildings-46942","geometry":{"type":"Polygon","coordinates":[[[71.6364094,51.1420753],[71.6363483,51.142076],[71.6363473,51.1420423],[71.6364643,51.142041],[71.6364653,51.1420747],[71.6364094,51.1420753]]]},"properties":{"name":" ","functional":" ","purpose":"Частный дом"}},{"type":"Feature","id":"municipal-buildings-46943","geometry":{"type":"Polygon","coordinates":[[[71.6366088,51.1421276],[71.6365843,51.1421274],[71.6365839,51.1421818],[71.636456,51.1421814],[71.6364564,51.1421263],[71.6364083,51.1421259],[71.6364094,51.1420753],[71.6364653,51.1420747],[71.6364649,51.1420601],[71.6366103,51.1420614],[71.6366088,51.1421276]]]},"properties":{"name":" ","functional":" ","purpose":"Частный дом"}},{"type":"Feature","id":"municipal-buildings-46944","geometry":{"type":"Polygon","coordinates":[[[71.6366961,51.1420735],[71.636694,51.1421672],[71.6366079,51.1421664],[71.6366103,51.1420614],[71.6366963,51.1420622],[71.6366961,51.1420735]]]},"properties":{"name":" ","functional":" ","purpose":"Частный дом"}},{"type":"Feature","id":"municipal-buildings-46945","geometry":{"type":"Polygon","coordinates":[[[71.6366961,51.1420735],[71.6367727,51.1420741],[71.6367714,51.1421351],[71.6368394,51.1421357],[71.6368382,51.1421889],[71.6366935,51.1421877],[71.6366961,51.1420735]]]},"properties":{"name":" ","functional":" ","purpose":"Здание"}},{"type":"Feature","id":"municipal-buildings-46946","geometry":{"type":"Polygon","coordinates":[[[71.635028,51.1424511],[71.6349676,51.1424518],[71.6349648,51.1423429],[71.6350252,51.1423423],[71.635028,51.1424511]]]},"properties":{"name":" ","functional":" ","purpose":"Здание"}},{"type":"Feature","id":"municipal-buildings-46947","geometry":{"type":"Polygon","coordinates":[[[71.6353829,51.1424074],[71.6353806,51.1424668],[71.6353027,51.1424656],[71.635305,51.1424062],[71.6353829,51.1424074]]]},"properties":{"name":" ","functional":" ","purpose":"Здание"}},{"type":"Feature","id":"municipal-buildings-46948","geometry":{"type":"Polygon","coordinates":[[[71.6351332,51.1421819],[71.6351348,51.1421393],[71.6353079,51.1421418],[71.6353038,51.1422549],[71.6351307,51.1422525],[71.6351332,51.1421819]]]},"properties":{"name":" ","functional":" ","purpose":"Здание"}},{"type":"Feature","id":"municipal-buildings-46949","geometry":{"type":"Polygon","coordinates":[[[71.6351332,51.1421819],[71.6351315,51.1422306],[71.6350665,51.1422297],[71.6350683,51.142181],[71.6351332,51.1421819]]]},"properties":{"name":" ","functional":" ","purpose":"Здание"}},{"type":"Feature","id":"municipal-buildings-46950","geometry":{"type":"Polygon","coordinates":[[[71.6348951,51.1421018],[71.6348014,51.1421024],[71.6348004,51.1420372],[71.6348941,51.1420367],[71.6348951,51.1421018]]]},"properties":{"name":" ","functional":" ","purpose":"Здание"}},{"type":"Feature","id":"municipal-buildings-46951","geometry":{"type":"Polygon","coordinates":[[[71.635593,51.1421091],[71.6355302,51.1421109],[71.6355262,51.1420533],[71.6355889,51.1420516],[71.635593,51.1421091]]]},"properties":{"name":" ","functional":" ","purpose":"Здание"}},{"type":"Feature","id":"municipal-buildings-46952","geometry":{"type":"Polygon","coordinates":[[[71.6355146,51.1420532],[71.6355107,51.1421061],[71.6354545,51.1421044],[71.6354561,51.1420837],[71.6354043,51.1420822],[71.6354067,51.14205],[71.6355146,51.1420532]]]},"properties":{"name":" ","functional":" ","purpose":"Частный дом"}},{"type":"Feature","id":"municipal-buildings-46953","geometry":{"type":"Polygon","coordinates":[[[71.6353006,51.142063],[71.6353031,51.142114],[71.6352076,51.1421159],[71.6352024,51.1420108],[71.6352979,51.1420089],[71.6353006,51.142063]]]},"properties":{"name":" ","functional":" ","purpose":"Частный дом"}},{"type":"Feature","id":"municipal-buildings-46954","geometry":{"type":"Polygon","coordinates":[[[71.6352985,51.1420202],[71.6353801,51.1420186],[71.6353822,51.1420614],[71.6353006,51.142063],[71.6352985,51.1420202]]]},"properties":{"name":" ","functional":" ","purpose":"Частный дом"}},{"type":"Feature","id":"municipal-buildings-46955","geometry":{"type":"Polygon","coordinates":[[[71.6350296,51.1432207],[71.6349452,51.1432259],[71.6349371,51.1431741],[71.6350216,51.1431689],[71.6350296,51.1432207]]]},"properties":{"name":" ","functional":" ","purpose":"Здание"}},{"type":"Feature","id":"municipal-buildings-46956","geometry":{"type":"Polygon","coordinates":[[[71.6966533,51.1145728],[71.6966136,51.114581],[71.6966359,51.1146369],[71.6965034,51.1146639],[71.6964231,51.1145317],[71.6966104,51.1144835],[71.6966533,51.1145728]]]},"properties":{"name":" ","functional":" ","purpose":"Здание"}},{"type":"Feature","id":"municipal-buildings-46957","geometry":{"type":"Polygon","coordinates":[[[71.6974148,51.1141338],[71.6973422,51.1141489],[71.6972689,51.1140374],[71.6973249,51.1140223],[71.6974148,51.1141338]]]},"properties":{"name":" ","functional":" ","purpose":"Здание"}},{"type":"Feature","id":"municipal-buildings-46958","geometry":{"type":"Polygon","coordinates":[[[71.697428,51.1137391],[71.6974414,51.1137696],[71.6973717,51.1137903],[71.6973269,51.1137132],[71.6972543,51.1137253],[71.6972034,51.1136491],[71.6975636,51.113572],[71.6975978,51.113652],[71.6975358,51.113668],[71.6975837,51.113729],[71.6975322,51.113747],[71.6974976,51.1137184],[71.697428,51.1137391]]]},"properties":{"name":" ","functional":" ","purpose":"Здание"}},{"type":"Feature","id":"municipal-buildings-71333","geometry":{"type":"Polygon","coordinates":[[[71.6170582,51.1229933],[71.6169875,51.1230183],[71.6169448,51.1229706],[71.6170155,51.1229456],[71.6170582,51.1229933]]]},"properties":{"name":" ","functional":" ","purpose":"Здание"}},{"type":"Feature","id":"municipal-buildings-71334","geometry":{"type":"Polygon","coordinates":[[[71.6211518,51.1291241],[71.6210961,51.1291653],[71.6210308,51.1291303],[71.6210865,51.1290891],[71.6211518,51.1291241]]]},"properties":{"name":" ","functional":" ","purpose":"Здание"}},{"type":"Feature","id":"municipal-buildings-76276","geometry":{"type":"Polygon","coordinates":[[[71.6653358,51.1110928],[71.6654206,51.1111176],[71.665478,51.1111673],[71.6654887,51.1112284],[71.6654497,51.1112848],[71.6653715,51.1113216],[71.6652753,51.1113292],[71.6651869,51.1113065],[71.665127,51.1112597],[71.665111,51.1112004],[71.6651427,51.1111437],[71.6652141,51.1111038],[71.6653358,51.1110928]]]},"properties":{"name":" ","functional":" ","purpose":"Здание"}},{"type":"Feature","id":"municipal-buildings-76277","geometry":{"type":"Polygon","coordinates":[[[71.6538339,51.111107],[71.653624,51.1111276],[71.6535539,51.1109576],[71.6535744,51.1109276],[71.6537843,51.1109069],[71.6538339,51.111107]]]},"properties":{"name":" ","functional":" ","purpose":"Здание"}},{"type":"Feature","id":"municipal-buildings-76278","geometry":{"type":"Polygon","coordinates":[[[71.6536062,51.1135451],[71.653461,51.1135575],[71.6534514,51.1135128],[71.6535965,51.1135004],[71.6536062,51.1135451]]]},"properties":{"name":" ","functional":" ","purpose":"Здание"}},{"type":"Feature","id":"municipal-buildings-76279","geometry":{"type":"Polygon","coordinates":[[[71.6536546,51.1128065],[71.6536737,51.112914],[71.6535745,51.112921],[71.6535546,51.1128091],[71.6536546,51.1128065]]]},"properties":{"name":" ","functional":" ","purpose":"Здание"}},{"type":"Feature","id":"municipal-buildings-76280","geometry":{"type":"Polygon","coordinates":[[[71.6536546,51.1128065],[71.6535633,51.1128085],[71.6535555,51.1127267],[71.6536629,51.1127227],[71.6536708,51.1128059],[71.6536546,51.1128065]]]},"properties":{"name":" ","functional":" ","purpose":"Здание"}},{"type":"Feature","id":"municipal-buildings-76281","geometry":{"type":"Polygon","coordinates":[[[71.6540571,51.1113616],[71.6538201,51.1113773],[71.6537991,51.111252],[71.6540361,51.1112363],[71.6540571,51.1113616]]]},"properties":{"name":" ","functional":" ","purpose":"Здание"}},{"type":"Feature","id":"municipal-buildings-76282","geometry":{"type":"Polygon","coordinates":[[[71.6543982,51.1111714],[71.6544114,51.1111703],[71.654426,51.1112417],[71.6542899,51.1112527],[71.6542753,51.1111813],[71.6543982,51.1111714]]]},"properties":{"name":" ","functional":" ","purpose":"Здание"}},{"type":"Feature","id":"municipal-buildings-76283","geometry":{"type":"Polygon","coordinates":[[[71.6543982,51.1111714],[71.6542753,51.1111813],[71.6542619,51.1111158],[71.6543849,51.1111059],[71.6543982,51.1111714]]]},"properties":{"name":" ","functional":" ","purpose":"Здание"}},{"type":"Feature","id":"municipal-buildings-76284","geometry":{"type":"Polygon","coordinates":[[[71.6546569,51.1136822],[71.654532,51.1136895],[71.654505,51.1135069],[71.65463,51.1134996],[71.6546569,51.1136822]]]},"properties":{"name":" ","functional":" ","purpose":"Здание"}},{"type":"Feature","id":"municipal-buildings-76285","geometry":{"type":"Polygon","coordinates":[[[71.6545948,51.113408],[71.6544816,51.1134148],[71.6544544,51.1132357],[71.6545676,51.1132289],[71.6545948,51.113408]]]},"properties":{"name":" ","functional":" ","purpose":"Здание"}},{"type":"Feature","id":"municipal-buildings-76286","geometry":{"type":"Polygon","coordinates":[[[71.6536588,51.1130247],[71.6534241,51.1130781],[71.6533771,51.1129963],[71.6536118,51.1129429],[71.6536588,51.1130247]]]},"properties":{"name":" ","functional":" ","purpose":"Здание"}},{"type":"Feature","id":"municipal-buildings-76287","geometry":{"type":"Polygon","coordinates":[[[71.6541,51.1128833],[71.6537947,51.1129038],[71.6537721,51.1127704],[71.6540774,51.1127499],[71.6541,51.1128833]]]},"properties":{"name":" ","functional":" ","purpose":"Здание"}},{"type":"Feature","id":"municipal-buildings-76288","geometry":{"type":"Polygon","coordinates":[[[71.6543075,51.1137324],[71.6541119,51.1137493],[71.6540918,51.1136571],[71.6542874,51.1136402],[71.6543075,51.1137324]]]},"properties":{"name":" ","functional":" ","purpose":"Здание"}},{"type":"Feature","id":"municipal-buildings-76289","geometry":{"type":"Polygon","coordinates":[[[71.6539165,51.113643],[71.6537989,51.1136536],[71.6537569,51.1134686],[71.6538744,51.113458],[71.6539165,51.113643]]]},"properties":{"name":" ","functional":" ","purpose":"Здание"}},{"type":"Feature","id":"municipal-buildings-76290","geometry":{"type":"Polygon","coordinates":[[[71.6532833,51.1132747],[71.6532227,51.11329],[71.652862,51.1127225],[71.6530051,51.1126865],[71.6533658,51.1132539],[71.6532833,51.1132747]]]},"properties":{"name":" ","functional":" ","purpose":"Здание"}},{"type":"Feature","id":"municipal-buildings-76291","geometry":{"type":"Polygon","coordinates":[[[71.6533384,51.1132107],[71.6535215,51.1131999],[71.6535636,51.1134822],[71.6533163,51.1134968],[71.6532833,51.1132747],[71.6533658,51.1132539],[71.6533384,51.1132107]]]},"properties":{"name":" ","functional":" ","purpose":"Здание"}},{"type":"Feature","id":"municipal-buildings-76292","geometry":{"type":"Polygon","coordinates":[[[71.6550435,51.1119592],[71.6550705,51.1120885],[71.6542721,51.1121547],[71.6542432,51.1120162],[71.6550416,51.11195],[71.6550435,51.1119592]]]},"properties":{"name":" ","functional":" ","purpose":"Здание"}},{"type":"Feature","id":"municipal-buildings-76293","geometry":{"type":"Polygon","coordinates":[[[71.6553504,51.1117947],[71.6552996,51.1117992],[71.6553048,51.111826],[71.6542592,51.111907],[71.6542318,51.1117669],[71.6552774,51.1116859],[71.6552832,51.1117155],[71.6553318,51.1117112],[71.6553504,51.1117947]]]},"properties":{"name":" ","functional":" ","purpose":"Здание"}},{"type":"Feature","id":"municipal-buildings-76294","geometry":{"type":"Polygon","coordinates":[[[71.6547583,51.1139807],[71.654057,51.1140333],[71.6540285,51.1138829],[71.6547298,51.1138302],[71.6547583,51.1139807]]]},"properties":{"name":" ","functional":" ","purpose":"Здание"}},{"type":"Feature","id":"municipal-buildings-76295","geometry":{"type":"Polygon","coordinates":[[[71.6560505,51.1112696],[71.6558979,51.1112722],[71.655894,51.1111799],[71.6560467,51.1111774],[71.6560505,51.1112696]]]},"properties":{"name":" ","functional":" ","purpose":"Здание"}},{"type":"Feature","id":"municipal-buildings-76296","geometry":{"type":"Polygon","coordinates":[[[71.6560119,51.1119002],[71.655797,51.1119133],[71.6557873,51.1118502],[71.6555134,51.111867],[71.6554907,51.1117203],[71.656035,51.1116869],[71.6560577,51.1118337],[71.6560021,51.1118371],[71.6560119,51.1119002]]]},"properties":{"name":" ","functional":" ","purpose":"Здание"}},{"type":"Feature","id":"municipal-buildings-76297","geometry":{"type":"Polygon","coordinates":[[[71.6563512,51.110689],[71.6563471,51.1107478],[71.6561915,51.1107436],[71.6561956,51.1106847],[71.6563512,51.110689]]]},"properties":{"name":" ","functional":" ","purpose":"Здание"}},{"type":"Feature","id":"municipal-buildings-76298","geometry":{"type":"Polygon","coordinates":[[[71.6563872,51.1106136],[71.6563827,51.1106433],[71.6561999,51.1106323],[71.6562044,51.1106026],[71.6563872,51.1106136]]]},"properties":{"name":" ","functional":" ","purpose":"Здание"}},{"type":"Feature","id":"municipal-buildings-76299","geometry":{"type":"Polygon","coordinates":[[[71.6566278,51.110896],[71.6565853,51.1111232],[71.6564804,51.1111154],[71.6565229,51.1108882],[71.6566278,51.110896]]]},"properties":{"name":" ","functional":" ","purpose":"Здание"}},{"type":"Feature","id":"municipal-buildings-76300","geometry":{"type":"Polygon","coordinates":[[[71.6566689,51.1112145],[71.6566372,51.111368],[71.656456,51.1113532],[71.6564876,51.1111996],[71.6566689,51.1112145]]]},"properties":{"name":" ","functional":" ","purpose":"Здание"}},{"type":"Feature","id":"municipal-buildings-76301","geometry":{"type":"Polygon","coordinates":[[[71.6572117,51.1111385],[71.6571952,51.1112119],[71.6570274,51.1111971],[71.6570222,51.1112207],[71.6568755,51.1112077],[71.6568808,51.1111841],[71.6567845,51.1111755],[71.6568009,51.1111021],[71.6572117,51.1111385]]]},"properties":{"name":" ","functional":" ","purpose":"Здание"}},{"type":"Feature","id":"municipal-buildings-76302","geometry":{"type":"Polygon","coordinates":[[[71.6572117,51.1111385],[71.6575145,51.1111635],[71.65749,51.1112838],[71.6572563,51.111265],[71.6572444,51.1113184],[71.6574543,51.1113374],[71.657441,51.1113958],[71.6571601,51.1113705],[71.6572117,51.1111385]]]},"properties":{"name":" ","functional":" ","purpose":"Здание"}},{"type":"Feature","id":"municipal-buildings-76303","geometry":{"type":"Polygon","coordinates":[[[71.6622917,51.1170038],[71.6623565,51.1170882],[71.662241,51.1171234],[71.6621721,51.1170337],[71.6622917,51.1170038]]]},"properties":{"name":" ","functional":" ","purpose":"Здание"}},{"type":"Feature","id":"municipal-buildings-76304","geometry":{"type":"Polygon","coordinates":[[[71.6589328,51.1122086],[71.6587174,51.112313],[71.6585837,51.1122037],[71.6587991,51.1120993],[71.6589328,51.1122086]]]},"properties":{"name":" ","functional":" ","purpose":"Здание"}},{"type":"Feature","id":"municipal-buildings-76305","geometry":{"type":"Polygon","coordinates":[[[71.6615705,51.1145753],[71.6613337,51.1144017],[71.6617503,51.1141766],[71.6615805,51.1140521],[71.6619409,51.1138573],[71.6621837,51.1140354],[71.6622451,51.1140022],[71.6623633,51.1140889],[71.6622387,51.1141561],[71.6623453,51.1142343],[71.662048,51.1143949],[71.661987,51.1143502],[71.6615705,51.1145753]]]},"properties":{"name":" ","functional":" ","purpose":"Здание"}},{"type":"Feature","id":"municipal-buildings-76306","geometry":{"type":"Polygon","coordinates":[[[71.6604673,51.1092398],[71.660514,51.1092586],[71.6605892,51.1093632],[71.6607051,51.1094572],[71.6606985,51.1094933],[71.6606648,51.1095131],[71.6606065,51.1095201],[71.6604639,51.1094349],[71.6604072,51.1093601],[71.6603873,51.1092781],[71.6604139,51.1092483],[71.6604673,51.1092398]]]},"properties":{"name":" ","functional":" ","purpose":"Здание"}},{"type":"Feature","id":"municipal-buildings-76307","geometry":{"type":"Polygon","coordinates":[[[71.6615738,51.1094923],[71.6613873,51.1095946],[71.6611543,51.1096469],[71.6611537,51.1095993],[71.6613534,51.1095535],[71.6615098,51.109463],[71.6615738,51.1094923]]]},"properties":{"name":" ","functional":" ","purpose":"Здание"}},{"type":"Feature","id":"municipal-buildings-76308","geometry":{"type":"Polygon","coordinates":[[[71.6607387,51.1091974],[71.6608313,51.109235],[71.660871,51.1092742],[71.6608859,51.1093429],[71.6608644,51.1093874],[71.6607401,51.1092896],[71.6607026,51.1091921],[71.6607387,51.1091974]]]},"properties":{"name":" ","functional":" ","purpose":"Здание"}},{"type":"Feature","id":"municipal-buildings-76309","geometry":{"type":"Polygon","coordinates":[[[71.6761484,51.1035745],[71.676058,51.1035827],[71.6760534,51.1035565],[71.6761437,51.1035483],[71.6761484,51.1035745]]]},"properties":{"name":" ","functional":" ","purpose":"Здание"}},{"type":"Feature","id":"municipal-buildings-76310","geometry":{"type":"Polygon","coordinates":[[[71.6501368,51.109872],[71.6500661,51.1098431],[71.6501524,51.1097708],[71.6502167,51.1098067],[71.6501368,51.109872]]]},"properties":{"name":" ","functional":"Частные дома","purpose":"Здание"}},{"type":"Feature","id":"municipal-buildings-76311","geometry":{"type":"Polygon","coordinates":[[[71.6447928,51.119881],[71.6447378,51.119896],[71.6446561,51.1197774],[71.6447112,51.1197624],[71.6447928,51.119881]]]},"properties":{"name":" ","functional":" ","purpose":"Частный дом"}},{"type":"Feature","id":"municipal-buildings-76312","geometry":{"type":"Polygon","coordinates":[[[71.6447138,51.1197492],[71.6446277,51.1197719],[71.6446136,51.1197508],[71.6446997,51.119728],[71.6447138,51.1197492]]]},"properties":{"name":" ","functional":" ","purpose":"Здание"}},{"type":"Feature","id":"municipal-buildings-76313","geometry":{"type":"Polygon","coordinates":[[[71.6458076,51.1208257],[71.6458231,51.1208481],[71.6457625,51.1208648],[71.6458195,51.1209576],[71.6457582,51.1209727],[71.6457168,51.1209059],[71.6457298,51.1209027],[71.6456174,51.120752],[71.6456746,51.120737],[71.6457469,51.1208423],[71.6458076,51.1208257]]]},"properties":{"name":" ","functional":"Частные дома","purpose":"Частный дом"}},{"type":"Feature","id":"municipal-buildings-76314","geometry":{"type":"Polygon","coordinates":[[[71.649349,51.1098624],[71.6494009,51.1099204],[71.6493573,51.1099325],[71.6493149,51.1098718],[71.649349,51.1098624]]]},"properties":{"name":" ","functional":" ","purpose":"Здание"}},{"type":"Feature","id":"municipal-buildings-76315","geometry":{"type":"Polygon","coordinates":[[[71.6494273,51.1099558],[71.6493415,51.1099854],[71.6493201,51.1099609],[71.6494059,51.1099313],[71.6494273,51.1099558]]]},"properties":{"name":" ","functional":" ","purpose":"Здание"}},{"type":"Feature","id":"municipal-buildings-76316","geometry":{"type":"Polygon","coordinates":[[[71.6493458,51.1097836],[71.6493146,51.1097936],[71.6492752,51.109742],[71.6493052,51.1097334],[71.6493458,51.1097836]]]},"properties":{"name":" ","functional":" ","purpose":"Здание"}},{"type":"Feature","id":"municipal-buildings-78085","geometry":{"type":"Polygon","coordinates":[[[71.6733974,51.1086678],[71.6734877,51.1087185],[71.6734271,51.1087678],[71.673302,51.1087026],[71.6733672,51.1086508],[71.6733974,51.1086678]]]},"properties":{"name":" ","functional":"Известный по назначению","purpose":"Проходная, КПП"}},{"type":"Feature","id":"municipal-buildings-78086","geometry":{"type":"Polygon","coordinates":[[[71.6739691,51.1092348],[71.6738027,51.1093699],[71.6731724,51.1090834],[71.673392,51.1088899],[71.6736372,51.1090073],[71.6735049,51.1091169],[71.6736884,51.1091969],[71.6738255,51.1090973],[71.6740248,51.1091895],[71.6739691,51.1092348]]]},"properties":{"name":" ","functional":" ","purpose":"Здание"}},{"type":"Feature","id":"municipal-buildings-78087","geometry":{"type":"Polygon","coordinates":[[[71.6858764,51.1086205],[71.6858675,51.1086314],[71.6859271,51.1086515],[71.6857137,51.1089049],[71.6853469,51.1087829],[71.6855594,51.1085303],[71.6856192,51.1085503],[71.6856943,51.1084596],[71.6856542,51.1084462],[71.685226,51.1085297],[71.6851929,51.1084656],[71.6851632,51.1084714],[71.6851449,51.1084324],[71.6851744,51.1084266],[71.6851409,51.1083598],[71.6857101,51.1082487],[71.685979,51.1083072],[71.6862028,51.1084107],[71.6863813,51.1087723],[71.6862804,51.1087915],[71.6862895,51.1088099],[71.686228,51.108822],[71.6862193,51.1088035],[71.6861127,51.1088244],[71.6859833,51.1085562],[71.685941,51.1085421],[71.6858764,51.1086205]]]},"properties":{"name":" ","functional":"Школы","purpose":"Школа"}},{"type":"Feature","id":"municipal-buildings-78088","geometry":{"type":"Polygon","coordinates":[[[71.6830217,51.1091356],[71.6830389,51.109174],[71.6829622,51.1091876],[71.6829088,51.1090684],[71.6829855,51.1090548],[71.6830217,51.1091356]]]},"properties":{"name":" ","functional":" ","purpose":"Здание"}},{"type":"Feature","id":"municipal-buildings-78089","geometry":{"type":"Polygon","coordinates":[[[71.6829857,51.1090551],[71.6830748,51.1090392],[71.683111,51.1091197],[71.6830217,51.1091356],[71.6829857,51.1090551]]]},"properties":{"name":" ","functional":"Частные дома","purpose":"Частный дом"}},{"type":"Feature","id":"municipal-buildings-78090","geometry":{"type":"Polygon","coordinates":[[[71.6828422,51.1088833],[71.682887,51.1089866],[71.6826858,51.1090221],[71.6826379,51.1089115],[71.6828422,51.1088833]]]},"properties":{"name":" ","functional":"Частные дома","purpose":"Частный дом"}},{"type":"Feature","id":"municipal-buildings-78091","geometry":{"type":"Polygon","coordinates":[[[71.6831572,51.1089345],[71.6830647,51.1089511],[71.6829975,51.1088024],[71.6830899,51.1087858],[71.6831572,51.1089345]]]},"properties":{"name":" ","functional":" ","purpose":"Частный дом"}},{"type":"Feature","id":"municipal-buildings-78092","geometry":{"type":"Polygon","coordinates":[[[71.6833108,51.1088148],[71.6832286,51.1088314],[71.6831838,51.1087436],[71.683266,51.1087269],[71.6833108,51.1088148]]]},"properties":{"name":" ","functional":" ","purpose":"Здание"}},{"type":"Feature","id":"municipal-buildings-78093","geometry":{"type":"Polygon","coordinates":[[[71.6835099,51.1087656],[71.683362,51.1087955],[71.6832934,51.1086612],[71.6834413,51.1086313],[71.6835099,51.1087656]]]},"properties":{"name":" ","functional":"Частные дома","purpose":"Частный дом"}},{"type":"Feature","id":"municipal-buildings-78094","geometry":{"type":"Polygon","coordinates":[[[71.6826955,51.1086558],[71.6827118,51.1086877],[71.6826759,51.1086949],[71.6826597,51.1086631],[71.6826955,51.1086558]]]},"properties":{"name":" ","functional":" ","purpose":"Здание"}},{"type":"Feature","id":"municipal-buildings-78095","geometry":{"type":"MultiPolygon","coordinates":[[[[71.6826955,51.1086558],[71.68266,51.108663],[71.6826599,51.1086629],[71.6826955,51.1086558]]],[[[71.6826955,51.1086558],[71.6828582,51.1086236],[71.6829407,51.1087887],[71.6827779,51.1088209],[71.6827603,51.1087856],[71.6827164,51.1087943],[71.6826675,51.1086966],[71.6827118,51.1086877],[71.6826955,51.1086558]]]]},"properties":{"name":" ","functional":"Частные дома","purpose":"Частный дом"}},{"type":"Feature","id":"municipal-buildings-78096","geometry":{"type":"Polygon","coordinates":[[[71.6827779,51.1088209],[71.6827397,51.1088286],[71.6827213,51.1087934],[71.6827603,51.1087856],[71.6827779,51.1088209]]]},"properties":{"name":" ","functional":"Частные дома","purpose":"Здание"}},{"type":"Feature","id":"municipal-buildings-78097","geometry":{"type":"Polygon","coordinates":[[[71.6830889,51.1087786],[71.6830444,51.1087866],[71.6830153,51.1087227],[71.6830598,51.1087146],[71.6830889,51.1087786]]]},"properties":{"name":" ","functional":" ","purpose":"Частный дом"}},{"type":"Feature","id":"municipal-buildings-78098","geometry":{"type":"Polygon","coordinates":[[[71.6822941,51.1080244],[71.6821412,51.1080615],[71.6821167,51.1080181],[71.6822702,51.1079834],[71.6822941,51.1080244]]]},"properties":{"name":" ","functional":" ","purpose":"Частный дом"}},{"type":"Feature","id":"municipal-buildings-78099","geometry":{"type":"Polygon","coordinates":[[[71.6823754,51.1081356],[71.6823263,51.1080516],[71.6825123,51.1080075],[71.6825787,51.1081252],[71.6824565,51.1081525],[71.6824383,51.1081209],[71.6823754,51.1081356]]]},"properties":{"name":" ","functional":"Частные дома","purpose":"Частный дом"}},{"type":"Feature","id":"municipal-buildings-78100","geometry":{"type":"Polygon","coordinates":[[[71.6827583,51.1080582],[71.6827013,51.1079668],[71.6829484,51.1079112],[71.6830008,51.1080035],[71.6827583,51.1080582]]]},"properties":{"name":" ","functional":"Частные дома","purpose":"Частный дом"}},{"type":"Feature","id":"municipal-buildings-78101","geometry":{"type":"Polygon","coordinates":[[[71.6829348,51.1080214],[71.682996,51.1081375],[71.6828747,51.1081629],[71.6828436,51.1081042],[71.6827884,51.1081157],[71.6827583,51.1080582],[71.6829348,51.1080214]]]},"properties":{"name":" ","functional":" ","purpose":"Здание"}},{"type":"Feature","id":"municipal-buildings-78102","geometry":{"type":"Polygon","coordinates":[[[71.6826475,51.1076666],[71.6828257,51.1076271],[71.6829102,51.1077633],[71.682728,51.1078037],[71.6826475,51.1076666]]]},"properties":{"name":" ","functional":"Частные дома","purpose":"Частный дом"}},{"type":"Feature","id":"municipal-buildings-78103","geometry":{"type":"Polygon","coordinates":[[[71.6826635,51.1076938],[71.6826013,51.1077087],[71.6825854,51.1076804],[71.6826475,51.1076666],[71.6826635,51.1076938]]]},"properties":{"name":" ","functional":"Частные дома","purpose":"Здание"}},{"type":"Feature","id":"municipal-buildings-78104","geometry":{"type":"Polygon","coordinates":[[[71.682728,51.1078037],[71.6826627,51.1078182],[71.6826013,51.1077087],[71.6826635,51.1076938],[71.682728,51.1078037]]]},"properties":{"name":" ","functional":"Частные дома","purpose":"Здание"}},{"type":"Feature","id":"municipal-buildings-78105","geometry":{"type":"Polygon","coordinates":[[[71.6824644,51.1078513],[71.6824692,51.1078598],[71.6823381,51.1078892],[71.682277,51.1077811],[71.682408,51.1077517],[71.6824644,51.1078513]]]},"properties":{"name":" ","functional":"Частные дома","purpose":"Частный дом"}},{"type":"Feature","id":"municipal-buildings-78106","geometry":{"type":"Polygon","coordinates":[[[71.6823115,51.1078421],[71.6822551,51.1078548],[71.6822225,51.107797],[71.6822788,51.1077844],[71.6823115,51.1078421]]]},"properties":{"name":" ","functional":"Частные дома","purpose":"Здание"}},{"type":"Feature","id":"municipal-buildings-78107","geometry":{"type":"Polygon","coordinates":[[[71.6824099,51.107755],[71.6824871,51.1077377],[71.6825416,51.107834],[71.6824644,51.1078513],[71.6824099,51.107755]]]},"properties":{"name":" ","functional":"Частные дома","purpose":"Частный дом"}},{"type":"Feature","id":"municipal-buildings-78108","geometry":{"type":"Polygon","coordinates":[[[71.6822884,51.1075363],[71.6821003,51.1075813],[71.6820352,51.1074736],[71.6822233,51.1074286],[71.6822884,51.1075363]]]},"properties":{"name":" ","functional":"Частные дома","purpose":"Частный дом"}},{"type":"Feature","id":"municipal-buildings-78109","geometry":{"type":"Polygon","coordinates":[[[71.6825712,51.1072751],[71.6823956,51.1073202],[71.6823384,51.1072318],[71.6825139,51.1071868],[71.6825712,51.1072751]]]},"properties":{"name":" ","functional":" ","purpose":"Здание"}},{"type":"Feature","id":"municipal-buildings-78110","geometry":{"type":"Polygon","coordinates":[[[71.682797,51.1071655],[71.6828693,51.1071494],[71.6828923,51.1071901],[71.6827589,51.1072199],[71.6827359,51.1071792],[71.682797,51.1071655]]]},"properties":{"name":" ","functional":" ","purpose":"Здание"}},{"type":"Feature","id":"municipal-buildings-78111","geometry":{"type":"Polygon","coordinates":[[[71.6832375,51.1070901],[71.6832538,51.107125],[71.683164,51.1071416],[71.6831362,51.1070822],[71.683226,51.1070655],[71.6832375,51.1070901]]]},"properties":{"name":" ","functional":" ","purpose":"Здание"}},{"type":"Feature","id":"municipal-buildings-78112","geometry":{"type":"Polygon","coordinates":[[[71.6834722,51.107269],[71.6834201,51.10728],[71.6833578,51.1071687],[71.6834073,51.1071571],[71.6834722,51.107269]]]},"properties":{"name":" ","functional":" ","purpose":"Здание"}},{"type":"Feature","id":"municipal-buildings-78113","geometry":{"type":"Polygon","coordinates":[[[71.6834073,51.1071571],[71.6835499,51.1071221],[71.6836193,51.1072374],[71.6834733,51.1072718],[71.6834073,51.1071571]]]},"properties":{"name":" ","functional":"Частные дома","purpose":"Частный дом"}},{"type":"Feature","id":"municipal-buildings-78114","geometry":{"type":"Polygon","coordinates":[[[71.6838076,51.1071056],[71.6838569,51.1071894],[71.6837072,51.1072243],[71.6836401,51.1071102],[71.6837898,51.1070753],[71.6838076,51.1071056]]]},"properties":{"name":" ","functional":" ","purpose":"Частный дом"}},{"type":"Feature","id":"municipal-buildings-78115","geometry":{"type":"Polygon","coordinates":[[[71.6841333,51.1071257],[71.6840017,51.1071564],[71.6839245,51.1070253],[71.6840561,51.1069946],[71.6841333,51.1071257]]]},"properties":{"name":" ","functional":"Частные дома","purpose":"Частный дом"}},{"type":"Feature","id":"municipal-buildings-78116","geometry":{"type":"Polygon","coordinates":[[[71.6838389,51.1066909],[71.6838711,51.1066833],[71.6839434,51.1068054],[71.6837787,51.1068441],[71.6837064,51.106722],[71.6838389,51.1066909]]]},"properties":{"name":" ","functional":" ","purpose":"Здание"}},{"type":"Feature","id":"municipal-buildings-78117","geometry":{"type":"Polygon","coordinates":[[[71.6842266,51.1067251],[71.6840209,51.1067739],[71.6839589,51.1066703],[71.6841646,51.1066215],[71.6842266,51.1067251]]]},"properties":{"name":" ","functional":" ","purpose":"Здание"}},{"type":"Feature","id":"municipal-buildings-78118","geometry":{"type":"Polygon","coordinates":[[[71.6847683,51.1068661],[71.6848251,51.1069402],[71.6846399,51.1069965],[71.684583,51.1069224],[71.6847683,51.1068661]]]},"properties":{"name":" ","functional":"Частные дома","purpose":"Частный дом"}},{"type":"Feature","id":"municipal-buildings-78119","geometry":{"type":"Polygon","coordinates":[[[71.6852634,51.1067412],[71.685166,51.106789],[71.6851091,51.1067429],[71.6852065,51.1066952],[71.6852634,51.1067412]]]},"properties":{"name":" ","functional":" ","purpose":"Здание"}},{"type":"Feature","id":"municipal-buildings-78120","geometry":{"type":"Polygon","coordinates":[[[71.6834672,51.1069903],[71.6834916,51.1070529],[71.6833162,51.1070766],[71.6831732,51.1067276],[71.6832708,51.1067109],[71.6833616,51.1069207],[71.6834361,51.1069105],[71.6834672,51.1069903]]]},"properties":{"name":" ","functional":" ","purpose":"Здание"}},{"type":"Feature","id":"municipal-buildings-78121","geometry":{"type":"Polygon","coordinates":[[[71.6826961,51.1067837],[71.6827082,51.1068077],[71.6826723,51.1068142],[71.6826614,51.1067896],[71.6826961,51.1067837]]]},"properties":{"name":" ","functional":"Частные дома","purpose":"Частный дом"}},{"type":"Feature","id":"municipal-buildings-78122","geometry":{"type":"Polygon","coordinates":[[[71.6826961,51.1067837],[71.6828899,51.1067441],[71.682944,51.106866],[71.682754,51.1069004],[71.6827401,51.1068772],[71.6827026,51.1068854],[71.6826677,51.106815],[71.6827082,51.1068077],[71.6826961,51.1067837]]]},"properties":{"name":" ","functional":"Частные дома","purpose":"Частный дом"}},{"type":"Feature","id":"municipal-buildings-78123","geometry":{"type":"Polygon","coordinates":[[[71.6827527,51.1068982],[71.6827168,51.1069048],[71.6827047,51.1068849],[71.6827401,51.1068772],[71.6827527,51.1068982]]]},"properties":{"name":" ","functional":" ","purpose":"Здание"}},{"type":"Feature","id":"municipal-buildings-78124","geometry":{"type":"Polygon","coordinates":[[[71.6821494,51.1070694],[71.6820282,51.1070965],[71.6819685,51.1069905],[71.6820915,51.1069641],[71.6821494,51.1070694]]]},"properties":{"name":" ","functional":" ","purpose":"Здание"}},{"type":"Feature","id":"municipal-buildings-78125","geometry":{"type":"Polygon","coordinates":[[[71.682014,51.1070712],[71.6818923,51.1070984],[71.6818778,51.1070727],[71.681829,51.1070828],[71.6817827,51.1069984],[71.6819645,51.1069594],[71.682014,51.1070712]]]},"properties":{"name":" ","functional":"Частные дома","purpose":"Частный дом"}},{"type":"Feature","id":"municipal-buildings-78126","geometry":{"type":"Polygon","coordinates":[[[71.6822148,51.1070594],[71.6821514,51.1070731],[71.6821096,51.1069963],[71.6821731,51.1069826],[71.6822148,51.1070594]]]},"properties":{"name":" ","functional":" ","purpose":"Здание"}},{"type":"Feature","id":"municipal-buildings-78127","geometry":{"type":"Polygon","coordinates":[[[71.681814,51.1070993],[71.6818315,51.1071369],[71.6817229,51.1071569],[71.681699,51.1071055],[71.6818064,51.1070829],[71.681814,51.1070993]]]},"properties":{"name":" ","functional":" ","purpose":"Частный дом"}},{"type":"Feature","id":"municipal-buildings-78128","geometry":{"type":"Polygon","coordinates":[[[71.6821478,51.1073121],[71.6820151,51.1073384],[71.6819912,51.1072906],[71.6819532,51.1072981],[71.6819229,51.1072373],[71.6820936,51.1072035],[71.6821478,51.1073121]]]},"properties":{"name":" ","functional":"Частные дома","purpose":"Частный дом"}},{"type":"Feature","id":"municipal-buildings-78129","geometry":{"type":"Polygon","coordinates":[[[71.6809298,51.1072765],[71.6809805,51.1074019],[71.6807959,51.1074296],[71.6806858,51.1071572],[71.680897,51.107131],[71.6809119,51.1071678],[71.6808874,51.1071718],[71.6809298,51.1072765]]]},"properties":{"name":" ","functional":"Административные сооружения","purpose":"Административное здание"}},{"type":"Feature","id":"municipal-buildings-78130","geometry":{"type":"Polygon","coordinates":[[[71.6805058,51.1067357],[71.6807008,51.1067043],[71.6808013,51.1069519],[71.680604,51.1069836],[71.6805058,51.1067357]]]},"properties":{"name":" ","functional":"Административные сооружения","purpose":"Административное здание"}},{"type":"Feature","id":"municipal-buildings-78131","geometry":{"type":"Polygon","coordinates":[[[71.6805917,51.1069532],[71.6804118,51.1069856],[71.6803894,51.1069381],[71.6805271,51.1069159],[71.6805229,51.1069048],[71.6804812,51.1069115],[71.6804592,51.1068573],[71.680547,51.1068432],[71.6805917,51.1069532]]]},"properties":{"name":" ","functional":"Административные сооружения","purpose":"Административное здание"}},{"type":"Feature","id":"municipal-buildings-78132","geometry":{"type":"Polygon","coordinates":[[[71.6798062,51.1067767],[71.6796279,51.1068022],[71.679584,51.1066563],[71.6797636,51.1066349],[71.6798062,51.1067767]]]},"properties":{"name":" ","functional":"Частные дома","purpose":"Частный дом"}},{"type":"Feature","id":"municipal-buildings-78133","geometry":{"type":"Polygon","coordinates":[[[71.6795689,51.1068122],[71.6794254,51.1068313],[71.6794062,51.1067739],[71.6795532,51.1067547],[71.6795689,51.1068122]]]},"properties":{"name":" ","functional":" ","purpose":"Частный дом"}},{"type":"Feature","id":"municipal-buildings-78134","geometry":{"type":"Polygon","coordinates":[[[71.6793651,51.106947],[71.6790843,51.1069816],[71.6790538,51.1068835],[71.6792913,51.1068542],[71.6793011,51.1068856],[71.6793443,51.1068803],[71.6793651,51.106947]]]},"properties":{"name":" ","functional":"Частные дома","purpose":"Коттедж"}},{"type":"Feature","id":"municipal-buildings-78135","geometry":{"type":"Polygon","coordinates":[[[71.679659,51.1069714],[71.6794891,51.1069973],[71.6794947,51.107013],[71.6794378,51.1070211],[71.679416,51.1069625],[71.6796423,51.106928],[71.679659,51.1069714]]]},"properties":{"name":" ","functional":" ","purpose":"Здание"}},{"type":"Feature","id":"municipal-buildings-78136","geometry":{"type":"Polygon","coordinates":[[[71.679426,51.1070529],[71.6793903,51.1070575],[71.6793951,51.1070723],[71.679257,51.1070922],[71.6792233,51.1069996],[71.6793976,51.1069745],[71.679426,51.1070529]]]},"properties":{"name":" ","functional":" ","purpose":"Здание"}},{"type":"Feature","id":"municipal-buildings-78137","geometry":{"type":"Polygon","coordinates":[[[71.6783703,51.1071223],[71.6781691,51.1071221],[71.6781692,51.1070797],[71.6783438,51.1070685],[71.6783469,51.1069735],[71.6783792,51.1069735],[71.6783703,51.1071223]]]},"properties":{"name":" ","functional":" ","purpose":"Здание"}},{"type":"Feature","id":"municipal-buildings-78138","geometry":{"type":"Polygon","coordinates":[[[71.6783703,51.1071223],[71.6783696,51.1071423],[71.6781224,51.1071402],[71.678123,51.1070924],[71.6781692,51.1070924],[71.6781691,51.1071221],[71.6783703,51.1071223]]]},"properties":{"name":" ","functional":" ","purpose":"Коттедж"}},{"type":"Feature","id":"municipal-buildings-78139","geometry":{"type":"Polygon","coordinates":[[[71.6783469,51.1069735],[71.6783438,51.1070685],[71.6781692,51.1070797],[71.6781701,51.1070283],[71.6781567,51.1070195],[71.6781712,51.1069715],[71.6783469,51.1069735]]]},"properties":{"name":" ","functional":"Частные дома","purpose":"Коттедж"}},{"type":"Feature","id":"municipal-buildings-78140","geometry":{"type":"Polygon","coordinates":[[[71.6772383,51.106753],[71.6772186,51.1068179],[71.6770362,51.1067959],[71.677056,51.106731],[71.6772383,51.106753]]]},"properties":{"name":" ","functional":"Административные сооружения","purpose":"Бани, сауны"}},{"type":"Feature","id":"municipal-buildings-78141","geometry":{"type":"Polygon","coordinates":[[[71.6773146,51.1068127],[71.6773067,51.1068334],[71.6772168,51.1068193],[71.6772383,51.106753],[71.6773336,51.1067642],[71.6773146,51.1068127]]]},"properties":{"name":" ","functional":"Административные сооружения","purpose":"Бани, сауны"}},{"type":"Feature","id":"municipal-buildings-78142","geometry":{"type":"Polygon","coordinates":[[[71.6774795,51.1067896],[71.6774617,51.1068347],[71.6774065,51.1068261],[71.6774243,51.106781],[71.6774795,51.1067896]]]},"properties":{"name":" ","functional":" ","purpose":"Здание"}},{"type":"Feature","id":"municipal-buildings-78143","geometry":{"type":"Polygon","coordinates":[[[71.6773913,51.10678],[71.677374,51.1068207],[71.6773146,51.1068127],[71.6773325,51.1067669],[71.6773913,51.10678]]]},"properties":{"name":" ","functional":" ","purpose":"Здание"}},{"type":"Feature","id":"municipal-buildings-78144","geometry":{"type":"Polygon","coordinates":[[[71.6776893,51.1066917],[71.6777193,51.1065793],[71.6778783,51.1065997],[71.6778422,51.1067113],[71.6776893,51.1066917]]]},"properties":{"name":" ","functional":"Административные сооружения","purpose":"Бани, сауны"}},{"type":"Feature","id":"municipal-buildings-78145","geometry":{"type":"Polygon","coordinates":[[[71.6775613,51.1065822],[71.6775391,51.1066531],[71.6774588,51.1066432],[71.677481,51.1065722],[71.6775613,51.1065822]]]},"properties":{"name":" ","functional":" ","purpose":"Здание"}},{"type":"Feature","id":"municipal-buildings-78146","geometry":{"type":"Polygon","coordinates":[[[71.6778066,51.1063486],[71.6778195,51.1063106],[71.6779702,51.106331],[71.6779572,51.106369],[71.6778066,51.1063486]]]},"properties":{"name":" ","functional":" ","purpose":"Здание"}},{"type":"Feature","id":"municipal-buildings-78147","geometry":{"type":"Polygon","coordinates":[[[71.6779203,51.1064775],[71.6779091,51.1065103],[71.6778512,51.1065024],[71.6778624,51.1064697],[71.6779203,51.1064775]]]},"properties":{"name":" ","functional":" ","purpose":"Здание"}},{"type":"Feature","id":"municipal-buildings-78148","geometry":{"type":"Polygon","coordinates":[[[71.677859,51.1065098],[71.6778496,51.1065362],[71.6777513,51.1065223],[71.6777661,51.1064809],[71.6778543,51.1064933],[71.677859,51.1065098]]]},"properties":{"name":" ","functional":" ","purpose":"Здание"}},{"type":"Feature","id":"municipal-buildings-78149","geometry":{"type":"Polygon","coordinates":[[[71.6779572,51.106369],[71.6779237,51.1064779],[71.677765,51.1064565],[71.677802,51.106348],[71.6779572,51.106369]]]},"properties":{"name":" ","functional":"Частные дома","purpose":"Частный дом"}},{"type":"Feature","id":"municipal-buildings-78150","geometry":{"type":"Polygon","coordinates":[[[71.677859,51.1065098],[71.6779172,51.1065181],[71.6779073,51.1065447],[71.6778496,51.1065362],[71.677859,51.1065098]]]},"properties":{"name":" ","functional":" ","purpose":"Здание"}},{"type":"Feature","id":"municipal-buildings-78151","geometry":{"type":"Polygon","coordinates":[[[71.6780518,51.1063823],[71.6781703,51.1063992],[71.6781357,51.1065002],[71.6781033,51.1065329],[71.6779856,51.1065177],[71.6780263,51.1063786],[71.6780518,51.1063823]]]},"properties":{"name":" ","functional":"Частные дома","purpose":"Частный дом"}},{"type":"Feature","id":"municipal-buildings-78152","geometry":{"type":"Polygon","coordinates":[[[71.6782774,51.1064142],[71.6783142,51.106365],[71.6783828,51.1063854],[71.678346,51.1064345],[71.6782774,51.1064142]]]},"properties":{"name":" ","functional":" ","purpose":"Здание"}},{"type":"Feature","id":"municipal-buildings-78153","geometry":{"type":"Polygon","coordinates":[[[71.678346,51.1064345],[71.6784101,51.1064535],[71.6783054,51.106585],[71.6781778,51.1065471],[71.6782774,51.1064142],[71.678346,51.1064345]]]},"properties":{"name":" ","functional":"Частные дома","purpose":"Частный дом"}},{"type":"Feature","id":"municipal-buildings-78154","geometry":{"type":"Polygon","coordinates":[[[71.6777284,51.1063923],[71.6776872,51.1065043],[71.6775984,51.1064914],[71.6776387,51.1063819],[71.6777284,51.1063923]]]},"properties":{"name":" ","functional":" ","purpose":"Частный дом"}},{"type":"Feature","id":"municipal-buildings-78155","geometry":{"type":"Polygon","coordinates":[[[71.6785069,51.1060595],[71.6783871,51.1061418],[71.6782653,51.1060716],[71.6783851,51.1059892],[71.6785069,51.1060595]]]},"properties":{"name":" ","functional":"Частные дома","purpose":"Частный дом"}},{"type":"Feature","id":"municipal-buildings-78156","geometry":{"type":"Polygon","coordinates":[[[71.6781987,51.1058122],[71.6780191,51.105935],[71.6778729,51.1058503],[71.6780525,51.1057275],[71.6781987,51.1058122]]]},"properties":{"name":" ","functional":"Частные дома","purpose":"Частный дом"}},{"type":"Feature","id":"municipal-buildings-78157","geometry":{"type":"Polygon","coordinates":[[[71.6779052,51.1056245],[71.678013,51.1056864],[71.6778244,51.1058169],[71.6776649,51.1057276],[71.6778156,51.1056104],[71.6779338,51.1056038],[71.6779052,51.1056245]]]},"properties":{"name":" ","functional":"Частные дома","purpose":"Коттедж"}},{"type":"Feature","id":"municipal-buildings-78158","geometry":{"type":"Polygon","coordinates":[[[71.6771061,51.1060647],[71.6770486,51.1061679],[71.6769694,51.1061504],[71.6770269,51.1060472],[71.6771061,51.1060647]]]},"properties":{"name":" ","functional":" ","purpose":"Здание"}},{"type":"Feature","id":"municipal-buildings-78159","geometry":{"type":"Polygon","coordinates":[[[71.6773628,51.1060319],[71.6773466,51.1060589],[71.6772565,51.1060375],[71.6772207,51.1059276],[71.6772278,51.1058594],[71.6773175,51.1058778],[71.6772838,51.1059428],[71.6773315,51.1059543],[71.6773437,51.105934],[71.6774118,51.1059501],[71.6773628,51.1060319]]]},"properties":{"name":" ","functional":" ","purpose":"Здание"}},{"type":"Feature","id":"municipal-buildings-78160","geometry":{"type":"Polygon","coordinates":[[[71.6774277,51.105797],[71.6773912,51.1058352],[71.6772905,51.105795],[71.6773276,51.1057591],[71.6774277,51.105797]]]},"properties":{"name":" ","functional":" ","purpose":"Здание"}},{"type":"Feature","id":"municipal-buildings-78161","geometry":{"type":"Polygon","coordinates":[[[71.678758,51.1054596],[71.6787863,51.1055376],[71.6785564,51.1055753],[71.6785244,51.1054979],[71.678758,51.1054596]]]},"properties":{"name":" ","functional":"Частные дома","purpose":"Частный дом"}},{"type":"Feature","id":"municipal-buildings-78162","geometry":{"type":"Polygon","coordinates":[[[71.6791041,51.1055171],[71.6789025,51.1055539],[71.6788489,51.1054343],[71.679048,51.1053973],[71.6791041,51.1055171]]]},"properties":{"name":" ","functional":"Известный по назначению","purpose":"Строящееся здание"}},{"type":"Feature","id":"municipal-buildings-78163","geometry":{"type":"Polygon","coordinates":[[[71.6797496,51.1056085],[71.6797378,51.1056101],[71.6797071,51.1055069],[71.6799377,51.1054719],[71.6799762,51.1055804],[71.6797496,51.1056085]]]},"properties":{"name":" ","functional":"Частные дома","purpose":"Частный дом"}},{"type":"Feature","id":"municipal-buildings-78164","geometry":{"type":"Polygon","coordinates":[[[71.6798665,51.1057359],[71.6797002,51.1057589],[71.6796707,51.1056744],[71.679837,51.1056514],[71.6798665,51.1057359]]]},"properties":{"name":" ","functional":" ","purpose":"Здание"}},{"type":"Feature","id":"municipal-buildings-78165","geometry":{"type":"Polygon","coordinates":[[[71.6801667,51.1057462],[71.6799211,51.1057729],[71.6799089,51.1057285],[71.6798716,51.1057317],[71.6798537,51.1056485],[71.6799049,51.1056441],[71.6799103,51.1056692],[71.6801387,51.1056443],[71.6801667,51.1057462]]]},"properties":{"name":" ","functional":"Частные дома","purpose":"Частный дом"}},{"type":"Feature","id":"municipal-buildings-78166","geometry":{"type":"Polygon","coordinates":[[[71.680365,51.1056598],[71.6803767,51.1056581],[71.6804054,51.1057368],[71.6802742,51.1057558],[71.6802455,51.105677],[71.680365,51.1056598]]]},"properties":{"name":" ","functional":" ","purpose":"Здание"}},{"type":"Feature","id":"municipal-buildings-78167","geometry":{"type":"Polygon","coordinates":[[[71.6804567,51.1058846],[71.6803719,51.1058968],[71.6803282,51.1057847],[71.6804156,51.1057713],[71.6804567,51.1058846]]]},"properties":{"name":" ","functional":" ","purpose":"Здание"}},{"type":"Feature","id":"municipal-buildings-78168","geometry":{"type":"Polygon","coordinates":[[[71.6805806,51.1056972],[71.6805062,51.1055242],[71.6806093,51.1055086],[71.6806234,51.1055431],[71.6806662,51.1055362],[71.6807117,51.1056792],[71.6805806,51.1056972]]]},"properties":{"name":" ","functional":"Частные дома","purpose":"Частный дом"}},{"type":"Feature","id":"municipal-buildings-78169","geometry":{"type":"Polygon","coordinates":[[[71.6805728,51.1056983],[71.6804384,51.1057187],[71.6804118,51.1056491],[71.6805462,51.1056287],[71.6805728,51.1056983]]]},"properties":{"name":" ","functional":"Частные дома","purpose":"Здание"}},{"type":"Feature","id":"municipal-buildings-78170","geometry":{"type":"Polygon","coordinates":[[[71.6805806,51.1056972],[71.6806098,51.1057846],[71.680527,51.105797],[71.6805195,51.1057774],[71.680464,51.1057858],[71.6804384,51.1057187],[71.6805806,51.1056972]]]},"properties":{"name":" ","functional":"Частные дома","purpose":"Здание"}},{"type":"Feature","id":"municipal-buildings-78171","geometry":{"type":"Polygon","coordinates":[[[71.6808292,51.1058397],[71.6806858,51.105859],[71.6806615,51.1057873],[71.6808049,51.105768],[71.6808292,51.1058397]]]},"properties":{"name":" ","functional":" ","purpose":"Здание"}},{"type":"Feature","id":"municipal-buildings-78172","geometry":{"type":"Polygon","coordinates":[[[71.6790826,51.1058485],[71.6789504,51.1058748],[71.6789124,51.1057906],[71.6790457,51.1057667],[71.6790826,51.1058485]]]},"properties":{"name":" ","functional":"Частные дома","purpose":"Частный дом"}},{"type":"Feature","id":"municipal-buildings-78173","geometry":{"type":"Polygon","coordinates":[[[71.678923,51.1057757],[71.6788424,51.1057886],[71.6788088,51.1057058],[71.6788894,51.1056928],[71.678923,51.1057757]]]},"properties":{"name":" ","functional":" ","purpose":"Частный дом"}},{"type":"Feature","id":"municipal-buildings-78174","geometry":{"type":"Polygon","coordinates":[[[71.6785184,51.1053039],[71.6781818,51.1053997],[71.6780952,51.1052791],[71.6784318,51.1051833],[71.6785184,51.1053039]]]},"properties":{"name":" ","functional":"Частные дома","purpose":"Коттедж"}},{"type":"Feature","id":"municipal-buildings-78175","geometry":{"type":"Polygon","coordinates":[[[71.6789226,51.1051043],[71.6788768,51.1051138],[71.6788437,51.1050584],[71.6789432,51.1050365],[71.6789759,51.1050932],[71.6789226,51.1051043]]]},"properties":{"name":" ","functional":" ","purpose":"Здание"}},{"type":"Feature","id":"municipal-buildings-78176","geometry":{"type":"Polygon","coordinates":[[[71.6788337,51.1052006],[71.6787142,51.1052284],[71.6786706,51.1051543],[71.6789226,51.1051043],[71.6789616,51.1051707],[71.6788337,51.1052006]]]},"properties":{"name":" ","functional":"Частные дома","purpose":"Частный дом"}},{"type":"Feature","id":"municipal-buildings-78177","geometry":{"type":"Polygon","coordinates":[[[71.6791854,51.1049412],[71.6792259,51.1050099],[71.6791469,51.1050284],[71.679107,51.1049607],[71.6791854,51.1049412]]]},"properties":{"name":" ","functional":" ","purpose":"Здание"}},{"type":"Feature","id":"municipal-buildings-78178","geometry":{"type":"Polygon","coordinates":[[[71.6791074,51.1049614],[71.6790085,51.1049851],[71.6789383,51.104871],[71.6791169,51.1048276],[71.6791448,51.1048538],[71.6791864,51.104941],[71.6791074,51.1049614]]]},"properties":{"name":" ","functional":" ","purpose":"Здание"}},{"type":"Feature","id":"municipal-buildings-78179","geometry":{"type":"Polygon","coordinates":[[[71.6794449,51.1049651],[71.6794092,51.1049738],[71.6793881,51.1049392],[71.6793741,51.1049426],[71.6793421,51.1048643],[71.6794603,51.1048225],[71.6794673,51.1048339],[71.6795221,51.1048205],[71.6795825,51.1048918],[71.679568,51.1048953],[71.6795892,51.10493],[71.6794449,51.1049651]]]},"properties":{"name":" ","functional":"Известный по назначению","purpose":"Строящееся здание"}},{"type":"Feature","id":"municipal-buildings-78180","geometry":{"type":"Polygon","coordinates":[[[71.6795846,51.1049225],[71.6796157,51.1049153],[71.6796551,51.1049821],[71.6794794,51.1050253],[71.6794449,51.1049651],[71.6795846,51.1049225]]]},"properties":{"name":" ","functional":" ","purpose":"Здание"}},{"type":"Feature","id":"municipal-buildings-78181","geometry":{"type":"Polygon","coordinates":[[[71.6792199,51.1046509],[71.6792683,51.1047375],[71.6791803,51.104757],[71.6791293,51.1046658],[71.6792199,51.1046509]]]},"properties":{"name":" ","functional":" ","purpose":"Строящееся здание"}},{"type":"Feature","id":"municipal-buildings-78182","geometry":{"type":"Polygon","coordinates":[[[71.679507,51.1047223],[71.6794174,51.1047426],[71.6793451,51.1046163],[71.6794346,51.104596],[71.679507,51.1047223]]]},"properties":{"name":" ","functional":" ","purpose":"Здание"}},{"type":"Feature","id":"municipal-buildings-78183","geometry":{"type":"Polygon","coordinates":[[[71.681549,51.1044218],[71.6814788,51.1044319],[71.6814231,51.1042779],[71.6814934,51.1042678],[71.681549,51.1044218]]]},"properties":{"name":" ","functional":" ","purpose":"Частный дом"}},{"type":"Feature","id":"municipal-buildings-78184","geometry":{"type":"Polygon","coordinates":[[[71.6815312,51.1043724],[71.6815724,51.1043665],[71.6815902,51.1044159],[71.681549,51.1044218],[71.6815312,51.1043724]]]},"properties":{"name":" ","functional":" ","purpose":"Здание"}},{"type":"Feature","id":"municipal-buildings-78185","geometry":{"type":"Polygon","coordinates":[[[71.6817411,51.1042813],[71.6817503,51.1043103],[71.6815727,51.1043328],[71.6815369,51.1042208],[71.6817146,51.1041983],[71.6817411,51.1042813]]]},"properties":{"name":" ","functional":"Частные дома","purpose":"Частный дом"}},{"type":"Feature","id":"municipal-buildings-78186","geometry":{"type":"Polygon","coordinates":[[[71.6814959,51.1041647],[71.6812924,51.1041964],[71.681273,51.104147],[71.6814765,51.1041153],[71.6814959,51.1041647]]]},"properties":{"name":" ","functional":" ","purpose":"Здание"}},{"type":"Feature","id":"municipal-buildings-78187","geometry":{"type":"Polygon","coordinates":[[[71.6812101,51.1046609],[71.6813598,51.1046402],[71.6813843,51.1047206],[71.6812338,51.1047387],[71.6812101,51.1046609]]]},"properties":{"name":" ","functional":"Частные дома","purpose":"Частный дом"}},{"type":"Feature","id":"municipal-buildings-78188","geometry":{"type":"Polygon","coordinates":[[[71.680985,51.1047675],[71.6810092,51.1048252],[71.6808712,51.1048421],[71.6808307,51.1047112],[71.6809625,51.1046951],[71.680985,51.1047675]]]},"properties":{"name":" ","functional":"Частные дома","purpose":"Частный дом"}},{"type":"Feature","id":"municipal-buildings-78189","geometry":{"type":"Polygon","coordinates":[[[71.6802702,51.1048275],[71.6803507,51.1048132],[71.6803861,51.1048916],[71.6803019,51.1049052],[71.6802702,51.1048275]]]},"properties":{"name":" ","functional":" ","purpose":"Здание"}},{"type":"Feature","id":"municipal-buildings-78190","geometry":{"type":"Polygon","coordinates":[[[71.681838,51.1046641],[71.6816553,51.1046892],[71.6816145,51.1045715],[71.6817972,51.1045463],[71.681838,51.1046641]]]},"properties":{"name":" ","functional":"Частные дома","purpose":"Частный дом"}},{"type":"Feature","id":"municipal-buildings-78191","geometry":{"type":"Polygon","coordinates":[[[71.6824187,51.1045036],[71.6824535,51.1045915],[71.6822278,51.1046263],[71.6821936,51.1045384],[71.6824187,51.1045036]]]},"properties":{"name":" ","functional":"Частные дома","purpose":"Частный дом"}},{"type":"Feature","id":"municipal-buildings-78192","geometry":{"type":"Polygon","coordinates":[[[71.6823431,51.104481],[71.6822882,51.1044888],[71.6822796,51.1044647],[71.6822354,51.104471],[71.6821983,51.1043677],[71.6823603,51.1043446],[71.6824061,51.104472],[71.6823431,51.104481]]]},"properties":{"name":" ","functional":" ","purpose":"Здание"}},{"type":"Feature","id":"municipal-buildings-78193","geometry":{"type":"Polygon","coordinates":[[[71.6824187,51.1045036],[71.6823557,51.1045133],[71.6823431,51.104481],[71.6824061,51.104472],[71.6824187,51.1045036]]]},"properties":{"name":" ","functional":"Частные дома","purpose":"Здание"}},{"type":"Feature","id":"municipal-buildings-78194","geometry":{"type":"Polygon","coordinates":[[[71.682862,51.1044592],[71.682846,51.1044172],[71.6829496,51.1044016],[71.6829926,51.1045052],[71.6828868,51.1045241],[71.682862,51.1044592]]]},"properties":{"name":" ","functional":" ","purpose":"Здание"}},{"type":"Feature","id":"municipal-buildings-78195","geometry":{"type":"Polygon","coordinates":[[[71.6828868,51.1045241],[71.6827107,51.104552],[71.6826554,51.1044237],[71.6827933,51.1044022],[71.6828184,51.1044661],[71.682862,51.1044592],[71.6828868,51.1045241]]]},"properties":{"name":" ","functional":"Частные дома","purpose":"Частный дом"}},{"type":"Feature","id":"municipal-buildings-78196","geometry":{"type":"Polygon","coordinates":[[[71.6834803,51.1044265],[71.6832606,51.1044626],[71.6832332,51.1043967],[71.6834551,51.1043663],[71.6834803,51.1044265]]]},"properties":{"name":" ","functional":"Частные дома","purpose":"Частный дом"}},{"type":"Feature","id":"municipal-buildings-78197","geometry":{"type":"Polygon","coordinates":[[[71.6842271,51.104348],[71.6840251,51.1043763],[71.6839886,51.1042745],[71.6841914,51.1042467],[71.6842271,51.104348]]]},"properties":{"name":" ","functional":"Частные дома","purpose":"Частный дом"}},{"type":"Feature","id":"municipal-buildings-78198","geometry":{"type":"Polygon","coordinates":[[[71.6840128,51.1041206],[71.6841432,51.1041023],[71.6841785,51.1042019],[71.684048,51.1042202],[71.6840128,51.1041206]]]},"properties":{"name":" ","functional":"Частные дома","purpose":"Частный дом"}},{"type":"Feature","id":"municipal-buildings-78199","geometry":{"type":"Polygon","coordinates":[[[71.6840374,51.1041901],[71.6840101,51.104194],[71.6839855,51.1041245],[71.6840128,51.1041206],[71.6840374,51.1041901]]]},"properties":{"name":" ","functional":" ","purpose":"Здание"}},{"type":"Feature","id":"municipal-buildings-78200","geometry":{"type":"Polygon","coordinates":[[[71.6844698,51.1043146],[71.6843114,51.1043365],[71.6842772,51.1042429],[71.684436,51.104221],[71.6844698,51.1043146]]]},"properties":{"name":" ","functional":"Частные дома","purpose":"Частный дом"}},{"type":"Feature","id":"municipal-buildings-78201","geometry":{"type":"Polygon","coordinates":[[[71.6843707,51.1042128],[71.6842703,51.1042258],[71.6842109,51.1040756],[71.6843727,51.104056],[71.6843891,51.1041086],[71.6843388,51.1041151],[71.6843707,51.1042128]]]},"properties":{"name":" ","functional":" ","purpose":"Частный дом"}},{"type":"Feature","id":"municipal-buildings-78202","geometry":{"type":"Polygon","coordinates":[[[71.6846606,51.1040724],[71.6845325,51.1040859],[71.6845148,51.1040195],[71.6846441,51.1040062],[71.6846606,51.1040724]]]},"properties":{"name":" ","functional":" ","purpose":"Здание"}},{"type":"Feature","id":"municipal-buildings-78203","geometry":{"type":"Polygon","coordinates":[[[71.684774,51.1042977],[71.6846139,51.1043234],[71.6845778,51.1042173],[71.6847392,51.1041955],[71.684774,51.1042977]]]},"properties":{"name":" ","functional":" ","purpose":"Здание"}},{"type":"Feature","id":"municipal-buildings-78204","geometry":{"type":"Polygon","coordinates":[[[71.6851637,51.1042787],[71.6851742,51.1043164],[71.6849628,51.1043398],[71.6849261,51.1042085],[71.6851375,51.1041851],[71.6851637,51.1042787]]]},"properties":{"name":" ","functional":"Частные дома","purpose":"Частный дом"}},{"type":"Feature","id":"municipal-buildings-78205","geometry":{"type":"Polygon","coordinates":[[[71.6851681,51.1039066],[71.6848884,51.1039604],[71.6848513,51.1038866],[71.6851323,51.1038324],[71.6851681,51.1039066]]]},"properties":{"name":" ","functional":" ","purpose":"Здание"}},{"type":"Feature","id":"municipal-buildings-78206","geometry":{"type":"Polygon","coordinates":[[[71.6848196,51.1037974],[71.68481,51.1037991],[71.6847475,51.1036665],[71.6847654,51.1036631],[71.6847647,51.1036449],[71.6849185,51.1036336],[71.6849389,51.1036757],[71.684975,51.1036804],[71.6849885,51.1037111],[71.684964,51.1037276],[71.6849838,51.1037686],[71.6848196,51.1037974]]]},"properties":{"name":" ","functional":" ","purpose":"Здание"}},{"type":"Feature","id":"municipal-buildings-78207","geometry":{"type":"Polygon","coordinates":[[[71.6854934,51.1035923],[71.685358,51.1036142],[71.6853312,51.1035911],[71.6853117,51.1035941],[71.6852595,51.1034684],[71.6854688,51.1034376],[71.6855194,51.1035616],[71.6854854,51.1035669],[71.6854934,51.1035923]]]},"properties":{"name":" ","functional":"Частные дома","purpose":"Частный дом"}},{"type":"Feature","id":"municipal-buildings-78208","geometry":{"type":"Polygon","coordinates":[[[71.6858619,51.1042207],[71.6857259,51.104244],[71.685677,51.1041309],[71.685813,51.1041076],[71.6858619,51.1042207]]]},"properties":{"name":" ","functional":"Частные дома","purpose":"Частный дом"}},{"type":"Feature","id":"municipal-buildings-78209","geometry":{"type":"Polygon","coordinates":[[[71.6844447,51.1039655],[71.6843239,51.1039759],[71.6842944,51.1038767],[71.6844131,51.1038592],[71.6844447,51.1039655]]]},"properties":{"name":" ","functional":"Известный по назначению","purpose":"Строящееся здание"}},{"type":"Feature","id":"municipal-buildings-78210","geometry":{"type":"Polygon","coordinates":[[[71.6813906,51.1042519],[71.6814104,51.1043084],[71.6811616,51.1043415],[71.68113,51.1042367],[71.6813734,51.1042031],[71.6813906,51.1042519]]]},"properties":{"name":" ","functional":" ","purpose":"Здание"}},{"type":"Feature","id":"municipal-buildings-78211","geometry":{"type":"Polygon","coordinates":[[[71.6825494,51.1037858],[71.6823278,51.1038155],[71.6822961,51.1037218],[71.6825177,51.1036921],[71.6825494,51.1037858]]]},"properties":{"name":" ","functional":"Частные дома","purpose":"Частный дом"}},{"type":"Feature","id":"municipal-buildings-78212","geometry":{"type":"Polygon","coordinates":[[[71.6821827,51.1037907],[71.6820456,51.1038099],[71.6820063,51.1037087],[71.6821448,51.1036874],[71.6821827,51.1037907]]]},"properties":{"name":" ","functional":"Частные дома","purpose":"Частный дом"}},{"type":"Feature","id":"municipal-buildings-78213","geometry":{"type":"Polygon","coordinates":[[[71.6819979,51.1036448],[71.6819571,51.1035446],[71.682096,51.1035259],[71.6821303,51.1036269],[71.6819979,51.1036448]]]},"properties":{"name":" ","functional":"Частные дома","purpose":"Частный дом"}},{"type":"Feature","id":"municipal-buildings-78214","geometry":{"type":"Polygon","coordinates":[[[71.6825115,51.103419],[71.6823252,51.1034445],[71.6823035,51.1033817],[71.6824897,51.1033562],[71.6825115,51.103419]]]},"properties":{"name":" ","functional":"Частные дома","purpose":"Коттедж"}},{"type":"Feature","id":"municipal-buildings-78215","geometry":{"type":"Polygon","coordinates":[[[71.6824734,51.1034776],[71.6823985,51.1034879],[71.6823898,51.1034632],[71.6822902,51.1034763],[71.6822513,51.1033593],[71.6825258,51.1033231],[71.6825648,51.1034402],[71.6824656,51.1034532],[71.6824734,51.1034776]],[[71.6825115,51.103419],[71.6824897,51.1033562],[71.6823035,51.1033817],[71.6823252,51.1034445],[71.6825115,51.103419]]]},"properties":{"name":" ","functional":"Частные дома","purpose":"Коттедж"}},{"type":"Feature","id":"municipal-buildings-78216","geometry":{"type":"Polygon","coordinates":[[[71.6826644,51.103408],[71.6825975,51.1034175],[71.682558,51.1033044],[71.6826313,51.1032943],[71.6826644,51.103408]]]},"properties":{"name":" ","functional":" ","purpose":"Здание"}},{"type":"Feature","id":"municipal-buildings-78217","geometry":{"type":"Polygon","coordinates":[[[71.6810886,51.1031991],[71.6810187,51.10323],[71.6808962,51.10312],[71.6809662,51.1030891],[71.6810886,51.1031991]]]},"properties":{"name":" ","functional":" ","purpose":"Здание"}},{"type":"Feature","id":"municipal-buildings-78218","geometry":{"type":"Polygon","coordinates":[[[71.6812978,51.1032719],[71.681239,51.1032957],[71.6811625,51.1032206],[71.6813338,51.1031483],[71.6814357,51.103244],[71.6813571,51.1032769],[71.6813364,51.1032563],[71.6812978,51.1032719]]]},"properties":{"name":" ","functional":"Частные дома","purpose":"Частный дом"}},{"type":"Feature","id":"municipal-buildings-78219","geometry":{"type":"Polygon","coordinates":[[[71.681486,51.1030861],[71.6813634,51.1031395],[71.6812625,51.1030478],[71.6813851,51.1029943],[71.681486,51.1030861]]]},"properties":{"name":" ","functional":"Частные дома","purpose":"Частный дом"}},{"type":"Feature","id":"municipal-buildings-78220","geometry":{"type":"Polygon","coordinates":[[[71.68122,51.1031944],[71.6811625,51.1032206],[71.6810742,51.1031379],[71.6811068,51.1031242],[71.6810964,51.1031144],[71.681222,51.1030621],[71.6812728,51.1031107],[71.6811744,51.1031515],[71.68122,51.1031944]]]},"properties":{"name":" ","functional":"Частные дома","purpose":"Частный дом"}},{"type":"Feature","id":"municipal-buildings-78221","geometry":{"type":"Polygon","coordinates":[[[71.681082,51.103118],[71.6810425,51.1031338],[71.6809964,51.1030882],[71.6810359,51.1030724],[71.681082,51.103118]]]},"properties":{"name":" ","functional":" ","purpose":"Здание"}},{"type":"Feature","id":"municipal-buildings-78222","geometry":{"type":"Polygon","coordinates":[[[71.6815115,51.1032041],[71.6815939,51.103286],[71.6815316,51.1033109],[71.6814432,51.1032241],[71.6815115,51.1032041]]]},"properties":{"name":" ","functional":" ","purpose":"Здание"}},{"type":"Feature","id":"municipal-buildings-78223","geometry":{"type":"Polygon","coordinates":[[[71.6811215,51.1034505],[71.6811036,51.103458],[71.6810001,51.1033604],[71.6810813,51.1033263],[71.6811849,51.1034238],[71.6811215,51.1034505]]]},"properties":{"name":" ","functional":" ","purpose":"Здание"}},{"type":"Feature","id":"municipal-buildings-78224","geometry":{"type":"Polygon","coordinates":[[[71.6812129,51.1033953],[71.6811759,51.1034154],[71.6810918,51.1033361],[71.6811322,51.1033192],[71.6812129,51.1033953]]]},"properties":{"name":" ","functional":" ","purpose":"Здание"}},{"type":"Feature","id":"municipal-buildings-78225","geometry":{"type":"Polygon","coordinates":[[[71.681136,51.1033228],[71.6811886,51.1033007],[71.6812655,51.1033732],[71.6812129,51.1033953],[71.681136,51.1033228]]]},"properties":{"name":" ","functional":" ","purpose":"Здание"}},{"type":"Feature","id":"municipal-buildings-78226","geometry":{"type":"Polygon","coordinates":[[[71.6810584,51.1034676],[71.6809694,51.1033894],[71.6810118,51.1033715],[71.6810967,51.1034515],[71.6810584,51.1034676]]]},"properties":{"name":" ","functional":" ","purpose":"Здание"}},{"type":"Feature","id":"municipal-buildings-78227","geometry":{"type":"Polygon","coordinates":[[[71.6811279,51.103321],[71.6810918,51.1033361],[71.6810521,51.1033244],[71.6811076,51.1033018],[71.6811279,51.103321]]]},"properties":{"name":" ","functional":" ","purpose":"Здание"}},{"type":"Feature","id":"municipal-buildings-78228","geometry":{"type":"Polygon","coordinates":[[[71.6810118,51.1033715],[71.6809762,51.1033865],[71.6809524,51.1033641],[71.681005,51.1033425],[71.6810118,51.1033715]]]},"properties":{"name":" ","functional":" ","purpose":"Здание"}},{"type":"Feature","id":"municipal-buildings-78229","geometry":{"type":"Polygon","coordinates":[[[71.6811215,51.1034505],[71.6811341,51.1034619],[71.6810801,51.1034855],[71.6810584,51.1034676],[71.6811215,51.1034505]]]},"properties":{"name":" ","functional":" ","purpose":"Здание"}},{"type":"Feature","id":"municipal-buildings-78230","geometry":{"type":"Polygon","coordinates":[[[71.6817941,51.1029213],[71.6818263,51.1029526],[71.6817111,51.1030044],[71.6815989,51.1029],[71.6817194,51.1028487],[71.6817941,51.1029213]]]},"properties":{"name":" ","functional":"Частные дома","purpose":"Частный дом"}},{"type":"Feature","id":"municipal-buildings-78231","geometry":{"type":"Polygon","coordinates":[[[71.6819949,51.102896],[71.681895,51.1028158],[71.6820992,51.1027113],[71.6822035,51.1027969],[71.6819949,51.102896]]]},"properties":{"name":" ","functional":"Частные дома","purpose":"Частный дом"}},{"type":"Feature","id":"municipal-buildings-78232","geometry":{"type":"Polygon","coordinates":[[[71.6823876,51.1029548],[71.6822416,51.1030145],[71.6821939,51.1029681],[71.6823399,51.1029085],[71.6823876,51.1029548]]]},"properties":{"name":" ","functional":" ","purpose":"Здание"}},{"type":"Feature","id":"municipal-buildings-78233","geometry":{"type":"Polygon","coordinates":[[[71.6810079,51.102909],[71.6809459,51.1029308],[71.6809222,51.1029041],[71.6809842,51.1028823],[71.6810079,51.102909]]]},"properties":{"name":" ","functional":" ","purpose":"Здание"}},{"type":"Feature","id":"municipal-buildings-78234","geometry":{"type":"Polygon","coordinates":[[[71.680792,51.1029015],[71.6807557,51.1029169],[71.6807344,51.102897],[71.6807707,51.1028816],[71.680792,51.1029015]]]},"properties":{"name":" ","functional":" ","purpose":"Здание"}},{"type":"Feature","id":"municipal-buildings-78235","geometry":{"type":"Polygon","coordinates":[[[71.6806415,51.1035503],[71.6806024,51.1035646],[71.6806149,51.1035781],[71.6805256,51.1036107],[71.6804711,51.1035515],[71.6806011,51.1035041],[71.6806415,51.1035503]]]},"properties":{"name":" ","functional":" ","purpose":"Здание"}},{"type":"Feature","id":"municipal-buildings-78236","geometry":{"type":"Polygon","coordinates":[[[71.6805413,51.1037341],[71.6805718,51.1037677],[71.6804533,51.10381],[71.680422,51.1037768],[71.6805413,51.1037341]]]},"properties":{"name":" ","functional":" ","purpose":"Здание"}},{"type":"Feature","id":"municipal-buildings-78237","geometry":{"type":"Polygon","coordinates":[[[71.6805413,51.1037341],[71.680422,51.1037768],[71.6803939,51.1037472],[71.680359,51.1037612],[71.6802964,51.1036902],[71.6804651,51.1036212],[71.680561,51.103727],[71.6805413,51.1037341]]]},"properties":{"name":" ","functional":"Частные дома","purpose":"Частный дом"}},{"type":"Feature","id":"municipal-buildings-78238","geometry":{"type":"Polygon","coordinates":[[[71.6802164,51.1038988],[71.6801684,51.1039173],[71.6801123,51.1038597],[71.6801603,51.1038412],[71.6802164,51.1038988]]]},"properties":{"name":" ","functional":" ","purpose":"Частный дом"}},{"type":"Feature","id":"municipal-buildings-78239","geometry":{"type":"Polygon","coordinates":[[[71.6801603,51.1038412],[71.6802658,51.1038005],[71.6803224,51.1038589],[71.6802164,51.1038988],[71.6801603,51.1038412]]]},"properties":{"name":" ","functional":"Частные дома","purpose":"Частный дом"}},{"type":"Feature","id":"municipal-buildings-78240","geometry":{"type":"Polygon","coordinates":[[[71.680378,51.1041134],[71.6803193,51.103987],[71.6804999,51.1039566],[71.6805426,51.104057],[71.6805168,51.1040614],[71.6805319,51.1040969],[71.680378,51.1041134]]]},"properties":{"name":" ","functional":"Известный по назначению","purpose":"Строящееся здание"}},{"type":"Feature","id":"municipal-buildings-78241","geometry":{"type":"Polygon","coordinates":[[[71.6802653,51.1040665],[71.6803014,51.10406],[71.6803139,51.1040862],[71.6802789,51.1040932],[71.6802653,51.1040665]]]},"properties":{"name":" ","functional":" ","purpose":"Здание"}},{"type":"Feature","id":"municipal-buildings-78242","geometry":{"type":"Polygon","coordinates":[[[71.680276,51.1040876],[71.68025,51.1040932],[71.6802403,51.1040713],[71.6802653,51.1040665],[71.680276,51.1040876]]]},"properties":{"name":" ","functional":" ","purpose":"Здание"}},{"type":"Feature","id":"municipal-buildings-78243","geometry":{"type":"Polygon","coordinates":[[[71.6803974,51.1041631],[71.6803737,51.1041684],[71.6803655,51.1041538],[71.6803892,51.1041485],[71.6803974,51.1041631]]]},"properties":{"name":" ","functional":" ","purpose":"Здание"}},{"type":"Feature","id":"municipal-buildings-78244","geometry":{"type":"Polygon","coordinates":[[[71.6801642,51.1041212],[71.6801802,51.1041594],[71.6801148,51.1041702],[71.6800988,51.104132],[71.6801642,51.1041212]]]},"properties":{"name":" ","functional":" ","purpose":"Здание"}},{"type":"Feature","id":"municipal-buildings-78245","geometry":{"type":"Polygon","coordinates":[[[71.6800988,51.104132],[71.6800115,51.1041465],[71.6799673,51.104045],[71.6801501,51.104014],[71.680193,51.1041164],[71.6800988,51.104132]]]},"properties":{"name":" ","functional":" ","purpose":"Здание"}},{"type":"Feature","id":"municipal-buildings-78246","geometry":{"type":"Polygon","coordinates":[[[71.6800115,51.1041465],[71.6799818,51.1041516],[71.6799543,51.1040885],[71.679984,51.1040834],[71.6800115,51.1041465]]]},"properties":{"name":" ","functional":" ","purpose":"Здание"}},{"type":"Feature","id":"municipal-buildings-78247","geometry":{"type":"Polygon","coordinates":[[[71.6798425,51.1042024],[71.6796568,51.104237],[71.6796026,51.1041216],[71.6797884,51.104087],[71.6798425,51.1042024]]]},"properties":{"name":" ","functional":" ","purpose":"Здание"}},{"type":"Feature","id":"municipal-buildings-78248","geometry":{"type":"Polygon","coordinates":[[[71.679623,51.1040714],[71.6795322,51.1040906],[71.6795184,51.1040648],[71.6796092,51.1040455],[71.679623,51.1040714]]]},"properties":{"name":" ","functional":" ","purpose":"Здание"}},{"type":"Feature","id":"municipal-buildings-78249","geometry":{"type":"Polygon","coordinates":[[[71.6797581,51.1040447],[71.6796819,51.1040573],[71.6796604,51.1040055],[71.6797366,51.103993],[71.6797581,51.1040447]]]},"properties":{"name":" ","functional":" ","purpose":"Здание"}},{"type":"Feature","id":"municipal-buildings-78250","geometry":{"type":"Polygon","coordinates":[[[71.6799798,51.1039638],[71.6799128,51.103985],[71.6798781,51.1039414],[71.6799451,51.1039202],[71.6799798,51.1039638]]]},"properties":{"name":" ","functional":" ","purpose":"Частный дом"}},{"type":"Feature","id":"municipal-buildings-78251","geometry":{"type":"Polygon","coordinates":[[[71.6796035,51.1037974],[71.6795226,51.1038221],[71.6794919,51.1037858],[71.6795739,51.1037589],[71.6796035,51.1037974]]]},"properties":{"name":" ","functional":" ","purpose":"Здание"}},{"type":"Feature","id":"municipal-buildings-78252","geometry":{"type":"Polygon","coordinates":[[[71.6812045,51.1038232],[71.6811913,51.1038277],[71.6810931,51.1037119],[71.681285,51.1036474],[71.6813832,51.1037631],[71.6812045,51.1038232]]]},"properties":{"name":" ","functional":"Известный по назначению","purpose":"Строящееся здание"}},{"type":"Feature","id":"municipal-buildings-78253","geometry":{"type":"Polygon","coordinates":[[[71.6812045,51.1038232],[71.6812275,51.1038519],[71.6810984,51.103895],[71.6810668,51.1038549],[71.6811831,51.103818],[71.6812045,51.1038232]]]},"properties":{"name":" ","functional":" ","purpose":"Здание"}},{"type":"Feature","id":"municipal-buildings-78254","geometry":{"type":"Polygon","coordinates":[[[71.6817607,51.1036644],[71.681776,51.1037081],[71.6816725,51.1037225],[71.6816501,51.1036586],[71.6817536,51.1036442],[71.6817607,51.1036644]]]},"properties":{"name":" ","functional":" ","purpose":"Здание"}},{"type":"Feature","id":"municipal-buildings-78255","geometry":{"type":"Polygon","coordinates":[[[71.681749,51.1037911],[71.6817564,51.1038134],[71.6817057,51.1038201],[71.6816797,51.1037371],[71.6817291,51.103731],[71.681749,51.1037911]]]},"properties":{"name":" ","functional":" ","purpose":"Здание"}},{"type":"Feature","id":"municipal-buildings-78256","geometry":{"type":"Polygon","coordinates":[[[71.6817366,51.1037536],[71.6817673,51.1037496],[71.6817797,51.1037871],[71.681749,51.1037911],[71.6817366,51.1037536]]]},"properties":{"name":" ","functional":" ","purpose":"Здание"}},{"type":"Feature","id":"municipal-buildings-78257","geometry":{"type":"Polygon","coordinates":[[[71.6827261,51.1038898],[71.6827514,51.1039751],[71.6826477,51.1039871],[71.6826018,51.1038524],[71.6827059,51.1038383],[71.6827261,51.1038898]]]},"properties":{"name":" ","functional":"Частные дома","purpose":"Частный дом"}},{"type":"Feature","id":"municipal-buildings-78258","geometry":{"type":"Polygon","coordinates":[[[71.6827101,51.1038489],[71.6827319,51.1038551],[71.6827408,51.1038778],[71.6827261,51.1038898],[71.6827101,51.1038489]]]},"properties":{"name":" ","functional":" ","purpose":"Здание"}},{"type":"Feature","id":"municipal-buildings-78259","geometry":{"type":"Polygon","coordinates":[[[71.6833512,51.1036846],[71.6832065,51.1036021],[71.6833211,51.1035263],[71.6834624,51.1036111],[71.6833512,51.1036846]]]},"properties":{"name":" ","functional":"Частные дома","purpose":"Частный дом"}},{"type":"Feature","id":"municipal-buildings-78260","geometry":{"type":"Polygon","coordinates":[[[71.6835533,51.1035058],[71.6835188,51.1035289],[71.6833847,51.1034496],[71.6834858,51.1033818],[71.6836199,51.1034612],[71.6835533,51.1035058]]]},"properties":{"name":" ","functional":"Частные дома","purpose":"Частный дом"}},{"type":"Feature","id":"municipal-buildings-78261","geometry":{"type":"Polygon","coordinates":[[[71.6836583,51.1033708],[71.68368,51.1033561],[71.6837542,51.1034003],[71.6836959,51.1034387],[71.6836228,51.1033948],[71.6836583,51.1033708]]]},"properties":{"name":" ","functional":" ","purpose":"Здание"}},{"type":"Feature","id":"municipal-buildings-78262","geometry":{"type":"Polygon","coordinates":[[[71.6836921,51.1034364],[71.6836645,51.1034546],[71.6836286,51.103433],[71.6836562,51.1034148],[71.6836921,51.1034364]]]},"properties":{"name":" ","functional":" ","purpose":"Здание"}},{"type":"Feature","id":"municipal-buildings-78263","geometry":{"type":"Polygon","coordinates":[[[71.6837489,51.1035036],[71.6837223,51.103487],[71.6838079,51.1034325],[71.6839216,51.1035032],[71.683836,51.1035577],[71.6837489,51.1035036]]]},"properties":{"name":" ","functional":" ","purpose":"Здание"}},{"type":"Feature","id":"municipal-buildings-78264","geometry":{"type":"Polygon","coordinates":[[[71.6838333,51.1035561],[71.683804,51.1035747],[71.6837196,51.1035223],[71.6837489,51.1035036],[71.6838333,51.1035561]]]},"properties":{"name":" ","functional":" ","purpose":"Здание"}},{"type":"Feature","id":"municipal-buildings-78265","geometry":{"type":"Polygon","coordinates":[[[71.6836141,51.103465],[71.6836462,51.103484],[71.6835853,51.1035248],[71.6835533,51.1035058],[71.6836141,51.103465]]]},"properties":{"name":" ","functional":" ","purpose":"Здание"}},{"type":"Feature","id":"municipal-buildings-78266","geometry":{"type":"Polygon","coordinates":[[[71.6834086,51.1036467],[71.6834476,51.1036701],[71.6833902,51.103708],[71.6833512,51.1036846],[71.6834086,51.1036467]]]},"properties":{"name":" ","functional":" ","purpose":"Здание"}},{"type":"Feature","id":"municipal-buildings-78267","geometry":{"type":"Polygon","coordinates":[[[71.6841693,51.1033911],[71.6840421,51.1034553],[71.6839401,51.1033753],[71.6840673,51.103311],[71.6841693,51.1033911]]]},"properties":{"name":" ","functional":"Частные дома","purpose":"Частный дом"}},{"type":"Feature","id":"municipal-buildings-78268","geometry":{"type":"Polygon","coordinates":[[[71.6842261,51.1033189],[71.6841242,51.103255],[71.6841872,51.1032177],[71.6842856,51.1032836],[71.6842261,51.1033189]]]},"properties":{"name":" ","functional":" ","purpose":"Здание"}},{"type":"Feature","id":"municipal-buildings-78269","geometry":{"type":"Polygon","coordinates":[[[71.684267,51.1032946],[71.6842886,51.1033149],[71.6842532,51.1033335],[71.6842261,51.1033189],[71.684267,51.1032946]]]},"properties":{"name":" ","functional":" ","purpose":"Здание"}},{"type":"Feature","id":"municipal-buildings-78270","geometry":{"type":"Polygon","coordinates":[[[71.6838981,51.1032233],[71.6839639,51.1032743],[71.6838684,51.1033231],[71.683712,51.103202],[71.6838075,51.1031531],[71.6838981,51.1032233]]]},"properties":{"name":" ","functional":"Частные дома","purpose":"Частный дом"}},{"type":"Feature","id":"municipal-buildings-78271","geometry":{"type":"Polygon","coordinates":[[[71.6836583,51.1033708],[71.6836228,51.1033948],[71.6835759,51.1033673],[71.6836064,51.1033467],[71.6836583,51.1033708]]]},"properties":{"name":" ","functional":" ","purpose":"Здание"}},{"type":"Feature","id":"municipal-buildings-78272","geometry":{"type":"Polygon","coordinates":[[[71.6831565,51.1031784],[71.6830549,51.1032483],[71.6829559,51.1031928],[71.6830562,51.1031219],[71.6831565,51.1031784]]]},"properties":{"name":" ","functional":" ","purpose":"Частный дом"}},{"type":"Feature","id":"municipal-buildings-78273","geometry":{"type":"Polygon","coordinates":[[[71.6831565,51.1031784],[71.6831689,51.1031724],[71.683252,51.1032192],[71.6831391,51.1032955],[71.6830549,51.1032483],[71.6831565,51.1031784]]]},"properties":{"name":" ","functional":" ","purpose":"Здание"}},{"type":"Feature","id":"municipal-buildings-78274","geometry":{"type":"Polygon","coordinates":[[[71.6789216,51.1051801],[71.6789813,51.1052951],[71.6788967,51.1053143],[71.6788337,51.1052006],[71.6789216,51.1051801]]]},"properties":{"name":" ","functional":"Частные дома","purpose":"Здание"}},{"type":"Feature","id":"municipal-buildings-78275","geometry":{"type":"Polygon","coordinates":[[[71.6778669,51.1053222],[71.6778541,51.1053264],[71.6778034,51.105268],[71.6778577,51.1051962],[71.6779443,51.1052942],[71.6778669,51.1053222]]]},"properties":{"name":" ","functional":" ","purpose":"Здание"}},{"type":"Feature","id":"municipal-buildings-78276","geometry":{"type":"Polygon","coordinates":[[[71.6778034,51.105268],[71.6776351,51.1052105],[71.6777098,51.1051347],[71.6778577,51.1051962],[71.6778034,51.105268]]]},"properties":{"name":" ","functional":" ","purpose":"Здание"}},{"type":"Feature","id":"municipal-buildings-78277","geometry":{"type":"Polygon","coordinates":[[[71.6779018,51.1052374],[71.6779915,51.1052134],[71.678131,51.1054077],[71.6780638,51.1054253],[71.6778932,51.1052407],[71.6779018,51.1052374]]]},"properties":{"name":" ","functional":" ","purpose":"Здание"}},{"type":"Feature","id":"municipal-buildings-78278","geometry":{"type":"Polygon","coordinates":[[[71.6780638,51.1054253],[71.6780164,51.1054424],[71.6779907,51.1054142],[71.6779607,51.1054251],[71.6778669,51.1053222],[71.6779443,51.1052942],[71.6780638,51.1054253]]]},"properties":{"name":" ","functional":" ","purpose":"Здание"}},{"type":"Feature","id":"municipal-buildings-78279","geometry":{"type":"Polygon","coordinates":[[[71.6777087,51.1051357],[71.6776359,51.1052098],[71.6775761,51.1051865],[71.6776489,51.1051124],[71.6777087,51.1051357]]]},"properties":{"name":" ","functional":" ","purpose":"Здание"}},{"type":"Feature","id":"municipal-buildings-78280","geometry":{"type":"Polygon","coordinates":[[[71.6786612,51.1052593],[71.6785916,51.1052782],[71.6784595,51.1050857],[71.6785292,51.1050668],[71.6786612,51.1052593]]]},"properties":{"name":" ","functional":" ","purpose":"Частный дом"}},{"type":"Feature","id":"municipal-buildings-78281","geometry":{"type":"Polygon","coordinates":[[[71.678758,51.1054596],[71.6787074,51.1054679],[71.6786936,51.1054323],[71.6787489,51.1054263],[71.678758,51.1054596]]]},"properties":{"name":" ","functional":" ","purpose":"Здание"}},{"type":"Feature","id":"municipal-buildings-78282","geometry":{"type":"Polygon","coordinates":[[[71.6789563,51.1056151],[71.6790455,51.1055907],[71.6790718,51.105633],[71.6789813,51.1056553],[71.6789563,51.1056151]]]},"properties":{"name":" ","functional":" ","purpose":"Здание"}},{"type":"Feature","id":"municipal-buildings-78283","geometry":{"type":"Polygon","coordinates":[[[71.6789759,51.1056467],[71.6788636,51.1056744],[71.6788439,51.1056427],[71.6789563,51.1056151],[71.6789759,51.1056467]]]},"properties":{"name":" ","functional":" ","purpose":"Здание"}},{"type":"Feature","id":"municipal-buildings-78284","geometry":{"type":"Polygon","coordinates":[[[71.6788844,51.1056302],[71.6787815,51.1056485],[71.6787642,51.1056113],[71.6788705,51.1056015],[71.6788844,51.1056302]]]},"properties":{"name":" ","functional":" ","purpose":"Здание"}},{"type":"Feature","id":"municipal-buildings-78285","geometry":{"type":"Polygon","coordinates":[[[71.679047,51.1057698],[71.6790987,51.1057605],[71.6791363,51.1058389],[71.6790826,51.1058485],[71.679047,51.1057698]]]},"properties":{"name":" ","functional":"Частные дома","purpose":"Здание"}},{"type":"Feature","id":"municipal-buildings-78286","geometry":{"type":"Polygon","coordinates":[[[71.6787348,51.1060378],[71.6786479,51.1060765],[71.6786026,51.1060406],[71.6786924,51.1060001],[71.6787348,51.1060378]]]},"properties":{"name":" ","functional":" ","purpose":"Здание"}},{"type":"Feature","id":"municipal-buildings-78287","geometry":{"type":"Polygon","coordinates":[[[71.6783736,51.1059763],[71.6782893,51.1060335],[71.6782257,51.105996],[71.6783123,51.1059402],[71.6783736,51.1059763]]]},"properties":{"name":" ","functional":" ","purpose":"Здание"}},{"type":"Feature","id":"municipal-buildings-78288","geometry":{"type":"Polygon","coordinates":[[[71.6805655,51.1053259],[71.6803552,51.10537],[71.6802996,51.1052649],[71.6805098,51.1052208],[71.6805655,51.1053259]]]},"properties":{"name":" ","functional":"Частные дома","purpose":"Частный дом"}},{"type":"Feature","id":"municipal-buildings-78289","geometry":{"type":"Polygon","coordinates":[[[71.6802987,51.1053548],[71.6803178,51.105392],[71.6801711,51.1054221],[71.6801136,51.1053208],[71.680264,51.105287],[71.6802987,51.1053548]]]},"properties":{"name":" ","functional":"Частные дома","purpose":"Частный дом"}},{"type":"Feature","id":"municipal-buildings-78290","geometry":{"type":"Polygon","coordinates":[[[71.6803501,51.1055302],[71.680272,51.1055431],[71.6802574,51.1055138],[71.6803396,51.1055008],[71.6803501,51.1055302]]]},"properties":{"name":" ","functional":" ","purpose":"Здание"}},{"type":"Feature","id":"municipal-buildings-78291","geometry":{"type":"Polygon","coordinates":[[[71.6803381,51.1054973],[71.6802169,51.1055163],[71.6801996,51.1054759],[71.6803218,51.1054564],[71.6803381,51.1054973]]]},"properties":{"name":" ","functional":" ","purpose":"Здание"}},{"type":"Feature","id":"municipal-buildings-78292","geometry":{"type":"Polygon","coordinates":[[[71.6803266,51.1056197],[71.6802869,51.105625],[71.6802669,51.105565],[71.6803545,51.1055534],[71.6803745,51.1056134],[71.6803266,51.1056197]]]},"properties":{"name":" ","functional":" ","purpose":"Здание"}},{"type":"Feature","id":"municipal-buildings-78293","geometry":{"type":"Polygon","coordinates":[[[71.680365,51.1056598],[71.680288,51.1056709],[71.6802706,51.1056303],[71.6803493,51.1056167],[71.680365,51.1056598]]]},"properties":{"name":" ","functional":" ","purpose":"Здание"}},{"type":"Feature","id":"municipal-buildings-78294","geometry":{"type":"Polygon","coordinates":[[[71.6804253,51.1056106],[71.6803801,51.1056172],[71.6803525,51.1055408],[71.6803983,51.1055343],[71.6804253,51.1056106]]]},"properties":{"name":" ","functional":" ","purpose":"Частный дом"}},{"type":"Feature","id":"municipal-buildings-78295","geometry":{"type":"Polygon","coordinates":[[[71.679588,51.1054721],[71.6795588,51.1053777],[71.6798882,51.1053287],[71.6799277,51.1054376],[71.679588,51.1054721]]]},"properties":{"name":" ","functional":"Частные дома","purpose":"Коттедж"}},{"type":"Feature","id":"municipal-buildings-78296","geometry":{"type":"Polygon","coordinates":[[[71.6806576,51.1054618],[71.6805796,51.1054744],[71.6805343,51.1053548],[71.6806119,51.105343],[71.6806576,51.1054618]]]},"properties":{"name":" ","functional":" ","purpose":"Здание"}},{"type":"Feature","id":"municipal-buildings-78297","geometry":{"type":"Polygon","coordinates":[[[71.6814049,51.1045265],[71.6812922,51.1045445],[71.681231,51.1043933],[71.6813438,51.1043752],[71.6814049,51.1045265]]]},"properties":{"name":" ","functional":" ","purpose":"Здание"}},{"type":"Feature","id":"municipal-buildings-78298","geometry":{"type":"Polygon","coordinates":[[[71.6825893,51.1050573],[71.6824422,51.105079],[71.6824061,51.1049857],[71.6825582,51.1049654],[71.6825893,51.1050573]]]},"properties":{"name":" ","functional":"Частные дома","purpose":"Частный дом"}},{"type":"Feature","id":"municipal-buildings-78299","geometry":{"type":"Polygon","coordinates":[[[71.6825852,51.1049307],[71.6824869,51.1049454],[71.6824663,51.1048912],[71.6825657,51.104877],[71.6825852,51.1049307]]]},"properties":{"name":" ","functional":" ","purpose":"Здание"}},{"type":"Feature","id":"municipal-buildings-78300","geometry":{"type":"Polygon","coordinates":[[[71.6822015,51.1050672],[71.6822161,51.1051124],[71.682062,51.1051321],[71.6820474,51.1050869],[71.6822015,51.1050672]]]},"properties":{"name":" ","functional":" ","purpose":"Здание"}},{"type":"Feature","id":"municipal-buildings-78301","geometry":{"type":"Polygon","coordinates":[[[71.6820643,51.1050847],[71.6820473,51.1050865],[71.6820154,51.1049724],[71.6821685,51.1049588],[71.6822015,51.1050672],[71.6820643,51.1050847]]]},"properties":{"name":" ","functional":"Частные дома","purpose":"Частный дом"}},{"type":"Feature","id":"municipal-buildings-78302","geometry":{"type":"Polygon","coordinates":[[[71.6825101,51.105244],[71.6825023,51.105224],[71.682647,51.1052018],[71.6826619,51.1052404],[71.6826282,51.1052447],[71.6826347,51.1052699],[71.6825272,51.1052884],[71.6825101,51.105244]]]},"properties":{"name":" ","functional":" ","purpose":"Здание"}},{"type":"Feature","id":"municipal-buildings-78303","geometry":{"type":"Polygon","coordinates":[[[71.6825272,51.1052884],[71.6824782,51.1052966],[71.682463,51.1052512],[71.6825101,51.105244],[71.6825272,51.1052884]]]},"properties":{"name":" ","functional":" ","purpose":"Здание"}},{"type":"Feature","id":"municipal-buildings-78304","geometry":{"type":"Polygon","coordinates":[[[71.6827006,51.1054062],[71.6827126,51.1054382],[71.6825682,51.1054494],[71.6825598,51.1054271],[71.6827006,51.1054062]]]},"properties":{"name":" ","functional":" ","purpose":"Здание"}},{"type":"Feature","id":"municipal-buildings-78305","geometry":{"type":"Polygon","coordinates":[[[71.6827006,51.1054062],[71.6825598,51.1054271],[71.6825184,51.1053166],[71.682808,51.1052715],[71.6828193,51.1053008],[71.6828842,51.105292],[71.6829107,51.105375],[71.6827006,51.1054062]]]},"properties":{"name":" ","functional":"Частные дома","purpose":"Частный дом"}},{"type":"Feature","id":"municipal-buildings-78306","geometry":{"type":"Polygon","coordinates":[[[71.6832874,51.1055386],[71.6831445,51.1055586],[71.6830898,51.1054035],[71.6832327,51.1053835],[71.6832874,51.1055386]]]},"properties":{"name":" ","functional":" ","purpose":"Здание"}},{"type":"Feature","id":"municipal-buildings-78307","geometry":{"type":"Polygon","coordinates":[[[71.6833244,51.1052464],[71.6833483,51.1053145],[71.6830672,51.1053535],[71.6830433,51.1052854],[71.6833244,51.1052464]]]},"properties":{"name":" ","functional":"Частные дома","purpose":"Частный дом"}},{"type":"Feature","id":"municipal-buildings-78308","geometry":{"type":"Polygon","coordinates":[[[71.6837568,51.1051852],[71.6838999,51.1051656],[71.6839234,51.1052333],[71.6837769,51.1052534],[71.6837568,51.1051852]]]},"properties":{"name":" ","functional":" ","purpose":"Здание"}},{"type":"Feature","id":"municipal-buildings-78309","geometry":{"type":"Polygon","coordinates":[[[71.6835797,51.1052254],[71.6834855,51.1052501],[71.6835043,51.1052982],[71.6834465,51.1053079],[71.6834051,51.105209],[71.6835648,51.1051846],[71.6835797,51.1052254]]]},"properties":{"name":" ","functional":" ","purpose":"Частный дом"}},{"type":"Feature","id":"municipal-buildings-78310","geometry":{"type":"Polygon","coordinates":[[[71.6837769,51.1052534],[71.6836434,51.1052717],[71.6836103,51.1051762],[71.6837476,51.1051573],[71.6837769,51.1052534]]]},"properties":{"name":" ","functional":"Частные дома","purpose":"Частный дом"}},{"type":"Feature","id":"municipal-buildings-78311","geometry":{"type":"Polygon","coordinates":[[[71.6836377,51.1049578],[71.683664,51.1050178],[71.6835275,51.1050422],[71.6834768,51.1049351],[71.683617,51.1049107],[71.6836377,51.1049578]]]},"properties":{"name":" ","functional":"Частные дома","purpose":"Частный дом"}},{"type":"Feature","id":"municipal-buildings-78312","geometry":{"type":"Polygon","coordinates":[[[71.6838427,51.1047691],[71.6839793,51.1047532],[71.6840036,51.1048361],[71.6838623,51.1048526],[71.6838427,51.1047691]]]},"properties":{"name":" ","functional":"Частные дома","purpose":"Частный дом"}},{"type":"Feature","id":"municipal-buildings-78313","geometry":{"type":"Polygon","coordinates":[[[71.6838623,51.1048526],[71.6838123,51.1048584],[71.6837921,51.1047896],[71.683842,51.1047838],[71.6838623,51.1048526]]]},"properties":{"name":" ","functional":" ","purpose":"Здание"}},{"type":"Feature","id":"municipal-buildings-78314","geometry":{"type":"Polygon","coordinates":[[[71.683842,51.1047838],[71.6838108,51.1047874],[71.6838015,51.1047502],[71.6838359,51.1047459],[71.683842,51.1047838]]]},"properties":{"name":" ","functional":" ","purpose":"Здание"}},{"type":"Feature","id":"municipal-buildings-78315","geometry":{"type":"Polygon","coordinates":[[[71.6840689,51.10507],[71.6839669,51.1050873],[71.6839343,51.1050028],[71.6840301,51.1049881],[71.6840689,51.10507]]]},"properties":{"name":" ","functional":" ","purpose":"Здание"}},{"type":"Feature","id":"municipal-buildings-78316","geometry":{"type":"Polygon","coordinates":[[[71.6845679,51.1051097],[71.6844461,51.1051335],[71.6844241,51.1050888],[71.6845458,51.105065],[71.6845679,51.1051097]]]},"properties":{"name":" ","functional":" ","purpose":"Здание"}},{"type":"Feature","id":"municipal-buildings-78317","geometry":{"type":"Polygon","coordinates":[[[71.6848678,51.1046024],[71.6849142,51.1047684],[71.684726,51.104788],[71.6847021,51.1046882],[71.6848074,51.104678],[71.6847988,51.1046058],[71.6848678,51.1046024]]]},"properties":{"name":" ","functional":" ","purpose":"Частный дом"}},{"type":"Feature","id":"municipal-buildings-78318","geometry":{"type":"Polygon","coordinates":[[[71.6843814,51.1046184],[71.6844157,51.1047127],[71.6843365,51.1047257],[71.6842978,51.1046321],[71.6843814,51.1046184]]]},"properties":{"name":" ","functional":" ","purpose":"Здание"}},{"type":"Feature","id":"municipal-buildings-78319","geometry":{"type":"Polygon","coordinates":[[[71.6805909,51.1063096],[71.6803184,51.1063434],[71.6802877,51.1062456],[71.6805238,51.1062163],[71.6805384,51.1062586],[71.6805734,51.1062538],[71.6805909,51.1063096]]]},"properties":{"name":" ","functional":"Частные дома","purpose":"Частный дом"}},{"type":"Feature","id":"municipal-buildings-78320","geometry":{"type":"Polygon","coordinates":[[[71.6807937,51.1060554],[71.6807734,51.1060106],[71.6808428,51.1060033],[71.6808557,51.1060485],[71.6807937,51.1060554]]]},"properties":{"name":" ","functional":" ","purpose":"Здание"}},{"type":"Feature","id":"municipal-buildings-78321","geometry":{"type":"Polygon","coordinates":[[[71.6808551,51.1060464],[71.6808657,51.106045],[71.6808956,51.1061338],[71.6808233,51.1061434],[71.6807937,51.1060554],[71.6808551,51.1060464]]]},"properties":{"name":" ","functional":" ","purpose":"Здание"}},{"type":"Feature","id":"municipal-buildings-78322","geometry":{"type":"Polygon","coordinates":[[[71.6806227,51.1061657],[71.6806031,51.1061679],[71.6805872,51.1061111],[71.6807054,51.106098],[71.6807213,51.1061548],[71.6806227,51.1061657]]]},"properties":{"name":" ","functional":"Частные дома","purpose":"Частный дом"}},{"type":"Feature","id":"municipal-buildings-78323","geometry":{"type":"Polygon","coordinates":[[[71.6808528,51.1063322],[71.6807754,51.1063398],[71.6807329,51.1061993],[71.6808141,51.1061905],[71.6808528,51.1063322]]]},"properties":{"name":" ","functional":"Административные сооружения","purpose":"Магазин"}},{"type":"Feature","id":"municipal-buildings-78324","geometry":{"type":"Polygon","coordinates":[[[71.6809306,51.1062468],[71.6808848,51.1062527],[71.6808505,51.1061466],[71.6808963,51.1061408],[71.6809306,51.1062468]]]},"properties":{"name":" ","functional":" ","purpose":"Здание"}},{"type":"Feature","id":"municipal-buildings-78325","geometry":{"type":"Polygon","coordinates":[[[71.6801318,51.1063747],[71.6799403,51.1064004],[71.679904,51.1062933],[71.6800633,51.1062719],[71.6800799,51.1063192],[71.6801115,51.1063148],[71.6801318,51.1063747]]]},"properties":{"name":" ","functional":"Частные дома","purpose":"Частный дом"}},{"type":"Feature","id":"municipal-buildings-78326","geometry":{"type":"Polygon","coordinates":[[[71.6797318,51.1064316],[71.6796701,51.1064403],[71.6796304,51.1063289],[71.6797828,51.1063074],[71.6798225,51.1064188],[71.6797318,51.1064316]]]},"properties":{"name":" ","functional":"Частные дома","purpose":"Частный дом"}},{"type":"Feature","id":"municipal-buildings-78327","geometry":{"type":"Polygon","coordinates":[[[71.6798204,51.1064129],[71.6798423,51.1064103],[71.6798727,51.1065103],[71.6797599,51.1065239],[71.6797318,51.1064316],[71.6798204,51.1064129]]]},"properties":{"name":" ","functional":" ","purpose":"Здание"}},{"type":"Feature","id":"municipal-buildings-78328","geometry":{"type":"Polygon","coordinates":[[[71.6794498,51.1064737],[71.6792669,51.1064968],[71.6792426,51.1064293],[71.6794275,51.1064037],[71.6794498,51.1064737]]]},"properties":{"name":" ","functional":" ","purpose":"Здание"}},{"type":"Feature","id":"municipal-buildings-78329","geometry":{"type":"Polygon","coordinates":[[[71.6791979,51.1063478],[71.6792318,51.1064639],[71.6791894,51.1064682],[71.6792012,51.1065143],[71.6791254,51.1065226],[71.679081,51.1063606],[71.6791979,51.1063478]]]},"properties":{"name":" ","functional":"Частные дома","purpose":"Частный дом"}},{"type":"Feature","id":"municipal-buildings-78330","geometry":{"type":"Polygon","coordinates":[[[71.6791979,51.1063478],[71.6791158,51.1063568],[71.6791096,51.1063344],[71.6790748,51.1063382],[71.6790647,51.1062848],[71.6791806,51.1062772],[71.6791979,51.1063478]]]},"properties":{"name":" ","functional":"Частные дома","purpose":"Здание"}},{"type":"Feature","id":"municipal-buildings-78331","geometry":{"type":"Polygon","coordinates":[[[71.68039,51.1065486],[71.6802061,51.1065776],[71.6801749,51.1064984],[71.6803676,51.1064738],[71.68039,51.1065486]]]},"properties":{"name":" ","functional":" ","purpose":"Здание"}},{"type":"Feature","id":"municipal-buildings-78332","geometry":{"type":"Polygon","coordinates":[[[71.6802153,51.106606],[71.6800919,51.1066233],[71.6800774,51.1065821],[71.6802011,51.1065648],[71.6802153,51.106606]]]},"properties":{"name":" ","functional":" ","purpose":"Здание"}},{"type":"Feature","id":"municipal-buildings-78333","geometry":{"type":"Polygon","coordinates":[[[71.6806517,51.1065503],[71.6802153,51.106606],[71.6802061,51.1065776],[71.6806426,51.1065218],[71.6806517,51.1065503]]]},"properties":{"name":" ","functional":" ","purpose":"Здание"}},{"type":"Feature","id":"municipal-buildings-78334","geometry":{"type":"Polygon","coordinates":[[[71.6807769,51.1065828],[71.6808208,51.1065769],[71.6808368,51.1066238],[71.6806956,51.1066428],[71.6806796,51.1065959],[71.6807769,51.1065828]]]},"properties":{"name":" ","functional":" ","purpose":"Здание"}},{"type":"Feature","id":"municipal-buildings-78335","geometry":{"type":"Polygon","coordinates":[[[71.6806806,51.106599],[71.6806506,51.1065468],[71.6807146,51.1065371],[71.6807236,51.1065602],[71.6807679,51.1065546],[71.6807769,51.1065828],[71.6806806,51.106599]]]},"properties":{"name":" ","functional":" ","purpose":"Здание"}},{"type":"Feature","id":"municipal-buildings-78336","geometry":{"type":"Polygon","coordinates":[[[71.6808882,51.1064745],[71.6809069,51.1065195],[71.6807528,51.1065457],[71.680702,51.1064192],[71.680855,51.1063948],[71.6808882,51.1064745]]]},"properties":{"name":" ","functional":" ","purpose":"Магазин"}},{"type":"Feature","id":"municipal-buildings-78337","geometry":{"type":"Polygon","coordinates":[[[71.6815751,51.1063883],[71.6814135,51.1064185],[71.681356,51.1062667],[71.6814733,51.1062491],[71.6815168,51.106364],[71.6815648,51.1063568],[71.6815751,51.1063883]]]},"properties":{"name":" ","functional":"Административные сооружения","purpose":"Магазин"}},{"type":"Feature","id":"municipal-buildings-78338","geometry":{"type":"Polygon","coordinates":[[[71.6817706,51.1064847],[71.6815469,51.1065081],[71.6815193,51.1064164],[71.6817452,51.1063887],[71.6817706,51.1064847]]]},"properties":{"name":" ","functional":"Частные дома","purpose":"Частный дом"}},{"type":"Feature","id":"municipal-buildings-78339","geometry":{"type":"Polygon","coordinates":[[[71.6819202,51.1064295],[71.6818322,51.1064401],[71.6818131,51.1063771],[71.6819011,51.1063666],[71.6819202,51.1064295]]]},"properties":{"name":" ","functional":" ","purpose":"Здание"}},{"type":"Feature","id":"municipal-buildings-78340","geometry":{"type":"Polygon","coordinates":[[[71.6820854,51.1064773],[71.6819775,51.1064908],[71.6819509,51.1064391],[71.6820688,51.1064244],[71.6820854,51.1064773]]]},"properties":{"name":" ","functional":" ","purpose":"Здание"}},{"type":"Feature","id":"municipal-buildings-78341","geometry":{"type":"Polygon","coordinates":[[[71.6817919,51.1060679],[71.6816864,51.1060794],[71.6816816,51.1060622],[71.6816151,51.1060698],[71.6816007,51.1060202],[71.6817728,51.105999],[71.6817919,51.1060679]]]},"properties":{"name":" ","functional":" ","purpose":"Здание"}},{"type":"Feature","id":"municipal-buildings-78342","geometry":{"type":"Polygon","coordinates":[[[71.6817919,51.1060679],[71.681816,51.1061589],[71.6816185,51.1061806],[71.6815948,51.1060919],[71.6817919,51.1060679]]]},"properties":{"name":" ","functional":"Частные дома","purpose":"Частный дом"}},{"type":"Feature","id":"municipal-buildings-78343","geometry":{"type":"Polygon","coordinates":[[[71.6819575,51.1061661],[71.6818779,51.1061697],[71.6818487,51.1060647],[71.6821236,51.1060343],[71.6821542,51.1061444],[71.6819575,51.1061661]]]},"properties":{"name":" ","functional":"Частные дома","purpose":"Частный дом"}},{"type":"Feature","id":"municipal-buildings-78344","geometry":{"type":"Polygon","coordinates":[[[71.6819575,51.1061661],[71.6819921,51.1062921],[71.6819297,51.1062989],[71.6819236,51.1062765],[71.6818776,51.1062828],[71.6818442,51.1061728],[71.6819575,51.1061661]]]},"properties":{"name":" ","functional":"Частные дома","purpose":"Здание"}},{"type":"Feature","id":"municipal-buildings-78345","geometry":{"type":"Polygon","coordinates":[[[71.6825443,51.1060783],[71.682254,51.1061119],[71.6822283,51.1060237],[71.6825185,51.1059901],[71.6825443,51.1060783]]]},"properties":{"name":" ","functional":"Частные дома","purpose":"Частный дом"}},{"type":"Feature","id":"municipal-buildings-78346","geometry":{"type":"Polygon","coordinates":[[[71.6827382,51.1061098],[71.6826822,51.1061171],[71.6826197,51.1059248],[71.6826756,51.1059176],[71.6827382,51.1061098]]]},"properties":{"name":" ","functional":" ","purpose":"Здание"}},{"type":"Feature","id":"municipal-buildings-78347","geometry":{"type":"Polygon","coordinates":[[[71.6826299,51.1063102],[71.6826854,51.1063025],[71.6826974,51.1063369],[71.6826419,51.1063446],[71.6826299,51.1063102]]]},"properties":{"name":" ","functional":" ","purpose":"Здание"}},{"type":"Feature","id":"municipal-buildings-78348","geometry":{"type":"Polygon","coordinates":[[[71.6826419,51.1063446],[71.6825161,51.1063626],[71.6824609,51.1061933],[71.6825821,51.1061777],[71.6826419,51.1063446]]]},"properties":{"name":" ","functional":"Частные дома","purpose":"Частный дом"}},{"type":"Feature","id":"municipal-buildings-78349","geometry":{"type":"Polygon","coordinates":[[[71.6832332,51.1060351],[71.6830414,51.106059],[71.6830038,51.1059396],[71.6831956,51.1059157],[71.6832332,51.1060351]]]},"properties":{"name":" ","functional":" ","purpose":"Частный дом"}},{"type":"Feature","id":"municipal-buildings-78350","geometry":{"type":"Polygon","coordinates":[[[71.683309,51.1060818],[71.683218,51.1060931],[71.6832027,51.1060443],[71.6832937,51.106033],[71.683309,51.1060818]]]},"properties":{"name":" ","functional":" ","purpose":"Здание"}},{"type":"Feature","id":"municipal-buildings-78351","geometry":{"type":"Polygon","coordinates":[[[71.6834228,51.1059989],[71.6832986,51.1060123],[71.6832744,51.1059236],[71.6834218,51.1059076],[71.683446,51.1059964],[71.6834228,51.1059989]]]},"properties":{"name":" ","functional":"Частные дома","purpose":"Частный дом"}},{"type":"Feature","id":"municipal-buildings-78352","geometry":{"type":"Polygon","coordinates":[[[71.6834218,51.1059076],[71.6834919,51.105899],[71.6835187,51.1060259],[71.6834317,51.1060262],[71.6834228,51.1059989],[71.683446,51.1059964],[71.6834218,51.1059076]]]},"properties":{"name":" ","functional":"Частные дома","purpose":"Здание"}},{"type":"Feature","id":"municipal-buildings-78353","geometry":{"type":"Polygon","coordinates":[[[71.6838086,51.1059418],[71.6836853,51.1059534],[71.683663,51.1058598],[71.6838682,51.1058404],[71.6838905,51.105934],[71.6838086,51.1059418]]]},"properties":{"name":" ","functional":"Частные дома","purpose":"Частный дом"}},{"type":"Feature","id":"municipal-buildings-78354","geometry":{"type":"Polygon","coordinates":[[[71.6838905,51.105934],[71.6838974,51.1059631],[71.6838157,51.1059708],[71.6838086,51.1059418],[71.6838905,51.105934]]]},"properties":{"name":" ","functional":"Частные дома","purpose":"Здание"}},{"type":"Feature","id":"municipal-buildings-78355","geometry":{"type":"Polygon","coordinates":[[[71.6843121,51.1058713],[71.6841815,51.1058869],[71.6841528,51.1058003],[71.6842914,51.1057846],[71.6843121,51.1058713]]]},"properties":{"name":" ","functional":"Частные дома","purpose":"Частный дом"}},{"type":"Feature","id":"municipal-buildings-78356","geometry":{"type":"Polygon","coordinates":[[[71.684484,51.1059537],[71.6843631,51.1059684],[71.6843182,51.105807],[71.684435,51.105797],[71.684484,51.1059537]]]},"properties":{"name":" ","functional":" ","purpose":"Здание"}},{"type":"Feature","id":"municipal-buildings-78357","geometry":{"type":"Polygon","coordinates":[[[71.6847792,51.1057401],[71.6847413,51.1057427],[71.6847464,51.1057726],[71.6846592,51.1057788],[71.6846395,51.1056702],[71.6847649,51.1056612],[71.6847792,51.1057401]]]},"properties":{"name":" ","functional":"Частные дома","purpose":"Частный дом"}},{"type":"Feature","id":"municipal-buildings-78358","geometry":{"type":"Polygon","coordinates":[[[71.6848129,51.1058246],[71.684761,51.105829],[71.6847479,51.1057678],[71.6848994,51.1057526],[71.6849165,51.1058158],[71.6848129,51.1058246]]]},"properties":{"name":" ","functional":" ","purpose":"Здание"}},{"type":"Feature","id":"municipal-buildings-78359","geometry":{"type":"Polygon","coordinates":[[[71.6849336,51.1059528],[71.6847721,51.10597],[71.6847484,51.1058822],[71.6848246,51.1058731],[71.6848129,51.1058246],[71.6849165,51.1058158],[71.6849562,51.1059503],[71.6849336,51.1059528]]]},"properties":{"name":" ","functional":"Известный по назначению","purpose":"Хозяйственный корпус"}},{"type":"Feature","id":"municipal-buildings-78360","geometry":{"type":"Polygon","coordinates":[[[71.684948,51.10592],[71.6850842,51.1059052],[71.6851071,51.1059977],[71.6850156,51.1060086],[71.6850208,51.1060323],[71.6849574,51.1060392],[71.6849336,51.1059528],[71.6849562,51.1059503],[71.684948,51.10592]]]},"properties":{"name":" ","functional":" ","purpose":"Здание"}},{"type":"Feature","id":"municipal-buildings-78361","geometry":{"type":"Polygon","coordinates":[[[71.6854316,51.1057468],[71.6853596,51.1057529],[71.6853875,51.1058801],[71.6852322,51.1058936],[71.6851949,51.1057226],[71.6854199,51.1056989],[71.6853885,51.1055551],[71.6855109,51.1055445],[71.6855527,51.1057366],[71.6854316,51.1057468]]]},"properties":{"name":" ","functional":"Частные дома","purpose":"Частный дом"}},{"type":"Feature","id":"municipal-buildings-78362","geometry":{"type":"Polygon","coordinates":[[[71.6859297,51.1058331],[71.6856906,51.1058546],[71.6856511,51.1056806],[71.6858477,51.1056629],[71.6858601,51.1057174],[71.6857763,51.1057249],[71.6857905,51.1057873],[71.6859167,51.1057759],[71.6859297,51.1058331]]]},"properties":{"name":" ","functional":"Частные дома","purpose":"Частный дом"}},{"type":"Feature","id":"municipal-buildings-78363","geometry":{"type":"Polygon","coordinates":[[[71.6854745,51.1058085],[71.6854453,51.105811],[71.6854316,51.1057468],[71.6855469,51.1057371],[71.6855606,51.1058012],[71.6854745,51.1058085]]]},"properties":{"name":" ","functional":"Частные дома","purpose":"Частный дом"}},{"type":"Feature","id":"municipal-buildings-78364","geometry":{"type":"Polygon","coordinates":[[[71.6855522,51.1058019],[71.6855626,51.1058447],[71.6854812,51.1058496],[71.6854745,51.1058085],[71.6855522,51.1058019]]]},"properties":{"name":" ","functional":" ","purpose":"Здание"}},{"type":"Feature","id":"municipal-buildings-78365","geometry":{"type":"Polygon","coordinates":[[[71.6836667,51.1062908],[71.6837024,51.106379],[71.6835352,51.1064058],[71.6834996,51.1063176],[71.6836667,51.1062908]]]},"properties":{"name":" ","functional":" ","purpose":"Здание"}},{"type":"Feature","id":"municipal-buildings-78366","geometry":{"type":"Polygon","coordinates":[[[71.6836667,51.1062908],[71.6834996,51.1063176],[71.6834599,51.1062193],[71.6836377,51.1062045],[71.6836667,51.1062908]]]},"properties":{"name":" ","functional":" ","purpose":"Здание"}},{"type":"Feature","id":"municipal-buildings-78367","geometry":{"type":"Polygon","coordinates":[[[71.6834091,51.1061443],[71.6833247,51.1061543],[71.6833122,51.1061127],[71.6833966,51.1061026],[71.6834091,51.1061443]]]},"properties":{"name":" ","functional":" ","purpose":"Здание"}},{"type":"Feature","id":"municipal-buildings-78368","geometry":{"type":"Polygon","coordinates":[[[71.6824219,51.1062852],[71.6823606,51.1062894],[71.6823542,51.1062673],[71.6822953,51.1062739],[71.6822849,51.106238],[71.6822544,51.1062417],[71.6822408,51.1061967],[71.682315,51.1061878],[71.6823228,51.1062115],[71.6823989,51.1062052],[71.6824219,51.1062852]]]},"properties":{"name":" ","functional":" ","purpose":"Частный дом"}},{"type":"Feature","id":"municipal-buildings-78369","geometry":{"type":"Polygon","coordinates":[[[71.6813783,51.1055846],[71.6812644,51.1056001],[71.6812291,51.1055144],[71.6813419,51.105496],[71.6813783,51.1055846]]]},"properties":{"name":" ","functional":" ","purpose":"Здание"}},{"type":"Feature","id":"municipal-buildings-78370","geometry":{"type":"MultiPolygon","coordinates":[[[[71.6813048,51.1057039],[71.6813113,51.1057028],[71.6813113,51.1057028],[71.6813048,51.1057039]]],[[[71.6813048,51.1057039],[71.681231,51.1057164],[71.6811926,51.1056937],[71.6811223,51.105523],[71.6811349,51.1054832],[71.6812176,51.105478],[71.6813048,51.1057039]]]]},"properties":{"name":" ","functional":"Частные дома","purpose":"Частный дом"}},{"type":"Feature","id":"municipal-buildings-78371","geometry":{"type":"Polygon","coordinates":[[[71.6813431,51.105499],[71.6814445,51.1054824],[71.6814797,51.105568],[71.6813783,51.1055846],[71.6813431,51.105499]]]},"properties":{"name":" ","functional":" ","purpose":"Здание"}},{"type":"Feature","id":"municipal-buildings-78372","geometry":{"type":"Polygon","coordinates":[[[71.6814658,51.1054611],[71.6812693,51.1054848],[71.6812565,51.1054433],[71.6812328,51.1054462],[71.6812005,51.1053399],[71.6814209,51.1053134],[71.6814658,51.1054611]]]},"properties":{"name":" ","functional":"Известный по назначению","purpose":"Строящееся здание"}},{"type":"Feature","id":"municipal-buildings-78373","geometry":{"type":"Polygon","coordinates":[[[71.6818944,51.1054962],[71.6816818,51.1055247],[71.6816555,51.1054466],[71.681868,51.1054182],[71.6818944,51.1054962]]]},"properties":{"name":" ","functional":"Частные дома","purpose":"Частный дом"}},{"type":"Feature","id":"municipal-buildings-78374","geometry":{"type":"MultiPolygon","coordinates":[[[[71.6843507,51.105225],[71.6843551,51.1052349],[71.6843544,51.105235],[71.6843507,51.105225]]],[[[71.6843507,51.105225],[71.6843308,51.1051785],[71.6842786,51.1051861],[71.6843,51.1052443],[71.6841867,51.1052637],[71.6841212,51.1051122],[71.6843728,51.1050691],[71.6844315,51.1052107],[71.6843507,51.105225]]]]},"properties":{"name":" ","functional":"Частные дома","purpose":"Частный дом"}},{"type":"Feature","id":"municipal-buildings-78375","geometry":{"type":"Polygon","coordinates":[[[71.6842744,51.1052679],[71.6842408,51.1052737],[71.6842331,51.1052558],[71.6843,51.1052443],[71.6843077,51.1052622],[71.6842744,51.1052679]]]},"properties":{"name":" ","functional":" ","purpose":"Здание"}},{"type":"Feature","id":"municipal-buildings-78376","geometry":{"type":"Polygon","coordinates":[[[71.6844191,51.1053774],[71.6844009,51.1053795],[71.6844065,51.1054041],[71.6843464,51.1054082],[71.6843249,51.1053424],[71.6844043,51.1053321],[71.6844191,51.1053774]]]},"properties":{"name":" ","functional":" ","purpose":"Здание"}},{"type":"Feature","id":"municipal-buildings-78377","geometry":{"type":"Polygon","coordinates":[[[71.6848152,51.1049939],[71.6849883,51.1049694],[71.6850267,51.1050765],[71.684846,51.1051023],[71.6848152,51.1049939]]]},"properties":{"name":" ","functional":" ","purpose":"Здание"}},{"type":"Feature","id":"municipal-buildings-78378","geometry":{"type":"Polygon","coordinates":[[[71.6848449,51.1050995],[71.6847402,51.1051136],[71.684722,51.1050587],[71.6846894,51.105063],[71.6846727,51.1050127],[71.6848152,51.1049939],[71.6848449,51.1050995]]]},"properties":{"name":" ","functional":"Частные дома","purpose":"Частный дом"}},{"type":"Feature","id":"municipal-buildings-78379","geometry":{"type":"Polygon","coordinates":[[[71.6847706,51.1049265],[71.6847633,51.104906],[71.6848521,51.1048922],[71.6848855,51.1049797],[71.6848129,51.1049904],[71.6847706,51.1049265]]]},"properties":{"name":" ","functional":" ","purpose":"Здание"}},{"type":"Feature","id":"municipal-buildings-78380","geometry":{"type":"Polygon","coordinates":[[[71.6847825,51.1049565],[71.6845659,51.1049895],[71.6845415,51.1049262],[71.6846965,51.1049026],[71.6847112,51.1049349],[71.6847706,51.1049265],[71.6847825,51.1049565]]]},"properties":{"name":" ","functional":" ","purpose":"Здание"}},{"type":"Feature","id":"municipal-buildings-78381","geometry":{"type":"Polygon","coordinates":[[[71.6852846,51.1048762],[71.6853152,51.1048729],[71.6853341,51.1049289],[71.6852776,51.1049365],[71.6852574,51.1048859],[71.6852846,51.1048762]]]},"properties":{"name":" ","functional":" ","purpose":"Здание"}},{"type":"Feature","id":"municipal-buildings-78382","geometry":{"type":"Polygon","coordinates":[[[71.685574,51.1049066],[71.6854323,51.1049196],[71.6854198,51.1048655],[71.6855615,51.1048525],[71.685574,51.1049066]]]},"properties":{"name":" ","functional":"Частные дома","purpose":"Частный дом"}},{"type":"Feature","id":"municipal-buildings-78383","geometry":{"type":"Polygon","coordinates":[[[71.6852647,51.1048177],[71.6854412,51.104794],[71.6854585,51.104845],[71.6852786,51.1048584],[71.6852647,51.1048177]]]},"properties":{"name":" ","functional":" ","purpose":"Здание"}},{"type":"Feature","id":"municipal-buildings-78384","geometry":{"type":"Polygon","coordinates":[[[71.6852574,51.1048859],[71.6851466,51.1049009],[71.6851126,51.1048009],[71.6852527,51.1047821],[71.6852866,51.104882],[71.6852574,51.1048859]]]},"properties":{"name":" ","functional":"Частные дома","purpose":"Частный дом"}},{"type":"Feature","id":"municipal-buildings-78385","geometry":{"type":"Polygon","coordinates":[[[71.6849992,51.1047285],[71.6850259,51.1047981],[71.6849423,51.1048112],[71.6849186,51.1047408],[71.6849675,51.1047333],[71.6849519,51.1046997],[71.6849833,51.104694],[71.6849992,51.1047285]]]},"properties":{"name":" ","functional":" ","purpose":"Здание"}},{"type":"Feature","id":"municipal-buildings-78386","geometry":{"type":"Polygon","coordinates":[[[71.6853338,51.1046233],[71.685349,51.1046682],[71.6850857,51.1047035],[71.6850546,51.1046106],[71.6853186,51.1045783],[71.6853338,51.1046233]]]},"properties":{"name":" ","functional":"Частные дома","purpose":"Частный дом"}},{"type":"Feature","id":"municipal-buildings-78387","geometry":{"type":"Polygon","coordinates":[[[71.6847246,51.1047823],[71.6846065,51.1047935],[71.6845855,51.1047059],[71.6847037,51.1046947],[71.6847246,51.1047823]]]},"properties":{"name":" ","functional":" ","purpose":"Частный дом"}},{"type":"Feature","id":"municipal-buildings-78388","geometry":{"type":"Polygon","coordinates":[[[71.6847996,51.1046087],[71.6847527,51.1046131],[71.6847383,51.1045519],[71.6848743,51.1045393],[71.6848886,51.1046005],[71.6847996,51.1046087]]]},"properties":{"name":" ","functional":" ","purpose":"Здание"}},{"type":"Feature","id":"municipal-buildings-78389","geometry":{"type":"Polygon","coordinates":[[[71.6857453,51.10458],[71.6857226,51.104488],[71.6858742,51.1044727],[71.6859155,51.1046352],[71.6857625,51.10465],[71.6857453,51.10458]]]},"properties":{"name":" ","functional":"Частные дома","purpose":"Частный дом"}},{"type":"Feature","id":"municipal-buildings-78390","geometry":{"type":"Polygon","coordinates":[[[71.6855721,51.1047766],[71.6855538,51.104671],[71.68569,51.1046645],[71.6857026,51.1047704],[71.6855721,51.1047766]]]},"properties":{"name":" ","functional":" ","purpose":"Здание"}},{"type":"Feature","id":"municipal-buildings-78391","geometry":{"type":"Polygon","coordinates":[[[71.6860179,51.1047507],[71.6855866,51.1048144],[71.6855721,51.1047766],[71.6857026,51.1047704],[71.6857013,51.1047594],[71.6860883,51.1046965],[71.6861042,51.104738],[71.6860179,51.1047507]]]},"properties":{"name":" ","functional":" ","purpose":"Здание"}},{"type":"Feature","id":"municipal-buildings-78392","geometry":{"type":"Polygon","coordinates":[[[71.6860179,51.1047507],[71.6860356,51.1047989],[71.6856049,51.1048631],[71.6855866,51.1048144],[71.6860179,51.1047507]]]},"properties":{"name":" ","functional":" ","purpose":"Здание"}},{"type":"Feature","id":"municipal-buildings-78393","geometry":{"type":"Polygon","coordinates":[[[71.685867,51.1049751],[71.6859298,51.1051205],[71.6857428,51.1051513],[71.6856773,51.1049991],[71.685867,51.1049751]]]},"properties":{"name":" ","functional":" ","purpose":"Здание"}},{"type":"Feature","id":"municipal-buildings-78394","geometry":{"type":"Polygon","coordinates":[[[71.6852994,51.1062266],[71.6852897,51.1062275],[71.6852676,51.1061288],[71.6853292,51.1061238],[71.6853152,51.1060554],[71.6854098,51.106047],[71.6854471,51.1062135],[71.6852994,51.1062266]]]},"properties":{"name":" ","functional":"Частные дома","purpose":"Частный дом"}},{"type":"Feature","id":"municipal-buildings-78395","geometry":{"type":"Polygon","coordinates":[[[71.6853622,51.106221],[71.6853761,51.1062829],[71.6853132,51.1062885],[71.6852994,51.1062266],[71.6853622,51.106221]]]},"properties":{"name":" ","functional":" ","purpose":"Здание"}},{"type":"Feature","id":"municipal-buildings-78396","geometry":{"type":"Polygon","coordinates":[[[71.68518,51.1063007],[71.6850791,51.1063087],[71.6850683,51.1062317],[71.6851623,51.1062127],[71.68518,51.1063007]]]},"properties":{"name":" ","functional":" ","purpose":"Здание"}},{"type":"Feature","id":"municipal-buildings-78397","geometry":{"type":"Polygon","coordinates":[[[71.6852387,51.1062972],[71.6852008,51.1062996],[71.6851908,51.1062658],[71.6852283,51.1062614],[71.6852387,51.1062972]]]},"properties":{"name":" ","functional":" ","purpose":"Здание"}},{"type":"Feature","id":"municipal-buildings-78398","geometry":{"type":"Polygon","coordinates":[[[71.6852039,51.1061799],[71.6851614,51.1061819],[71.6851542,51.1061412],[71.6851955,51.1061383],[71.6852039,51.1061799]]]},"properties":{"name":" ","functional":" ","purpose":"Здание"}},{"type":"Feature","id":"municipal-buildings-78399","geometry":{"type":"Polygon","coordinates":[[[71.685767,51.1059874],[71.6857517,51.1059311],[71.6859078,51.1059173],[71.6859205,51.1059737],[71.685767,51.1059874]]]},"properties":{"name":" ","functional":" ","purpose":"Здание"}},{"type":"Feature","id":"municipal-buildings-78400","geometry":{"type":"Polygon","coordinates":[[[71.6856435,51.1059598],[71.6855862,51.1059647],[71.6855744,51.10591],[71.685661,51.1059026],[71.6856729,51.1059573],[71.6856435,51.1059598]]]},"properties":{"name":" ","functional":" ","purpose":"Здание"}},{"type":"Feature","id":"municipal-buildings-78401","geometry":{"type":"Polygon","coordinates":[[[71.6857781,51.1061278],[71.6857892,51.1061884],[71.6856912,51.1061955],[71.68568,51.1061349],[71.6857781,51.1061278]]]},"properties":{"name":" ","functional":" ","purpose":"Здание"}},{"type":"Feature","id":"municipal-buildings-78402","geometry":{"type":"Polygon","coordinates":[[[71.6857781,51.1061278],[71.6856903,51.1061292],[71.6856435,51.1059598],[71.6857551,51.1059465],[71.6857891,51.1060739],[71.6857684,51.1060759],[71.6857781,51.1061278]]]},"properties":{"name":" ","functional":"Частные дома","purpose":"Частный дом"}},{"type":"Feature","id":"municipal-buildings-78403","geometry":{"type":"Polygon","coordinates":[[[71.6849204,51.1060903],[71.6849165,51.1060771],[71.6849755,51.1060703],[71.6849781,51.1060834],[71.6850392,51.1060786],[71.6850613,51.1061693],[71.6849458,51.1061779],[71.6849204,51.1060903]]]},"properties":{"name":" ","functional":" ","purpose":"Здание"}},{"type":"Feature","id":"municipal-buildings-78404","geometry":{"type":"Polygon","coordinates":[[[71.6849303,51.1061246],[71.6848077,51.1061401],[71.6847946,51.106099],[71.6849204,51.1060903],[71.6849303,51.1061246]]]},"properties":{"name":" ","functional":" ","purpose":"Здание"}},{"type":"Feature","id":"municipal-buildings-78405","geometry":{"type":"Polygon","coordinates":[[[71.6840106,51.1062582],[71.6838778,51.1062729],[71.6838568,51.1061973],[71.6839896,51.1061826],[71.6840106,51.1062582]]]},"properties":{"name":" ","functional":" ","purpose":"Здание"}},{"type":"Feature","id":"municipal-buildings-78406","geometry":{"type":"Polygon","coordinates":[[[71.6838389,51.1066909],[71.68374,51.1067141],[71.6836826,51.1066171],[71.68379,51.1065909],[71.6838389,51.1066909]]]},"properties":{"name":" ","functional":" ","purpose":"Здание"}},{"type":"Feature","id":"municipal-buildings-78407","geometry":{"type":"Polygon","coordinates":[[[71.6843571,51.1068662],[71.6842527,51.1068881],[71.6842027,51.1067941],[71.6843071,51.1067721],[71.6843571,51.1068662]]]},"properties":{"name":" ","functional":" ","purpose":"Здание"}},{"type":"Feature","id":"municipal-buildings-78408","geometry":{"type":"Polygon","coordinates":[[[71.6845749,51.1067889],[71.684505,51.1068024],[71.6844888,51.1067692],[71.684508,51.1067655],[71.6844888,51.1067262],[71.6844653,51.1067308],[71.6844466,51.1066928],[71.6845552,51.1066717],[71.6845738,51.1067096],[71.6845393,51.1067163],[71.6845749,51.1067889]]]},"properties":{"name":" ","functional":" ","purpose":"Здание"}},{"type":"Feature","id":"municipal-buildings-78409","geometry":{"type":"Polygon","coordinates":[[[71.6847683,51.1068661],[71.6846471,51.1069029],[71.6846197,51.1068672],[71.6847409,51.1068303],[71.6847683,51.1068661]]]},"properties":{"name":" ","functional":" ","purpose":"Здание"}},{"type":"Feature","id":"municipal-buildings-78410","geometry":{"type":"Polygon","coordinates":[[[71.6849887,51.1066074],[71.684928,51.1066284],[71.68488,51.1065736],[71.6849408,51.1065525],[71.6849887,51.1066074]]]},"properties":{"name":" ","functional":" ","purpose":"Здание"}},{"type":"Feature","id":"municipal-buildings-78411","geometry":{"type":"Polygon","coordinates":[[[71.6853364,51.1070952],[71.6852299,51.1071454],[71.685114,51.1070478],[71.6852206,51.1069977],[71.6853364,51.1070952]]]},"properties":{"name":" ","functional":" ","purpose":"Частный дом"}},{"type":"Feature","id":"municipal-buildings-78412","geometry":{"type":"Polygon","coordinates":[[[71.6853737,51.1070477],[71.685286,51.1069705],[71.6854344,51.1069008],[71.6855319,51.1069831],[71.6853737,51.1070477]]]},"properties":{"name":" ","functional":"Частные дома","purpose":"Частный дом"}},{"type":"Feature","id":"municipal-buildings-78413","geometry":{"type":"Polygon","coordinates":[[[71.6857507,51.1071282],[71.6856589,51.1071698],[71.6855044,51.1070379],[71.6855994,51.1069952],[71.6857507,51.1071282]]]},"properties":{"name":" ","functional":" ","purpose":"Здание"}},{"type":"Feature","id":"municipal-buildings-78414","geometry":{"type":"Polygon","coordinates":[[[71.6850335,51.1072313],[71.6849339,51.1072756],[71.6848305,51.1071865],[71.6850323,51.1070911],[71.6851076,51.107154],[71.6851309,51.107143],[71.6851878,51.1071939],[71.6850612,51.1072529],[71.6850335,51.1072313]]]},"properties":{"name":" ","functional":"Частные дома","purpose":"Частный дом"}},{"type":"Feature","id":"municipal-buildings-78415","geometry":{"type":"Polygon","coordinates":[[[71.6850513,51.1073634],[71.6851119,51.1074192],[71.6850256,51.107459],[71.6848595,51.1073262],[71.6849314,51.1072906],[71.6849494,51.1073057],[71.6849753,51.1072934],[71.6850513,51.1073634]]]},"properties":{"name":" ","functional":" ","purpose":"Здание"}},{"type":"Feature","id":"municipal-buildings-78416","geometry":{"type":"Polygon","coordinates":[[[71.684572,51.1074551],[71.6844491,51.1074845],[71.6844315,51.1074556],[71.6844905,51.1074414],[71.6844687,51.1074055],[71.6843881,51.1074249],[71.6843259,51.1073222],[71.6844729,51.1072869],[71.684572,51.1074551]]]},"properties":{"name":" ","functional":"Частные дома","purpose":"Частный дом"}},{"type":"Feature","id":"municipal-buildings-78417","geometry":{"type":"Polygon","coordinates":[[[71.6837934,51.1075628],[71.6836657,51.1075918],[71.6836065,51.1074884],[71.6837341,51.1074594],[71.6837934,51.1075628]]]},"properties":{"name":" ","functional":"Частные дома","purpose":"Частный дом"}},{"type":"Feature","id":"municipal-buildings-78418","geometry":{"type":"Polygon","coordinates":[[[71.6842323,51.1074292],[71.6842355,51.1074664],[71.6840602,51.1075091],[71.6839943,51.1074006],[71.6841874,51.1073526],[71.6842323,51.1074292]]]},"properties":{"name":" ","functional":"Частные дома","purpose":"Частный дом"}},{"type":"Feature","id":"municipal-buildings-78419","geometry":{"type":"Polygon","coordinates":[[[71.6835787,51.1075942],[71.6834957,51.1076161],[71.6834361,51.1075257],[71.683522,51.1075043],[71.6835787,51.1075942]]]},"properties":{"name":" ","functional":" ","purpose":"Частный дом"}},{"type":"Feature","id":"municipal-buildings-78420","geometry":{"type":"Polygon","coordinates":[[[71.6831776,51.1075823],[71.6832986,51.1075554],[71.6833614,51.1076671],[71.6832278,51.1076968],[71.6832159,51.107677],[71.6832308,51.1076731],[71.6831776,51.1075823]]]},"properties":{"name":" ","functional":"Частные дома","purpose":"Частный дом"}},{"type":"Feature","id":"municipal-buildings-78421","geometry":{"type":"Polygon","coordinates":[[[71.683547,51.1077131],[71.6834088,51.1077488],[71.6833672,51.1076776],[71.6835077,51.1076529],[71.683547,51.1077131]]]},"properties":{"name":" ","functional":" ","purpose":"Здание"}},{"type":"Feature","id":"municipal-buildings-78422","geometry":{"type":"Polygon","coordinates":[[[71.6837308,51.1077552],[71.6834589,51.1078186],[71.6834297,51.1077691],[71.6835872,51.1077323],[71.6835726,51.1077098],[71.6836825,51.1076808],[71.6837308,51.1077552]]]},"properties":{"name":" ","functional":" ","purpose":"Здание"}},{"type":"Feature","id":"municipal-buildings-78423","geometry":{"type":"Polygon","coordinates":[[[71.6840225,51.107873],[71.6838846,51.1079088],[71.6838113,51.1077966],[71.6839492,51.1077609],[71.6840225,51.107873]]]},"properties":{"name":" ","functional":"Частные дома","purpose":"Частный дом"}},{"type":"Feature","id":"municipal-buildings-78424","geometry":{"type":"Polygon","coordinates":[[[71.6842301,51.1080562],[71.6841249,51.108086],[71.6840492,51.1079802],[71.6841544,51.1079504],[71.6842301,51.1080562]]]},"properties":{"name":" ","functional":" ","purpose":"Здание"}},{"type":"Feature","id":"municipal-buildings-78425","geometry":{"type":"Polygon","coordinates":[[[71.6837386,51.1080853],[71.6835945,51.1081183],[71.6835424,51.1080282],[71.6836866,51.1079952],[71.6837386,51.1080853]]]},"properties":{"name":" ","functional":"Частные дома","purpose":"Частный дом"}},{"type":"Feature","id":"municipal-buildings-78426","geometry":{"type":"Polygon","coordinates":[[[71.6834199,51.1082939],[71.6833127,51.108313],[71.6832877,51.1082576],[71.6833949,51.1082384],[71.6834199,51.1082939]]]},"properties":{"name":" ","functional":" ","purpose":"Здание"}},{"type":"Feature","id":"municipal-buildings-78427","geometry":{"type":"Polygon","coordinates":[[[71.683444,51.1082276],[71.6833954,51.1082369],[71.683382,51.1082089],[71.6834306,51.1081997],[71.683444,51.1082276]]]},"properties":{"name":" ","functional":" ","purpose":"Здание"}},{"type":"Feature","id":"municipal-buildings-78428","geometry":{"type":"Polygon","coordinates":[[[71.681204,51.1079659],[71.680922,51.1080084],[71.6808997,51.1079493],[71.6809844,51.1079366],[71.680971,51.1079012],[71.681054,51.10789],[71.6810583,51.1079044],[71.6811732,51.1078864],[71.681204,51.1079659]]]},"properties":{"name":" ","functional":"Частные дома","purpose":"Частный дом"}},{"type":"Feature","id":"municipal-buildings-78429","geometry":{"type":"Polygon","coordinates":[[[71.6813027,51.1081283],[71.6812032,51.1081439],[71.6811837,51.1081036],[71.6810889,51.1081187],[71.6810538,51.1080315],[71.6812308,51.1080032],[71.6812403,51.1080278],[71.6812641,51.1080241],[71.6813027,51.1081283]]]},"properties":{"name":" ","functional":"Частные дома","purpose":"Частный дом"}},{"type":"Feature","id":"municipal-buildings-78430","geometry":{"type":"Polygon","coordinates":[[[71.6814534,51.108388],[71.6812249,51.1084245],[71.6811542,51.1082492],[71.6811951,51.1082427],[71.681175,51.1081928],[71.6812495,51.1081802],[71.6812553,51.1081963],[71.6812967,51.1081914],[71.6813141,51.1082253],[71.6813359,51.1082237],[71.6813571,51.1082793],[71.6813362,51.1082829],[71.6813525,51.1083268],[71.6814254,51.108316],[71.6814534,51.108388]]]},"properties":{"name":" ","functional":"Частные дома","purpose":"Частный дом"}},{"type":"Feature","id":"municipal-buildings-78431","geometry":{"type":"Polygon","coordinates":[[[71.6806906,51.108341],[71.6806224,51.1083526],[71.6805787,51.1082462],[71.6806441,51.1082356],[71.6806906,51.108341]]]},"properties":{"name":" ","functional":" ","purpose":"Здание"}},{"type":"Feature","id":"municipal-buildings-78432","geometry":{"type":"Polygon","coordinates":[[[71.6797742,51.1072918],[71.6796578,51.1073147],[71.6796249,51.1072482],[71.6797435,51.1072249],[71.6797742,51.1072918]]]},"properties":{"name":" ","functional":" ","purpose":"Здание"}},{"type":"Feature","id":"municipal-buildings-78433","geometry":{"type":"Polygon","coordinates":[[[71.6798481,51.1074385],[71.6797075,51.1074603],[71.6796707,51.1073926],[71.6798113,51.1073675],[71.6798481,51.1074385]]]},"properties":{"name":" ","functional":" ","purpose":"Здание"}},{"type":"Feature","id":"municipal-buildings-78434","geometry":{"type":"Polygon","coordinates":[[[71.6799009,51.1075465],[71.679737,51.1075785],[71.6796856,51.1074743],[71.6798495,51.1074422],[71.6799009,51.1075465]]]},"properties":{"name":" ","functional":"Частные дома","purpose":"Частный дом"}},{"type":"Feature","id":"municipal-buildings-78435","geometry":{"type":"Polygon","coordinates":[[[71.6795207,51.1074679],[71.6794099,51.1074928],[71.6794252,51.1075251],[71.6792738,51.1075508],[71.6792574,51.1075122],[71.6792891,51.1075069],[71.6792654,51.1074678],[71.6793248,51.1074535],[71.6792993,51.1074049],[71.6793114,51.1074019],[71.6792975,51.1073687],[71.6794536,51.1073354],[71.6795207,51.1074679]]]},"properties":{"name":" ","functional":"Частные дома","purpose":"Частный дом"}},{"type":"Feature","id":"municipal-buildings-78436","geometry":{"type":"Polygon","coordinates":[[[71.6796064,51.1075281],[71.6795295,51.107542],[71.6795118,51.107503],[71.6795886,51.1074891],[71.6796064,51.1075281]]]},"properties":{"name":" ","functional":" ","purpose":"Частный дом"}},{"type":"Feature","id":"municipal-buildings-78437","geometry":{"type":"Polygon","coordinates":[[[71.6800187,51.1076136],[71.6798395,51.1076446],[71.6798226,51.1076081],[71.6800002,51.1075761],[71.6800187,51.1076136]]]},"properties":{"name":" ","functional":" ","purpose":"Здание"}},{"type":"Feature","id":"municipal-buildings-78438","geometry":{"type":"Polygon","coordinates":[[[71.6797761,51.1078433],[71.679555,51.1078843],[71.6795044,51.1077761],[71.679425,51.1077925],[71.6793962,51.107723],[71.6795484,51.1076939],[71.6795713,51.1077392],[71.6796007,51.1077334],[71.6796095,51.1077504],[71.6797182,51.1077309],[71.6797761,51.1078433]]]},"properties":{"name":" ","functional":"Частные дома","purpose":"Частный дом"}},{"type":"Feature","id":"municipal-buildings-78439","geometry":{"type":"Polygon","coordinates":[[[71.6800314,51.1078323],[71.6799387,51.1078491],[71.6799008,51.1077658],[71.6798323,51.1077763],[71.6798058,51.1077143],[71.679782,51.1077184],[71.6797584,51.1076664],[71.6799413,51.1076345],[71.6800314,51.1078323]]]},"properties":{"name":" ","functional":" ","purpose":"Здание"}},{"type":"Feature","id":"municipal-buildings-78440","geometry":{"type":"Polygon","coordinates":[[[71.6796974,51.1071992],[71.6795257,51.1072285],[71.6794682,51.1070945],[71.679571,51.107077],[71.6795815,51.1070984],[71.6796477,51.107089],[71.6796974,51.1071992]]]},"properties":{"name":" ","functional":"Частные дома","purpose":"Частный дом"}},{"type":"Feature","id":"municipal-buildings-78441","geometry":{"type":"Polygon","coordinates":[[[71.6799413,51.1083963],[71.6799564,51.108428],[71.6797337,51.1084712],[71.6796646,51.1083297],[71.6798481,51.1083001],[71.6798935,51.1083845],[71.6799327,51.1083783],[71.6799413,51.1083963]]]},"properties":{"name":" ","functional":"Частные дома","purpose":"Коттедж"}},{"type":"Feature","id":"municipal-buildings-78442","geometry":{"type":"Polygon","coordinates":[[[71.6801563,51.1083045],[71.6800315,51.108332],[71.6799935,51.1082641],[71.6801186,51.1082366],[71.6801563,51.1083045]]]},"properties":{"name":" ","functional":" ","purpose":"Частный дом"}},{"type":"Feature","id":"municipal-buildings-78443","geometry":{"type":"Polygon","coordinates":[[[71.6784105,51.1085148],[71.6780811,51.1085189],[71.6780832,51.1084151],[71.6782359,51.1084132],[71.6782369,51.1084558],[71.6783914,51.1084544],[71.6783933,51.1084745],[71.6784101,51.1084745],[71.6784105,51.1085148]]]},"properties":{"name":" ","functional":" ","purpose":"Здание"}},{"type":"Feature","id":"municipal-buildings-78444","geometry":{"type":"Polygon","coordinates":[[[71.6783536,51.108276],[71.6783462,51.1081725],[71.6784718,51.108169],[71.6784867,51.1083472],[71.6783587,51.1083474],[71.6783536,51.108276]]]},"properties":{"name":" ","functional":" ","purpose":"Частный дом"}},{"type":"Feature","id":"municipal-buildings-78445","geometry":{"type":"Polygon","coordinates":[[[71.6787354,51.1082346],[71.6787327,51.1083231],[71.6787571,51.1083234],[71.678757,51.108383],[71.6785272,51.1083819],[71.6785271,51.1083218],[71.6786067,51.1083211],[71.678612,51.1082305],[71.6785361,51.1082287],[71.6785409,51.1081661],[71.6787573,51.1081717],[71.6787572,51.1082335],[71.6787354,51.1082346]]]},"properties":{"name":" ","functional":"Частные дома","purpose":"Частный дом"}},{"type":"Feature","id":"municipal-buildings-78446","geometry":{"type":"Polygon","coordinates":[[[71.6788491,51.1081615],[71.6787509,51.1081627],[71.6787493,51.108109],[71.6788475,51.1081079],[71.6788491,51.1081615]]]},"properties":{"name":" ","functional":" ","purpose":"Здание"}},{"type":"Feature","id":"municipal-buildings-78447","geometry":{"type":"Polygon","coordinates":[[[71.6782545,51.1080304],[71.6780811,51.1080418],[71.6780795,51.1080039],[71.6782524,51.1079831],[71.6782545,51.1080304]]]},"properties":{"name":" ","functional":" ","purpose":"Здание"}},{"type":"Feature","id":"municipal-buildings-78448","geometry":{"type":"Polygon","coordinates":[[[71.6783672,51.1080128],[71.6783062,51.1080138],[71.6783044,51.1079732],[71.6783654,51.1079721],[71.6783672,51.1080128]]]},"properties":{"name":" ","functional":" ","purpose":"Здание"}},{"type":"Feature","id":"municipal-buildings-78449","geometry":{"type":"Polygon","coordinates":[[[71.6781487,51.1079677],[71.6779985,51.1079716],[71.6779949,51.1079175],[71.6781452,51.1079135],[71.6781487,51.1079677]]]},"properties":{"name":" ","functional":" ","purpose":"Здание"}},{"type":"Feature","id":"municipal-buildings-78450","geometry":{"type":"Polygon","coordinates":[[[71.6782999,51.1077721],[71.6780897,51.1078056],[71.6780706,51.1077247],[71.6782839,51.1077043],[71.6782999,51.1077721]]]},"properties":{"name":" ","functional":" ","purpose":"Частный дом"}},{"type":"Feature","id":"municipal-buildings-78451","geometry":{"type":"Polygon","coordinates":[[[71.6784495,51.1076835],[71.6782628,51.1076851],[71.6782548,51.1076179],[71.6784449,51.1076203],[71.6784495,51.1076835]]]},"properties":{"name":" ","functional":"Частные дома","purpose":"Частный дом"}},{"type":"Feature","id":"municipal-buildings-78452","geometry":{"type":"Polygon","coordinates":[[[71.6783691,51.1074688],[71.6783241,51.107471],[71.6783223,51.1075024],[71.6781341,51.1075066],[71.6781261,51.1074015],[71.6783677,51.107397],[71.6783691,51.1074688]]]},"properties":{"name":" ","functional":"Известный по назначению","purpose":"Строящееся здание"}},{"type":"Feature","id":"municipal-buildings-78453","geometry":{"type":"Polygon","coordinates":[[[71.6781976,51.1068166],[71.6781903,51.1069091],[71.6780907,51.106906],[71.6780981,51.1068135],[71.6781976,51.1068166]]]},"properties":{"name":" ","functional":"Частные дома","purpose":"Частный дом"}},{"type":"Feature","id":"municipal-buildings-78454","geometry":{"type":"Polygon","coordinates":[[[71.6780697,51.1069284],[71.6780677,51.10695],[71.6780363,51.1069489],[71.6780382,51.1069273],[71.6780697,51.1069284]]]},"properties":{"name":" ","functional":" ","purpose":"Здание"}},{"type":"Feature","id":"municipal-buildings-78455","geometry":{"type":"Polygon","coordinates":[[[71.6783873,51.1066546],[71.6783671,51.1067602],[71.6781996,51.1067487],[71.6782198,51.106641],[71.6783873,51.1066546]]]},"properties":{"name":" ","functional":"Частные дома","purpose":"Частный дом"}},{"type":"Feature","id":"municipal-buildings-78456","geometry":{"type":"Polygon","coordinates":[[[71.6784826,51.1067693],[71.6784767,51.1068146],[71.6783885,51.1068101],[71.6783943,51.1067648],[71.6784826,51.1067693]]]},"properties":{"name":" ","functional":" ","purpose":"Здание"}},{"type":"Feature","id":"municipal-buildings-78457","geometry":{"type":"Polygon","coordinates":[[[71.6781068,51.1067991],[71.6779063,51.1067799],[71.6779216,51.1067268],[71.6781211,51.1067497],[71.6781068,51.1067991]]]},"properties":{"name":" ","functional":" ","purpose":"Частный дом"}},{"type":"Feature","id":"municipal-buildings-78458","geometry":{"type":"Polygon","coordinates":[[[71.6778366,51.1067105],[71.6778242,51.1067489],[71.6776769,51.10673],[71.6776893,51.1066917],[71.6778366,51.1067105]]]},"properties":{"name":" ","functional":" ","purpose":"Здание"}},{"type":"Feature","id":"municipal-buildings-78459","geometry":{"type":"Polygon","coordinates":[[[71.6781427,51.1063481],[71.6781308,51.1063764],[71.6780676,51.1063658],[71.6780796,51.1063375],[71.6781427,51.1063481]]]},"properties":{"name":" ","functional":" ","purpose":"Здание"}},{"type":"Feature","id":"municipal-buildings-78460","geometry":{"type":"Polygon","coordinates":[[[71.6802093,51.1069282],[71.6801239,51.1069412],[71.6800984,51.1068803],[71.6801826,51.1068655],[71.6802093,51.1069282]]]},"properties":{"name":" ","functional":" ","purpose":"Здание"}},{"type":"Feature","id":"municipal-buildings-78461","geometry":{"type":"Polygon","coordinates":[[[71.6804567,51.1068665],[71.6803633,51.1068802],[71.6803479,51.106839],[71.6804413,51.1068252],[71.6804567,51.1068665]]]},"properties":{"name":" ","functional":" ","purpose":"Административное здание"}},{"type":"Feature","id":"municipal-buildings-78462","geometry":{"type":"Polygon","coordinates":[[[71.6803585,51.1070203],[71.6802701,51.1070372],[71.6802465,51.1069882],[71.6803349,51.1069714],[71.6803585,51.1070203]]]},"properties":{"name":" ","functional":" ","purpose":"Здание"}},{"type":"Feature","id":"municipal-buildings-78463","geometry":{"type":"Polygon","coordinates":[[[71.6803119,51.1069719],[71.6802605,51.1069803],[71.6802535,51.1069635],[71.680305,51.1069551],[71.6803119,51.1069719]]]},"properties":{"name":" ","functional":" ","purpose":"Здание"}},{"type":"Feature","id":"municipal-buildings-78464","geometry":{"type":"Polygon","coordinates":[[[71.6809415,51.1046504],[71.6808228,51.1046638],[71.6808065,51.1046066],[71.6809251,51.1045932],[71.6809415,51.1046504]]]},"properties":{"name":" ","functional":" ","purpose":"Здание"}},{"type":"Feature","id":"municipal-buildings-78465","geometry":{"type":"Polygon","coordinates":[[[71.6808883,51.1045861],[71.6808012,51.104597],[71.6807725,51.104506],[71.6808596,51.1044951],[71.6808883,51.1045861]]]},"properties":{"name":" ","functional":" ","purpose":"Здание"}},{"type":"Feature","id":"municipal-buildings-78466","geometry":{"type":"Polygon","coordinates":[[[71.6812338,51.1047387],[71.681168,51.1047467],[71.6811449,51.1046709],[71.6812101,51.1046609],[71.6812338,51.1047387]]]},"properties":{"name":" ","functional":"Частные дома","purpose":"Здание"}},{"type":"Feature","id":"municipal-buildings-78467","geometry":{"type":"Polygon","coordinates":[[[71.6806477,51.104896],[71.6805565,51.1049116],[71.6804935,51.1047457],[71.6805767,51.1047289],[71.6806477,51.104896]]]},"properties":{"name":" ","functional":"Известный по назначению","purpose":"Хозяйственный корпус"}},{"type":"Feature","id":"municipal-buildings-78468","geometry":{"type":"Polygon","coordinates":[[[71.6799358,51.1044389],[71.6798466,51.1044553],[71.6798286,51.1044168],[71.6797476,51.1044314],[71.6797292,51.1043881],[71.6797496,51.1043843],[71.6797261,51.1043338],[71.6799044,51.1043071],[71.6799578,51.1043897],[71.6799178,51.1044003],[71.6799358,51.1044389]]]},"properties":{"name":" ","functional":"Частные дома","purpose":"Частный дом"}},{"type":"Feature","id":"municipal-buildings-78469","geometry":{"type":"Polygon","coordinates":[[[71.6798598,51.1037461],[71.6798195,51.1037586],[71.6797982,51.1037313],[71.6798385,51.1037188],[71.6798598,51.1037461]]]},"properties":{"name":" ","functional":" ","purpose":"Здание"}},{"type":"Feature","id":"municipal-buildings-78470","geometry":{"type":"Polygon","coordinates":[[[71.6800068,51.1038012],[71.6799682,51.1038174],[71.6799339,51.1037829],[71.6799751,51.1037676],[71.6800068,51.1038012]]]},"properties":{"name":" ","functional":" ","purpose":"Здание"}},{"type":"Feature","id":"municipal-buildings-78471","geometry":{"type":"Polygon","coordinates":[[[71.6813681,51.1033739],[71.6813132,51.1034001],[71.6812578,51.1033452],[71.6813158,51.103322],[71.6813681,51.1033739]]]},"properties":{"name":" ","functional":" ","purpose":"Здание"}},{"type":"Feature","id":"municipal-buildings-78472","geometry":{"type":"Polygon","coordinates":[[[71.6813628,51.1032745],[71.6813717,51.1032852],[71.6813308,51.1033015],[71.6812978,51.1032719],[71.6813364,51.1032563],[71.6813628,51.1032745]]]},"properties":{"name":" ","functional":" ","purpose":"Здание"}},{"type":"Feature","id":"municipal-buildings-78473","geometry":{"type":"Polygon","coordinates":[[[71.6817696,51.1032129],[71.6817073,51.1032387],[71.6816709,51.1032038],[71.6817332,51.103178],[71.6817696,51.1032129]]]},"properties":{"name":" ","functional":" ","purpose":"Здание"}},{"type":"Feature","id":"municipal-buildings-78474","geometry":{"type":"Polygon","coordinates":[[[71.6831987,51.1030041],[71.68307,51.103073],[71.6829741,51.1030061],[71.6831037,51.1029338],[71.6831987,51.1030041]]]},"properties":{"name":" ","functional":"Частные дома","purpose":"Частный дом"}},{"type":"Feature","id":"municipal-buildings-78475","geometry":{"type":"Polygon","coordinates":[[[71.6834205,51.1030201],[71.6835099,51.1030919],[71.6833463,51.1031729],[71.6832447,51.1030954],[71.6834205,51.1030201]]]},"properties":{"name":" ","functional":" ","purpose":"Здание"}},{"type":"Feature","id":"municipal-buildings-78476","geometry":{"type":"Polygon","coordinates":[[[71.6842789,51.1031111],[71.6841541,51.1031723],[71.6840734,51.1031113],[71.6841113,51.1030916],[71.6840431,51.1030387],[71.6841363,51.102993],[71.6842789,51.1031111]]]},"properties":{"name":" ","functional":" ","purpose":"Здание"}},{"type":"Feature","id":"municipal-buildings-78477","geometry":{"type":"Polygon","coordinates":[[[71.6823628,51.1026759],[71.6823244,51.1026978],[71.6823495,51.1027165],[71.6822573,51.1027639],[71.6821466,51.1026783],[71.6822816,51.1026103],[71.6823628,51.1026759]]]},"properties":{"name":" ","functional":"Частные дома","purpose":"Частный дом"}},{"type":"Feature","id":"municipal-buildings-78478","geometry":{"type":"Polygon","coordinates":[[[71.6825269,51.1026191],[71.6824547,51.1026536],[71.6823678,51.1025814],[71.68244,51.1025469],[71.6825269,51.1026191]]]},"properties":{"name":" ","functional":" ","purpose":"Здание"}},{"type":"Feature","id":"municipal-buildings-78479","geometry":{"type":"Polygon","coordinates":[[[71.6826659,51.1027206],[71.6825925,51.1027592],[71.6825232,51.102707],[71.6825966,51.1026684],[71.6826659,51.1027206]]]},"properties":{"name":" ","functional":" ","purpose":"Здание"}},{"type":"Feature","id":"municipal-buildings-78480","geometry":{"type":"Polygon","coordinates":[[[71.6836746,51.1027833],[71.6837344,51.1028278],[71.6835331,51.1029352],[71.6834029,51.1028385],[71.6836042,51.1027311],[71.6836746,51.1027833]]]},"properties":{"name":" ","functional":"Частные дома","purpose":"Частный дом"}},{"type":"Feature","id":"municipal-buildings-78481","geometry":{"type":"Polygon","coordinates":[[[71.683697,51.1030112],[71.6835892,51.1029384],[71.6837482,51.1028541],[71.6838926,51.102965],[71.6838318,51.1029959],[71.6837928,51.1029782],[71.6837354,51.1030079],[71.6837237,51.102999],[71.683697,51.1030112]]]},"properties":{"name":" ","functional":"Частные дома","purpose":"Частный дом"}},{"type":"Feature","id":"municipal-buildings-78482","geometry":{"type":"Polygon","coordinates":[[[71.6839923,51.1028658],[71.6838865,51.1027623],[71.6839105,51.1027353],[71.6839681,51.1027448],[71.6840232,51.102723],[71.6840112,51.102711],[71.6840336,51.1026876],[71.6840877,51.1026878],[71.6841385,51.1026676],[71.6842564,51.1027783],[71.6841832,51.102808],[71.6841691,51.1027942],[71.6839923,51.1028658]]]},"properties":{"name":" ","functional":"Частные дома","purpose":"Частный дом"}},{"type":"Feature","id":"municipal-buildings-78483","geometry":{"type":"Polygon","coordinates":[[[71.6842173,51.1026233],[71.684171,51.1026412],[71.6841305,51.1025997],[71.6841768,51.1025818],[71.6842173,51.1026233]]]},"properties":{"name":" ","functional":" ","purpose":"Здание"}},{"type":"Feature","id":"municipal-buildings-78484","geometry":{"type":"Polygon","coordinates":[[[71.684654,51.1025908],[71.6846263,51.1026007],[71.6846619,51.1026401],[71.6845888,51.1026679],[71.6845179,51.1025941],[71.6846199,51.1025552],[71.684654,51.1025908]]]},"properties":{"name":" ","functional":"Частные дома","purpose":"Частный дом"}},{"type":"Feature","id":"municipal-buildings-78485","geometry":{"type":"Polygon","coordinates":[[[71.6846129,51.1029134],[71.6846724,51.1028984],[71.6846953,51.1029344],[71.6846149,51.1029547],[71.6845919,51.1029187],[71.6846129,51.1029134]]]},"properties":{"name":" ","functional":" ","purpose":"Здание"}},{"type":"Feature","id":"municipal-buildings-78486","geometry":{"type":"Polygon","coordinates":[[[71.6845919,51.1029187],[71.6844772,51.1029474],[71.6844457,51.1028974],[71.6845813,51.1028634],[71.6846129,51.1029134],[71.6845919,51.1029187]]]},"properties":{"name":" ","functional":" ","purpose":"Здание"}},{"type":"Feature","id":"municipal-buildings-78487","geometry":{"type":"Polygon","coordinates":[[[71.682727,51.1023425],[71.6825715,51.1024151],[71.6825374,51.1023861],[71.6826034,51.1023538],[71.6825551,51.1023107],[71.6826419,51.1022702],[71.682727,51.1023425]]]},"properties":{"name":" ","functional":"Частные дома","purpose":"Частный дом"}},{"type":"Feature","id":"municipal-buildings-78488","geometry":{"type":"Polygon","coordinates":[[[71.6819201,51.1025944],[71.6818644,51.1026172],[71.6817802,51.1025436],[71.6818359,51.102519],[71.6819201,51.1025944]]]},"properties":{"name":" ","functional":" ","purpose":"Здание"}},{"type":"Feature","id":"municipal-buildings-78489","geometry":{"type":"Polygon","coordinates":[[[71.6785085,51.1094586],[71.6783716,51.1094596],[71.6783716,51.1093152],[71.6785053,51.1093141],[71.6785085,51.1094586]]]},"properties":{"name":" ","functional":" ","purpose":"Здание"}},{"type":"Feature","id":"municipal-buildings-78490","geometry":{"type":"Polygon","coordinates":[[[71.6827849,51.1070402],[71.6826407,51.1070739],[71.6826023,51.107006],[71.6827066,51.1069826],[71.6827259,51.1070143],[71.6827655,51.1070053],[71.6827849,51.1070402]]]},"properties":{"name":" ","functional":" ","purpose":"Здание"}},{"type":"Feature","id":"municipal-buildings-78491","geometry":{"type":"Polygon","coordinates":[[[71.6830408,51.1069415],[71.6829709,51.1069548],[71.6829399,51.1068954],[71.683012,51.1068818],[71.6830408,51.1069415]]]},"properties":{"name":" ","functional":" ","purpose":"Здание"}},{"type":"Feature","id":"municipal-buildings-78492","geometry":{"type":"Polygon","coordinates":[[[71.6831179,51.1073453],[71.6829799,51.1073756],[71.6829186,51.1072649],[71.6830566,51.1072346],[71.6831179,51.1073453]]]},"properties":{"name":" ","functional":"Частные дома","purpose":"Частный дом"}},{"type":"Feature","id":"municipal-buildings-78493","geometry":{"type":"Polygon","coordinates":[[[71.682636,51.1074548],[71.6826523,51.107481],[71.6825583,51.1075033],[71.6825079,51.1074191],[71.6825866,51.1074014],[71.6826176,51.1074592],[71.682636,51.1074548]]]},"properties":{"name":" ","functional":" ","purpose":"Здание"}},{"type":"Feature","id":"municipal-buildings-78494","geometry":{"type":"Polygon","coordinates":[[[71.6861829,51.1066755],[71.6858946,51.1068062],[71.6858051,51.1067279],[71.6860933,51.1065972],[71.6861829,51.1066755]]]},"properties":{"name":" ","functional":"Частные дома","purpose":"Частный дом"}},{"type":"Feature","id":"municipal-buildings-78495","geometry":{"type":"Polygon","coordinates":[[[71.6858598,51.1068315],[71.6857578,51.1068762],[71.6856632,51.1067905],[71.6857653,51.1067459],[71.6858598,51.1068315]]]},"properties":{"name":" ","functional":"Частные дома","purpose":"Частный дом"}},{"type":"Feature","id":"municipal-buildings-78496","geometry":{"type":"Polygon","coordinates":[[[71.6863669,51.106882],[71.6862323,51.1069449],[71.6860289,51.1067713],[71.6861335,51.1067228],[71.6862163,51.1067935],[71.6862438,51.1067803],[71.6863669,51.106882]]]},"properties":{"name":" ","functional":" ","purpose":"Здание"}},{"type":"Feature","id":"municipal-buildings-78497","geometry":{"type":"Polygon","coordinates":[[[71.6865829,51.1069512],[71.6865227,51.1069758],[71.6864821,51.1069409],[71.6865478,51.1069106],[71.6865829,51.1069512]]]},"properties":{"name":" ","functional":" ","purpose":"Здание"}},{"type":"Feature","id":"municipal-buildings-78498","geometry":{"type":"Polygon","coordinates":[[[71.6784364,51.1078818],[71.6782662,51.1078951],[71.6782576,51.1078517],[71.6784297,51.1078382],[71.6784364,51.1078818]]]},"properties":{"name":" ","functional":" ","purpose":"Здание"}},{"type":"Feature","id":"municipal-buildings-78499","geometry":{"type":"Polygon","coordinates":[[[71.6784297,51.1078382],[71.6782584,51.1078555],[71.6782503,51.1078239],[71.67848,51.1078085],[71.6784839,51.1078311],[71.6784297,51.1078382]]]},"properties":{"name":" ","functional":" ","purpose":"Здание"}},{"type":"Feature","id":"municipal-buildings-78500","geometry":{"type":"Polygon","coordinates":[[[71.6784839,51.1078311],[71.6785849,51.1078248],[71.6785994,51.1079128],[71.6784482,51.107924],[71.6784291,51.1078345],[71.6784839,51.1078311]]]},"properties":{"name":" ","functional":"Частные дома","purpose":"Частный дом"}},{"type":"Feature","id":"municipal-buildings-78501","geometry":{"type":"Polygon","coordinates":[[[71.6863546,51.1065178],[71.6864125,51.1065656],[71.686302,51.1066174],[71.6862091,51.1065422],[71.6863192,51.1064884],[71.6863546,51.1065178]]]},"properties":{"name":" ","functional":"Частные дома","purpose":"Частный дом"}},{"type":"Feature","id":"municipal-buildings-78502","geometry":{"type":"Polygon","coordinates":[[[71.6849887,51.1022541],[71.6849207,51.1022682],[71.6848991,51.1022272],[71.6849671,51.102213],[71.6849887,51.1022541]]]},"properties":{"name":" ","functional":" ","purpose":"Здание"}},{"type":"Feature","id":"municipal-buildings-78503","geometry":{"type":"Polygon","coordinates":[[[71.6855482,51.1092357],[71.6853649,51.1092709],[71.6853211,51.1091806],[71.6855044,51.1091454],[71.6855482,51.1092357]]]},"properties":{"name":" ","functional":"Известный по назначению","purpose":"Хозяйственный корпус"}},{"type":"Feature","id":"municipal-buildings-78504","geometry":{"type":"Polygon","coordinates":[[[71.687618,51.1036392],[71.6875504,51.1036407],[71.6874587,51.1036085],[71.6874539,51.1035491],[71.6874065,51.1035505],[71.6874003,51.103466],[71.6877026,51.1034573],[71.6877128,51.1035981],[71.6876738,51.1036251],[71.687618,51.1036392]]]},"properties":{"name":" ","functional":"Частные дома","purpose":"Коттедж"}},{"type":"Feature","id":"municipal-buildings-78505","geometry":{"type":"Polygon","coordinates":[[[71.6863912,51.1029691],[71.6863903,51.1030047],[71.6862886,51.1030038],[71.6862894,51.1029681],[71.6863912,51.1029691]]]},"properties":{"name":" ","functional":" ","purpose":"Здание"}},{"type":"Feature","id":"municipal-buildings-78506","geometry":{"type":"Polygon","coordinates":[[[71.6859705,51.1032171],[71.6859411,51.1032229],[71.685877,51.103088],[71.6860977,51.103045],[71.6861505,51.1031818],[71.6859705,51.1032171]]]},"properties":{"name":" ","functional":"Частные дома","purpose":"Коттедж"}},{"type":"Feature","id":"municipal-buildings-78507","geometry":{"type":"Polygon","coordinates":[[[71.6861449,51.1031705],[71.686156,51.1031683],[71.6861931,51.1032428],[71.6860022,51.1032806],[71.6859705,51.1032171],[71.6861505,51.1031818],[71.6861449,51.1031705]]]},"properties":{"name":" ","functional":" ","purpose":"Здание"}},{"type":"Feature","id":"municipal-buildings-78508","geometry":{"type":"Polygon","coordinates":[[[71.6865505,51.1033724],[71.6860547,51.1033984],[71.6860445,51.1033344],[71.6865405,51.103309],[71.6865505,51.1033724]]]},"properties":{"name":" ","functional":" ","purpose":"Коттедж"}},{"type":"Feature","id":"municipal-buildings-78509","geometry":{"type":"Polygon","coordinates":[[[71.6864312,51.1035635],[71.6861926,51.1035686],[71.6861689,51.1035451],[71.6861853,51.1035182],[71.6861563,51.1034538],[71.6861901,51.1034278],[71.6864091,51.1034145],[71.6864312,51.1035635]]]},"properties":{"name":" ","functional":"Частные дома","purpose":"Коттедж"}},{"type":"Feature","id":"municipal-buildings-78510","geometry":{"type":"Polygon","coordinates":[[[71.6864467,51.103593],[71.6864571,51.1036527],[71.6863073,51.1036601],[71.6862971,51.1035955],[71.6864467,51.103593]]]},"properties":{"name":" ","functional":" ","purpose":"Здание"}},{"type":"Feature","id":"municipal-buildings-78511","geometry":{"type":"Polygon","coordinates":[[[71.6862756,51.1038943],[71.68621,51.1038996],[71.686181,51.1038457],[71.6862657,51.1038417],[71.6862756,51.1038943]]]},"properties":{"name":" ","functional":" ","purpose":"Здание"}},{"type":"Feature","id":"municipal-buildings-78512","geometry":{"type":"Polygon","coordinates":[[[71.6872332,51.1038793],[71.6872311,51.1038996],[71.6871432,51.1039033],[71.6871313,51.1038012],[71.6872225,51.1037972],[71.6872332,51.1038793]]]},"properties":{"name":" ","functional":" ","purpose":"Здание"}},{"type":"Feature","id":"municipal-buildings-78513","geometry":{"type":"Polygon","coordinates":[[[71.6871554,51.1037436],[71.6869865,51.1037556],[71.6869673,51.1036603],[71.6871413,51.103649],[71.6871554,51.1037436]]]},"properties":{"name":" ","functional":"Известный по назначению","purpose":"Строящееся здание"}},{"type":"Feature","id":"municipal-buildings-78514","geometry":{"type":"Polygon","coordinates":[[[71.6864978,51.1041084],[71.6865121,51.1042254],[71.6864017,51.1042308],[71.6863866,51.1041074],[71.6864978,51.1041084]]]},"properties":{"name":" ","functional":" ","purpose":"Здание"}},{"type":"Feature","id":"municipal-buildings-78515","geometry":{"type":"MultiPolygon","coordinates":[[[[71.6874717,51.1045533],[71.6874673,51.1046448],[71.6874205,51.104646],[71.6874379,51.1046374],[71.6874331,51.104548],[71.6874717,51.1045533]]],[[[71.6873068,51.1046444],[71.6873249,51.1046486],[71.6872951,51.1046495],[71.6872896,51.104601],[71.6872998,51.1046009],[71.6873068,51.1046444]]]]},"properties":{"name":" ","functional":" ","purpose":"Здание"}},{"type":"Feature","id":"municipal-buildings-78516","geometry":{"type":"Polygon","coordinates":[[[71.6876438,51.1045357],[71.6876555,51.1046389],[71.6875615,51.1046415],[71.6875527,51.104537],[71.6876438,51.1045357]]]},"properties":{"name":" ","functional":" ","purpose":"Здание"}},{"type":"Feature","id":"municipal-buildings-78517","geometry":{"type":"Polygon","coordinates":[[[71.6882487,51.104511],[71.6880055,51.1045026],[71.688005,51.1043658],[71.6881265,51.1043607],[71.6881249,51.104346],[71.6883487,51.1043515],[71.6883575,51.1044357],[71.6883358,51.1044366],[71.6883413,51.1044886],[71.6882467,51.1044925],[71.6882487,51.104511]]]},"properties":{"name":" ","functional":" ","purpose":"Здание"}},{"type":"Feature","id":"municipal-buildings-78518","geometry":{"type":"Polygon","coordinates":[[[71.6900659,51.1046046],[71.689863,51.1046154],[71.6898418,51.1044593],[71.6900458,51.1044491],[71.6900659,51.1046046]]]},"properties":{"name":" ","functional":" ","purpose":"Здание"}},{"type":"Feature","id":"municipal-buildings-78519","geometry":{"type":"Polygon","coordinates":[[[71.6896945,51.1041626],[71.6896755,51.104168],[71.689673,51.1041505],[71.6896111,51.1041549],[71.6896057,51.1041203],[71.6895619,51.1040992],[71.6895611,51.10407],[71.6895936,51.1040489],[71.6895897,51.1040143],[71.6896523,51.1040098],[71.6896641,51.1039905],[71.6898124,51.1039828],[71.6898391,51.104005],[71.6898447,51.1040352],[71.689818,51.1040523],[71.6898226,51.1040908],[71.6898516,51.1041021],[71.6898529,51.1041398],[71.6898333,51.10416],[71.6896945,51.1041626]]]},"properties":{"name":" ","functional":"Частные дома","purpose":"Коттедж"}},{"type":"Feature","id":"municipal-buildings-78520","geometry":{"type":"Polygon","coordinates":[[[71.6902015,51.1041154],[71.6901497,51.1041151],[71.6901279,51.103979],[71.6902668,51.1039598],[71.6902878,51.1041083],[71.6902015,51.1041154]]]},"properties":{"name":" ","functional":" ","purpose":"Здание"}},{"type":"Feature","id":"municipal-buildings-78521","geometry":{"type":"Polygon","coordinates":[[[71.69034,51.1037664],[71.6903113,51.1037665],[71.6903087,51.1037384],[71.6903368,51.1037375],[71.69034,51.1037664]]]},"properties":{"name":" ","functional":" ","purpose":"Здание"}},{"type":"Feature","id":"municipal-buildings-78522","geometry":{"type":"Polygon","coordinates":[[[71.6903059,51.1033867],[71.6902773,51.1033874],[71.6902745,51.1033647],[71.6903042,51.1033625],[71.6903059,51.1033867]]]},"properties":{"name":" ","functional":" ","purpose":"Здание"}},{"type":"Feature","id":"municipal-buildings-78523","geometry":{"type":"Polygon","coordinates":[[[71.689132,51.103799],[71.6890716,51.1038014],[71.6890631,51.1037705],[71.688989,51.1037679],[71.6889777,51.1036808],[71.6891258,51.1036671],[71.6891652,51.1036856],[71.6891729,51.1037627],[71.6891322,51.1037673],[71.689132,51.103799]]]},"properties":{"name":" ","functional":"Частные дома","purpose":"Коттедж"}},{"type":"Feature","id":"municipal-buildings-78524","geometry":{"type":"Polygon","coordinates":[[[71.6890697,51.1044193],[71.6890404,51.1044402],[71.6889883,51.1044412],[71.6889572,51.1044232],[71.6889544,51.1044018],[71.6888878,51.1043766],[71.6888793,51.1043184],[71.6889353,51.1042855],[71.6889311,51.1042459],[71.6891843,51.1042404],[71.6891917,51.1042889],[71.6892052,51.1042927],[71.6892081,51.1044034],[71.6891588,51.1044207],[71.6890697,51.1044193]]]},"properties":{"name":" ","functional":"Частные дома","purpose":"Коттедж"}},{"type":"Feature","id":"municipal-buildings-78525","geometry":{"type":"Polygon","coordinates":[[[71.6867919,51.1047052],[71.6866912,51.1047234],[71.6866697,51.1046808],[71.6867718,51.1046632],[71.6867919,51.1047052]]]},"properties":{"name":" ","functional":" ","purpose":"Здание"}},{"type":"Feature","id":"municipal-buildings-78526","geometry":{"type":"Polygon","coordinates":[[[71.6868173,51.1047298],[71.686798,51.1047352],[71.6868095,51.1047564],[71.6867392,51.1047722],[71.6867111,51.10473],[71.686808,51.1047093],[71.6868173,51.1047298]]]},"properties":{"name":" ","functional":" ","purpose":"Здание"}},{"type":"Feature","id":"municipal-buildings-78527","geometry":{"type":"Polygon","coordinates":[[[71.6916634,51.1052932],[71.69146,51.1053318],[71.6914091,51.1052256],[71.6916201,51.1051855],[71.6916634,51.1052932]]]},"properties":{"name":" ","functional":"Частные дома","purpose":"Частный дом"}},{"type":"Feature","id":"municipal-buildings-78528","geometry":{"type":"Polygon","coordinates":[[[71.6916634,51.1052932],[71.6916975,51.1053643],[71.6914941,51.1054029],[71.69146,51.1053318],[71.6916634,51.1052932]]]},"properties":{"name":" ","functional":" ","purpose":"Здание"}},{"type":"Feature","id":"municipal-buildings-78529","geometry":{"type":"Polygon","coordinates":[[[71.6919186,51.1052792],[71.691785,51.1052989],[71.6917219,51.1051287],[71.6918555,51.105109],[71.6919186,51.1052792]]]},"properties":{"name":" ","functional":" ","purpose":"Здание"}},{"type":"Feature","id":"municipal-buildings-78530","geometry":{"type":"Polygon","coordinates":[[[71.6919102,51.1053589],[71.6918232,51.1053765],[71.6917987,51.1053285],[71.6918857,51.1053109],[71.6919102,51.1053589]]]},"properties":{"name":" ","functional":" ","purpose":"Здание"}},{"type":"Feature","id":"municipal-buildings-78531","geometry":{"type":"Polygon","coordinates":[[[71.6939598,51.1038656],[71.6937981,51.1039008],[71.6937168,51.1037627],[71.6938738,51.1037232],[71.6939598,51.1038656]]]},"properties":{"name":" ","functional":"Известный по назначению","purpose":"Строящееся здание"}},{"type":"Feature","id":"municipal-buildings-78532","geometry":{"type":"Polygon","coordinates":[[[71.6933431,51.1038962],[71.6932147,51.1039239],[71.6931805,51.1038561],[71.6933099,51.1038303],[71.6933431,51.1038962]]]},"properties":{"name":" ","functional":"Частные дома","purpose":"Частный дом"}},{"type":"Feature","id":"municipal-buildings-78533","geometry":{"type":"Polygon","coordinates":[[[71.693379,51.1040213],[71.6933422,51.1039746],[71.6934287,51.1039556],[71.6934559,51.1040043],[71.693379,51.1040213]]]},"properties":{"name":" ","functional":" ","purpose":"Здание"}},{"type":"Feature","id":"municipal-buildings-78534","geometry":{"type":"Polygon","coordinates":[[[71.6934725,51.1040704],[71.6934965,51.1040652],[71.6935445,51.1041537],[71.6933559,51.1041942],[71.6933079,51.1041057],[71.6934725,51.1040704]]]},"properties":{"name":" ","functional":"Частные дома","purpose":"Частный дом"}},{"type":"Feature","id":"municipal-buildings-78535","geometry":{"type":"Polygon","coordinates":[[[71.6934725,51.1040704],[71.6934123,51.1040833],[71.693379,51.1040213],[71.6934393,51.1040085],[71.6934725,51.1040704]]]},"properties":{"name":" ","functional":" ","purpose":"Здание"}},{"type":"Feature","id":"municipal-buildings-78536","geometry":{"type":"Polygon","coordinates":[[[71.6936779,51.1043736],[71.6934745,51.1044164],[71.6934175,51.1043092],[71.6936209,51.1042664],[71.6936779,51.1043736]]]},"properties":{"name":" ","functional":"Частные дома","purpose":"Частный дом"}},{"type":"Feature","id":"municipal-buildings-78537","geometry":{"type":"Polygon","coordinates":[[[71.6936533,51.1045013],[71.6936166,51.1045103],[71.6935872,51.1044627],[71.6936821,51.1044394],[71.6937116,51.104487],[71.6936533,51.1045013]]]},"properties":{"name":" ","functional":" ","purpose":"Здание"}},{"type":"Feature","id":"municipal-buildings-78538","geometry":{"type":"Polygon","coordinates":[[[71.6937116,51.104487],[71.6937292,51.1045193],[71.6936701,51.1045321],[71.6936533,51.1045013],[71.6937116,51.104487]]]},"properties":{"name":" ","functional":" ","purpose":"Здание"}},{"type":"Feature","id":"municipal-buildings-78539","geometry":{"type":"Polygon","coordinates":[[[71.6937682,51.1046284],[71.693606,51.1046633],[71.6935656,51.1045879],[71.6936885,51.1045618],[71.6937022,51.1045873],[71.6937401,51.1045788],[71.6937682,51.1046284]]]},"properties":{"name":" ","functional":"Частные дома","purpose":"Частный дом"}},{"type":"Feature","id":"municipal-buildings-78540","geometry":{"type":"Polygon","coordinates":[[[71.6940798,51.1045339],[71.6940283,51.1045425],[71.6940039,51.1044843],[71.6940517,51.1044755],[71.6940798,51.1045339]]]},"properties":{"name":" ","functional":" ","purpose":"Здание"}},{"type":"Feature","id":"municipal-buildings-78541","geometry":{"type":"Polygon","coordinates":[[[71.6938419,51.1044155],[71.6938672,51.1044641],[71.6938093,51.104476],[71.6937834,51.1044262],[71.6938419,51.1044155]]]},"properties":{"name":" ","functional":" ","purpose":"Здание"}},{"type":"Feature","id":"municipal-buildings-78542","geometry":{"type":"Polygon","coordinates":[[[71.6939025,51.104346],[71.6938064,51.1043643],[71.6937541,51.1042791],[71.69386,51.1042579],[71.6939025,51.104346]]]},"properties":{"name":" ","functional":"Известный по назначению","purpose":"Строящееся здание"}},{"type":"Feature","id":"municipal-buildings-78543","geometry":{"type":"Polygon","coordinates":[[[71.690053,51.1037574],[71.6899326,51.103763],[71.6899299,51.1037447],[71.6898535,51.1037489],[71.6898428,51.1036318],[71.6901071,51.1036174],[71.6901231,51.1037342],[71.6900513,51.1037381],[71.690053,51.1037574]]]},"properties":{"name":" ","functional":" ","purpose":"Здание"}},{"type":"Feature","id":"municipal-buildings-78544","geometry":{"type":"Polygon","coordinates":[[[71.6902684,51.1037002],[71.6902834,51.1038169],[71.6901613,51.1038232],[71.6901373,51.1036384],[71.69026,51.1036351],[71.6902684,51.1037002]]]},"properties":{"name":" ","functional":" ","purpose":"Здание"}},{"type":"Feature","id":"municipal-buildings-78545","geometry":{"type":"Polygon","coordinates":[[[71.6864978,51.1041084],[71.6866438,51.104101],[71.6866511,51.1041579],[71.6865189,51.1041646],[71.6864978,51.1041084]]]},"properties":{"name":" ","functional":" ","purpose":"Здание"}},{"type":"Feature","id":"municipal-buildings-78546","geometry":{"type":"Polygon","coordinates":[[[71.6874205,51.104646],[71.6873068,51.1046444],[71.6872998,51.1046009],[71.6872355,51.1046029],[71.6872279,51.1045312],[71.687207,51.1045205],[71.6872019,51.1044941],[71.6872327,51.1044709],[71.6874254,51.1044607],[71.6874462,51.1045344],[71.6874314,51.1045352],[71.6874379,51.1046374],[71.6874205,51.104646]]]},"properties":{"name":" ","functional":"Частные дома","purpose":"Коттедж"}},{"type":"Feature","id":"municipal-buildings-78547","geometry":{"type":"Polygon","coordinates":[[[71.6876127,51.1043164],[71.6876209,51.1043652],[71.6869844,51.1043987],[71.686978,51.1043342],[71.6873528,51.104314],[71.6873556,51.1043336],[71.6876127,51.1043164]]]},"properties":{"name":" ","functional":" ","purpose":"Здание"}},{"type":"Feature","id":"municipal-buildings-78548","geometry":{"type":"Polygon","coordinates":[[[71.6876127,51.1043164],[71.6873556,51.1043336],[71.6873456,51.1042692],[71.6872839,51.1042562],[71.6872774,51.1042084],[71.6873332,51.104192],[71.6873229,51.1041284],[71.6875818,51.1041161],[71.6876127,51.1043164]]]},"properties":{"name":" ","functional":"Известный по назначению","purpose":"Строящееся здание"}},{"type":"Feature","id":"municipal-buildings-78549","geometry":{"type":"Polygon","coordinates":[[[71.6863674,51.1038899],[71.6862883,51.1038937],[71.6862842,51.1038734],[71.6863644,51.1038689],[71.6863674,51.1038899]]]},"properties":{"name":" ","functional":" ","purpose":"Здание"}},{"type":"Feature","id":"municipal-buildings-78550","geometry":{"type":"Polygon","coordinates":[[[71.6867114,51.1039337],[71.6867213,51.1039955],[71.6862849,51.1040232],[71.6862746,51.1039584],[71.6867114,51.1039337]]]},"properties":{"name":" ","functional":" ","purpose":"Здание"}},{"type":"Feature","id":"municipal-buildings-78551","geometry":{"type":"Polygon","coordinates":[[[71.6865411,51.1036982],[71.6865796,51.1036963],[71.6866005,51.10387],[71.6864796,51.1038758],[71.6864777,51.1038625],[71.6865638,51.1038577],[71.6865411,51.1036982]]]},"properties":{"name":" ","functional":" ","purpose":"Здание"}},{"type":"Feature","id":"municipal-buildings-78552","geometry":{"type":"Polygon","coordinates":[[[71.6864796,51.1038758],[71.6864814,51.1038882],[71.6863681,51.1038946],[71.6863644,51.1038689],[71.6862744,51.103874],[71.6862495,51.1036993],[71.6865389,51.1036829],[71.6865638,51.1038577],[71.6864777,51.1038625],[71.6864796,51.1038758]]]},"properties":{"name":" ","functional":" ","purpose":"Здание"}},{"type":"Feature","id":"municipal-buildings-78553","geometry":{"type":"Polygon","coordinates":[[[71.6866506,51.1029575],[71.6866479,51.1030292],[71.6864462,51.1030261],[71.6864489,51.1029544],[71.6866506,51.1029575]]]},"properties":{"name":" ","functional":" ","purpose":"Здание"}},{"type":"Feature","id":"municipal-buildings-78554","geometry":{"type":"Polygon","coordinates":[[[71.6866506,51.1029575],[71.6867408,51.1029547],[71.6867516,51.10303],[71.6866479,51.1030292],[71.6866506,51.1029575]]]},"properties":{"name":" ","functional":" ","purpose":"Здание"}},{"type":"Feature","id":"municipal-buildings-78555","geometry":{"type":"Polygon","coordinates":[[[71.6892182,51.1047052],[71.6892378,51.1047072],[71.6892582,51.1048214],[71.6892367,51.1048262],[71.6892425,51.1048641],[71.689013,51.104881],[71.6890077,51.1048292],[71.688958,51.1047943],[71.688961,51.1047504],[71.688997,51.1047259],[71.6889921,51.1046795],[71.6891196,51.1046543],[71.6891643,51.1046709],[71.6892123,51.1046676],[71.6892182,51.1047052]]]},"properties":{"name":" ","functional":"Частные дома","purpose":"Коттедж"}},{"type":"Feature","id":"municipal-buildings-78556","geometry":{"type":"Polygon","coordinates":[[[71.6781159,51.1050714],[71.678075,51.1050862],[71.6780481,51.1050604],[71.6780898,51.1050432],[71.6781159,51.1050714]]]},"properties":{"name":" ","functional":" ","purpose":"Здание"}},{"type":"Feature","id":"municipal-buildings-78557","geometry":{"type":"Polygon","coordinates":[[[71.6826723,51.1046217],[71.6825895,51.1046327],[71.6825633,51.1045685],[71.6826471,51.1045563],[71.6826723,51.1046217]]]},"properties":{"name":" ","functional":" ","purpose":"Здание"}},{"type":"Feature","id":"municipal-buildings-78558","geometry":{"type":"Polygon","coordinates":[[[71.6825548,51.1045464],[71.682573,51.1045983],[71.6825169,51.1046074],[71.6824711,51.1044807],[71.6825162,51.1044728],[71.6825548,51.1045464]]]},"properties":{"name":" ","functional":" ","purpose":"Здание"}},{"type":"Feature","id":"municipal-buildings-78559","geometry":{"type":"Polygon","coordinates":[[[71.6796335,51.1052238],[71.6795315,51.1052409],[71.6794923,51.1051485],[71.6796614,51.1051201],[71.6797006,51.1052125],[71.6796335,51.1052238]]]},"properties":{"name":" ","functional":"Частные дома","purpose":"Частный дом"}},{"type":"Feature","id":"municipal-buildings-78560","geometry":{"type":"Polygon","coordinates":[[[71.6796335,51.1052238],[71.6796442,51.1052512],[71.679503,51.105273],[71.6794833,51.1052224],[71.6795212,51.1052166],[71.6795315,51.1052409],[71.6796335,51.1052238]]]},"properties":{"name":" ","functional":"Частные дома","purpose":"Частный дом"}},{"type":"Feature","id":"municipal-buildings-78561","geometry":{"type":"Polygon","coordinates":[[[71.6836118,51.1026183],[71.6835324,51.1026573],[71.6834583,51.1026006],[71.6835394,51.1025598],[71.6836118,51.1026183]]]},"properties":{"name":" ","functional":" ","purpose":"Здание"}},{"type":"Feature","id":"municipal-buildings-78562","geometry":{"type":"Polygon","coordinates":[[[71.6839471,51.1030415],[71.6839937,51.1030798],[71.68384,51.1031537],[71.6837934,51.1031154],[71.6839471,51.1030415]]]},"properties":{"name":" ","functional":" ","purpose":"Здание"}},{"type":"Feature","id":"municipal-buildings-78563","geometry":{"type":"MultiPolygon","coordinates":[[[[71.6840271,51.1031541],[71.6839969,51.1031301],[71.6840521,51.1031025],[71.6840931,51.103135],[71.6840271,51.1031541]]],[[[71.6840271,51.1031541],[71.684038,51.1031625],[71.6840378,51.1031626],[71.6840271,51.1031541]]]]},"properties":{"name":" ","functional":" ","purpose":"Здание"}},{"type":"Feature","id":"municipal-buildings-78564","geometry":{"type":"Polygon","coordinates":[[[71.6841833,51.1031948],[71.6841501,51.103212],[71.6841225,51.1031908],[71.6841558,51.1031737],[71.6841833,51.1031948]]]},"properties":{"name":" ","functional":" ","purpose":"Здание"}},{"type":"Feature","id":"municipal-buildings-78565","geometry":{"type":"Polygon","coordinates":[[[71.6814297,51.1030349],[71.6815044,51.1030032],[71.6815596,51.1030547],[71.681486,51.1030861],[71.6814297,51.1030349]]]},"properties":{"name":" ","functional":" ","purpose":"Здание"}},{"type":"Feature","id":"municipal-buildings-78566","geometry":{"type":"Polygon","coordinates":[[[71.6819979,51.1036448],[71.6820068,51.1036714],[71.6818316,51.1036946],[71.6818214,51.103664],[71.6819979,51.1036448]]]},"properties":{"name":" ","functional":" ","purpose":"Здание"}},{"type":"Feature","id":"municipal-buildings-78567","geometry":{"type":"Polygon","coordinates":[[[71.68199,51.1036416],[71.6819456,51.1036475],[71.6819132,51.1035525],[71.6819571,51.1035446],[71.68199,51.1036416]]]},"properties":{"name":" ","functional":"Частные дома","purpose":"Здание"}},{"type":"Feature","id":"municipal-buildings-78568","geometry":{"type":"Polygon","coordinates":[[[71.6847405,51.1041993],[71.6847849,51.1041933],[71.6848184,51.1042917],[71.684774,51.1042977],[71.6847405,51.1041993]]]},"properties":{"name":" ","functional":" ","purpose":"Здание"}},{"type":"Feature","id":"municipal-buildings-78569","geometry":{"type":"Polygon","coordinates":[[[71.684879,51.1041015],[71.6848176,51.1041075],[71.6848044,51.1040532],[71.6848658,51.1040473],[71.684879,51.1041015]]]},"properties":{"name":" ","functional":" ","purpose":"Здание"}},{"type":"Feature","id":"municipal-buildings-78570","geometry":{"type":"Polygon","coordinates":[[[71.6848614,51.1040365],[71.684822,51.1040401],[71.6848129,51.1040007],[71.6848523,51.1039971],[71.6848614,51.1040365]]]},"properties":{"name":" ","functional":" ","purpose":"Здание"}},{"type":"Feature","id":"municipal-buildings-78571","geometry":{"type":"Polygon","coordinates":[[[71.6792866,51.1056889],[71.6792006,51.1057086],[71.6791633,51.105644],[71.6792493,51.1056243],[71.6792866,51.1056889]]]},"properties":{"name":" ","functional":" ","purpose":"Здание"}},{"type":"Feature","id":"municipal-buildings-78572","geometry":{"type":"Polygon","coordinates":[[[71.6797496,51.1056085],[71.6797561,51.1056273],[71.6796967,51.1056354],[71.6796883,51.1056111],[71.6797496,51.1056085]]]},"properties":{"name":" ","functional":" ","purpose":"Здание"}},{"type":"Feature","id":"municipal-buildings-78573","geometry":{"type":"Polygon","coordinates":[[[71.6796883,51.1056111],[71.67966,51.1056151],[71.6796472,51.1055789],[71.679723,51.1055683],[71.6797358,51.1056046],[71.6796883,51.1056111]]]},"properties":{"name":" ","functional":"Частные дома","purpose":"Частный дом"}},{"type":"Feature","id":"municipal-buildings-78574","geometry":{"type":"Polygon","coordinates":[[[71.6857843,51.1040507],[71.6856053,51.104066],[71.6855741,51.1039901],[71.6857523,51.103962],[71.6857843,51.1040507]]]},"properties":{"name":" ","functional":" ","purpose":"Здание"}},{"type":"Feature","id":"municipal-buildings-78575","geometry":{"type":"Polygon","coordinates":[[[71.6856105,51.104195],[71.685472,51.1042139],[71.6854531,51.1041574],[71.6855868,51.1041402],[71.6856105,51.104195]]]},"properties":{"name":" ","functional":" ","purpose":"Здание"}},{"type":"Feature","id":"municipal-buildings-78576","geometry":{"type":"Polygon","coordinates":[[[71.6854424,51.1041918],[71.6853949,51.1041975],[71.6853846,51.1041634],[71.6854336,51.1041575],[71.6854424,51.1041918]]]},"properties":{"name":" ","functional":" ","purpose":"Здание"}},{"type":"Feature","id":"municipal-buildings-78577","geometry":{"type":"Polygon","coordinates":[[[71.6852619,51.104099],[71.685273,51.1041323],[71.6852161,51.1041398],[71.6851693,51.104],[71.6852262,51.1039924],[71.6852619,51.104099]]]},"properties":{"name":" ","functional":" ","purpose":"Здание"}},{"type":"Feature","id":"municipal-buildings-78578","geometry":{"type":"Polygon","coordinates":[[[71.6851253,51.1039638],[71.6850745,51.1039719],[71.6850611,51.1039386],[71.6851119,51.1039305],[71.6851253,51.1039638]]]},"properties":{"name":" ","functional":" ","purpose":"Здание"}},{"type":"Feature","id":"municipal-buildings-78579","geometry":{"type":"Polygon","coordinates":[[[71.6851658,51.1060199],[71.6851277,51.1060238],[71.6851155,51.1059767],[71.6851536,51.1059728],[71.6851658,51.1060199]]]},"properties":{"name":" ","functional":" ","purpose":"Здание"}},{"type":"Feature","id":"municipal-buildings-78580","geometry":{"type":"Polygon","coordinates":[[[71.716821,51.1012647],[71.7166988,51.101174],[71.7168982,51.1010734],[71.7169222,51.1010913],[71.7169122,51.1011065],[71.7169967,51.10117],[71.716821,51.1012647]]]},"properties":{"name":" ","functional":"Административные сооружения","purpose":"Кафе, бар"}},{"type":"Feature","id":"municipal-buildings-78581","geometry":{"type":"Polygon","coordinates":[[[71.717132,51.1010346],[71.7170027,51.101106],[71.7169572,51.1010733],[71.7170865,51.1010019],[71.717132,51.1010346]]]},"properties":{"name":" ","functional":" ","purpose":"Здание"}},{"type":"Feature","id":"municipal-buildings-78582","geometry":{"type":"Polygon","coordinates":[[[71.7169128,51.1010411],[71.7168837,51.1010578],[71.7168571,51.1010393],[71.7168862,51.1010227],[71.7169128,51.1010411]]]},"properties":{"name":" ","functional":" ","purpose":"Здание"}},{"type":"Feature","id":"municipal-buildings-78583","geometry":{"type":"Polygon","coordinates":[[[71.7180548,51.1007541],[71.7183542,51.1007777],[71.718329,51.1009044],[71.7182559,51.1009399],[71.7182577,51.1009019],[71.7180279,51.100884],[71.7180548,51.1007541]]]},"properties":{"name":" ","functional":"Административные сооружения","purpose":"Административное здание"}},{"type":"Feature","id":"municipal-buildings-78584","geometry":{"type":"Polygon","coordinates":[[[71.7181487,51.1008934],[71.7181318,51.1009026],[71.718158,51.1009239],[71.7181176,51.1009447],[71.7181135,51.1009725],[71.7180625,51.1009716],[71.7179207,51.1010401],[71.7177807,51.1009293],[71.7179055,51.1008632],[71.7179346,51.100885],[71.7181487,51.1008934]]]},"properties":{"name":" ","functional":"Административные сооружения","purpose":"Административное здание"}},{"type":"Feature","id":"municipal-buildings-78585","geometry":{"type":"Polygon","coordinates":[[[71.717597,51.1006069],[71.7175442,51.1006761],[71.7172365,51.1005832],[71.7172893,51.100514],[71.717597,51.1006069]]]},"properties":{"name":" ","functional":"Известный по назначению","purpose":"Сооружение"}},{"type":"Feature","id":"municipal-buildings-78586","geometry":{"type":"Polygon","coordinates":[[[71.718097,51.1003116],[71.7181026,51.1003573],[71.7180551,51.100408],[71.718015,51.1003754],[71.7179629,51.1003726],[71.7179752,51.1003075],[71.7180259,51.1003107],[71.7180731,51.1002849],[71.718097,51.1003116]]]},"properties":{"name":" ","functional":"Административные сооружения","purpose":"База отдыха"}},{"type":"Feature","id":"municipal-buildings-78587","geometry":{"type":"Polygon","coordinates":[[[71.6786795,51.1094331],[71.6785322,51.1094345],[71.6785306,51.109367],[71.6786779,51.1093657],[71.6786795,51.1094331]]]},"properties":{"name":" ","functional":" ","purpose":"Здание"}},{"type":"Feature","id":"municipal-buildings-78588","geometry":{"type":"Polygon","coordinates":[[[71.6780353,51.1077048],[71.6780386,51.1077358],[71.6779428,51.1077399],[71.6779389,51.1077035],[71.6780353,51.1077048]]]},"properties":{"name":" ","functional":" ","purpose":"Здание"}},{"type":"Feature","id":"municipal-buildings-78589","geometry":{"type":"Polygon","coordinates":[[[71.6774226,51.1067854],[71.6774065,51.1068261],[71.677374,51.1068207],[71.6773913,51.10678],[71.6774226,51.1067854]]]},"properties":{"name":" ","functional":" ","purpose":"Здание"}},{"type":"Feature","id":"municipal-buildings-78590","geometry":{"type":"Polygon","coordinates":[[[71.6774795,51.1067896],[71.6775563,51.1068031],[71.677535,51.106848],[71.6774617,51.1068347],[71.6774795,51.1067896]]]},"properties":{"name":" ","functional":" ","purpose":"Здание"}},{"type":"Feature","id":"municipal-buildings-78591","geometry":{"type":"Polygon","coordinates":[[[71.6809346,51.1086447],[71.6807883,51.10867],[71.680765,51.1086148],[71.6809115,51.1085902],[71.6809346,51.1086447]]]},"properties":{"name":" ","functional":"Частные дома","purpose":"Частный дом"}},{"type":"Feature","id":"municipal-buildings-78592","geometry":{"type":"Polygon","coordinates":[[[71.6801149,51.1084738],[71.6800615,51.108485],[71.6800693,51.1085062],[71.6800126,51.1085144],[71.6799903,51.1084641],[71.6800542,51.1084517],[71.6800344,51.1084162],[71.6800711,51.1084051],[71.6801149,51.1084738]]]},"properties":{"name":" ","functional":" ","purpose":"Здание"}},{"type":"Feature","id":"municipal-buildings-78593","geometry":{"type":"Polygon","coordinates":[[[71.6804958,51.1082585],[71.6805289,51.1083315],[71.6803769,51.1083587],[71.680354,51.1083291],[71.6802977,51.108338],[71.6802792,51.1082974],[71.6804958,51.1082585]]]},"properties":{"name":" ","functional":"Частные дома","purpose":"Частный дом"}},{"type":"Feature","id":"municipal-buildings-78594","geometry":{"type":"Polygon","coordinates":[[[71.6807985,51.1082097],[71.6807452,51.1082181],[71.6807281,51.1081748],[71.6807815,51.1081665],[71.6807985,51.1082097]]]},"properties":{"name":" ","functional":" ","purpose":"Здание"}},{"type":"Feature","id":"municipal-buildings-78595","geometry":{"type":"Polygon","coordinates":[[[71.6807815,51.1081665],[71.6808556,51.1081531],[71.6808734,51.108198],[71.6807985,51.1082097],[71.6807815,51.1081665]]]},"properties":{"name":" ","functional":" ","purpose":"Здание"}},{"type":"Feature","id":"municipal-buildings-78596","geometry":{"type":"Polygon","coordinates":[[[71.6809797,51.1081754],[71.680938,51.1081826],[71.6809234,51.1081492],[71.6809651,51.108142],[71.6809797,51.1081754]]]},"properties":{"name":" ","functional":" ","purpose":"Здание"}},{"type":"Feature","id":"municipal-buildings-78597","geometry":{"type":"Polygon","coordinates":[[[71.6865924,51.1084962],[71.6865341,51.1085086],[71.6865174,51.1084745],[71.6865746,51.1084628],[71.6865924,51.1084962]]]},"properties":{"name":" ","functional":"Известный по назначению","purpose":"Сооружение"}},{"type":"Feature","id":"municipal-buildings-78598","geometry":{"type":"Polygon","coordinates":[[[71.6816399,51.108628],[71.6815705,51.1086426],[71.6814941,51.1084991],[71.6815562,51.108486],[71.6816399,51.108628]]]},"properties":{"name":" ","functional":" ","purpose":"Здание"}},{"type":"Feature","id":"municipal-buildings-78599","geometry":{"type":"Polygon","coordinates":[[[71.6789407,51.1069838],[71.6789679,51.1070044],[71.6788579,51.107017],[71.6788476,51.1069844],[71.6789407,51.1069838]]]},"properties":{"name":" ","functional":" ","purpose":"Здание"}},{"type":"Feature","id":"municipal-buildings-78600","geometry":{"type":"Polygon","coordinates":[[[71.6829979,51.1075917],[71.6830318,51.1076509],[71.6829457,51.1076689],[71.6829148,51.1076106],[71.6829979,51.1075917]]]},"properties":{"name":" ","functional":" ","purpose":"Частный дом"}},{"type":"Feature","id":"municipal-buildings-78601","geometry":{"type":"Polygon","coordinates":[[[71.6832239,51.1079374],[71.6831813,51.1079438],[71.6831329,51.1078498],[71.6830888,51.10786],[71.6830265,51.1077719],[71.6831007,51.1077541],[71.683125,51.107812],[71.6831592,51.1078071],[71.6832239,51.1079374]]]},"properties":{"name":" ","functional":" ","purpose":"Здание"}},{"type":"Feature","id":"municipal-buildings-78602","geometry":{"type":"Polygon","coordinates":[[[71.6826889,51.1078696],[71.6826402,51.1078812],[71.6825975,51.1078323],[71.6826578,51.107818],[71.6826889,51.1078696]]]},"properties":{"name":" ","functional":" ","purpose":"Здание"}},{"type":"Feature","id":"municipal-buildings-78603","geometry":{"type":"Polygon","coordinates":[[[71.6864203,51.1064108],[71.6863597,51.1064358],[71.6863344,51.1064114],[71.686395,51.1063865],[71.6864203,51.1064108]]]},"properties":{"name":" ","functional":" ","purpose":"Здание"}},{"type":"Feature","id":"municipal-buildings-78604","geometry":{"type":"Polygon","coordinates":[[[71.682076,51.1074445],[71.6820057,51.1074582],[71.6819814,51.1074089],[71.6820518,51.1073952],[71.682076,51.1074445]]]},"properties":{"name":" ","functional":" ","purpose":"Частный дом"}},{"type":"Feature","id":"municipal-buildings-78605","geometry":{"type":"Polygon","coordinates":[[[71.6969976,51.1095694],[71.6969006,51.1095938],[71.6968636,51.1095355],[71.6969605,51.1095111],[71.6969976,51.1095694]]]},"properties":{"name":" ","functional":"Известный по назначению","purpose":"Хозяйственный корпус"}},{"type":"Feature","id":"municipal-buildings-78606","geometry":{"type":"Polygon","coordinates":[[[71.6972987,51.1093236],[71.6972785,51.1093286],[71.6973766,51.1094791],[71.6971769,51.1095307],[71.6970457,51.1093292],[71.6971585,51.1093001],[71.6971462,51.1092819],[71.6972568,51.1092522],[71.6972987,51.1093236]]]},"properties":{"name":" ","functional":"Административные сооружения","purpose":"Административное здание"}},{"type":"Feature","id":"municipal-buildings-78607","geometry":{"type":"Polygon","coordinates":[[[71.6835504,51.1062084],[71.6834599,51.1062193],[71.6834184,51.1060986],[71.6835085,51.1060849],[71.6835504,51.1062084]]]},"properties":{"name":" ","functional":" ","purpose":"Здание"}},{"type":"Feature","id":"municipal-buildings-78608","geometry":{"type":"Polygon","coordinates":[[[71.6816835,51.105644],[71.6816216,51.1056559],[71.6815318,51.1054319],[71.6816026,51.1054249],[71.6816835,51.105644]]]},"properties":{"name":" ","functional":" ","purpose":"Частный дом"}},{"type":"Feature","id":"municipal-buildings-78609","geometry":{"type":"Polygon","coordinates":[[[71.6794174,51.1063997],[71.6793493,51.1064052],[71.6793441,51.1063793],[71.6794121,51.1063738],[71.6794174,51.1063997]]]},"properties":{"name":" ","functional":" ","purpose":"Здание"}},{"type":"Feature","id":"municipal-buildings-78610","geometry":{"type":"Polygon","coordinates":[[[71.679393,51.1063085],[71.6794018,51.1063599],[71.6793558,51.1063631],[71.679347,51.1063117],[71.679393,51.1063085]]]},"properties":{"name":" ","functional":" ","purpose":"Здание"}},{"type":"Feature","id":"municipal-buildings-78611","geometry":{"type":"Polygon","coordinates":[[[71.679347,51.1063117],[71.679325,51.1063132],[71.6793171,51.1062766],[71.6793835,51.1062646],[71.679393,51.1063085],[71.679347,51.1063117]]]},"properties":{"name":" ","functional":" ","purpose":"Здание"}},{"type":"Feature","id":"municipal-buildings-78612","geometry":{"type":"Polygon","coordinates":[[[71.6797987,51.1065485],[71.6797617,51.1065528],[71.679754,51.1065264],[71.6798735,51.1065124],[71.6798818,51.1065407],[71.6797987,51.1065485]]]},"properties":{"name":" ","functional":" ","purpose":"Здание"}},{"type":"Feature","id":"municipal-buildings-78613","geometry":{"type":"Polygon","coordinates":[[[71.6867252,51.1089838],[71.6866438,51.1089997],[71.6866003,51.108912],[71.6866848,51.1088981],[71.6867252,51.1089838]]]},"properties":{"name":" ","functional":"Известный по назначению","purpose":"Хозяйственный корпус"}},{"type":"Feature","id":"municipal-buildings-78614","geometry":{"type":"Polygon","coordinates":[[[71.6844787,51.1076169],[71.6844354,51.1076276],[71.6843723,51.1075303],[71.6844204,51.1075175],[71.6844787,51.1076169]]]},"properties":{"name":" ","functional":" ","purpose":"Здание"}},{"type":"Feature","id":"municipal-buildings-78615","geometry":{"type":"Polygon","coordinates":[[[71.684208,51.1076014],[71.6842346,51.1076393],[71.6841492,51.107663],[71.6841226,51.1076252],[71.684208,51.1076014]]]},"properties":{"name":" ","functional":" ","purpose":"Здание"}},{"type":"Feature","id":"municipal-buildings-78616","geometry":{"type":"Polygon","coordinates":[[[71.684208,51.1076014],[71.6842001,51.1075905],[71.6843773,51.1075403],[71.6844316,51.1076282],[71.6843481,51.1076474],[71.6843088,51.1075881],[71.6842172,51.1076143],[71.684208,51.1076014]]]},"properties":{"name":" ","functional":" ","purpose":"Здание"}},{"type":"Feature","id":"municipal-buildings-78617","geometry":{"type":"Polygon","coordinates":[[[71.7179319,51.1001559],[71.7179069,51.1002139],[71.717785,51.1001944],[71.7178116,51.1001343],[71.7179319,51.1001559]]]},"properties":{"name":" ","functional":"Административные сооружения","purpose":"База отдыха"}},{"type":"Feature","id":"municipal-buildings-78618","geometry":{"type":"Polygon","coordinates":[[[71.7143879,51.1036538],[71.7143297,51.1036771],[71.7142581,51.1035998],[71.7144497,51.1035036],[71.7145472,51.1035674],[71.7144699,51.1036156],[71.7144846,51.1036312],[71.7143879,51.1036538]]]},"properties":{"name":" ","functional":"Административные сооружения","purpose":"Пост ГИБДД"}},{"type":"Feature","id":"municipal-buildings-78619","geometry":{"type":"Polygon","coordinates":[[[71.716733,51.1014063],[71.7166923,51.101428],[71.7167299,51.1014561],[71.7165931,51.1015287],[71.7165099,51.1014666],[71.7166874,51.1013723],[71.716733,51.1014063]]]},"properties":{"name":" ","functional":"Известный по назначению","purpose":"Сооружение"}},{"type":"Feature","id":"municipal-buildings-78620","geometry":{"type":"Polygon","coordinates":[[[71.7186606,51.1006192],[71.718603,51.10067],[71.7185695,51.1006526],[71.7186262,51.100606],[71.7186606,51.1006192]]]},"properties":{"name":" ","functional":" ","purpose":"Здание"}},{"type":"Feature","id":"municipal-buildings-78621","geometry":{"type":"Polygon","coordinates":[[[71.7189468,51.1005118],[71.718802,51.1005902],[71.7187407,51.1005473],[71.7188799,51.1004667],[71.7189468,51.1005118]]]},"properties":{"name":" ","functional":"Административные сооружения","purpose":"База отдыха"}},{"type":"Feature","id":"municipal-buildings-78622","geometry":{"type":"Polygon","coordinates":[[[71.7190923,51.100421],[71.718965,51.1005008],[71.7186957,51.1003305],[71.718823,51.1002507],[71.7190923,51.100421]]]},"properties":{"name":" ","functional":"Административные сооружения","purpose":"Административное здание"}},{"type":"Feature","id":"municipal-buildings-78623","geometry":{"type":"Polygon","coordinates":[[[71.71874,51.1002737],[71.7186801,51.1003138],[71.718542,51.1002321],[71.7186019,51.100192],[71.71874,51.1002737]]]},"properties":{"name":" ","functional":" ","purpose":"Здание"}},{"type":"Feature","id":"municipal-buildings-78624","geometry":{"type":"Polygon","coordinates":[[[71.7185386,51.1001583],[71.7184811,51.1001988],[71.7183304,51.1001103],[71.7183877,51.1000735],[71.7185386,51.1001583]]]},"properties":{"name":" ","functional":" ","purpose":"Здание"}},{"type":"Feature","id":"municipal-buildings-78625","geometry":{"type":"Polygon","coordinates":[[[71.6844609,51.111678],[71.6844226,51.1116864],[71.6844012,51.1116476],[71.6844395,51.1116392],[71.6844609,51.111678]]]},"properties":{"name":" ","functional":"Известный по назначению","purpose":"АГЗС"}},{"type":"Feature","id":"municipal-buildings-78626","geometry":{"type":"Polygon","coordinates":[[[71.6896699,51.110355],[71.6896218,51.110367],[71.6896516,51.1104165],[71.689512,51.1104523],[71.6894702,51.1103823],[71.6896594,51.1103331],[71.6896699,51.110355]]]},"properties":{"name":" ","functional":"Известный по назначению","purpose":"Шиномонтаж"}},{"type":"Feature","id":"municipal-buildings-78627","geometry":{"type":"Polygon","coordinates":[[[71.6884802,51.1102917],[71.6884552,51.1102507],[71.6885953,51.1102143],[71.6886277,51.1102676],[71.6884802,51.1102917]]]},"properties":{"name":" ","functional":"Административные сооружения","purpose":"Кафе, бар"}},{"type":"Feature","id":"municipal-buildings-78628","geometry":{"type":"Polygon","coordinates":[[[71.6805905,51.1086343],[71.6804995,51.108649],[71.6804874,51.1086194],[71.6805784,51.1086047],[71.6805905,51.1086343]]]},"properties":{"name":" ","functional":" ","purpose":"Здание"}},{"type":"Feature","id":"municipal-buildings-78629","geometry":{"type":"Polygon","coordinates":[[[71.6893641,51.1102599],[71.6893849,51.1102543],[71.6894293,51.1103221],[71.689384,51.1103339],[71.6893398,51.1102662],[71.6893641,51.1102599]]]},"properties":{"name":" ","functional":" ","purpose":"Здание"}},{"type":"Feature","id":"municipal-buildings-78630","geometry":{"type":"Polygon","coordinates":[[[71.6891175,51.1104023],[71.6889276,51.1104491],[71.6888892,51.1103833],[71.6888491,51.1103935],[71.6888168,51.1103468],[71.6890885,51.1102756],[71.6891189,51.1103233],[71.6890753,51.1103354],[71.6890881,51.1103541],[71.6892438,51.1103128],[71.6892753,51.1103606],[71.6891175,51.1104023]]]},"properties":{"name":" ","functional":"Административные сооружения","purpose":"Административное здание"}},{"type":"Feature","id":"municipal-buildings-78631","geometry":{"type":"Polygon","coordinates":[[[71.6893398,51.1102662],[71.6892001,51.1103022],[71.689175,51.1102654],[71.6892004,51.1102572],[71.6890934,51.1100946],[71.6892223,51.1100611],[71.6893641,51.1102599],[71.6893398,51.1102662]]]},"properties":{"name":" ","functional":"Административные сооружения","purpose":"Административное здание"}},{"type":"Feature","id":"municipal-buildings-78632","geometry":{"type":"Polygon","coordinates":[[[71.6888271,51.1104895],[71.6887537,51.1105056],[71.6887751,51.1105416],[71.6885814,51.1105891],[71.6885405,51.1105103],[71.6888043,51.1104455],[71.6888271,51.1104895]]]},"properties":{"name":" ","functional":" ","purpose":"Административное здание"}},{"type":"Feature","id":"municipal-buildings-78633","geometry":{"type":"Polygon","coordinates":[[[71.7181675,51.1010761],[71.7181343,51.1010968],[71.7181069,51.1010792],[71.7181406,51.1010586],[71.7181675,51.1010761]]]},"properties":{"name":" ","functional":"Известный по назначению","purpose":"Проходная, КПП"}},{"type":"Feature","id":"municipal-buildings-78634","geometry":{"type":"Polygon","coordinates":[[[71.7180279,51.100884],[71.7179346,51.100885],[71.7179055,51.1008632],[71.7178204,51.1009026],[71.7178432,51.1007993],[71.7179703,51.1008085],[71.717979,51.1007491],[71.7180548,51.1007541],[71.7180279,51.100884]]]},"properties":{"name":" ","functional":"Административные сооружения","purpose":"Здание"}},{"type":"Feature","id":"municipal-buildings-78635","geometry":{"type":"Polygon","coordinates":[[[71.717654,51.100762],[71.7176216,51.1007926],[71.7175714,51.1007723],[71.7176063,51.1007406],[71.717654,51.100762]]]},"properties":{"name":" ","functional":" ","purpose":"Здание"}},{"type":"Feature","id":"municipal-buildings-78636","geometry":{"type":"Polygon","coordinates":[[[71.7175068,51.100793],[71.7174725,51.1008229],[71.7174283,51.1007977],[71.717468,51.1007696],[71.7175068,51.100793]]]},"properties":{"name":" ","functional":" ","purpose":"Здание"}},{"type":"Feature","id":"municipal-buildings-78637","geometry":{"type":"Polygon","coordinates":[[[71.7187744,51.1001125],[71.7187803,51.1001507],[71.7187418,51.1001512],[71.7187366,51.100112],[71.7187744,51.1001125]]]},"properties":{"name":" ","functional":" ","purpose":"Здание"}},{"type":"Feature","id":"municipal-buildings-78638","geometry":{"type":"Polygon","coordinates":[[[71.7189204,51.1001499],[71.7188921,51.1001708],[71.7188542,51.1001535],[71.7188822,51.1001294],[71.7189204,51.1001499]]]},"properties":{"name":" ","functional":" ","purpose":"Здание"}},{"type":"Feature","id":"municipal-buildings-78639","geometry":{"type":"Polygon","coordinates":[[[71.718014,51.0998856],[71.7181145,51.099914],[71.7180718,51.0999747],[71.7179711,51.0999466],[71.718014,51.0998856]]]},"properties":{"name":" ","functional":"Административные сооружения","purpose":"База отдыха"}},{"type":"Feature","id":"municipal-buildings-78640","geometry":{"type":"Polygon","coordinates":[[[71.6891175,51.1101572],[71.6889406,51.1102022],[71.6889038,51.1101472],[71.6890786,51.1101001],[71.6891175,51.1101572]]]},"properties":{"name":" ","functional":"Административные сооружения","purpose":"Административное здание"}},{"type":"Feature","id":"municipal-buildings-78641","geometry":{"type":"Polygon","coordinates":[[[71.6839105,51.1113401],[71.6838796,51.1113466],[71.6838619,51.1113184],[71.6838952,51.1113114],[71.6839105,51.1113401]]]},"properties":{"name":" ","functional":" ","purpose":"АЗС"}},{"type":"Feature","id":"municipal-buildings-78642","geometry":{"type":"Polygon","coordinates":[[[71.6867549,51.1038615],[71.6867104,51.1038643],[71.6867001,51.1037976],[71.6867454,51.1037951],[71.6867549,51.1038615]]]},"properties":{"name":" ","functional":" ","purpose":"Здание"}},{"type":"Feature","id":"municipal-buildings-78643","geometry":{"type":"Polygon","coordinates":[[[71.6867402,51.103757],[71.686743,51.1037914],[71.6866999,51.1037935],[71.6866958,51.1037554],[71.6867402,51.103757]]]},"properties":{"name":" ","functional":" ","purpose":"Здание"}},{"type":"Feature","id":"municipal-buildings-78644","geometry":{"type":"Polygon","coordinates":[[[71.6877332,51.1038703],[71.6876479,51.1038767],[71.6876339,51.1038029],[71.6877192,51.1037965],[71.6877332,51.1038703]]]},"properties":{"name":" ","functional":" ","purpose":"Здание"}},{"type":"Feature","id":"municipal-buildings-78645","geometry":{"type":"Polygon","coordinates":[[[71.6875592,51.1041144],[71.6874813,51.1041189],[71.6874719,51.1040524],[71.6875475,51.1040475],[71.6875592,51.1041144]]]},"properties":{"name":" ","functional":" ","purpose":"Здание"}},{"type":"Feature","id":"municipal-buildings-78646","geometry":{"type":"Polygon","coordinates":[[[71.6876594,51.1043122],[71.6876192,51.1043153],[71.6876105,51.1042575],[71.6876463,51.1042475],[71.6876594,51.1043122]]]},"properties":{"name":" ","functional":" ","purpose":"Здание"}},{"type":"Feature","id":"municipal-buildings-78647","geometry":{"type":"Polygon","coordinates":[[[71.6859709,51.1033119],[71.6859761,51.1033232],[71.6859118,51.1033322],[71.6858936,51.1032989],[71.6859589,51.1032862],[71.6859709,51.1033119]]]},"properties":{"name":" ","functional":" ","purpose":"Здание"}},{"type":"Feature","id":"municipal-buildings-78648","geometry":{"type":"Polygon","coordinates":[[[71.6852601,51.1034872],[71.6851847,51.1035068],[71.6851634,51.1034746],[71.6852397,51.1034514],[71.6852601,51.1034872]]]},"properties":{"name":" ","functional":" ","purpose":"Частный дом"}},{"type":"Feature","id":"municipal-buildings-78649","geometry":{"type":"Polygon","coordinates":[[[71.6833986,51.1029145],[71.6833624,51.1029314],[71.6832942,51.1028751],[71.6833342,51.1028576],[71.6833986,51.1029145]]]},"properties":{"name":" ","functional":" ","purpose":"Здание"}},{"type":"Feature","id":"municipal-buildings-78650","geometry":{"type":"Polygon","coordinates":[[[71.6839471,51.1030415],[71.6839034,51.1030054],[71.6839309,51.1029927],[71.6839708,51.1030304],[71.6839471,51.1030415]]]},"properties":{"name":" ","functional":" ","purpose":"Здание"}},{"type":"Feature","id":"municipal-buildings-78651","geometry":{"type":"Polygon","coordinates":[[[71.6841363,51.102993],[71.6841997,51.1029619],[71.6843766,51.1031048],[71.6843154,51.1031348],[71.6841363,51.102993]]]},"properties":{"name":" ","functional":" ","purpose":"Здание"}},{"type":"Feature","id":"municipal-buildings-78652","geometry":{"type":"Polygon","coordinates":[[[71.6826644,51.103408],[71.6826744,51.1034425],[71.6826088,51.1034499],[71.6825975,51.1034175],[71.6826644,51.103408]]]},"properties":{"name":" ","functional":" ","purpose":"Здание"}},{"type":"Feature","id":"municipal-buildings-78653","geometry":{"type":"Polygon","coordinates":[[[71.6822354,51.1036454],[71.6821498,51.1036564],[71.6821425,51.1036303],[71.6822277,51.1036191],[71.6822354,51.1036454]]]},"properties":{"name":" ","functional":" ","purpose":"Здание"}},{"type":"Feature","id":"municipal-buildings-78654","geometry":{"type":"Polygon","coordinates":[[[71.6810393,51.1037084],[71.6810065,51.1037212],[71.680969,51.1036814],[71.681006,51.1036685],[71.6810393,51.1037084]]]},"properties":{"name":" ","functional":" ","purpose":"Здание"}},{"type":"Feature","id":"municipal-buildings-78655","geometry":{"type":"Polygon","coordinates":[[[71.6803019,51.1049052],[71.6802604,51.1049121],[71.6802283,51.1048348],[71.6802702,51.1048275],[71.6803019,51.1049052]]]},"properties":{"name":" ","functional":" ","purpose":"Здание"}},{"type":"Feature","id":"municipal-buildings-78656","geometry":{"type":"Polygon","coordinates":[[[71.6802604,51.1049121],[71.680208,51.1049215],[71.6801554,51.104796],[71.6802135,51.1047862],[71.6802604,51.1049121]]]},"properties":{"name":" ","functional":" ","purpose":"Здание"}},{"type":"Feature","id":"municipal-buildings-78657","geometry":{"type":"Polygon","coordinates":[[[71.6815224,51.1045269],[71.6814472,51.1045389],[71.6814137,51.1044585],[71.6814811,51.1044468],[71.6815224,51.1045269]]]},"properties":{"name":" ","functional":" ","purpose":"Здание"}},{"type":"Feature","id":"municipal-buildings-78658","geometry":{"type":"Polygon","coordinates":[[[71.6788959,51.1053127],[71.6788434,51.1053232],[71.6788261,51.1052879],[71.6788759,51.1052768],[71.6788959,51.1053127]]]},"properties":{"name":" ","functional":" ","purpose":"Здание"}},{"type":"Feature","id":"municipal-buildings-78659","geometry":{"type":"Polygon","coordinates":[[[71.6771741,51.1062029],[71.6771594,51.1062313],[71.676661,51.10613],[71.6766762,51.1061007],[71.6771741,51.1062029]]]},"properties":{"name":" ","functional":" ","purpose":"Здание"}},{"type":"Feature","id":"municipal-buildings-78660","geometry":{"type":"Polygon","coordinates":[[[71.6781211,51.1067497],[71.6781545,51.1067533],[71.6781521,51.1068043],[71.6781068,51.1067991],[71.6781211,51.1067497]]]},"properties":{"name":" ","functional":" ","purpose":"Частный дом"}},{"type":"Feature","id":"municipal-buildings-78661","geometry":{"type":"Polygon","coordinates":[[[71.6789494,51.1068249],[71.6788065,51.1068404],[71.6787903,51.1067883],[71.6789351,51.1067716],[71.6789494,51.1068249]]]},"properties":{"name":" ","functional":" ","purpose":"Здание"}},{"type":"Feature","id":"municipal-buildings-78662","geometry":{"type":"Polygon","coordinates":[[[71.6796555,51.106538],[71.6795891,51.1065456],[71.6795834,51.1065197],[71.6796478,51.1065122],[71.6796555,51.106538]]]},"properties":{"name":" ","functional":" ","purpose":"Здание"}},{"type":"Feature","id":"municipal-buildings-78663","geometry":{"type":"Polygon","coordinates":[[[71.6785081,51.1064132],[71.6784948,51.106458],[71.6784559,51.1064526],[71.6784707,51.1064069],[71.6785081,51.1064132]]]},"properties":{"name":" ","functional":" ","purpose":"Здание"}},{"type":"Feature","id":"municipal-buildings-78664","geometry":{"type":"Polygon","coordinates":[[[71.6825866,51.1074014],[71.6825079,51.1074191],[71.6824755,51.1073651],[71.6825646,51.1073439],[71.6825977,51.1073989],[71.6825866,51.1074014]]]},"properties":{"name":" ","functional":" ","purpose":"Здание"}},{"type":"Feature","id":"municipal-buildings-78665","geometry":{"type":"Polygon","coordinates":[[[71.6826865,51.1073789],[71.6825977,51.1073989],[71.6825646,51.1073439],[71.6826522,51.1073231],[71.6826865,51.1073789]]]},"properties":{"name":" ","functional":" ","purpose":"Здание"}},{"type":"Feature","id":"municipal-buildings-78666","geometry":{"type":"Polygon","coordinates":[[[71.682636,51.1074548],[71.6826176,51.1074592],[71.6825866,51.1074014],[71.6826865,51.1073789],[71.6827212,51.1074356],[71.682636,51.1074548]]]},"properties":{"name":" ","functional":" ","purpose":"Здание"}},{"type":"Feature","id":"municipal-buildings-78667","geometry":{"type":"Polygon","coordinates":[[[71.6826654,51.1072628],[71.6826333,51.1072707],[71.6826007,51.1072093],[71.682635,51.1072032],[71.6826654,51.1072628]]]},"properties":{"name":" ","functional":" ","purpose":"Здание"}},{"type":"Feature","id":"municipal-buildings-78668","geometry":{"type":"Polygon","coordinates":[[[71.6865829,51.1069512],[71.6866065,51.1069727],[71.6865496,51.1069989],[71.6865227,51.1069758],[71.6865829,51.1069512]]]},"properties":{"name":" ","functional":" ","purpose":"Здание"}},{"type":"Feature","id":"municipal-buildings-78669","geometry":{"type":"Polygon","coordinates":[[[71.6824565,51.1081525],[71.6823935,51.1081666],[71.6823754,51.1081356],[71.6824383,51.1081209],[71.6824565,51.1081525]]]},"properties":{"name":" ","functional":"Частные дома","purpose":"Здание"}},{"type":"Feature","id":"municipal-buildings-78670","geometry":{"type":"Polygon","coordinates":[[[71.6809487,51.1086781],[71.6809552,51.1086934],[71.6808565,51.10871],[71.6808472,51.1086903],[71.6809487,51.1086781]]]},"properties":{"name":" ","functional":" ","purpose":"Здание"}},{"type":"Feature","id":"municipal-buildings-78671","geometry":{"type":"Polygon","coordinates":[[[71.6808472,51.1086903],[71.6808006,51.108699],[71.6807883,51.10867],[71.6809346,51.1086447],[71.6809487,51.1086781],[71.6808472,51.1086903]]]},"properties":{"name":" ","functional":"Частные дома","purpose":"Частный дом"}},{"type":"Feature","id":"municipal-buildings-78672","geometry":{"type":"Polygon","coordinates":[[[71.6784593,51.1079738],[71.6784633,51.1080156],[71.6784188,51.1080169],[71.6784171,51.1079469],[71.6784504,51.1079431],[71.6784593,51.1079738]]]},"properties":{"name":" ","functional":" ","purpose":"Здание"}},{"type":"Feature","id":"municipal-buildings-78673","geometry":{"type":"Polygon","coordinates":[[[71.6783536,51.108276],[71.6783575,51.1083309],[71.6783152,51.1083305],[71.6783112,51.1082767],[71.6783536,51.108276]]]},"properties":{"name":" ","functional":" ","purpose":"Здание"}},{"type":"Feature","id":"municipal-buildings-78674","geometry":{"type":"Polygon","coordinates":[[[71.6783112,51.1082767],[71.6783152,51.1083305],[71.6782677,51.1083302],[71.6782629,51.1082776],[71.6783112,51.1082767]]]},"properties":{"name":" ","functional":" ","purpose":"Здание"}},{"type":"Feature","id":"municipal-buildings-78675","geometry":{"type":"Polygon","coordinates":[[[71.6782629,51.1082776],[71.6782677,51.1083302],[71.6782114,51.1083297],[71.6782046,51.1082761],[71.6782629,51.1082776]]]},"properties":{"name":" ","functional":" ","purpose":"Здание"}},{"type":"Feature","id":"municipal-buildings-78676","geometry":{"type":"Polygon","coordinates":[[[71.6834551,51.1043663],[71.6833454,51.1043856],[71.6833223,51.1043307],[71.6834328,51.1043125],[71.6834551,51.1043663]]]},"properties":{"name":" ","functional":" ","purpose":"Здание"}},{"type":"Feature","id":"municipal-buildings-78677","geometry":{"type":"Polygon","coordinates":[[[71.6833415,51.1043764],[71.6832332,51.1043967],[71.6832174,51.1043587],[71.6833265,51.1043407],[71.6833415,51.1043764]]]},"properties":{"name":" ","functional":"Частные дома","purpose":"Здание"}},{"type":"Feature","id":"municipal-buildings-78678","geometry":{"type":"Polygon","coordinates":[[[71.6834527,51.1043606],[71.6835028,51.1043523],[71.6834824,51.1043036],[71.6835519,51.1042916],[71.6835983,51.1044071],[71.6834803,51.1044265],[71.6834527,51.1043606]]]},"properties":{"name":" ","functional":"Частные дома","purpose":"Здание"}},{"type":"Feature","id":"municipal-buildings-78679","geometry":{"type":"Polygon","coordinates":[[[71.6833004,51.1043149],[71.6832538,51.1043268],[71.6832352,51.1042845],[71.6832838,51.1042766],[71.6833004,51.1043149]]]},"properties":{"name":" ","functional":" ","purpose":"Здание"}},{"type":"Feature","id":"municipal-buildings-78680","geometry":{"type":"Polygon","coordinates":[[[71.6833265,51.1043407],[71.6832548,51.1043525],[71.6832434,51.1043256],[71.6833195,51.104313],[71.6833265,51.1043407]]]},"properties":{"name":" ","functional":" ","purpose":"Здание"}},{"type":"Feature","id":"municipal-buildings-78681","geometry":{"type":"Polygon","coordinates":[[[71.6839837,51.1044463],[71.6839412,51.104453],[71.6838997,51.1043371],[71.6839414,51.1043308],[71.6839837,51.1044463]]]},"properties":{"name":" ","functional":" ","purpose":"Частный дом"}},{"type":"Feature","id":"municipal-buildings-78682","geometry":{"type":"Polygon","coordinates":[[[71.6839559,51.1042851],[71.6839122,51.1042915],[71.6838917,51.104238],[71.6839368,51.1042332],[71.6839559,51.1042851]]]},"properties":{"name":" ","functional":" ","purpose":"Здание"}},{"type":"Feature","id":"municipal-buildings-78683","geometry":{"type":"Polygon","coordinates":[[[71.6835061,51.1041433],[71.6833731,51.1041585],[71.6833658,51.1041288],[71.6834954,51.1041166],[71.6835061,51.1041433]]]},"properties":{"name":" ","functional":" ","purpose":"Здание"}},{"type":"Feature","id":"municipal-buildings-78684","geometry":{"type":"Polygon","coordinates":[[[71.6828943,51.1043174],[71.6828175,51.1043246],[71.6827961,51.1042231],[71.6828705,51.104217],[71.6828943,51.1043174]]]},"properties":{"name":" ","functional":" ","purpose":"Здание"}},{"type":"Feature","id":"municipal-buildings-78685","geometry":{"type":"Polygon","coordinates":[[[71.6830513,51.1041465],[71.6830112,51.1041521],[71.6829997,51.1041148],[71.6830396,51.104111],[71.6830513,51.1041465]]]},"properties":{"name":" ","functional":" ","purpose":"Здание"}},{"type":"Feature","id":"municipal-buildings-78686","geometry":{"type":"Polygon","coordinates":[[[71.6831399,51.1042612],[71.6830521,51.104271],[71.6830112,51.1041521],[71.6830587,51.1041453],[71.6830759,51.1042025],[71.6831198,51.1041987],[71.6831399,51.1042612]]]},"properties":{"name":" ","functional":" ","purpose":"Здание"}},{"type":"Feature","id":"municipal-buildings-78687","geometry":{"type":"Polygon","coordinates":[[[71.6830617,51.1041553],[71.6831323,51.1041473],[71.6831411,51.1041877],[71.6831828,51.1041838],[71.6832016,51.1042571],[71.6831405,51.1042644],[71.6831198,51.1041987],[71.6830759,51.1042025],[71.6830617,51.1041553]]]},"properties":{"name":" ","functional":" ","purpose":"Здание"}},{"type":"Feature","id":"municipal-buildings-78688","geometry":{"type":"Polygon","coordinates":[[[71.6811372,51.1045314],[71.6810856,51.1045402],[71.6810537,51.1044644],[71.681104,51.1044566],[71.6811372,51.1045314]]]},"properties":{"name":" ","functional":" ","purpose":"Здание"}},{"type":"Feature","id":"municipal-buildings-78689","geometry":{"type":"Polygon","coordinates":[[[71.680705,51.1061797],[71.680631,51.1061921],[71.6806227,51.1061657],[71.6807031,51.1061568],[71.680705,51.1061797]]]},"properties":{"name":" ","functional":" ","purpose":"Здание"}},{"type":"Feature","id":"municipal-buildings-78690","geometry":{"type":"Polygon","coordinates":[[[71.6807371,51.1061758],[71.680705,51.1061797],[71.6807031,51.1061568],[71.6807395,51.1061431],[71.6807466,51.1061746],[71.6807371,51.1061758]]]},"properties":{"name":" ","functional":" ","purpose":"Здание"}},{"type":"Feature","id":"municipal-buildings-78691","geometry":{"type":"Polygon","coordinates":[[[71.6807439,51.1061627],[71.6808044,51.1061559],[71.6808128,51.1061807],[71.6807407,51.1061905],[71.6807439,51.1061627]]]},"properties":{"name":" ","functional":" ","purpose":"Здание"}},{"type":"Feature","id":"municipal-buildings-78692","geometry":{"type":"Polygon","coordinates":[[[71.682797,51.1071655],[71.6827359,51.1071792],[71.682711,51.1071333],[71.682772,51.1071208],[71.682797,51.1071655]]]},"properties":{"name":" ","functional":" ","purpose":"Здание"}},{"type":"Feature","id":"municipal-buildings-78693","geometry":{"type":"Polygon","coordinates":[[[71.6852484,51.105718],[71.6851949,51.1057226],[71.6851831,51.105665],[71.6852339,51.1056598],[71.6852484,51.105718]]]},"properties":{"name":" ","functional":"Частные дома","purpose":"Здание"}},{"type":"Feature","id":"municipal-buildings-78694","geometry":{"type":"Polygon","coordinates":[[[71.6852095,51.1055991],[71.68521,51.1056099],[71.685171,51.1056133],[71.6851593,51.105569],[71.685201,51.1055649],[71.6852095,51.1055991]]]},"properties":{"name":" ","functional":" ","purpose":"Здание"}},{"type":"Feature","id":"municipal-buildings-78695","geometry":{"type":"Polygon","coordinates":[[[71.6832278,51.1076968],[71.6831824,51.107707],[71.6831715,51.1076875],[71.6832159,51.107677],[71.6832278,51.1076968]]]},"properties":{"name":" ","functional":" ","purpose":"Здание"}},{"type":"Feature","id":"municipal-buildings-78696","geometry":{"type":"Polygon","coordinates":[[[71.6832159,51.107677],[71.6831715,51.1076875],[71.6831196,51.1075952],[71.6831776,51.1075823],[71.6832308,51.1076731],[71.6832159,51.107677]]]},"properties":{"name":" ","functional":"Частные дома","purpose":"Здание"}},{"type":"Feature","id":"municipal-buildings-78697","geometry":{"type":"Polygon","coordinates":[[[71.6866119,51.1070755],[71.6865518,51.1070988],[71.6864928,51.1070384],[71.6865529,51.1070151],[71.6866119,51.1070755]]]},"properties":{"name":" ","functional":" ","purpose":"Здание"}},{"type":"Feature","id":"municipal-buildings-78698","geometry":{"type":"Polygon","coordinates":[[[71.686701,51.1069852],[71.6866742,51.1069985],[71.6866516,51.1069744],[71.686676,51.1069638],[71.686701,51.1069852]]]},"properties":{"name":" ","functional":" ","purpose":"Здание"}},{"type":"Feature","id":"municipal-buildings-78699","geometry":{"type":"MultiPolygon","coordinates":[[[[71.6861106,51.1069576],[71.6861104,51.1069575],[71.6861106,51.1069576],[71.6861106,51.1069576]]],[[[71.6861106,51.1069576],[71.6862054,51.1070412],[71.6861739,51.1070564],[71.6860771,51.1069712],[71.6861106,51.1069576]]]]},"properties":{"name":" ","functional":" ","purpose":"Здание"}},{"type":"Feature","id":"municipal-buildings-78700","geometry":{"type":"Polygon","coordinates":[[[71.6832939,51.1061898],[71.6832401,51.1061937],[71.6832312,51.1061651],[71.6832846,51.1061593],[71.6832939,51.1061898]]]},"properties":{"name":" ","functional":" ","purpose":"Здание"}},{"type":"Feature","id":"municipal-buildings-78701","geometry":{"type":"Polygon","coordinates":[[[71.6855468,51.1060207],[71.6855586,51.1060439],[71.6855282,51.1060641],[71.6854921,51.1059699],[71.6855321,51.1059661],[71.6855468,51.1060207]]]},"properties":{"name":" ","functional":" ","purpose":"Частный дом"}},{"type":"Feature","id":"municipal-buildings-78702","geometry":{"type":"Polygon","coordinates":[[[71.6854121,51.1056895],[71.6853284,51.1056963],[71.6852984,51.1055501],[71.6853821,51.1055433],[71.6854121,51.1056895]]]},"properties":{"name":" ","functional":" ","purpose":"Здание"}},{"type":"Feature","id":"municipal-buildings-78703","geometry":{"type":"Polygon","coordinates":[[[71.6769668,51.1067909],[71.6769099,51.1068856],[71.6768782,51.1068783],[71.6769335,51.1067819],[71.6769668,51.1067909]]]},"properties":{"name":" ","functional":" ","purpose":"Здание"}},{"type":"Feature","id":"municipal-buildings-78704","geometry":{"type":"Polygon","coordinates":[[[71.684904,51.1037826],[71.6849265,51.1038291],[71.6848422,51.1038444],[71.6848196,51.1037974],[71.684904,51.1037826]]]},"properties":{"name":" ","functional":" ","purpose":"Здание"}},{"type":"Feature","id":"municipal-buildings-78705","geometry":{"type":"Polygon","coordinates":[[[71.6857015,51.1045842],[71.685556,51.1046022],[71.6855419,51.1045525],[71.6856952,51.1045348],[71.6857015,51.1045842]]]},"properties":{"name":" ","functional":" ","purpose":"Здание"}},{"type":"Feature","id":"municipal-buildings-78706","geometry":{"type":"Polygon","coordinates":[[[71.6857623,51.1046491],[71.6857194,51.1046532],[71.6857015,51.1045842],[71.6857453,51.10458],[71.6857623,51.1046491]]]},"properties":{"name":" ","functional":"Частные дома","purpose":"Здание"}},{"type":"Feature","id":"municipal-buildings-78707","geometry":{"type":"Polygon","coordinates":[[[71.6855923,51.1046338],[71.6855689,51.1046362],[71.685556,51.1046022],[71.6857015,51.1045842],[71.6857112,51.1046217],[71.6855923,51.1046338]]]},"properties":{"name":" ","functional":" ","purpose":"Здание"}},{"type":"Feature","id":"municipal-buildings-78708","geometry":{"type":"Polygon","coordinates":[[[71.6857194,51.1046532],[71.6856815,51.1046571],[71.6856762,51.1046417],[71.6855975,51.1046501],[71.6855923,51.1046338],[71.6857112,51.1046217],[71.6857194,51.1046532]]]},"properties":{"name":" ","functional":" ","purpose":"Здание"}},{"type":"Feature","id":"municipal-buildings-78709","geometry":{"type":"Polygon","coordinates":[[[71.6819805,51.1097342],[71.681936,51.1097372],[71.681932,51.1097189],[71.6819779,51.109715],[71.6819805,51.1097342]]]},"properties":{"name":" ","functional":" ","purpose":"Здание"}},{"type":"Feature","id":"municipal-buildings-78710","geometry":{"type":"Polygon","coordinates":[[[71.6830194,51.1090121],[71.682987,51.1090171],[71.6829767,51.1089955],[71.6830101,51.1089899],[71.6830194,51.1090121]]]},"properties":{"name":" ","functional":" ","purpose":"Здание"}},{"type":"Feature","id":"municipal-buildings-78711","geometry":{"type":"Polygon","coordinates":[[[71.6830968,51.1089995],[71.6830401,51.109008],[71.6830324,51.1089855],[71.6830865,51.1089764],[71.6830968,51.1089995]]]},"properties":{"name":" ","functional":" ","purpose":"Здание"}},{"type":"Feature","id":"municipal-buildings-78712","geometry":{"type":"Polygon","coordinates":[[[71.6826828,51.1086392],[71.6826308,51.1086485],[71.6826175,51.1086194],[71.6826705,51.1086122],[71.6826828,51.1086392]]]},"properties":{"name":" ","functional":" ","purpose":"Здание"}},{"type":"Feature","id":"municipal-buildings-78713","geometry":{"type":"Polygon","coordinates":[[[71.680573,51.1081102],[71.6805273,51.1081179],[71.6805191,51.1080984],[71.6805648,51.1080907],[71.680573,51.1081102]]]},"properties":{"name":" ","functional":" ","purpose":"Здание"}},{"type":"Feature","id":"municipal-buildings-78714","geometry":{"type":"Polygon","coordinates":[[[71.6821076,51.105216],[71.682066,51.105223],[71.6820455,51.1051732],[71.68209,51.1051672],[71.6821076,51.105216]]]},"properties":{"name":" ","functional":" ","purpose":"Здание"}},{"type":"Feature","id":"municipal-buildings-78715","geometry":{"type":"Polygon","coordinates":[[[71.6807269,51.1079871],[71.6806971,51.1079918],[71.6806801,51.1079495],[71.6807099,51.1079448],[71.6807269,51.1079871]]]},"properties":{"name":" ","functional":" ","purpose":"Здание"}},{"type":"Feature","id":"municipal-buildings-78716","geometry":{"type":"Polygon","coordinates":[[[71.6801463,51.1078871],[71.6800639,51.1079025],[71.6800519,51.107877],[71.6801343,51.1078616],[71.6801463,51.1078871]]]},"properties":{"name":" ","functional":" ","purpose":"Здание"}},{"type":"Feature","id":"municipal-buildings-78717","geometry":{"type":"Polygon","coordinates":[[[71.6829979,51.1075917],[71.6829158,51.1076104],[71.6829045,51.1075928],[71.6829878,51.1075731],[71.6829979,51.1075917]]]},"properties":{"name":" ","functional":" ","purpose":"Здание"}},{"type":"Feature","id":"municipal-buildings-78718","geometry":{"type":"Polygon","coordinates":[[[71.6852207,51.1073238],[71.6851882,51.1073427],[71.6851585,51.1073225],[71.6851899,51.1073043],[71.6852207,51.1073238]]]},"properties":{"name":" ","functional":" ","purpose":"Здание"}},{"type":"Feature","id":"municipal-buildings-78719","geometry":{"type":"Polygon","coordinates":[[[71.6822082,51.1070471],[71.6824079,51.1070042],[71.6824228,51.1070253],[71.6823702,51.1070383],[71.6824342,51.1071512],[71.6823647,51.1071686],[71.6823925,51.1072124],[71.6823207,51.1072304],[71.6822082,51.1070471]]]},"properties":{"name":" ","functional":" ","purpose":"Здание"}},{"type":"Feature","id":"municipal-buildings-78720","geometry":{"type":"Polygon","coordinates":[[[71.6805206,51.1072158],[71.6804764,51.1072254],[71.6804548,51.1071891],[71.6804991,51.1071796],[71.6805206,51.1072158]]]},"properties":{"name":" ","functional":" ","purpose":"Здание"}},{"type":"Feature","id":"municipal-buildings-78721","geometry":{"type":"Polygon","coordinates":[[[71.6794639,51.1073013],[71.6794277,51.1073082],[71.6794097,51.107274],[71.6794484,51.1072666],[71.6794639,51.1073013]]]},"properties":{"name":" ","functional":" ","purpose":"Здание"}},{"type":"Feature","id":"municipal-buildings-78722","geometry":{"type":"Polygon","coordinates":[[[71.6850968,51.1070325],[71.6850667,51.1070465],[71.6850465,51.1070294],[71.6850767,51.1070148],[71.6850968,51.1070325]]]},"properties":{"name":" ","functional":" ","purpose":"Здание"}},{"type":"Feature","id":"municipal-buildings-78723","geometry":{"type":"Polygon","coordinates":[[[71.7179429,51.1005574],[71.7178688,51.1005326],[71.717882,51.1005154],[71.7178518,51.1005037],[71.7178926,51.1004582],[71.7180291,51.1005063],[71.7179883,51.1005511],[71.7179603,51.100542],[71.7179429,51.1005574]]]},"properties":{"name":" ","functional":"Административные сооружения","purpose":"База отдыха"}},{"type":"Feature","id":"municipal-buildings-78724","geometry":{"type":"Polygon","coordinates":[[[71.718014,51.0998856],[71.7179887,51.0999215],[71.7179431,51.0999088],[71.7179681,51.0998732],[71.718014,51.0998856]]]},"properties":{"name":" ","functional":" ","purpose":"Здание"}},{"type":"Feature","id":"municipal-buildings-78725","geometry":{"type":"Polygon","coordinates":[[[71.7179562,51.0998714],[71.7179294,51.0999086],[71.7178679,51.0998911],[71.7178947,51.0998537],[71.7179562,51.0998714]]]},"properties":{"name":" ","functional":" ","purpose":"Здание"}},{"type":"Feature","id":"municipal-buildings-78726","geometry":{"type":"Polygon","coordinates":[[[71.6796597,51.1069219],[71.679591,51.1069299],[71.67958,51.1068965],[71.6796492,51.1068874],[71.6796597,51.1069219]]]},"properties":{"name":" ","functional":" ","purpose":"Здание"}},{"type":"Feature","id":"municipal-buildings-78727","geometry":{"type":"Polygon","coordinates":[[[71.6793797,51.1053594],[71.6793406,51.1053683],[71.6793248,51.1053398],[71.6793636,51.1053309],[71.6793797,51.1053594]]]},"properties":{"name":" ","functional":" ","purpose":"Здание"}},{"type":"Feature","id":"municipal-buildings-78728","geometry":{"type":"Polygon","coordinates":[[[71.6805124,51.1067579],[71.6804658,51.1067647],[71.680457,51.1067421],[71.680505,51.106733],[71.6805124,51.1067579]]]},"properties":{"name":" ","functional":"Административные сооружения","purpose":"Здание"}},{"type":"Feature","id":"municipal-buildings-78729","geometry":{"type":"Polygon","coordinates":[[[71.6846656,51.1067066],[71.6846229,51.1067158],[71.6846092,51.1066866],[71.6846538,51.1066779],[71.6846656,51.1067066]]]},"properties":{"name":" ","functional":" ","purpose":"Здание"}},{"type":"Feature","id":"municipal-buildings-78730","geometry":{"type":"Polygon","coordinates":[[[71.6854657,51.1067092],[71.6854207,51.1067298],[71.6854008,51.1066997],[71.6854493,51.1066816],[71.6854657,51.1067092]]]},"properties":{"name":" ","functional":" ","purpose":"Здание"}},{"type":"Feature","id":"municipal-buildings-78731","geometry":{"type":"Polygon","coordinates":[[[71.6853922,51.1066016],[71.6853576,51.1066105],[71.6853301,51.1065696],[71.6853646,51.10656],[71.6853922,51.1066016]]]},"properties":{"name":" ","functional":" ","purpose":"Здание"}},{"type":"Feature","id":"municipal-buildings-78732","geometry":{"type":"Polygon","coordinates":[[[71.6866549,51.1066051],[71.6866186,51.1066209],[71.6865801,51.1065866],[71.6866164,51.1065709],[71.6866549,51.1066051]]]},"properties":{"name":" ","functional":" ","purpose":"Здание"}},{"type":"Feature","id":"municipal-buildings-78733","geometry":{"type":"Polygon","coordinates":[[[71.6865202,51.1064196],[71.6864884,51.106437],[71.6864302,51.1063968],[71.6864614,51.1063787],[71.6865202,51.1064196]]]},"properties":{"name":" ","functional":" ","purpose":"Здание"}},{"type":"Feature","id":"municipal-buildings-78734","geometry":{"type":"Polygon","coordinates":[[[71.6836895,51.1061438],[71.6836757,51.1061061],[71.6837223,51.1060976],[71.6837551,51.1061891],[71.6837084,51.1061955],[71.6836895,51.1061438]]]},"properties":{"name":" ","functional":" ","purpose":"Здание"}},{"type":"Feature","id":"municipal-buildings-78735","geometry":{"type":"Polygon","coordinates":[[[71.6837021,51.1061783],[71.6836661,51.1061838],[71.6836556,51.1061483],[71.6836895,51.1061438],[71.6837021,51.1061783]]]},"properties":{"name":" ","functional":" ","purpose":"Здание"}},{"type":"Feature","id":"municipal-buildings-78736","geometry":{"type":"Polygon","coordinates":[[[71.686221,51.1059546],[71.6861458,51.1059599],[71.6861377,51.1059122],[71.6862132,51.105907],[71.686221,51.1059546]]]},"properties":{"name":" ","functional":" ","purpose":"Здание"}},{"type":"Feature","id":"municipal-buildings-78737","geometry":{"type":"Polygon","coordinates":[[[71.6861549,51.1059993],[71.6861241,51.106],[71.6861219,51.1059766],[71.6861523,51.1059755],[71.6861549,51.1059993]]]},"properties":{"name":" ","functional":" ","purpose":"Здание"}},{"type":"Feature","id":"municipal-buildings-78738","geometry":{"type":"Polygon","coordinates":[[[71.686251,51.1061153],[71.6862073,51.1061184],[71.6861923,51.1060763],[71.6862383,51.1060715],[71.686251,51.1061153]]]},"properties":{"name":" ","functional":" ","purpose":"Здание"}},{"type":"Feature","id":"municipal-buildings-78739","geometry":{"type":"Polygon","coordinates":[[[71.6857352,51.1056636],[71.6856705,51.1056686],[71.6856678,51.10564],[71.68573,51.1056349],[71.6857352,51.1056636]]]},"properties":{"name":" ","functional":" ","purpose":"Здание"}},{"type":"Feature","id":"municipal-buildings-78740","geometry":{"type":"Polygon","coordinates":[[[71.6844101,51.1057373],[71.6842925,51.1057489],[71.6842789,51.1057135],[71.6843991,51.1057015],[71.6844101,51.1057373]]]},"properties":{"name":" ","functional":" ","purpose":"Здание"}},{"type":"Feature","id":"municipal-buildings-78741","geometry":{"type":"Polygon","coordinates":[[[71.6841573,51.105676],[71.6841048,51.1056823],[71.6840991,51.1056572],[71.6841529,51.1056517],[71.6841573,51.105676]]]},"properties":{"name":" ","functional":" ","purpose":"Здание"}},{"type":"Feature","id":"municipal-buildings-78742","geometry":{"type":"Polygon","coordinates":[[[71.6825215,51.1054861],[71.6825406,51.1054865],[71.6825548,51.1055413],[71.6824909,51.1055478],[71.6824686,51.1054593],[71.6825128,51.1054538],[71.6825215,51.1054861]]]},"properties":{"name":" ","functional":" ","purpose":"Здание"}},{"type":"Feature","id":"municipal-buildings-78743","geometry":{"type":"Polygon","coordinates":[[[71.6827961,51.1055391],[71.6828033,51.1055562],[71.6827794,51.1055605],[71.682772,51.1055425],[71.6827961,51.1055391]]]},"properties":{"name":" ","functional":" ","purpose":"Здание"}},{"type":"Feature","id":"municipal-buildings-78744","geometry":{"type":"Polygon","coordinates":[[[71.6827961,51.1055391],[71.682772,51.1055425],[71.6827593,51.1055093],[71.6827897,51.105503],[71.6827961,51.1055391]]]},"properties":{"name":" ","functional":" ","purpose":"Здание"}},{"type":"Feature","id":"municipal-buildings-78745","geometry":{"type":"Polygon","coordinates":[[[71.6807606,51.1056015],[71.6807079,51.1056055],[71.6806963,51.1055651],[71.6807517,51.1055617],[71.6807606,51.1056015]]]},"properties":{"name":" ","functional":" ","purpose":"Здание"}},{"type":"Feature","id":"municipal-buildings-78746","geometry":{"type":"Polygon","coordinates":[[[71.680712,51.1053542],[71.6806917,51.105356],[71.6806849,51.1053369],[71.6807049,51.1053343],[71.680712,51.1053542]]]},"properties":{"name":" ","functional":" ","purpose":"Здание"}},{"type":"Feature","id":"municipal-buildings-78747","geometry":{"type":"Polygon","coordinates":[[[71.6807374,51.1054237],[71.6806994,51.1054287],[71.6806806,51.105376],[71.6807178,51.1053706],[71.6807374,51.1054237]]]},"properties":{"name":" ","functional":" ","purpose":"Здание"}},{"type":"Feature","id":"municipal-buildings-78748","geometry":{"type":"Polygon","coordinates":[[[71.6807501,51.1054595],[71.6807108,51.1054638],[71.6807051,51.1054454],[71.6807441,51.1054407],[71.6807501,51.1054595]]]},"properties":{"name":" ","functional":" ","purpose":"Здание"}},{"type":"Feature","id":"municipal-buildings-78749","geometry":{"type":"Polygon","coordinates":[[[71.683146,51.1052712],[71.6830884,51.1052792],[71.6830809,51.1052509],[71.6831377,51.105244],[71.683146,51.1052712]]]},"properties":{"name":" ","functional":"Частные дома","purpose":"Здание"}},{"type":"Feature","id":"municipal-buildings-78750","geometry":{"type":"Polygon","coordinates":[[[71.6833244,51.1052464],[71.6832186,51.1052611],[71.6832086,51.1052355],[71.6833437,51.1052157],[71.6833513,51.1052416],[71.6833244,51.1052464]]]},"properties":{"name":" ","functional":" ","purpose":"Здание"}},{"type":"Feature","id":"municipal-buildings-78751","geometry":{"type":"Polygon","coordinates":[[[71.6831377,51.105244],[71.6830932,51.1052494],[71.6830759,51.1052061],[71.6831812,51.1051917],[71.6831981,51.1052324],[71.6831377,51.105244]]]},"properties":{"name":" ","functional":" ","purpose":"Здание"}},{"type":"Feature","id":"municipal-buildings-78752","geometry":{"type":"Polygon","coordinates":[[[71.6831812,51.1051917],[71.6830825,51.1052052],[71.6830388,51.1050808],[71.6830826,51.105074],[71.6831094,51.1051529],[71.6831745,51.1051412],[71.6831541,51.1050862],[71.6831635,51.1050842],[71.6831544,51.10506],[71.683174,51.1050567],[71.6831508,51.1049969],[71.6832349,51.1049858],[71.6833088,51.105166],[71.6831812,51.1051917]]]},"properties":{"name":" ","functional":" ","purpose":"Здание"}},{"type":"Feature","id":"municipal-buildings-78753","geometry":{"type":"Polygon","coordinates":[[[71.6830388,51.1050808],[71.6830241,51.1050569],[71.6830444,51.1050535],[71.6830562,51.1050781],[71.6830388,51.1050808]]]},"properties":{"name":" ","functional":" ","purpose":"Здание"}},{"type":"Feature","id":"municipal-buildings-78754","geometry":{"type":"Polygon","coordinates":[[[71.6843077,51.1052622],[71.6843219,51.1052948],[71.6842885,51.1053006],[71.6842744,51.1052679],[71.6843077,51.1052622]]]},"properties":{"name":" ","functional":" ","purpose":"Здание"}},{"type":"Feature","id":"municipal-buildings-78755","geometry":{"type":"Polygon","coordinates":[[[71.6843015,51.1052477],[71.684333,51.1052407],[71.6843425,51.1052571],[71.684312,51.1052641],[71.6843015,51.1052477]]]},"properties":{"name":" ","functional":" ","purpose":"Здание"}},{"type":"Feature","id":"municipal-buildings-78756","geometry":{"type":"Polygon","coordinates":[[[71.6838404,51.1050756],[71.6836468,51.1051064],[71.6836337,51.1050683],[71.6838238,51.1050245],[71.6838404,51.1050756]]]},"properties":{"name":" ","functional":" ","purpose":"Здание"}},{"type":"Feature","id":"municipal-buildings-78757","geometry":{"type":"Polygon","coordinates":[[[71.6836483,51.1047581],[71.6835911,51.1047678],[71.6835667,51.1047153],[71.6836283,51.1047045],[71.6836483,51.1047581]]]},"properties":{"name":" ","functional":" ","purpose":"Частный дом"}},{"type":"Feature","id":"municipal-buildings-78758","geometry":{"type":"Polygon","coordinates":[[[71.6927185,51.1045182],[71.6926675,51.1045243],[71.6926593,51.1045004],[71.6927135,51.104494],[71.6927185,51.1045182]]]},"properties":{"name":" ","functional":" ","purpose":"Здание"}},{"type":"Feature","id":"municipal-buildings-78759","geometry":{"type":"Polygon","coordinates":[[[71.6860446,51.1045913],[71.6860004,51.1045987],[71.6859924,51.1045734],[71.6860359,51.1045675],[71.6860446,51.1045913]]]},"properties":{"name":" ","functional":" ","purpose":"Здание"}},{"type":"Feature","id":"municipal-buildings-78760","geometry":{"type":"Polygon","coordinates":[[[71.6842978,51.1046321],[71.6842767,51.1046344],[71.6842695,51.1046089],[71.6843777,51.1045966],[71.6843814,51.1046184],[71.6842978,51.1046321]]]},"properties":{"name":" ","functional":" ","purpose":"Здание"}},{"type":"Feature","id":"municipal-buildings-78761","geometry":{"type":"Polygon","coordinates":[[[71.6839694,51.104749],[71.6839208,51.1047551],[71.6839151,51.1047314],[71.6839634,51.1047267],[71.6839694,51.104749]]]},"properties":{"name":" ","functional":" ","purpose":"Здание"}},{"type":"Feature","id":"municipal-buildings-78762","geometry":{"type":"Polygon","coordinates":[[[71.6849437,51.1041858],[71.6848968,51.10419],[71.6848829,51.1041297],[71.6849288,51.1041247],[71.6849437,51.1041858]]]},"properties":{"name":" ","functional":" ","purpose":"Здание"}},{"type":"Feature","id":"municipal-buildings-78763","geometry":{"type":"Polygon","coordinates":[[[71.6939849,51.104331],[71.6939274,51.1043418],[71.6939111,51.1043042],[71.6939701,51.1042925],[71.6939849,51.104331]]]},"properties":{"name":" ","functional":" ","purpose":"Здание"}},{"type":"Feature","id":"municipal-buildings-78764","geometry":{"type":"Polygon","coordinates":[[[71.6935389,51.1046184],[71.6934976,51.1046288],[71.69347,51.104589],[71.6935157,51.1045794],[71.6935389,51.1046184]]]},"properties":{"name":" ","functional":" ","purpose":"Частный дом"}},{"type":"Feature","id":"municipal-buildings-78765","geometry":{"type":"Polygon","coordinates":[[[71.6823083,51.1038643],[71.6822611,51.1038713],[71.6822507,51.1038394],[71.6822991,51.1038336],[71.6823083,51.1038643]]]},"properties":{"name":" ","functional":" ","purpose":"Здание"}},{"type":"Feature","id":"municipal-buildings-78766","geometry":{"type":"Polygon","coordinates":[[[71.6852658,51.1036507],[71.6851742,51.1036649],[71.685153,51.1036284],[71.6852489,51.1036109],[71.6852658,51.1036507]]]},"properties":{"name":" ","functional":" ","purpose":"Здание"}},{"type":"Feature","id":"municipal-buildings-78767","geometry":{"type":"Polygon","coordinates":[[[71.6866052,51.1036448],[71.6865587,51.1036466],[71.6865543,51.1036194],[71.686602,51.1036174],[71.6866052,51.1036448]]]},"properties":{"name":" ","functional":" ","purpose":"Здание"}},{"type":"Feature","id":"municipal-buildings-78768","geometry":{"type":"Polygon","coordinates":[[[71.6806294,51.1029908],[71.680571,51.1030194],[71.6805341,51.1029895],[71.6805933,51.1029605],[71.6806294,51.1029908]]]},"properties":{"name":" ","functional":" ","purpose":"Здание"}},{"type":"Feature","id":"municipal-buildings-78769","geometry":{"type":"Polygon","coordinates":[[[71.6820393,51.1026016],[71.6820791,51.1026369],[71.6820376,51.1026538],[71.6819876,51.1025934],[71.6820128,51.102581],[71.6820393,51.1026016]]]},"properties":{"name":" ","functional":" ","purpose":"Здание"}},{"type":"Feature","id":"municipal-buildings-78770","geometry":{"type":"Polygon","coordinates":[[[71.6823998,51.1024425],[71.6823582,51.1024626],[71.6823141,51.1024254],[71.6823521,51.1024079],[71.6823998,51.1024425]]]},"properties":{"name":" ","functional":" ","purpose":"Здание"}},{"type":"Feature","id":"municipal-buildings-78771","geometry":{"type":"Polygon","coordinates":[[[71.674575,51.1093843],[71.6743833,51.1093045],[71.6745096,51.1092052],[71.6746922,51.1092924],[71.674575,51.1093843]]]},"properties":{"name":" ","functional":" ","purpose":"Здание"}},{"type":"Feature","id":"municipal-buildings-78772","geometry":{"type":"Polygon","coordinates":[[[71.6744698,51.1091904],[71.6744063,51.1092362],[71.6743043,51.1091894],[71.6743664,51.1091437],[71.6744698,51.1091904]]]},"properties":{"name":" ","functional":"Известный по назначению","purpose":"Проходная, КПП"}},{"type":"Feature","id":"municipal-buildings-78773","geometry":{"type":"Polygon","coordinates":[[[71.6758391,51.1103208],[71.6758297,51.1103932],[71.6757708,51.1103945],[71.6757392,51.1104367],[71.6757771,51.1104651],[71.6756731,51.110511],[71.6755268,51.1103923],[71.675588,51.110353],[71.6755764,51.1103189],[71.675517,51.1103011],[71.6754601,51.1103374],[71.6753006,51.1102261],[71.6753304,51.1101733],[71.6754012,51.1101624],[71.6754413,51.1101879],[71.6755023,51.1101851],[71.6755141,51.1101527],[71.6756302,51.11016],[71.6756333,51.1101949],[71.6756944,51.1102114],[71.6757211,51.1102022],[71.6757983,51.1102425],[71.6757587,51.1102834],[71.6758391,51.1103208]]]},"properties":{"name":" ","functional":" ","purpose":"Здание"}},{"type":"Feature","id":"municipal-buildings-78774","geometry":{"type":"Polygon","coordinates":[[[71.6809167,51.1072441],[71.6809565,51.1072377],[71.6809696,51.1072702],[71.6809298,51.1072765],[71.6809167,51.1072441]]]},"properties":{"name":" ","functional":" ","purpose":"Здание"}},{"type":"Feature","id":"municipal-buildings-78775","geometry":{"type":"Polygon","coordinates":[[[71.6821872,51.1078622],[71.6821048,51.10788],[71.6820483,51.107777],[71.6821328,51.1077583],[71.6821872,51.1078622]]]},"properties":{"name":" ","functional":" ","purpose":"Частный дом"}},{"type":"Feature","id":"municipal-buildings-78776","geometry":{"type":"Polygon","coordinates":[[[71.6777538,51.1062865],[71.6777456,51.1063074],[71.6776634,51.1062947],[71.6776716,51.1062738],[71.6777538,51.1062865]]]},"properties":{"name":" ","functional":" ","purpose":"Здание"}},{"type":"Feature","id":"municipal-buildings-78777","geometry":{"type":"Polygon","coordinates":[[[71.7040443,51.1020783],[71.7039654,51.1020956],[71.7038937,51.1019665],[71.7039726,51.1019491],[71.7040443,51.1020783]]]},"properties":{"name":" ","functional":" ","purpose":"Здание"}},{"type":"Feature","id":"municipal-buildings-78778","geometry":{"type":"Polygon","coordinates":[[[71.7176196,51.1001601],[71.7175935,51.1002163],[71.7174727,51.1001939],[71.7174989,51.1001378],[71.7176196,51.1001601]]]},"properties":{"name":" ","functional":"Административные сооружения","purpose":"База отдыха"}},{"type":"Feature","id":"municipal-buildings-78779","geometry":{"type":"Polygon","coordinates":[[[71.6868922,51.1119643],[71.6868513,51.1119741],[71.6868218,51.1119273],[71.6867427,51.1119458],[71.6866907,51.1118579],[71.6868663,51.1118168],[71.6869183,51.1119047],[71.686863,51.1119176],[71.6868922,51.1119643]]]},"properties":{"name":" ","functional":"Административные сооружения","purpose":"Пост ГИБДД"}},{"type":"Feature","id":"municipal-buildings-78780","geometry":{"type":"Polygon","coordinates":[[[71.7177239,51.1000329],[71.7176971,51.1000895],[71.7176042,51.1000728],[71.7176308,51.1000152],[71.7177239,51.1000329]]]},"properties":{"name":" ","functional":"Административные сооружения","purpose":"База отдыха"}},{"type":"Feature","id":"municipal-buildings-78781","geometry":{"type":"Polygon","coordinates":[[[71.7179942,51.100021],[71.7180416,51.1000313],[71.7180134,51.1000871],[71.7178905,51.1000649],[71.7179218,51.1000053],[71.7179942,51.100021]]]},"properties":{"name":" ","functional":"Административные сооружения","purpose":"База отдыха"}},{"type":"Feature","id":"municipal-buildings-78802","geometry":{"type":"Polygon","coordinates":[[[71.6833448,51.1022559],[71.6832409,51.1021847],[71.6833479,51.1021258],[71.6834442,51.1022027],[71.6833448,51.1022559]]]},"properties":{"name":" ","functional":" ","purpose":"Здание"}},{"type":"Feature","id":"municipal-buildings-78803","geometry":{"type":"Polygon","coordinates":[[[71.6859139,51.1069335],[71.6858428,51.1069678],[71.6858026,51.1069349],[71.6858737,51.1069006],[71.6859139,51.1069335]]]},"properties":{"name":" ","functional":" ","purpose":"Здание"}},{"type":"Feature","id":"municipal-buildings-91140","geometry":{"type":"Polygon","coordinates":[[[71.6889038,51.1101472],[71.6888809,51.1101132],[71.6892257,51.1100282],[71.6893485,51.1101971],[71.6893247,51.1102035],[71.6892223,51.1100611],[71.6890934,51.1100946],[71.6891272,51.1101467],[71.6891121,51.1101487],[71.6891175,51.1101572],[71.6890786,51.1101001],[71.6889038,51.1101472]]]},"properties":{"name":" ","functional":" ","purpose":"Здание"}},{"type":"Feature","id":"municipal-buildings-97690","geometry":{"type":"Polygon","coordinates":[[[71.6599859,51.1120201],[71.6595909,51.1119413],[71.6596145,51.1118944],[71.6595664,51.1118849],[71.6596423,51.1117327],[71.6593741,51.111681],[71.6594628,51.1114987],[71.6597973,51.1115632],[71.6598759,51.1114192],[71.6598951,51.1114234],[71.6599342,51.1113517],[71.6601706,51.1114029],[71.6601315,51.1114745],[71.660171,51.1114825],[71.6600955,51.1116207],[71.6602743,51.1116552],[71.6601856,51.1118375],[71.6600869,51.1118184],[71.6599859,51.1120201]]]},"properties":{"name":" ","purpose":"Здание"}},{"type":"Feature","id":"municipal-buildings-97833","geometry":{"type":"Polygon","coordinates":[[[71.6867674,51.1031692],[71.686715,51.1031718],[71.6867092,51.1031267],[71.6867616,51.103124],[71.6867674,51.1031692]]]},"properties":{"name":" ","functional":" ","purpose":"Здание"}},{"type":"Feature","id":"municipal-buildings-97834","geometry":{"type":"Polygon","coordinates":[[[71.6933099,51.1038303],[71.6933305,51.1038253],[71.6933675,51.1038911],[71.6933431,51.1038962],[71.6933099,51.1038303]]]},"properties":{"name":" ","functional":" ","purpose":"Здание"}},{"type":"Feature","id":"municipal-buildings-97835","geometry":{"type":"Polygon","coordinates":[[[71.6932513,51.1038419],[71.6932233,51.1038475],[71.6932182,51.1038376],[71.6932444,51.1038315],[71.6932513,51.1038419]]]},"properties":{"name":" ","functional":" ","purpose":"Здание"}},{"type":"Feature","id":"municipal-buildings-97836","geometry":{"type":"Polygon","coordinates":[[[71.6934287,51.1039556],[71.6933938,51.1039633],[71.6933811,51.10394],[71.6934159,51.1039315],[71.6934287,51.1039556]]]},"properties":{"name":" ","functional":" ","purpose":"Здание"}},{"type":"Feature","id":"municipal-buildings-97837","geometry":{"type":"Polygon","coordinates":[[[71.6788717,51.1094309],[71.6787093,51.109431],[71.6787091,51.1093453],[71.6787317,51.1093453],[71.6787317,51.1093206],[71.6787902,51.1093205],[71.6787903,51.1093453],[71.6788714,51.1093452],[71.6788717,51.1094309]]]},"properties":{"name":" ","functional":" ","purpose":"Здание"}},{"type":"Feature","id":"municipal-buildings-97838","geometry":{"type":"Polygon","coordinates":[[[71.6804958,51.1082585],[71.6802792,51.1082974],[71.6802392,51.1082091],[71.6804557,51.1081702],[71.6804958,51.1082585]]]},"properties":{"name":" ","functional":" ","purpose":"Здание"}},{"type":"Feature","id":"municipal-buildings-97839","geometry":{"type":"Polygon","coordinates":[[[71.6844484,51.1070492],[71.6842805,51.107089],[71.6842082,51.1069681],[71.6842715,51.1069531],[71.6842578,51.1069301],[71.6843624,51.1069053],[71.6844484,51.1070492]]]},"properties":{"name":" ","functional":" ","purpose":"Здание"}},{"type":"Feature","id":"municipal-buildings-97840","geometry":{"type":"Polygon","coordinates":[[[71.6063772,51.122234],[71.6062041,51.1222851],[71.6061074,51.1221553],[71.6064146,51.1220647],[71.6065502,51.1222468],[71.6064473,51.1222771],[71.6064084,51.1222249],[71.6063772,51.122234]]]},"properties":{"name":" ","functional":"Известный по назначению","purpose":"Строящееся здание"}},{"type":"Feature","id":"municipal-buildings-97842","geometry":{"type":"Polygon","coordinates":[[[71.6065691,51.1206514],[71.6064311,51.1206889],[71.6063713,51.1206016],[71.6062953,51.1206222],[71.6062713,51.1205872],[71.6064852,51.1205291],[71.6065691,51.1206514]]]},"properties":{"name":" ","functional":" ","purpose":"Здание"}},{"type":"Feature","id":"municipal-buildings-125514","geometry":{"type":"Polygon","coordinates":[[[71.6059164,51.1242776],[71.6055138,51.1243028],[71.6055035,51.1242371],[71.6054076,51.1242431],[71.6054007,51.1241994],[71.6054966,51.1241934],[71.6054937,51.1241752],[71.6058963,51.12415],[71.6059164,51.1242776]]]},"properties":{"name":" ","functional":"Известный по назначению","purpose":"Хозяйственный корпус"}},{"type":"Feature","id":"municipal-buildings-125515","geometry":{"type":"Polygon","coordinates":[[[71.6126608,51.1243605],[71.6125226,51.1243842],[71.6124953,51.1243214],[71.6126335,51.1242976],[71.6126608,51.1243605]]]},"properties":{"name":" ","functional":"Известный по назначению","purpose":"Хозяйственный корпус"}},{"type":"Feature","id":"municipal-buildings-125516","geometry":{"type":"Polygon","coordinates":[[[71.6109789,51.124043],[71.6109066,51.1240485],[71.6108798,51.1239901],[71.6109787,51.1239721],[71.6110055,51.1240306],[71.6109789,51.124043]]]},"properties":{"name":" ","functional":"Известный по назначению","purpose":"Хозяйственный корпус"}},{"type":"Feature","id":"municipal-buildings-125576","geometry":{"type":"Polygon","coordinates":[[[71.6016564,51.1284491],[71.6018219,51.1287145],[71.6017005,51.1287455],[71.6016781,51.1287094],[71.6015671,51.1287359],[71.6015016,51.1286271],[71.601618,51.1285993],[71.6016568,51.1286637],[71.6017141,51.1286496],[71.6016461,51.1285348],[71.6016254,51.1285391],[71.6015842,51.1284624],[71.6016564,51.1284491]]]},"properties":{"name":" ","functional":"Частные дома","purpose":"Коттедж"}},{"type":"Feature","id":"municipal-buildings-125577","geometry":{"type":"Polygon","coordinates":[[[71.6015842,51.1284624],[71.6015718,51.1284357],[71.6014205,51.1284636],[71.6014288,51.1284815],[71.6013813,51.1284903],[71.6013376,51.1284067],[71.6016677,51.1283457],[71.6016987,51.1284122],[71.6016477,51.1284216],[71.6016602,51.1284484],[71.6015842,51.1284624]]]},"properties":{"name":" ","functional":"Частные дома","purpose":"Частный дом"}},{"type":"Feature","id":"municipal-buildings-125578","geometry":{"type":"Polygon","coordinates":[[[71.6023726,51.1285976],[71.6022001,51.128627],[71.6022235,51.1286651],[71.6021755,51.1286768],[71.602148,51.1286319],[71.6021892,51.1286219],[71.6021423,51.1285129],[71.602323,51.1284821],[71.6023726,51.1285976]]]},"properties":{"name":" ","functional":"Частные дома","purpose":"Частный дом"}},{"type":"Feature","id":"municipal-buildings-125579","geometry":{"type":"Polygon","coordinates":[[[71.6019974,51.1282511],[71.6017302,51.1282777],[71.6017066,51.1281771],[71.6019743,51.1281523],[71.6019974,51.1282511]]]},"properties":{"name":" ","functional":"Частные дома","purpose":"Частный дом"}},{"type":"Feature","id":"municipal-buildings-125580","geometry":{"type":"Polygon","coordinates":[[[71.6017927,51.1280885],[71.6014814,51.1281129],[71.6014731,51.1280708],[71.6014045,51.1280762],[71.6013898,51.1280015],[71.6018891,51.1279569],[71.6018933,51.1279786],[71.6019344,51.1279754],[71.6019451,51.1280291],[71.6017855,51.1280521],[71.6017927,51.1280885]]]},"properties":{"name":" ","functional":"Частные дома","purpose":"Частный дом"}},{"type":"Feature","id":"municipal-buildings-125581","geometry":{"type":"Polygon","coordinates":[[[71.6016044,51.1278648],[71.6015866,51.1277863],[71.6016214,51.1277832],[71.6016185,51.1277672],[71.6016649,51.1277639],[71.6016671,51.1277762],[71.6018969,51.1277592],[71.6019148,51.1278436],[71.6016044,51.1278648]]]},"properties":{"name":" ","functional":"Частные дома","purpose":"Частный дом"}},{"type":"Feature","id":"municipal-buildings-125617","geometry":{"type":"Polygon","coordinates":[[[71.6023099,51.1270508],[71.6020509,51.1270567],[71.6020326,51.1269518],[71.6023207,51.1269318],[71.6023337,51.1269432],[71.6023491,51.1270289],[71.6023078,51.1270389],[71.6023099,51.1270508]]]},"properties":{"name":" ","functional":"Административные сооружения","purpose":"Административное здание"}},{"type":"Feature","id":"municipal-buildings-125618","geometry":{"type":"Polygon","coordinates":[[[71.6025684,51.1270582],[71.6024852,51.1270656],[71.6024723,51.1270085],[71.6024569,51.1270099],[71.6024377,51.1269243],[71.6024473,51.1269234],[71.6024058,51.126926],[71.6023904,51.1268284],[71.6025246,51.1268238],[71.6025342,51.1268852],[71.6024939,51.1268877],[71.602499,51.1269202],[71.6025361,51.1269177],[71.6025684,51.1270582]]]},"properties":{"name":" ","functional":"Частные дома","purpose":"Частный дом"}},{"type":"Feature","id":"municipal-buildings-125619","geometry":{"type":"Polygon","coordinates":[[[71.6027789,51.1271571],[71.6027847,51.1272119],[71.602741,51.127214],[71.6027419,51.1272363],[71.6027861,51.1272738],[71.6029636,51.1272676],[71.6029758,51.1273475],[71.6029197,51.1273509],[71.6029225,51.127369],[71.6027535,51.1273775],[71.6027452,51.1273113],[71.6027764,51.1273096],[71.6027745,51.1272953],[71.6027157,51.1272445],[71.6027244,51.12729],[71.6026854,51.1272922],[71.602688,51.1273109],[71.6026431,51.1273134],[71.6026405,51.1272947],[71.6025377,51.1272996],[71.6025215,51.1271625],[71.6027475,51.1271387],[71.6027503,51.1271586],[71.6027789,51.1271571]]]},"properties":{"name":" ","functional":"Частные дома","purpose":"Частный дом"}},{"type":"Feature","id":"municipal-buildings-125620","geometry":{"type":"Polygon","coordinates":[[[71.6034264,51.1270556],[71.6031936,51.1270674],[71.6031795,51.1269574],[71.6032037,51.1269562],[71.6032027,51.126944],[71.6033812,51.1269381],[71.6033848,51.1269817],[71.6034167,51.1269801],[71.6034264,51.1270556]]]},"properties":{"name":" ","functional":"Частные дома","purpose":"Частный дом"}},{"type":"Feature","id":"municipal-buildings-125621","geometry":{"type":"Polygon","coordinates":[[[71.6027688,51.1276761],[71.6027404,51.1274864],[71.6028897,51.1274848],[71.6028937,51.127511],[71.6029157,51.1275097],[71.6029391,51.127666],[71.6027688,51.1276761]]]},"properties":{"name":" ","functional":"Частные дома","purpose":"Частный дом"}},{"type":"Feature","id":"municipal-buildings-125622","geometry":{"type":"Polygon","coordinates":[[[71.6026879,51.128157],[71.6026547,51.1281566],[71.6026465,51.128125],[71.6026811,51.1281196],[71.6026326,51.1279342],[71.6028093,51.1279321],[71.6028456,51.128096],[71.6029885,51.1280831],[71.6029977,51.1281144],[71.6026879,51.128157]]]},"properties":{"name":" ","functional":"Частные дома","purpose":"Частный дом"}},{"type":"Feature","id":"municipal-buildings-125623","geometry":{"type":"Polygon","coordinates":[[[71.6028945,51.1286758],[71.6028978,51.1287058],[71.6027151,51.1287138],[71.6027079,51.1286487],[71.602659,51.1286517],[71.6026508,51.1286019],[71.602885,51.1285898],[71.6028945,51.1286758]]]},"properties":{"name":" ","functional":"Частные дома","purpose":"Частный дом"}},{"type":"Feature","id":"municipal-buildings-125658","geometry":{"type":"Polygon","coordinates":[[[71.602206,51.1252972],[71.602054,51.1253067],[71.6020368,51.1251875],[71.6021889,51.1251788],[71.602206,51.1252972]]]},"properties":{"name":" ","functional":"Частные дома","purpose":"Частный дом"}},{"type":"Feature","id":"municipal-buildings-125659","geometry":{"type":"Polygon","coordinates":[[[71.6035279,51.1250092],[71.603507,51.1250124],[71.6035172,51.1250381],[71.6030819,51.1251132],[71.603041,51.1250192],[71.603458,51.1249473],[71.6034821,51.1249493],[71.6034987,51.1249914],[71.6035196,51.1249882],[71.6035279,51.1250092]]]},"properties":{"name":" ","functional":"Частные дома","purpose":"Частный дом"}},{"type":"Feature","id":"municipal-buildings-125660","geometry":{"type":"Polygon","coordinates":[[[71.6023212,51.1245682],[71.6022618,51.1245728],[71.6022538,51.124532],[71.6022345,51.1245335],[71.6022047,51.1243463],[71.6022687,51.1243419],[71.6022665,51.1243292],[71.6023777,51.1243344],[71.6024133,51.1245227],[71.6023148,51.1245305],[71.6023212,51.1245682]]]},"properties":{"name":" ","functional":"Частные дома","purpose":"Частный дом"}},{"type":"Feature","id":"municipal-buildings-125661","geometry":{"type":"Polygon","coordinates":[[[71.6017702,51.1245065],[71.6016524,51.1245135],[71.6016298,51.1243433],[71.60177,51.1243342],[71.6017757,51.1243692],[71.6021754,51.1243455],[71.6021853,51.1245105],[71.6021315,51.1245131],[71.6021236,51.1244724],[71.6020893,51.1244736],[71.6020797,51.1243976],[71.6020653,51.1243986],[71.6020732,51.124455],[71.6020353,51.1244571],[71.6020403,51.124493],[71.6019027,51.1245006],[71.6018991,51.1244748],[71.6017665,51.1244822],[71.6017702,51.1245065]]]},"properties":{"name":" ","functional":"Частные дома","purpose":"Частный дом"}},{"type":"Feature","id":"municipal-buildings-125720","geometry":{"type":"Polygon","coordinates":[[[71.6017303,51.1242025],[71.6014554,51.1242158],[71.6014594,51.1242489],[71.6013586,51.1242537],[71.6013375,51.1242484],[71.6013344,51.1242233],[71.6012141,51.1242281],[71.601198,51.1240768],[71.6012919,51.1240694],[71.6012964,51.1241116],[71.6016044,51.1240952],[71.6015997,51.1240601],[71.6016863,51.1240555],[71.601691,51.1240906],[71.6017151,51.1240893],[71.6017303,51.1242025]]]},"properties":{"name":" ","functional":"Частные дома","purpose":"Частный дом"}},{"type":"Feature","id":"municipal-buildings-125721","geometry":{"type":"Polygon","coordinates":[[[71.6017159,51.1240954],[71.6017326,51.1240942],[71.6017294,51.1240519],[71.6018844,51.1240446],[71.601894,51.1241223],[71.6018716,51.1241233],[71.6018749,51.1241495],[71.601837,51.1241517],[71.6018453,51.1242263],[71.6017815,51.1242308],[71.6017786,51.1242015],[71.6017303,51.1242025],[71.6017159,51.1240954]]]},"properties":{"name":" ","functional":"Частные дома","purpose":"Частный дом"}},{"type":"Feature","id":"municipal-buildings-125722","geometry":{"type":"Polygon","coordinates":[[[71.6022094,51.1242241],[71.6020796,51.1242233],[71.6020721,51.1241757],[71.6020959,51.1241742],[71.6020832,51.1240871],[71.6020568,51.1240887],[71.6020522,51.1240569],[71.6020786,51.1240554],[71.6020706,51.1240004],[71.6020354,51.1240025],[71.6020305,51.1239695],[71.6020658,51.1239675],[71.6020278,51.1237452],[71.6021141,51.1237399],[71.6021207,51.1237832],[71.6022175,51.1237765],[71.6022705,51.1238034],[71.6022821,51.1238915],[71.6022353,51.1238939],[71.6022383,51.1239137],[71.6022948,51.1239116],[71.6022974,51.1239399],[71.6023175,51.1239391],[71.6023202,51.1239684],[71.602247,51.1239711],[71.6022508,51.1239956],[71.6023168,51.1239907],[71.6023202,51.1240089],[71.6023346,51.1240078],[71.6023271,51.1240449],[71.602259,51.12405],[71.6022682,51.1241104],[71.6023119,51.1241084],[71.6023185,51.1241675],[71.6022989,51.1241684],[71.6023043,51.1242116],[71.6022094,51.1242241]]]},"properties":{"name":" ","functional":"Жилые дома","purpose":"Малоэтажный жилой дом"}},{"type":"Feature","id":"municipal-buildings-125723","geometry":{"type":"Polygon","coordinates":[[[71.6027895,51.1240651],[71.6026275,51.1240742],[71.6026134,51.1239738],[71.6027753,51.1239648],[71.6027895,51.1240651]]]},"properties":{"name":" ","functional":"Частные дома","purpose":"Частный дом"}},{"type":"Feature","id":"municipal-buildings-125724","geometry":{"type":"Polygon","coordinates":[[[71.6025892,51.1232946],[71.6023961,51.1233069],[71.6023786,51.1231973],[71.6025717,51.1231851],[71.6025892,51.1232946]]]},"properties":{"name":" ","functional":"Частные дома","purpose":"Частный дом"}},{"type":"Feature","id":"municipal-buildings-125725","geometry":{"type":"Polygon","coordinates":[[[71.602201,51.1233632],[71.6021506,51.1233661],[71.6021839,51.1235861],[71.602212,51.1235841],[71.6022191,51.1236247],[71.602088,51.1236343],[71.6020911,51.12365],[71.6020134,51.123656],[71.6019816,51.1234046],[71.6019603,51.1234058],[71.6019536,51.123362],[71.601975,51.1233607],[71.6019472,51.1231767],[71.6021513,51.1231644],[71.6021607,51.1232261],[71.6021297,51.1232279],[71.6021441,51.1233229],[71.6021957,51.12332],[71.602201,51.1233632]]]},"properties":{"name":" ","functional":"Жилые дома","purpose":"Малоэтажный жилой дом"}},{"type":"Feature","id":"municipal-buildings-125726","geometry":{"type":"Polygon","coordinates":[[[71.6017751,51.1234554],[71.6017791,51.123481],[71.6016596,51.1234779],[71.6016456,51.1233823],[71.6017697,51.1233784],[71.6017751,51.1234554]]]},"properties":{"name":" ","functional":"Административные сооружения","purpose":"Магазин"}},{"type":"Feature","id":"municipal-buildings-125727","geometry":{"type":"Polygon","coordinates":[[[71.6018698,51.1233751],[71.6017865,51.1233771],[71.6017833,51.1233619],[71.6016485,51.1233701],[71.6016446,51.1233443],[71.6016262,51.1233454],[71.6016108,51.1232442],[71.6018196,51.1232202],[71.6018347,51.1232683],[71.6017764,51.1232731],[71.6017797,51.1232959],[71.6018423,51.1232923],[71.6018515,51.1233562],[71.6018656,51.123355],[71.6018698,51.1233751]]]},"properties":{"name":" ","functional":"Частные дома","purpose":"Частный дом"}},{"type":"Feature","id":"municipal-buildings-125728","geometry":{"type":"Polygon","coordinates":[[[71.6014671,51.1233612],[71.6014379,51.1233629],[71.6014475,51.1234295],[71.6012895,51.1234385],[71.6012647,51.123267],[71.6014228,51.1232579],[71.601432,51.1233215],[71.6014611,51.1233198],[71.6014671,51.1233612]]]},"properties":{"name":" ","functional":"Частные дома","purpose":"Частный дом"}},{"type":"Feature","id":"municipal-buildings-125819","geometry":{"type":"Polygon","coordinates":[[[71.6016033,51.1229608],[71.6016161,51.1230595],[71.6014882,51.1230661],[71.6014754,51.1229673],[71.6015239,51.1229649],[71.6015215,51.1229458],[71.6016009,51.1229418],[71.6016033,51.1229608]]]},"properties":{"name":" ","functional":"Частные дома","purpose":"Частный дом"}},{"type":"Feature","id":"municipal-buildings-125820","geometry":{"type":"Polygon","coordinates":[[[71.6018917,51.1230089],[71.6018755,51.1230128],[71.6018796,51.1230374],[71.6018086,51.1230543],[71.60181,51.1230644],[71.6017044,51.1230704],[71.6016918,51.1229818],[71.6017163,51.1229801],[71.6017097,51.1229314],[71.6017817,51.122928],[71.6017697,51.1228343],[71.6018686,51.1228293],[71.6018917,51.1230089]]]},"properties":{"name":" ","functional":"Административные сооружения","purpose":"Кафе, бар"}},{"type":"Feature","id":"municipal-buildings-125821","geometry":{"type":"Polygon","coordinates":[[[71.6018767,51.122892],[71.6019153,51.1228944],[71.6019117,51.1228698],[71.601962,51.1228669],[71.6019656,51.1228915],[71.6020844,51.1228847],[71.6021023,51.1230078],[71.601984,51.1230212],[71.6018917,51.1230089],[71.6018767,51.122892]]]},"properties":{"name":" ","functional":"Административные сооружения","purpose":"Магазин"}},{"type":"Feature","id":"municipal-buildings-125822","geometry":{"type":"Polygon","coordinates":[[[71.6015984,51.1226252],[71.601611,51.1227093],[71.6014364,51.1227197],[71.6014238,51.1226355],[71.6014847,51.1226319],[71.6014818,51.1226123],[71.6015954,51.1226056],[71.6015984,51.1226252]]]},"properties":{"name":" ","functional":"Частные дома","purpose":"Частный дом"}},{"type":"Feature","id":"municipal-buildings-125823","geometry":{"type":"Polygon","coordinates":[[[71.6017484,51.1224045],[71.6017469,51.1223935],[71.6017095,51.1223956],[71.6017049,51.12228],[71.6016938,51.1222804],[71.6016915,51.1222509],[71.6017057,51.1222504],[71.6017062,51.1222344],[71.6018274,51.1222357],[71.6018297,51.1222533],[71.6019055,51.122249],[71.6019097,51.1222781],[71.6018334,51.1222825],[71.6018382,51.1223198],[71.6019967,51.122311],[71.6020078,51.1223902],[71.6017484,51.1224045]]]},"properties":{"name":" ","functional":"Частные дома","purpose":"Частный дом"}},{"type":"Feature","id":"municipal-buildings-125824","geometry":{"type":"Polygon","coordinates":[[[71.6014745,51.121945],[71.6014827,51.1219924],[71.6013408,51.1220021],[71.6013219,51.1218926],[71.6014638,51.1218829],[71.6014745,51.121945]]]},"properties":{"name":" ","functional":"Частные дома","purpose":"Коттедж"}},{"type":"Feature","id":"municipal-buildings-125825","geometry":{"type":"Polygon","coordinates":[[[71.6018183,51.1219614],[71.6017779,51.1219615],[71.6017722,51.1219312],[71.6018004,51.1219291],[71.6017881,51.1218634],[71.6019261,51.1218532],[71.6019445,51.121952],[71.6018183,51.1219614]]]},"properties":{"name":" ","functional":"Частные дома","purpose":"Частный дом"}},{"type":"Feature","id":"municipal-buildings-125826","geometry":{"type":"Polygon","coordinates":[[[71.6019983,51.1220875],[71.6020005,51.1221048],[71.6016867,51.1221284],[71.6016686,51.122033],[71.601786,51.1220241],[71.6017925,51.1220585],[71.6019899,51.1220436],[71.6019983,51.1220875]]]},"properties":{"name":" ","functional":"Частные дома","purpose":"Частный дом"}},{"type":"Feature","id":"municipal-buildings-125827","geometry":{"type":"Polygon","coordinates":[[[71.6014331,51.1216667],[71.6013056,51.1216954],[71.601249,51.1215958],[71.6013765,51.1215671],[71.6013888,51.1215889],[71.6014784,51.1215605],[71.6014692,51.121545],[71.6015883,51.1215171],[71.6015978,51.1215331],[71.601683,51.1215136],[71.6017436,51.1216182],[71.6017414,51.1216322],[71.6015503,51.1216821],[71.6015401,51.1216649],[71.6014536,51.1216848],[71.6014331,51.1216667]]]},"properties":{"name":" ","functional":"Административные сооружения","purpose":"Административное здание"}},{"type":"Feature","id":"municipal-buildings-125828","geometry":{"type":"Polygon","coordinates":[[[71.6021083,51.1214294],[71.6019466,51.1214485],[71.6019002,51.1212928],[71.6020619,51.1212737],[71.6021083,51.1214294]]]},"properties":{"name":" ","functional":"Частные дома","purpose":"Частный дом"}},{"type":"Feature","id":"municipal-buildings-125829","geometry":{"type":"Polygon","coordinates":[[[71.6022877,51.1215956],[71.6023034,51.1217112],[71.6021029,51.121722],[71.6020874,51.1216076],[71.6021582,51.1216038],[71.6021532,51.1215668],[71.6022829,51.1215598],[71.6022877,51.1215956]]]},"properties":{"name":" ","functional":"Частные дома","purpose":"Частный дом"}},{"type":"Feature","id":"municipal-buildings-125830","geometry":{"type":"Polygon","coordinates":[[[71.6028489,51.1216845],[71.6026999,51.1216917],[71.6026866,51.121582],[71.6027943,51.1215769],[71.6027982,51.1216091],[71.6028396,51.1216071],[71.6028489,51.1216845]]]},"properties":{"name":" ","functional":"Частные дома","purpose":"Частный дом"}},{"type":"Feature","id":"municipal-buildings-125831","geometry":{"type":"Polygon","coordinates":[[[71.6032674,51.1216584],[71.6030901,51.1216681],[71.6030806,51.1215987],[71.6032579,51.121589],[71.6032674,51.1216584]]]},"properties":{"name":" ","functional":"Частные дома","purpose":"Частный дом"}},{"type":"Feature","id":"municipal-buildings-125832","geometry":{"type":"Polygon","coordinates":[[[71.6039138,51.1216269],[71.6037621,51.1216339],[71.6037496,51.1215205],[71.6038601,51.1215156],[71.6038641,51.1215513],[71.6039048,51.1215494],[71.6039138,51.1216269]]]},"properties":{"name":" ","functional":"Частные дома","purpose":"Частный дом"}},{"type":"Feature","id":"municipal-buildings-125833","geometry":{"type":"Polygon","coordinates":[[[71.6035516,51.1211963],[71.6034911,51.1212099],[71.6034219,51.1210881],[71.603671,51.1210318],[71.6037079,51.1210958],[71.6036478,51.1211185],[71.603676,51.1211683],[71.6035638,51.1212079],[71.6035516,51.1211963]]]},"properties":{"name":" ","functional":"Частные дома","purpose":"Частный дом"}},{"type":"Feature","id":"municipal-buildings-125834","geometry":{"type":"Polygon","coordinates":[[[71.6040756,51.1210775],[71.6040659,51.1210797],[71.604024,51.121004],[71.6040687,51.1209942],[71.6040522,51.1209636],[71.6042249,51.1209267],[71.6042837,51.1210354],[71.6040756,51.1210775]]]},"properties":{"name":" ","functional":"Частные дома","purpose":"Частный дом"}},{"type":"Feature","id":"municipal-buildings-125835","geometry":{"type":"Polygon","coordinates":[[[71.6045807,51.1212705],[71.6045889,51.1212816],[71.6046416,51.1212663],[71.6047366,51.1213956],[71.6045937,51.1214372],[71.6044897,51.1212886],[71.6045807,51.1212705]]]},"properties":{"name":" ","functional":"Частные дома","purpose":"Частный дом"}},{"type":"Feature","id":"municipal-buildings-125836","geometry":{"type":"Polygon","coordinates":[[[71.604459,51.1214452],[71.6044457,51.1214489],[71.6044631,51.1214739],[71.6043344,51.1215096],[71.6043473,51.1215282],[71.6042892,51.1215443],[71.604198,51.1214138],[71.6042506,51.1213992],[71.6042389,51.1213824],[71.6043706,51.1213485],[71.6043933,51.1213808],[71.6044075,51.1213696],[71.6044248,51.1213944],[71.6044104,51.1213985],[71.604459,51.1214452]]]},"properties":{"name":" ","functional":"Частные дома","purpose":"Коттедж"}},{"type":"Feature","id":"municipal-buildings-125837","geometry":{"type":"Polygon","coordinates":[[[71.6051063,51.1212615],[71.6050616,51.1212739],[71.605078,51.121297],[71.6049202,51.1213414],[71.6048452,51.1212358],[71.6050482,51.1211789],[71.6051063,51.1212615]]]},"properties":{"name":" ","functional":"Частные дома","purpose":"Частный дом"}},{"type":"Feature","id":"municipal-buildings-125838","geometry":{"type":"Polygon","coordinates":[[[71.6037452,51.1205205],[71.6036229,51.1203057],[71.6037873,51.1202687],[71.6038414,51.1203638],[71.6039899,51.1203319],[71.604056,51.1204542],[71.6038186,51.1205168],[71.6038124,51.1205054],[71.6037452,51.1205205]]]},"properties":{"name":" ","functional":"Частные дома","purpose":"Коттедж"}},{"type":"Feature","id":"municipal-buildings-125839","geometry":{"type":"Polygon","coordinates":[[[71.6042334,51.1203384],[71.6040771,51.1203713],[71.6040296,51.1202859],[71.604007,51.1202906],[71.6039862,51.120251],[71.6040087,51.1202463],[71.6039378,51.1201115],[71.6041318,51.120071],[71.6041833,51.1201687],[71.6042563,51.1201594],[71.6042751,51.1201951],[71.6042814,51.1202071],[71.6042149,51.1202289],[71.6042305,51.1202586],[71.6044795,51.1202062],[71.6045179,51.1202786],[71.6042334,51.1203384]]]},"properties":{"name":" ","functional":"Частные дома","purpose":"Коттедж"}},{"type":"Feature","id":"municipal-buildings-125840","geometry":{"type":"Polygon","coordinates":[[[71.6050202,51.120099],[71.6048335,51.1201552],[71.6047629,51.1200625],[71.6049495,51.1200062],[71.6050202,51.120099]]]},"properties":{"name":" ","functional":"Частные дома","purpose":"Коттедж"}},{"type":"Feature","id":"municipal-buildings-125841","geometry":{"type":"Polygon","coordinates":[[[71.605489,51.1204562],[71.6054137,51.1203562],[71.6055495,51.120316],[71.605566,51.1203381],[71.6056218,51.1203214],[71.6055961,51.120287],[71.60566,51.1202681],[71.6056438,51.1202474],[71.6057453,51.1202161],[71.6058493,51.1203517],[71.605489,51.1204562]]]},"properties":{"name":" ","functional":"Частные дома","purpose":"Частный дом"}},{"type":"Feature","id":"municipal-buildings-125842","geometry":{"type":"Polygon","coordinates":[[[71.6056866,51.1206465],[71.6056255,51.1206625],[71.605588,51.1206061],[71.6057874,51.1205493],[71.605795,51.1205607],[71.605833,51.1205509],[71.6058237,51.1205365],[71.6059072,51.1205151],[71.6059501,51.1205814],[71.6056866,51.1206465]]]},"properties":{"name":" ","functional":"Частные дома","purpose":"Частный дом"}},{"type":"Feature","id":"municipal-buildings-125843","geometry":{"type":"Polygon","coordinates":[[[71.6060892,51.1207799],[71.606106,51.1208026],[71.6059838,51.1208385],[71.6058944,51.120718],[71.6060167,51.1206821],[71.6060892,51.1207799]]]},"properties":{"name":" ","functional":"Частные дома","purpose":"Частный дом"}},{"type":"Feature","id":"municipal-buildings-125844","geometry":{"type":"Polygon","coordinates":[[[71.6057428,51.1210803],[71.6057285,51.1210843],[71.6057456,51.121109],[71.6055871,51.1211524],[71.6054514,51.1209586],[71.6055769,51.1209234],[71.6056058,51.1209643],[71.6056368,51.1209556],[71.6056573,51.1209845],[71.6056263,51.1209932],[71.6056525,51.1210302],[71.6056844,51.1210207],[71.6057428,51.1210803]]]},"properties":{"name":" ","functional":"Частные дома","purpose":"Частный дом"}},{"type":"Feature","id":"municipal-buildings-125845","geometry":{"type":"Polygon","coordinates":[[[71.6052792,51.1212404],[71.6052035,51.1211379],[71.6053227,51.1211031],[71.6053124,51.1210888],[71.6053598,51.1210753],[71.6053809,51.1210865],[71.6054566,51.1211937],[71.6052792,51.1212404]]]},"properties":{"name":" ","functional":"Частные дома","purpose":"Частный дом"}},{"type":"Feature","id":"municipal-buildings-125846","geometry":{"type":"Polygon","coordinates":[[[71.6024087,51.1223062],[71.6023336,51.1223097],[71.6023412,51.1223729],[71.6021963,51.1223798],[71.6021826,51.1222643],[71.6024024,51.1222539],[71.6024087,51.1223062]]]},"properties":{"name":" ","functional":"Частные дома","purpose":"Частный дом"}},{"type":"Feature","id":"municipal-buildings-125847","geometry":{"type":"Polygon","coordinates":[[[71.6106101,51.1214499],[71.6106189,51.1214628],[71.6105902,51.1214706],[71.6105448,51.1214045],[71.6108778,51.1213139],[71.6109143,51.1213672],[71.6107397,51.1214147],[71.6107493,51.1214286],[71.6106957,51.1214432],[71.6106861,51.1214292],[71.6106101,51.1214499]]]},"properties":{"name":" ","functional":"Известный по назначению","purpose":"Хозяйственный корпус"}},{"type":"Feature","id":"municipal-buildings-125848","geometry":{"type":"Polygon","coordinates":[[[71.6106139,51.1211592],[71.6108546,51.1210827],[71.6109263,51.1211721],[71.6107147,51.1212393],[71.610689,51.1212072],[71.610659,51.1212168],[71.6106139,51.1211592]]]},"properties":{"name":" ","functional":"Частные дома","purpose":"Коттедж"}},{"type":"Feature","id":"municipal-buildings-125849","geometry":{"type":"Polygon","coordinates":[[[71.6107216,51.1209121],[71.6107806,51.1209859],[71.6107509,51.1209953],[71.6107895,51.121044],[71.6106146,51.121099],[71.6105303,51.1209928],[71.6106788,51.1209462],[71.6106649,51.1209288],[71.6107216,51.1209121]]]},"properties":{"name":" ","functional":"Частные дома","purpose":"Частный дом"}},{"type":"Feature","id":"municipal-buildings-125850","geometry":{"type":"Polygon","coordinates":[[[71.6102934,51.1209529],[71.6103192,51.1209854],[71.6102847,51.1209963],[71.6103081,51.1210258],[71.6102156,51.1210549],[71.610348,51.12122],[71.6102605,51.1212478],[71.6100168,51.120928],[71.610188,51.1208743],[71.6102485,51.1209505],[71.610283,51.1209397],[71.6102934,51.1209529]]]},"properties":{"name":" ","functional":"Частные дома","purpose":"Частный дом"}},{"type":"Feature","id":"municipal-buildings-125851","geometry":{"type":"Polygon","coordinates":[[[71.6103867,51.1213421],[71.6103532,51.1213524],[71.6102822,51.1212615],[71.6106139,51.1211592],[71.6106444,51.1211986],[71.6105929,51.1212143],[71.6106267,51.1212375],[71.610578,51.1212538],[71.6105863,51.1212635],[71.6105607,51.1212721],[71.6105709,51.1212852],[71.6103867,51.1213421]]]},"properties":{"name":" ","functional":"Известный по назначению","purpose":"Хозяйственный корпус"}},{"type":"Feature","id":"municipal-buildings-125852","geometry":{"type":"Polygon","coordinates":[[[71.6099472,51.1215103],[71.6098451,51.1215417],[71.6097705,51.1214457],[71.6101266,51.121336],[71.6102012,51.121432],[71.6100728,51.1214716],[71.6100835,51.1214853],[71.6099864,51.1215152],[71.6099757,51.1215015],[71.6099472,51.1215103]]]},"properties":{"name":" ","functional":"Известный по назначению","purpose":"Строящееся здание"}},{"type":"Feature","id":"municipal-buildings-125853","geometry":{"type":"Polygon","coordinates":[[[71.6097577,51.1212754],[71.6097305,51.1212419],[71.609706,51.1212498],[71.6096455,51.1211753],[71.6098057,51.1211237],[71.6098934,51.1212317],[71.6097577,51.1212754]]]},"properties":{"name":" ","functional":"Частные дома","purpose":"Частный дом"}},{"type":"Feature","id":"municipal-buildings-125854","geometry":{"type":"Polygon","coordinates":[[[71.6104105,51.1214345],[71.6103667,51.121448],[71.6103001,51.1213627],[71.6103867,51.1213421],[71.6104493,51.1214225],[71.6104105,51.1214345]]]},"properties":{"name":" ","functional":"Известный по назначению","purpose":"Хозяйственный корпус"}},{"type":"Feature","id":"municipal-buildings-125855","geometry":{"type":"Polygon","coordinates":[[[71.6104486,51.1214215],[71.6104956,51.1214063],[71.6105055,51.1214202],[71.6104914,51.1214242],[71.6105759,51.1215435],[71.6105023,51.1215641],[71.610487,51.1215426],[71.6104632,51.1215492],[71.6104127,51.121478],[71.6104366,51.1214713],[71.6104105,51.1214345],[71.6104486,51.1214215]]]},"properties":{"name":" ","functional":"Известный по назначению","purpose":"Хозяйственный корпус"}},{"type":"Feature","id":"municipal-buildings-125856","geometry":{"type":"Polygon","coordinates":[[[71.6105691,51.1218223],[71.6105267,51.1217693],[71.6110033,51.1216336],[71.6110422,51.1216876],[71.6105691,51.1218223]]]},"properties":{"name":" ","functional":"Известный по назначению","purpose":"Хозяйственный корпус"}},{"type":"Feature","id":"municipal-buildings-125857","geometry":{"type":"Polygon","coordinates":[[[71.609349,51.121329],[71.6093249,51.121301],[71.6092965,51.1213105],[71.6092629,51.1212711],[71.609291,51.1212616],[71.6092746,51.1212426],[71.6093315,51.1212232],[71.6093298,51.1212002],[71.60942,51.1211929],[71.6094945,51.1212793],[71.609349,51.121329]]]},"properties":{"name":" ","functional":"Частные дома","purpose":"Частный дом"}},{"type":"Feature","id":"municipal-buildings-125858","geometry":{"type":"Polygon","coordinates":[[[71.609171,51.1212584],[71.6092458,51.1213499],[71.609124,51.1213894],[71.6090119,51.1212522],[71.6091337,51.1212128],[71.609171,51.1212584]]]},"properties":{"name":" ","functional":"Частные дома","purpose":"Частный дом"}},{"type":"Feature","id":"municipal-buildings-125859","geometry":{"type":"Polygon","coordinates":[[[71.6098329,51.1219552],[71.6098005,51.1219662],[71.609694,51.1218421],[71.609888,51.1217701],[71.6099954,51.1219002],[71.6098329,51.1219552]]]},"properties":{"name":" ","functional":"Частные дома","purpose":"Коттедж"}},{"type":"Feature","id":"municipal-buildings-125860","geometry":{"type":"Polygon","coordinates":[[[71.6087384,51.121433],[71.6086408,51.1214638],[71.6086496,51.1214749],[71.6085785,51.1214999],[71.6085128,51.121415],[71.6086818,51.1213621],[71.6087384,51.121433]]]},"properties":{"name":" ","functional":"Частные дома","purpose":"Частный дом"}},{"type":"Feature","id":"municipal-buildings-125861","geometry":{"type":"Polygon","coordinates":[[[71.6083476,51.1217438],[71.6083321,51.1217484],[71.6083511,51.1217767],[71.608288,51.1217932],[71.6081275,51.1215777],[71.6082423,51.1215452],[71.6082926,51.1216122],[71.6082591,51.1216222],[71.6083476,51.1217438]]]},"properties":{"name":" ","functional":"Частные дома","purpose":"Частный дом"}},{"type":"Feature","id":"municipal-buildings-125862","geometry":{"type":"Polygon","coordinates":[[[71.6080629,51.1216691],[71.6078924,51.1217249],[71.6078047,51.1216188],[71.6079752,51.121563],[71.6080629,51.1216691]]]},"properties":{"name":" ","functional":"Частные дома","purpose":"Частный дом"}},{"type":"Feature","id":"municipal-buildings-125863","geometry":{"type":"Polygon","coordinates":[[[71.607552,51.1218253],[71.6074031,51.1218729],[71.6073608,51.1218204],[71.607335,51.1218287],[71.607306,51.1217927],[71.6074806,51.1217369],[71.607552,51.1218253]]]},"properties":{"name":" ","functional":"Частные дома","purpose":"Частный дом"}},{"type":"Feature","id":"municipal-buildings-125864","geometry":{"type":"Polygon","coordinates":[[[71.6069461,51.1220384],[71.6068626,51.1219252],[71.6070805,51.1218706],[71.6071621,51.1219808],[71.6069461,51.1220384]]]},"properties":{"name":" ","functional":"Частные дома","purpose":"Коттедж"}},{"type":"Feature","id":"municipal-buildings-125865","geometry":{"type":"Polygon","coordinates":[[[71.6065399,51.1221608],[71.6064487,51.1220488],[71.6065964,51.1220058],[71.6066839,51.1221029],[71.6065399,51.1221608]]]},"properties":{"name":" ","functional":"Частные дома","purpose":"Частный дом"}},{"type":"Feature","id":"municipal-buildings-125866","geometry":{"type":"Polygon","coordinates":[[[71.6060807,51.1223272],[71.6058935,51.1223811],[71.6057938,51.1222437],[71.6059807,51.1221895],[71.6060807,51.1223272]]]},"properties":{"name":" ","functional":"Известный по назначению","purpose":"Строящееся здание"}},{"type":"Feature","id":"municipal-buildings-125867","geometry":{"type":"Polygon","coordinates":[[[71.6054459,51.122448],[71.6054361,51.1224352],[71.6053935,51.1224333],[71.6053769,51.1224118],[71.6054156,51.1223859],[71.6053971,51.1223619],[71.6055526,51.1223145],[71.6056155,51.1223964],[71.6054459,51.122448]]]},"properties":{"name":" ","functional":"Частные дома","purpose":"Частный дом"}},{"type":"Feature","id":"municipal-buildings-125868","geometry":{"type":"Polygon","coordinates":[[[71.6049796,51.1227137],[71.6049231,51.1227293],[71.6048757,51.1226611],[71.6049824,51.1226317],[71.6048944,51.1225051],[71.6051206,51.122443],[71.6051701,51.1225151],[71.6052383,51.1224975],[71.6053138,51.1226081],[71.6052754,51.122618],[71.6052883,51.1226378],[71.605235,51.1226516],[71.6051563,51.1225383],[71.6051673,51.1225355],[71.6051602,51.1225245],[71.6051189,51.1225357],[71.6052004,51.1226529],[71.6050352,51.1226984],[71.6050444,51.1227116],[71.6050035,51.1227229],[71.6049943,51.1227097],[71.6049796,51.1227137]]]},"properties":{"name":" ","functional":"Частные дома","purpose":"Частный дом"}},{"type":"Feature","id":"municipal-buildings-125869","geometry":{"type":"Polygon","coordinates":[[[71.6042132,51.122538],[71.6040897,51.1225639],[71.6040261,51.1224439],[71.6041173,51.1224248],[71.6041351,51.1224584],[71.6041689,51.1224513],[71.6042132,51.122538]]]},"properties":{"name":" ","functional":"Частные дома","purpose":"Частный дом"}},{"type":"Feature","id":"municipal-buildings-125870","geometry":{"type":"Polygon","coordinates":[[[71.6038425,51.1222099],[71.6037117,51.1222081],[71.6036674,51.1220217],[71.6037072,51.1220179],[71.6037118,51.1220372],[71.6038523,51.122024],[71.603892,51.1221912],[71.6038392,51.1221961],[71.6038425,51.1222099]]]},"properties":{"name":" ","functional":"Частные дома","purpose":"Частный дом"}},{"type":"Feature","id":"municipal-buildings-125871","geometry":{"type":"Polygon","coordinates":[[[71.6038269,51.1219532],[71.6038003,51.1219551],[71.6038029,51.12197],[71.6036691,51.1219796],[71.6036629,51.1219452],[71.6036342,51.1219476],[71.6035968,51.1217937],[71.6035756,51.121795],[71.6035632,51.1217188],[71.6036478,51.1217133],[71.6036593,51.1217845],[71.6037174,51.1217795],[71.6037094,51.1217288],[71.6037697,51.121725],[71.6037678,51.1217131],[71.6039223,51.1217155],[71.6039358,51.1218008],[71.6037657,51.1218115],[71.6037902,51.121926],[71.6038222,51.1219271],[71.6038269,51.1219532]]]},"properties":{"name":" ","functional":"Частные дома","purpose":"Частный дом"}},{"type":"Feature","id":"municipal-buildings-125872","geometry":{"type":"Polygon","coordinates":[[[71.6035273,51.1221006],[71.6035045,51.1221023],[71.6035152,51.1221578],[71.6033375,51.1221714],[71.6033077,51.1219802],[71.6033872,51.1219741],[71.6033896,51.12202],[71.603505,51.1220112],[71.6035273,51.1221006]]]},"properties":{"name":" ","functional":"Частные дома","purpose":"Частный дом"}},{"type":"Feature","id":"municipal-buildings-125873","geometry":{"type":"Polygon","coordinates":[[[71.6033056,51.1218376],[71.6030929,51.1218526],[71.6030787,51.1217731],[71.6032914,51.1217581],[71.6033056,51.1218376]]]},"properties":{"name":" ","functional":"Частные дома","purpose":"Частный дом"}},{"type":"Feature","id":"municipal-buildings-125874","geometry":{"type":"Polygon","coordinates":[[[71.6027933,51.1218884],[71.602626,51.1218994],[71.6026104,51.1218049],[71.6027778,51.121794],[71.6027933,51.1218884]]]},"properties":{"name":" ","functional":"Частные дома","purpose":"Частный дом"}},{"type":"Feature","id":"municipal-buildings-125875","geometry":{"type":"Polygon","coordinates":[[[71.6022784,51.1219467],[71.6022244,51.1219502],[71.6022217,51.1219335],[71.6021365,51.121939],[71.6021204,51.1218403],[71.6022569,51.1218315],[71.6022784,51.1219467]]]},"properties":{"name":" ","functional":"Частные дома","purpose":"Частный дом"}},{"type":"Feature","id":"municipal-buildings-125876","geometry":{"type":"Polygon","coordinates":[[[71.6023391,51.1220875],[71.6021271,51.1221025],[71.6021092,51.121985],[71.6022408,51.1219842],[71.6022513,51.1220267],[71.6023274,51.1220213],[71.6023391,51.1220875]]]},"properties":{"name":" ","functional":"Частные дома","purpose":"Частный дом"}},{"type":"Feature","id":"municipal-buildings-125877","geometry":{"type":"Polygon","coordinates":[[[71.6030968,51.1224497],[71.6029311,51.1224631],[71.6029161,51.1223899],[71.6030819,51.1223765],[71.6030968,51.1224497]]]},"properties":{"name":" ","functional":"Частные дома","purpose":"Частный дом"}},{"type":"Feature","id":"municipal-buildings-125878","geometry":{"type":"Polygon","coordinates":[[[71.6030819,51.1223765],[71.6031477,51.1223712],[71.6031581,51.1224224],[71.6031282,51.1224246],[71.6031323,51.1224469],[71.6030968,51.1224497],[71.6030819,51.1223765]]]},"properties":{"name":" ","functional":"Частные дома","purpose":"Частный дом"}},{"type":"Feature","id":"municipal-buildings-125879","geometry":{"type":"Polygon","coordinates":[[[71.6024263,51.1225724],[71.6024392,51.1226597],[71.6022352,51.1226716],[71.6022223,51.1225844],[71.6023584,51.1225764],[71.6023564,51.1225629],[71.6024243,51.122559],[71.6024263,51.1225724]]]},"properties":{"name":" ","functional":"Частные дома","purpose":"Частный дом"}},{"type":"Feature","id":"municipal-buildings-125880","geometry":{"type":"Polygon","coordinates":[[[71.6023451,51.1228805],[71.6023468,51.1228913],[71.6023752,51.1228895],[71.6023718,51.1228683],[71.6024601,51.1228628],[71.6024795,51.1229864],[71.6022929,51.122998],[71.6022751,51.1228849],[71.6023451,51.1228805]]]},"properties":{"name":" ","functional":"Частные дома","purpose":"Частный дом"}},{"type":"Feature","id":"municipal-buildings-125881","geometry":{"type":"Polygon","coordinates":[[[71.6022751,51.122885],[71.6022236,51.1228884],[71.6022112,51.1228118],[71.6022315,51.1228105],[71.6022162,51.1227158],[71.6023796,51.122707],[71.602386,51.1227606],[71.6023311,51.1227632],[71.6023346,51.1227847],[71.6023774,51.122783],[71.6023844,51.1228502],[71.602341,51.122852],[71.6023457,51.1228805],[71.6022751,51.122885]]]},"properties":{"name":" ","functional":"Частные дома","purpose":"Частный дом"}},{"type":"Feature","id":"municipal-buildings-125882","geometry":{"type":"Polygon","coordinates":[[[71.6038769,51.1228206],[71.6038007,51.1228312],[71.6038091,51.1228545],[71.6037328,51.1228651],[71.6037246,51.1228418],[71.6036508,51.1228521],[71.6036139,51.1227473],[71.60384,51.1227158],[71.6038769,51.1228206]]]},"properties":{"name":" ","functional":"Частные дома","purpose":"Коттедж"}},{"type":"Feature","id":"municipal-buildings-125883","geometry":{"type":"Polygon","coordinates":[[[71.6100712,51.1190997],[71.6099914,51.1191254],[71.6099562,51.1190755],[71.6098211,51.1191098],[71.609786,51.1190595],[71.6098821,51.1190329],[71.6098913,51.1190462],[71.6105104,51.1188705],[71.6105742,51.1189642],[71.61032,51.1190327],[71.6103411,51.1190638],[71.6102225,51.1190957],[71.6102014,51.1190646],[71.6100712,51.1190997]]]},"properties":{"name":" ","functional":"Известный по назначению","purpose":"Хозяйственный корпус"}},{"type":"Feature","id":"municipal-buildings-125884","geometry":{"type":"Polygon","coordinates":[[[71.6109089,51.1186657],[71.6109017,51.1186431],[71.6108896,51.1186446],[71.6108571,51.1185432],[71.6108692,51.1185417],[71.6108616,51.1185179],[71.6110532,51.1184936],[71.6111005,51.1186413],[71.6109089,51.1186657]]]},"properties":{"name":" ","functional":"Известный по назначению","purpose":"Хозяйственный корпус"}},{"type":"Feature","id":"municipal-buildings-125885","geometry":{"type":"Polygon","coordinates":[[[71.6116976,51.1193361],[71.6115959,51.1192168],[71.6116747,51.1191903],[71.6116889,51.119207],[71.6117929,51.119172],[71.611883,51.1192782],[71.6116976,51.1193361]]]},"properties":{"name":" ","functional":"Частные дома","purpose":"Коттедж"}},{"type":"Feature","id":"municipal-buildings-125886","geometry":{"type":"Polygon","coordinates":[[[71.611497,51.1193357],[71.6115413,51.1193904],[71.6114018,51.1194351],[71.611314,51.1193267],[71.6114121,51.1192952],[71.611427,51.1193136],[71.6114684,51.1193004],[71.611497,51.1193357]]]},"properties":{"name":" ","functional":"Частные дома","purpose":"Частный дом"}},{"type":"Feature","id":"municipal-buildings-125887","geometry":{"type":"Polygon","coordinates":[[[71.6121388,51.1196218],[71.6119021,51.1196972],[71.6118167,51.1195911],[71.6120534,51.1195157],[71.6121388,51.1196218]]]},"properties":{"name":" ","functional":"Частные дома","purpose":"Частный дом"}},{"type":"Feature","id":"municipal-buildings-125888","geometry":{"type":"Polygon","coordinates":[[[71.6105868,51.119256],[71.6106726,51.1193511],[71.6106188,51.1193703],[71.6108337,51.1196083],[71.610681,51.119663],[71.6103764,51.1193256],[71.6105868,51.119256]]]},"properties":{"name":" ","functional":"Известный по назначению","purpose":"Хозяйственный корпус"}},{"type":"Feature","id":"municipal-buildings-125889","geometry":{"type":"Polygon","coordinates":[[[71.6102907,51.1193548],[71.6102635,51.1193625],[71.6103014,51.119415],[71.6099679,51.1195102],[71.6098894,51.1194013],[71.6102229,51.1193062],[71.6102604,51.1193127],[71.6102907,51.1193548]]]},"properties":{"name":" ","functional":"Известный по назначению","purpose":"Хозяйственный корпус"}},{"type":"Feature","id":"municipal-buildings-125890","geometry":{"type":"Polygon","coordinates":[[[71.6101618,51.1198193],[71.6101206,51.1198333],[71.6101009,51.1198103],[71.610142,51.1197963],[71.6101618,51.1198193]]]},"properties":{"name":" ","functional":"Известный по назначению","purpose":"Проходная, КПП"}},{"type":"Feature","id":"municipal-buildings-125891","geometry":{"type":"Polygon","coordinates":[[[71.6114374,51.1198778],[71.6114127,51.1198845],[71.6114346,51.1199164],[71.6113688,51.1199343],[71.6113793,51.1199492],[71.6111686,51.1200077],[71.6110765,51.1198765],[71.6112213,51.1198362],[71.6112093,51.1198187],[71.6112626,51.1198043],[71.6112745,51.1198217],[71.6113547,51.1197999],[71.6113754,51.1198301],[71.6114,51.1198234],[71.6114374,51.1198778]]]},"properties":{"name":" ","functional":"Частные дома","purpose":"Частный дом"}},{"type":"Feature","id":"municipal-buildings-125892","geometry":{"type":"Polygon","coordinates":[[[71.6107265,51.119958],[71.610843,51.1201032],[71.6106571,51.1201616],[71.6105463,51.120022],[71.6106367,51.1199933],[71.6106456,51.1199647],[71.6106889,51.1199509],[71.6107265,51.119958]]]},"properties":{"name":" ","functional":"Частные дома","purpose":"Частный дом"}},{"type":"Feature","id":"municipal-buildings-125893","geometry":{"type":"Polygon","coordinates":[[[71.6115466,51.120386],[71.6113707,51.1202711],[71.6112908,51.1203168],[71.611156,51.1202235],[71.6114408,51.1200604],[71.6117483,51.1202703],[71.6115466,51.120386]]]},"properties":{"name":" ","functional":"Частные дома","purpose":"Частный дом"}},{"type":"Feature","id":"municipal-buildings-125894","geometry":{"type":"Polygon","coordinates":[[[71.611154,51.1206283],[71.6110906,51.1206582],[71.6110393,51.1206152],[71.6110061,51.1206313],[71.6108972,51.1205392],[71.6109817,51.1204984],[71.6110354,51.1205424],[71.6110935,51.1205144],[71.6111221,51.1205379],[71.6112216,51.1204909],[71.6113559,51.1205927],[71.6112805,51.1206284],[71.6112325,51.1205882],[71.611154,51.1206283]]]},"properties":{"name":" ","functional":"Частные дома","purpose":"Коттедж"}},{"type":"Feature","id":"municipal-buildings-125895","geometry":{"type":"Polygon","coordinates":[[[71.6112407,51.1208256],[71.6111838,51.1207766],[71.6112359,51.1207526],[71.6112038,51.120725],[71.6113616,51.1206505],[71.6114385,51.1207168],[71.6114058,51.1207318],[71.6114403,51.1207615],[71.6113138,51.1208197],[71.6112928,51.1208016],[71.6112407,51.1208256]]]},"properties":{"name":" ","functional":"Частные дома","purpose":"Частный дом"}},{"type":"Feature","id":"municipal-buildings-125896","geometry":{"type":"Polygon","coordinates":[[[71.6094879,51.1194587],[71.6094546,51.1194263],[71.6094013,51.1194413],[71.6092942,51.1192906],[71.6094513,51.1192464],[71.6095584,51.119397],[71.6095115,51.1194102],[71.6095299,51.1194469],[71.6094879,51.1194587]]]},"properties":{"name":" ","functional":"Частные дома","purpose":"Частный дом"}},{"type":"Feature","id":"municipal-buildings-125897","geometry":{"type":"Polygon","coordinates":[[[71.6089733,51.1195553],[71.6088705,51.1194115],[71.6090253,51.1193677],[71.6091288,51.1195241],[71.6089733,51.1195553]]]},"properties":{"name":" ","functional":"Частные дома","purpose":"Частный дом"}},{"type":"Feature","id":"municipal-buildings-125898","geometry":{"type":"Polygon","coordinates":[[[71.6086596,51.1196635],[71.6086036,51.1196797],[71.6085909,51.1196622],[71.6085535,51.1196731],[71.6084471,51.1195279],[71.608601,51.1194832],[71.6087074,51.1196284],[71.6086925,51.1196327],[71.6087028,51.119647],[71.6086596,51.1196635]]]},"properties":{"name":" ","functional":"Частные дома","purpose":"Частный дом"}},{"type":"Feature","id":"municipal-buildings-125899","geometry":{"type":"Polygon","coordinates":[[[71.6092714,51.1197723],[71.6092226,51.1197859],[71.6092918,51.1198838],[71.6091165,51.1199328],[71.6090055,51.1197759],[71.60923,51.1197132],[71.6092714,51.1197723]]]},"properties":{"name":" ","functional":"Частные дома","purpose":"Частный дом"}},{"type":"Feature","id":"municipal-buildings-125900","geometry":{"type":"Polygon","coordinates":[[[71.6087391,51.1200865],[71.6088228,51.1200612],[71.6088449,51.12009],[71.6089257,51.1200655],[71.6089968,51.1201583],[71.6089257,51.1201782],[71.608944,51.1202029],[71.6088853,51.1202201],[71.6088654,51.1201933],[71.6088179,51.1202052],[71.6087391,51.1200865]]]},"properties":{"name":" ","functional":"Частные дома","purpose":"Частный дом"}},{"type":"Feature","id":"municipal-buildings-125901","geometry":{"type":"Polygon","coordinates":[[[71.6087554,51.1201237],[71.6087436,51.1201271],[71.6088349,51.1202541],[71.6086379,51.1203102],[71.6085466,51.1201832],[71.6086911,51.1201421],[71.6086488,51.1200833],[71.6086593,51.1200803],[71.6087218,51.1200625],[71.6087554,51.1201237]]]},"properties":{"name":" ","functional":"Частные дома","purpose":"Частный дом"}},{"type":"Feature","id":"municipal-buildings-125902","geometry":{"type":"Polygon","coordinates":[[[71.6084088,51.1203432],[71.6083815,51.1203514],[71.6083689,51.1203348],[71.6083521,51.1203399],[71.6082811,51.1202466],[71.6084835,51.1201856],[71.6085387,51.120258],[71.6085868,51.1202447],[71.6086244,51.1202983],[71.6085764,51.1203116],[71.6085552,51.1202815],[71.608398,51.120329],[71.6084088,51.1203432]]]},"properties":{"name":" ","functional":"Частные дома","purpose":"Частный дом"}},{"type":"Feature","id":"municipal-buildings-125903","geometry":{"type":"Polygon","coordinates":[[[71.6079245,51.1204741],[71.6077916,51.1205161],[71.6077552,51.120467],[71.6077282,51.120475],[71.6076935,51.1204282],[71.6077206,51.1204202],[71.6076974,51.120389],[71.6078322,51.1203494],[71.607887,51.1204235],[71.607915,51.1204153],[71.6079524,51.1204659],[71.6079245,51.1204741]]]},"properties":{"name":" ","functional":"Частные дома","purpose":"Частный дом"}},{"type":"Feature","id":"municipal-buildings-125904","geometry":{"type":"Polygon","coordinates":[[[71.6076826,51.12045],[71.6077196,51.120502],[71.6076802,51.1205135],[71.6077024,51.1205436],[71.607493,51.1206045],[71.607429,51.1205174],[71.6075278,51.1204886],[71.6074909,51.1204384],[71.6076418,51.1203945],[71.6076826,51.12045]]]},"properties":{"name":" ","functional":"Частные дома","purpose":"Частный дом"}},{"type":"Feature","id":"municipal-buildings-125905","geometry":{"type":"Polygon","coordinates":[[[71.6070614,51.1199535],[71.6069733,51.1199776],[71.6069305,51.1199155],[71.6071047,51.1198653],[71.6071641,51.1199514],[71.6070788,51.1199747],[71.6070614,51.1199535]]]},"properties":{"name":" ","functional":"Частные дома","purpose":"Частный дом"}},{"type":"Feature","id":"municipal-buildings-125906","geometry":{"type":"Polygon","coordinates":[[[71.6067448,51.1197556],[71.6068587,51.1199089],[71.6068105,51.119924],[71.6067907,51.1198991],[71.6067192,51.1199216],[71.6067791,51.1200014],[71.6066974,51.1200257],[71.6066824,51.1200058],[71.6066202,51.1200243],[71.6065182,51.1198884],[71.6066785,51.119844],[71.6066356,51.1197899],[71.6067448,51.1197556]]]},"properties":{"name":" ","functional":"Частные дома","purpose":"Частный дом"}},{"type":"Feature","id":"municipal-buildings-125907","geometry":{"type":"Polygon","coordinates":[[[71.6064052,51.1197013],[71.6062246,51.1197473],[71.6061538,51.1196196],[71.6061441,51.119622],[71.6060985,51.1195511],[71.6062791,51.1195051],[71.6063241,51.1195752],[71.606305,51.1195887],[71.606347,51.1195847],[71.6063655,51.1196136],[71.6063352,51.1196372],[71.60636,51.119631],[71.6064052,51.1197013]]]},"properties":{"name":" ","functional":"Частные дома","purpose":"Коттедж"}},{"type":"Feature","id":"municipal-buildings-125908","geometry":{"type":"Polygon","coordinates":[[[71.6057857,51.1195759],[71.6058612,51.1197145],[71.6056655,51.1197689],[71.6056249,51.119711],[71.6056409,51.1197065],[71.6056246,51.1196834],[71.6056474,51.119677],[71.6056106,51.1196246],[71.6056953,51.119601],[71.6056774,51.1195756],[71.6057494,51.1195556],[71.6057678,51.1195504],[71.6057857,51.1195759]]]},"properties":{"name":" ","functional":"Частные дома","purpose":"Коттедж"}},{"type":"Feature","id":"municipal-buildings-125909","geometry":{"type":"Polygon","coordinates":[[[71.6063877,51.1200963],[71.6062167,51.1201467],[71.6062545,51.1201962],[71.6060805,51.1202488],[71.6060132,51.1201608],[71.6060906,51.1201374],[71.6060288,51.1200543],[71.60617,51.1200127],[71.606197,51.1200458],[71.6063295,51.120018],[71.6063877,51.1200963]]]},"properties":{"name":" ","functional":"Частные дома","purpose":"Коттедж"}},{"type":"Feature","id":"municipal-buildings-125910","geometry":{"type":"Polygon","coordinates":[[[71.6068773,51.1201222],[71.6069405,51.1202132],[71.6067878,51.1202551],[71.6067195,51.1201567],[71.6068716,51.120114],[71.6068773,51.1201222]]]},"properties":{"name":" ","functional":"Частные дома","purpose":"Частный дом"}},{"type":"Feature","id":"municipal-buildings-125911","geometry":{"type":"Polygon","coordinates":[[[71.6070264,51.1203415],[71.6068758,51.1203881],[71.606834,51.1203345],[71.6069861,51.1202875],[71.6070264,51.1203415]]]},"properties":{"name":" ","functional":"Частные дома","purpose":"Частный дом"}},{"type":"Feature","id":"municipal-buildings-125912","geometry":{"type":"Polygon","coordinates":[[[71.6071591,51.1205941],[71.6072147,51.1206689],[71.607058,51.120715],[71.6069671,51.1205925],[71.6071238,51.1205465],[71.6071591,51.1205941]]]},"properties":{"name":" ","functional":"Частные дома","purpose":"Частный дом"}},{"type":"Feature","id":"municipal-buildings-125913","geometry":{"type":"Polygon","coordinates":[[[71.6069855,51.1207351],[71.6068021,51.1207927],[71.6067308,51.1207018],[71.6069102,51.1206334],[71.6069855,51.1207351]]]},"properties":{"name":" ","functional":"Частные дома","purpose":"Частный дом"}},{"type":"Feature","id":"municipal-buildings-125914","geometry":{"type":"Polygon","coordinates":[[[71.6066724,51.1208397],[71.6065531,51.120874],[71.6064574,51.1207306],[71.6064943,51.12072],[71.6065038,51.1207332],[71.606567,51.120715],[71.60658,51.1207328],[71.6065922,51.1207293],[71.6066724,51.1208397]]]},"properties":{"name":" ","functional":"Частные дома","purpose":"Частный дом"}},{"type":"Feature","id":"municipal-buildings-125915","geometry":{"type":"Polygon","coordinates":[[[71.6100875,51.1201576],[71.6100648,51.1201636],[71.610076,51.1201803],[71.6099539,51.1202124],[71.6099055,51.1201395],[71.6100276,51.1201074],[71.6100384,51.1201237],[71.6100611,51.1201177],[71.6100875,51.1201576]]]},"properties":{"name":" ","functional":"Частные дома","purpose":"Частный дом"}},{"type":"Feature","id":"municipal-buildings-125916","geometry":{"type":"Polygon","coordinates":[[[71.6100469,51.1205533],[71.6100434,51.1205806],[71.6100082,51.1205919],[71.6100298,51.1206187],[71.6098904,51.1206632],[71.6098168,51.1205718],[71.6099927,51.1205177],[71.6100275,51.120527],[71.6100469,51.1205533]]]},"properties":{"name":" ","functional":"Частные дома","purpose":"Частный дом"}},{"type":"Feature","id":"municipal-buildings-125917","geometry":{"type":"Polygon","coordinates":[[[71.6095354,51.1203052],[71.6093711,51.120355],[71.609311,51.1202766],[71.6094754,51.1202268],[71.6095354,51.1203052]]]},"properties":{"name":" ","functional":"Частные дома","purpose":"Частный дом"}},{"type":"Feature","id":"municipal-buildings-125918","geometry":{"type":"Polygon","coordinates":[[[71.6098365,51.120729],[71.609633,51.1208049],[71.6095556,51.1207189],[71.6096032,51.120702],[71.609587,51.1206839],[71.6096203,51.1206721],[71.6096366,51.1206901],[71.6097615,51.1206456],[71.6098365,51.120729]]]},"properties":{"name":" ","functional":"Частные дома","purpose":"Частный дом"}},{"type":"Feature","id":"municipal-buildings-125919","geometry":{"type":"Polygon","coordinates":[[[71.6092401,51.1209476],[71.6089813,51.1210305],[71.6089113,51.1209439],[71.6091702,51.120861],[71.6092401,51.1209476]]]},"properties":{"name":" ","functional":"Частные дома","purpose":"Частный дом"}},{"type":"Feature","id":"municipal-buildings-125920","geometry":{"type":"Polygon","coordinates":[[[71.608854,51.120555],[71.6086972,51.1206038],[71.6086173,51.1205023],[71.6087457,51.1204624],[71.6087623,51.1204835],[71.6087909,51.1204746],[71.608854,51.120555]]]},"properties":{"name":" ","functional":"Частные дома","purpose":"Частный дом"}},{"type":"Feature","id":"municipal-buildings-125921","geometry":{"type":"Polygon","coordinates":[[[71.6085992,51.1206547],[71.6083901,51.1207227],[71.6083073,51.120622],[71.6084104,51.1205885],[71.6083588,51.1205256],[71.6084199,51.1205057],[71.6084715,51.1205686],[71.6085164,51.120554],[71.6085992,51.1206547]]]},"properties":{"name":" ","functional":"Частные дома","purpose":"Частный дом"}},{"type":"Feature","id":"municipal-buildings-125922","geometry":{"type":"Polygon","coordinates":[[[71.608818,51.1211356],[71.6086969,51.121177],[71.6085635,51.1210056],[71.6086939,51.1209675],[71.6087218,51.1210053],[71.6087505,51.1209964],[71.6087842,51.121039],[71.6087537,51.1210486],[71.608818,51.1211356]]]},"properties":{"name":" ","functional":"Частные дома","purpose":"Частный дом"}},{"type":"Feature","id":"municipal-buildings-125923","geometry":{"type":"Polygon","coordinates":[[[71.6083431,51.1212268],[71.6082462,51.1211095],[71.6083262,51.121085],[71.6083515,51.1211177],[71.6084618,51.1210839],[71.6085455,51.1211924],[71.6084642,51.1212173],[71.608447,51.121195],[71.6083431,51.1212268]]]},"properties":{"name":" ","functional":"Частные дома","purpose":"Частный дом"}},{"type":"Feature","id":"municipal-buildings-125924","geometry":{"type":"Polygon","coordinates":[[[71.6080418,51.1208252],[71.6079425,51.1206973],[71.6081358,51.1206523],[71.608226,51.1207685],[71.6080418,51.1208252]]]},"properties":{"name":" ","functional":"Частные дома","purpose":"Частный дом"}},{"type":"Feature","id":"municipal-buildings-125925","geometry":{"type":"Polygon","coordinates":[[[71.6078454,51.120825],[71.6077586,51.1208511],[71.607777,51.1208753],[71.6076795,51.1209047],[71.6075956,51.1207945],[71.6077871,51.1207483],[71.6078454,51.120825]]]},"properties":{"name":" ","functional":"Частные дома","purpose":"Частный дом"}},{"type":"Feature","id":"municipal-buildings-125926","geometry":{"type":"Polygon","coordinates":[[[71.6081373,51.121169],[71.6082156,51.1212656],[71.6080486,51.1213192],[71.6079703,51.1212227],[71.608088,51.1211849],[71.6080767,51.121171],[71.608126,51.1211551],[71.6081373,51.121169]]]},"properties":{"name":" ","functional":"Частные дома","purpose":"Частный дом"}},{"type":"Feature","id":"municipal-buildings-125927","geometry":{"type":"Polygon","coordinates":[[[71.607283,51.1209845],[71.6072064,51.1208757],[71.6073486,51.120836],[71.6073734,51.1208712],[71.6073988,51.1208641],[71.607458,51.1209482],[71.607283,51.1209845]]]},"properties":{"name":" ","functional":"Частные дома","purpose":"Частный дом"}},{"type":"Feature","id":"municipal-buildings-125928","geometry":{"type":"Polygon","coordinates":[[[71.6078189,51.1213891],[71.6076616,51.1214357],[71.6076769,51.1214561],[71.607635,51.1214685],[71.6075517,51.121357],[71.6077455,51.1212996],[71.6078189,51.1213891]]]},"properties":{"name":" ","functional":"Частные дома","purpose":"Частный дом"}},{"type":"Feature","id":"municipal-buildings-125929","geometry":{"type":"Polygon","coordinates":[[[71.6073757,51.1215142],[71.6073644,51.1215324],[71.6070824,51.1216206],[71.6070515,51.121584],[71.6070752,51.1215761],[71.6070384,51.1215291],[71.6072985,51.1214484],[71.6073314,51.1214903],[71.6073519,51.121484],[71.6073757,51.1215142]]]},"properties":{"name":" ","functional":"Частные дома","purpose":"Частный дом"}},{"type":"Feature","id":"municipal-buildings-125930","geometry":{"type":"Polygon","coordinates":[[[71.6070548,51.1211037],[71.6069808,51.1211153],[71.6069466,51.1210634],[71.6069944,51.121051],[71.6069273,51.1209606],[71.6071139,51.1209058],[71.6071709,51.1209951],[71.6070268,51.121047],[71.6070548,51.1211037]]]},"properties":{"name":" ","functional":"Частные дома","purpose":"Частный дом"}},{"type":"Feature","id":"municipal-buildings-125931","geometry":{"type":"Polygon","coordinates":[[[71.6067384,51.1211397],[71.6066941,51.1210841],[71.6066373,51.1211007],[71.6065842,51.1210288],[71.6066578,51.1210073],[71.6066788,51.1210357],[71.6068591,51.1209789],[71.6069373,51.121077],[71.6067384,51.1211397]]]},"properties":{"name":" ","functional":"Частные дома","purpose":"Частный дом"}},{"type":"Feature","id":"municipal-buildings-125932","geometry":{"type":"Polygon","coordinates":[[[71.6063978,51.1212246],[71.6063567,51.1212358],[71.6062955,51.1211505],[71.6064434,51.1211132],[71.6065044,51.1211916],[71.6063978,51.1212246]]]},"properties":{"name":" ","functional":"Частные дома","purpose":"Частный дом"}},{"type":"Feature","id":"municipal-buildings-125933","geometry":{"type":"Polygon","coordinates":[[[71.606827,51.1215974],[71.6068707,51.1216513],[71.6068531,51.1216572],[71.6068755,51.1216837],[71.6067303,51.1217304],[71.6066757,51.1216631],[71.606761,51.1216357],[71.6067453,51.1216163],[71.606827,51.1215974]]]},"properties":{"name":" ","functional":"Частные дома","purpose":"Частный дом"}},{"type":"Feature","id":"municipal-buildings-125934","geometry":{"type":"Polygon","coordinates":[[[71.6065279,51.1217937],[71.6063102,51.1218625],[71.6062571,51.1217958],[71.6064747,51.1217271],[71.6065279,51.1217937]]]},"properties":{"name":" ","functional":"Частные дома","purpose":"Частный дом"}},{"type":"Feature","id":"municipal-buildings-125935","geometry":{"type":"Polygon","coordinates":[[[71.606128,51.1218392],[71.6061787,51.121903],[71.6060265,51.1219513],[71.6059685,51.1218791],[71.6059832,51.1218744],[71.6059626,51.1218485],[71.6061008,51.121805],[71.606128,51.1218392]]]},"properties":{"name":" ","functional":"Частные дома","purpose":"Частный дом"}},{"type":"Feature","id":"municipal-buildings-125936","geometry":{"type":"Polygon","coordinates":[[[71.6061568,51.1212748],[71.6059992,51.12132],[71.6059476,51.1212488],[71.6061052,51.1212036],[71.6061568,51.1212748]]]},"properties":{"name":" ","functional":"Частные дома","purpose":"Частный дом"}},{"type":"Feature","id":"municipal-buildings-125937","geometry":{"type":"Polygon","coordinates":[[[71.6058643,51.1213938],[71.6056993,51.1214403],[71.6056283,51.1213406],[71.6057933,51.1212941],[71.6058643,51.1213938]]]},"properties":{"name":" ","functional":"Частные дома","purpose":"Частный дом"}},{"type":"Feature","id":"municipal-buildings-125938","geometry":{"type":"Polygon","coordinates":[[[71.6058391,51.1220087],[71.605706,51.1220514],[71.6056414,51.1219714],[71.6057745,51.1219288],[71.6058391,51.1220087]]]},"properties":{"name":" ","functional":"Частные дома","purpose":"Частный дом"}},{"type":"Feature","id":"municipal-buildings-125939","geometry":{"type":"Polygon","coordinates":[[[71.6056615,51.1220832],[71.6056035,51.1221008],[71.6055849,51.1220764],[71.6055332,51.1220926],[71.6054895,51.1220378],[71.6055997,51.1220031],[71.6056231,51.1220326],[71.605645,51.1220261],[71.6056644,51.122052],[71.6056426,51.1220584],[71.6056615,51.1220832]]]},"properties":{"name":" ","functional":"Частные дома","purpose":"Частный дом"}},{"type":"Feature","id":"municipal-buildings-125940","geometry":{"type":"Polygon","coordinates":[[[71.6052414,51.1219587],[71.6052712,51.1219902],[71.6053274,51.1219737],[71.6054492,51.1221265],[71.6053177,51.1221669],[71.6052487,51.1220629],[71.6051972,51.1220781],[71.6052173,51.1221031],[71.6051772,51.1221159],[71.6051218,51.122034],[71.6052314,51.1220018],[71.6052066,51.1219692],[71.6052414,51.1219587]]]},"properties":{"name":" ","functional":"Частные дома","purpose":"Частный дом"}},{"type":"Feature","id":"municipal-buildings-125941","geometry":{"type":"Polygon","coordinates":[[[71.6047709,51.1223426],[71.604714,51.1222721],[71.6048928,51.122215],[71.6049601,51.1222984],[71.6049344,51.1223067],[71.604924,51.1222938],[71.6047709,51.1223426]]]},"properties":{"name":" ","functional":"Частные дома","purpose":"Частный дом"}},{"type":"Feature","id":"municipal-buildings-125942","geometry":{"type":"Polygon","coordinates":[[[71.604514,51.1218547],[71.6044681,51.1218672],[71.6044522,51.121844],[71.6044202,51.1218527],[71.6043223,51.1217098],[71.6044406,51.1216777],[71.6045385,51.1218206],[71.6044982,51.1218315],[71.604514,51.1218547]]]},"properties":{"name":" ","functional":"Частные дома","purpose":"Частный дом"}},{"type":"Feature","id":"municipal-buildings-125943","geometry":{"type":"Polygon","coordinates":[[[71.6046999,51.1216907],[71.6046459,51.1216202],[71.6047897,51.1215765],[71.6048458,51.1216498],[71.6046999,51.1216907]]]},"properties":{"name":" ","functional":"Частные дома","purpose":"Частный дом"}},{"type":"Feature","id":"municipal-buildings-125944","geometry":{"type":"Polygon","coordinates":[[[71.6053654,51.121649],[71.6051145,51.1217216],[71.6050005,51.1215657],[71.6051093,51.1215342],[71.6051324,51.1215657],[71.6052744,51.1215246],[71.6053654,51.121649]]]},"properties":{"name":" ","functional":"Частные дома","purpose":"Коттедж"}},{"type":"Feature","id":"municipal-buildings-125945","geometry":{"type":"Polygon","coordinates":[[[71.6055844,51.1215256],[71.6055146,51.121546],[71.6054822,51.1215022],[71.6053688,51.1215355],[71.6052936,51.1214338],[71.6054832,51.1213828],[71.6055844,51.1215256]]]},"properties":{"name":" ","functional":"Частные дома","purpose":"Частный дом"}},{"type":"Feature","id":"municipal-buildings-125959","geometry":{"type":"Polygon","coordinates":[[[71.6044311,51.1230855],[71.6042898,51.123109],[71.6042708,51.1230639],[71.6043354,51.1230351],[71.6043518,51.1230504],[71.6044121,51.1230404],[71.6044311,51.1230855]]]},"properties":{"name":" ","functional":"Административные сооружения","purpose":"Магазин"}},{"type":"Feature","id":"municipal-buildings-125964","geometry":{"type":"Polygon","coordinates":[[[71.6016391,51.1271471],[71.6014552,51.1271695],[71.6014345,51.1271022],[71.6016184,51.1270798],[71.6016391,51.1271471]]]},"properties":{"name":" ","functional":"Известный по назначению","purpose":"Хозяйственный корпус"}},{"type":"Feature","id":"municipal-buildings-125966","geometry":{"type":"Polygon","coordinates":[[[71.6117599,51.1244866],[71.6115584,51.1245218],[71.6115415,51.1244836],[71.6113752,51.1245126],[71.6113303,51.1244108],[71.6112798,51.1244148],[71.611265,51.1243794],[71.6113112,51.1243674],[71.6112916,51.124323],[71.611278,51.1243252],[71.6112659,51.1242646],[71.6115036,51.1242231],[71.6114946,51.1242025],[71.6115086,51.1242001],[71.6114482,51.1240623],[71.6116155,51.1240333],[71.611609,51.1240018],[71.6116651,51.1239923],[71.6116846,51.1240215],[71.611849,51.1239933],[71.6118931,51.1241004],[71.6119517,51.1240901],[71.6120071,51.1242148],[71.6118009,51.1242511],[71.6117875,51.124221],[71.6117379,51.12423],[71.6117736,51.1243115],[71.6116411,51.1243345],[71.611654,51.1243653],[71.6117026,51.1243568],[71.6117599,51.1244866]]]},"properties":{"name":" ","functional":"Дошкольные","purpose":"Детский сад, ясли"}},{"type":"Feature","id":"municipal-buildings-125967","geometry":{"type":"Polygon","coordinates":[[[71.6124272,51.1244099],[71.6123378,51.1244247],[71.6122979,51.1243287],[71.6123873,51.124314],[71.6124272,51.1244099]]]},"properties":{"name":" ","functional":"Известный по назначению","purpose":"Хозяйственный корпус"}},{"type":"Feature","id":"municipal-buildings-125969","geometry":{"type":"Polygon","coordinates":[[[71.606376,51.1203937],[71.6062367,51.1204337],[71.6061664,51.1203369],[71.6063057,51.1202969],[71.606376,51.1203937]]]},"properties":{"name":" ","functional":"Частные дома","purpose":"Частный дом"}},{"type":"Feature","id":"municipal-buildings-126098","geometry":{"type":"Polygon","coordinates":[[[71.6043935,51.1255284],[71.6043311,51.1255343],[71.6043174,51.1254798],[71.6043798,51.1254739],[71.6043935,51.1255284]]]},"properties":{"name":" ","functional":" ","purpose":"Здание"}},{"type":"Feature","id":"municipal-buildings-126313","geometry":{"type":"Polygon","coordinates":[[[71.6017462,51.1285005],[71.6017923,51.1284893],[71.6019123,51.1286854],[71.6018242,51.1287067],[71.6017042,51.1285106],[71.6017462,51.1285005]]]},"properties":{"name":" ","functional":" ","purpose":"Коттедж"}},{"type":"Feature","id":"municipal-buildings-126314","geometry":{"type":"Polygon","coordinates":[[[71.6017136,51.128499],[71.6017342,51.1284563],[71.6017683,51.1284487],[71.6017875,51.1284824],[71.6017136,51.128499]]]},"properties":{"name":" ","functional":" ","purpose":"Здание"}},{"type":"Feature","id":"municipal-buildings-126315","geometry":{"type":"Polygon","coordinates":[[[71.6017462,51.1285005],[71.6017186,51.1285072],[71.6017131,51.1284982],[71.6017462,51.1285005]]]},"properties":{"name":" ","functional":" ","purpose":"Здание"}},{"type":"Feature","id":"municipal-buildings-126316","geometry":{"type":"Polygon","coordinates":[[[71.6017342,51.1284563],[71.6017223,51.128443],[71.6017467,51.1284373],[71.6017551,51.1284516],[71.6017342,51.1284563]]]},"properties":{"name":" ","functional":" ","purpose":"Здание"}},{"type":"Feature","id":"municipal-buildings-126318","geometry":{"type":"Polygon","coordinates":[[[71.6019544,51.1286428],[71.6019035,51.1286554],[71.6018596,51.1285855],[71.602045,51.1285394],[71.6020888,51.1286094],[71.6019544,51.1286428]]]},"properties":{"name":" ","functional":" ","purpose":"Частный дом"}},{"type":"Feature","id":"municipal-buildings-126319","geometry":{"type":"Polygon","coordinates":[[[71.6020411,51.1285404],[71.6018632,51.1285846],[71.6018482,51.1285606],[71.6020261,51.1285165],[71.6020411,51.1285404]]]},"properties":{"name":" ","functional":" ","purpose":"Здание"}},{"type":"Feature","id":"municipal-buildings-126320","geometry":{"type":"Polygon","coordinates":[[[71.601979,51.1285282],[71.6019375,51.1285385],[71.6019281,51.1285236],[71.6019696,51.1285133],[71.601979,51.1285282]]]},"properties":{"name":" ","functional":" ","purpose":"Здание"}},{"type":"Feature","id":"municipal-buildings-126321","geometry":{"type":"Polygon","coordinates":[[[71.6019835,51.1286356],[71.6019952,51.1286544],[71.6019662,51.1286616],[71.6019544,51.1286428],[71.6019835,51.1286356]]]},"properties":{"name":" ","functional":" ","purpose":"Здание"}},{"type":"Feature","id":"municipal-buildings-126322","geometry":{"type":"Polygon","coordinates":[[[71.6021679,51.1285941],[71.602099,51.128609],[71.6020666,51.1285495],[71.6021355,51.1285346],[71.6021679,51.1285941]]]},"properties":{"name":" ","functional":" ","purpose":"Частный дом"}},{"type":"Feature","id":"municipal-buildings-126323","geometry":{"type":"Polygon","coordinates":[[[71.6022261,51.1283459],[71.6020853,51.1283713],[71.6020745,51.1283478],[71.6022418,51.1283176],[71.6022525,51.1283411],[71.6022261,51.1283459]]]},"properties":{"name":" ","functional":" ","purpose":"Здание"}},{"type":"Feature","id":"municipal-buildings-126324","geometry":{"type":"Polygon","coordinates":[[[71.6022688,51.1284394],[71.6021228,51.1284658],[71.6020801,51.1283723],[71.6022261,51.1283459],[71.6022688,51.1284394]]]},"properties":{"name":" ","functional":" ","purpose":"Здание"}},{"type":"Feature","id":"municipal-buildings-126325","geometry":{"type":"Polygon","coordinates":[[[71.6022525,51.1283411],[71.6022986,51.128434],[71.6022688,51.1284394],[71.6022261,51.1283459],[71.6022525,51.1283411]]]},"properties":{"name":" ","functional":" ","purpose":"Здание"}},{"type":"Feature","id":"municipal-buildings-126326","geometry":{"type":"Polygon","coordinates":[[[71.6019605,51.1283593],[71.6018573,51.1283727],[71.6018321,51.1282962],[71.6019353,51.1282828],[71.6019605,51.1283593]]]},"properties":{"name":" ","functional":" ","purpose":"Здание"}},{"type":"Feature","id":"municipal-buildings-126327","geometry":{"type":"Polygon","coordinates":[[[71.6018034,51.1283191],[71.6017134,51.1283397],[71.6017012,51.1283026],[71.6017941,51.1282906],[71.6018034,51.1283191]]]},"properties":{"name":" ","functional":" ","purpose":"Частный дом"}},{"type":"Feature","id":"municipal-buildings-126328","geometry":{"type":"Polygon","coordinates":[[[71.6019605,51.1283593],[71.6019686,51.1283839],[71.6018654,51.1283973],[71.6018573,51.1283727],[71.6019605,51.1283593]]]},"properties":{"name":" ","functional":" ","purpose":"Здание"}},{"type":"Feature","id":"municipal-buildings-126329","geometry":{"type":"Polygon","coordinates":[[[71.6018381,51.1283146],[71.6018034,51.1283191],[71.6017954,51.1282945],[71.6018326,51.1282897],[71.6018381,51.1283146]]]},"properties":{"name":" ","functional":" ","purpose":"Частный дом"}},{"type":"Feature","id":"municipal-buildings-126330","geometry":{"type":"Polygon","coordinates":[[[71.6016297,51.1282309],[71.6016727,51.1282268],[71.6016858,51.1282802],[71.6015278,51.1282956],[71.6015147,51.1282422],[71.6016297,51.1282309]]]},"properties":{"name":" ","functional":" ","purpose":"Частный дом"}},{"type":"Feature","id":"municipal-buildings-126331","geometry":{"type":"Polygon","coordinates":[[[71.6016297,51.1282309],[71.601546,51.1282391],[71.6015428,51.1282263],[71.6016266,51.1282181],[71.6016297,51.1282309]]]},"properties":{"name":" ","functional":" ","purpose":"Здание"}},{"type":"Feature","id":"municipal-buildings-126332","geometry":{"type":"Polygon","coordinates":[[[71.6013418,51.1283056],[71.60125,51.1282887],[71.6012387,51.128258],[71.6013199,51.1282461],[71.6013418,51.1283056]]]},"properties":{"name":" ","functional":" ","purpose":"Здание"}},{"type":"Feature","id":"municipal-buildings-126333","geometry":{"type":"Polygon","coordinates":[[[71.6017189,51.1281742],[71.601662,51.1281796],[71.6016492,51.1281223],[71.6017014,51.1281177],[71.6017189,51.1281742]]]},"properties":{"name":" ","functional":" ","purpose":"Здание"}},{"type":"Feature","id":"municipal-buildings-126334","geometry":{"type":"Polygon","coordinates":[[[71.601702,51.1281197],[71.6017584,51.1281129],[71.601775,51.1281674],[71.6017189,51.1281742],[71.601702,51.1281197]]]},"properties":{"name":" ","functional":" ","purpose":"Здание"}},{"type":"Feature","id":"municipal-buildings-126335","geometry":{"type":"Polygon","coordinates":[[[71.6019657,51.1279204],[71.6019699,51.1279406],[71.6016194,51.1279698],[71.6016085,51.127918],[71.601959,51.1278888],[71.6019657,51.1279204]]]},"properties":{"name":" ","functional":" ","purpose":"Здание"}},{"type":"Feature","id":"municipal-buildings-126336","geometry":{"type":"Polygon","coordinates":[[[71.6019596,51.1278915],[71.6019994,51.1278882],[71.6020055,51.1279171],[71.6019657,51.1279204],[71.6019596,51.1278915]]]},"properties":{"name":" ","functional":" ","purpose":"Здание"}},{"type":"Feature","id":"municipal-buildings-126337","geometry":{"type":"Polygon","coordinates":[[[71.6021533,51.1279312],[71.6021299,51.1279334],[71.6021264,51.1279182],[71.6021498,51.1279161],[71.6021533,51.1279312]]]},"properties":{"name":" ","functional":" ","purpose":"Здание"}},{"type":"Feature","id":"municipal-buildings-126338","geometry":{"type":"Polygon","coordinates":[[[71.6021916,51.1279627],[71.6021748,51.1279648],[71.6021688,51.1279454],[71.6021856,51.1279433],[71.6021916,51.1279627]]]},"properties":{"name":" ","functional":" ","purpose":"Здание"}},{"type":"Feature","id":"municipal-buildings-126339","geometry":{"type":"Polygon","coordinates":[[[71.6019846,51.1278448],[71.6020094,51.1278605],[71.6019854,51.1278795],[71.6019524,51.1278692],[71.6019642,51.1278465],[71.6019846,51.1278448]]]},"properties":{"name":" ","functional":" ","purpose":"Здание"}},{"type":"Feature","id":"municipal-buildings-126340","geometry":{"type":"Polygon","coordinates":[[[71.6020692,51.1278],[71.6020556,51.1277613],[71.6020968,51.1277572],[71.6021065,51.1277963],[71.6020692,51.1278]]]},"properties":{"name":" ","functional":" ","purpose":"Здание"}},{"type":"Feature","id":"municipal-buildings-126341","geometry":{"type":"Polygon","coordinates":[[[71.6021037,51.1277966],[71.6021076,51.1278126],[71.6020732,51.127816],[71.6020692,51.1278],[71.6021037,51.1277966]]]},"properties":{"name":" ","functional":" ","purpose":"Здание"}},{"type":"Feature","id":"municipal-buildings-126342","geometry":{"type":"Polygon","coordinates":[[[71.6020864,51.1277475],[71.6020611,51.1277494],[71.602058,51.1277334],[71.6020833,51.1277314],[71.6020864,51.1277475]]]},"properties":{"name":" ","functional":" ","purpose":"Здание"}},{"type":"Feature","id":"municipal-buildings-126343","geometry":{"type":"Polygon","coordinates":[[[71.6021476,51.1280759],[71.6022027,51.1280681],[71.6022106,51.1280971],[71.602155,51.128103],[71.6021476,51.1280759]]]},"properties":{"name":" ","functional":" ","purpose":"Здание"}},{"type":"Feature","id":"municipal-buildings-126344","geometry":{"type":"Polygon","coordinates":[[[71.6021536,51.1280978],[71.6019818,51.1281162],[71.6019759,51.1280943],[71.6021476,51.1280759],[71.6021536,51.1280978]]]},"properties":{"name":" ","functional":" ","purpose":"Здание"}},{"type":"Feature","id":"municipal-buildings-126345","geometry":{"type":"Polygon","coordinates":[[[71.6022732,51.1282513],[71.6023187,51.1282463],[71.6023244,51.1282667],[71.6022789,51.1282717],[71.6022732,51.1282513]]]},"properties":{"name":" ","functional":" ","purpose":"Здание"}},{"type":"Feature","id":"municipal-buildings-126346","geometry":{"type":"Polygon","coordinates":[[[71.602269,51.1282772],[71.6022719,51.1282876],[71.6021852,51.1282972],[71.6021823,51.1282868],[71.602269,51.1282772]]]},"properties":{"name":" ","functional":" ","purpose":"Здание"}},{"type":"Feature","id":"municipal-buildings-126347","geometry":{"type":"Polygon","coordinates":[[[71.602269,51.1282772],[71.6022174,51.1282829],[71.6022066,51.1282444],[71.6022693,51.1282374],[71.6022801,51.128276],[71.602269,51.1282772]]]},"properties":{"name":" ","functional":" ","purpose":"Здание"}},{"type":"Feature","id":"municipal-buildings-126348","geometry":{"type":"Polygon","coordinates":[[[71.6021823,51.1282868],[71.6020797,51.1282982],[71.602068,51.1282615],[71.6022066,51.1282444],[71.6022174,51.1282829],[71.6021823,51.1282868]]]},"properties":{"name":" ","functional":" ","purpose":"Здание"}},{"type":"Feature","id":"municipal-buildings-126349","geometry":{"type":"Polygon","coordinates":[[[71.602251,51.1282394],[71.6022185,51.128243],[71.6022133,51.1282244],[71.6022458,51.1282208],[71.602251,51.1282394]]]},"properties":{"name":" ","functional":" ","purpose":"Здание"}},{"type":"Feature","id":"municipal-buildings-126478","geometry":{"type":"Polygon","coordinates":[[[71.6028719,51.1270581],[71.6027778,51.1270647],[71.6027477,51.1268948],[71.6028548,51.1268873],[71.6028849,51.1270572],[71.6028719,51.1270581]]]},"properties":{"name":" ","functional":" ","purpose":"Здание"}},{"type":"Feature","id":"municipal-buildings-126479","geometry":{"type":"Polygon","coordinates":[[[71.6027789,51.1271571],[71.6027503,51.1271586],[71.6027374,51.1270647],[71.6028719,51.1270581],[71.6028846,51.1271513],[71.6027789,51.1271571]]]},"properties":{"name":" ","functional":" ","purpose":"Здание"}},{"type":"Feature","id":"municipal-buildings-126480","geometry":{"type":"Polygon","coordinates":[[[71.6025408,51.1274245],[71.6024236,51.1274324],[71.6024173,51.1273949],[71.6025344,51.127387],[71.6025408,51.1274245]]]},"properties":{"name":" ","functional":" ","purpose":"Здание"}},{"type":"Feature","id":"municipal-buildings-126481","geometry":{"type":"Polygon","coordinates":[[[71.602851,51.1268876],[71.6027477,51.1268948],[71.6027089,51.1266762],[71.6028122,51.1266689],[71.602851,51.1268876]]]},"properties":{"name":" ","functional":" ","purpose":"Здание"}},{"type":"Feature","id":"municipal-buildings-126482","geometry":{"type":"Polygon","coordinates":[[[71.6030859,51.1271278],[71.6030007,51.1271314],[71.6029816,51.1269525],[71.6031052,51.1269472],[71.6031244,51.1271261],[71.6030859,51.1271278]]]},"properties":{"name":" ","functional":" ","purpose":"Частный дом"}},{"type":"Feature","id":"municipal-buildings-126483","geometry":{"type":"Polygon","coordinates":[[[71.6030984,51.1272206],[71.6029966,51.1272261],[71.6029833,51.1271278],[71.6030859,51.1271278],[71.6030984,51.1272206]]]},"properties":{"name":" ","functional":" ","purpose":"Здание"}},{"type":"Feature","id":"municipal-buildings-126484","geometry":{"type":"Polygon","coordinates":[[[71.6031903,51.1271696],[71.6032379,51.1271673],[71.6032429,51.1272074],[71.603179,51.1272106],[71.603174,51.1271704],[71.6031903,51.1271696]]]},"properties":{"name":" ","functional":" ","purpose":"Здание"}},{"type":"Feature","id":"municipal-buildings-126485","geometry":{"type":"Polygon","coordinates":[[[71.603179,51.1272106],[71.6030984,51.1272206],[71.603088,51.127143],[71.603186,51.1271377],[71.603179,51.1272106]]]},"properties":{"name":" ","functional":" ","purpose":"Здание"}},{"type":"Feature","id":"municipal-buildings-126486","geometry":{"type":"Polygon","coordinates":[[[71.6032408,51.12727],[71.6031824,51.1272721],[71.6031802,51.1272491],[71.6032386,51.1272469],[71.6032408,51.12727]]]},"properties":{"name":" ","functional":" ","purpose":"Здание"}},{"type":"Feature","id":"municipal-buildings-126487","geometry":{"type":"Polygon","coordinates":[[[71.6031245,51.12734],[71.60302,51.1273554],[71.6030085,51.1273247],[71.6031129,51.1273092],[71.6031245,51.12734]]]},"properties":{"name":" ","functional":" ","purpose":"Здание"}},{"type":"Feature","id":"municipal-buildings-126488","geometry":{"type":"Polygon","coordinates":[[[71.6031981,51.1273731],[71.6031502,51.1273774],[71.6031399,51.1273325],[71.6031879,51.1273282],[71.6031981,51.1273731]]]},"properties":{"name":" ","functional":" ","purpose":"Здание"}},{"type":"Feature","id":"municipal-buildings-126489","geometry":{"type":"Polygon","coordinates":[[[71.6032479,51.1273665],[71.6032165,51.1273699],[71.6032085,51.127341],[71.6032399,51.1273375],[71.6032479,51.1273665]]]},"properties":{"name":" ","functional":" ","purpose":"Здание"}},{"type":"Feature","id":"municipal-buildings-126490","geometry":{"type":"Polygon","coordinates":[[[71.6032902,51.127485],[71.6032689,51.1274874],[71.6032456,51.1274051],[71.60333,51.1273957],[71.6033532,51.1274779],[71.6032902,51.127485]]]},"properties":{"name":" ","functional":" ","purpose":"Здание"}},{"type":"Feature","id":"municipal-buildings-126491","geometry":{"type":"MultiPolygon","coordinates":[[[[71.6032333,51.1274361],[71.603184,51.1274392],[71.6031833,51.1274349],[71.6032333,51.1274361]]],[[[71.6032333,51.1274361],[71.6032538,51.1275577],[71.6031577,51.127568],[71.6031366,51.1274425],[71.6032333,51.1274361]]]]},"properties":{"name":" ","functional":" ","purpose":"Здание"}},{"type":"Feature","id":"municipal-buildings-126492","geometry":{"type":"Polygon","coordinates":[[[71.6031577,51.127568],[71.6031175,51.1275707],[71.6031076,51.1275118],[71.6031478,51.1275091],[71.6031577,51.127568]]]},"properties":{"name":" ","functional":" ","purpose":"Здание"}},{"type":"Feature","id":"municipal-buildings-126493","geometry":{"type":"Polygon","coordinates":[[[71.6033532,51.1274779],[71.6033652,51.1275064],[71.6032984,51.1275139],[71.6032902,51.127485],[71.6033532,51.1274779]]]},"properties":{"name":" ","functional":" ","purpose":"Здание"}},{"type":"Feature","id":"municipal-buildings-126494","geometry":{"type":"Polygon","coordinates":[[[71.6030729,51.1276414],[71.6029946,51.1276456],[71.6029852,51.1275747],[71.6030635,51.1275705],[71.6030729,51.1276414]]]},"properties":{"name":" ","functional":" ","purpose":"Здание"}},{"type":"Feature","id":"municipal-buildings-126495","geometry":{"type":"Polygon","coordinates":[[[71.6031468,51.1277109],[71.6030884,51.1277153],[71.6030818,51.1276805],[71.6031402,51.1276761],[71.6031468,51.1277109]]]},"properties":{"name":" ","functional":" ","purpose":"Здание"}},{"type":"Feature","id":"municipal-buildings-126496","geometry":{"type":"Polygon","coordinates":[[[71.6029705,51.1277336],[71.602981,51.1277898],[71.6027889,51.127804],[71.6027698,51.1277015],[71.6029619,51.1276873],[71.6029705,51.1277336]]]},"properties":{"name":" ","functional":" ","purpose":"Здание"}},{"type":"Feature","id":"municipal-buildings-126497","geometry":{"type":"Polygon","coordinates":[[[71.6029623,51.1276897],[71.6030018,51.1276868],[71.60301,51.1277307],[71.6029705,51.1277336],[71.6029623,51.1276897]]]},"properties":{"name":" ","functional":" ","purpose":"Здание"}},{"type":"Feature","id":"municipal-buildings-126498","geometry":{"type":"Polygon","coordinates":[[[71.6027827,51.1277706],[71.6027582,51.1277724],[71.6027534,51.1277466],[71.6027779,51.1277448],[71.6027827,51.1277706]]]},"properties":{"name":" ","functional":" ","purpose":"Здание"}},{"type":"Feature","id":"municipal-buildings-126499","geometry":{"type":"Polygon","coordinates":[[[71.6026035,51.1277859],[71.6024861,51.1277963],[71.6024723,51.1277346],[71.6025897,51.1277242],[71.6026035,51.1277859]]]},"properties":{"name":" ","functional":" ","purpose":"Здание"}},{"type":"Feature","id":"municipal-buildings-126500","geometry":{"type":"Polygon","coordinates":[[[71.6033959,51.1276821],[71.6034108,51.1277362],[71.6032069,51.1277584],[71.603192,51.1277044],[71.6033959,51.1276821]]]},"properties":{"name":" ","functional":" ","purpose":"Здание"}},{"type":"Feature","id":"municipal-buildings-126501","geometry":{"type":"Polygon","coordinates":[[[71.6033959,51.1276821],[71.6032194,51.1277014],[71.6032123,51.1276754],[71.6033887,51.1276562],[71.6033959,51.1276821]]]},"properties":{"name":" ","functional":" ","purpose":"Здание"}},{"type":"Feature","id":"municipal-buildings-126502","geometry":{"type":"Polygon","coordinates":[[[71.6032194,51.1277014],[71.6031939,51.1277042],[71.6031876,51.1276813],[71.6032131,51.1276785],[71.6032194,51.1277014]]]},"properties":{"name":" ","functional":" ","purpose":"Здание"}},{"type":"Feature","id":"municipal-buildings-126503","geometry":{"type":"Polygon","coordinates":[[[71.6034475,51.1276705],[71.6034209,51.127676],[71.6034123,51.1276598],[71.6034389,51.1276542],[71.6034475,51.1276705]]]},"properties":{"name":" ","functional":" ","purpose":"Здание"}},{"type":"Feature","id":"municipal-buildings-126504","geometry":{"type":"Polygon","coordinates":[[[71.6036162,51.1277185],[71.6035792,51.1277227],[71.6035653,51.1276741],[71.6036023,51.1276699],[71.6036162,51.1277185]]]},"properties":{"name":" ","functional":" ","purpose":"Здание"}},{"type":"Feature","id":"municipal-buildings-126505","geometry":{"type":"Polygon","coordinates":[[[71.6035955,51.1276551],[71.6035767,51.1276565],[71.6035745,51.1276443],[71.6035933,51.127643],[71.6035955,51.1276551]]]},"properties":{"name":" ","functional":" ","purpose":"Здание"}},{"type":"Feature","id":"municipal-buildings-126506","geometry":{"type":"Polygon","coordinates":[[[71.6034695,51.127811],[71.6033621,51.1278231],[71.6033452,51.1277634],[71.6036195,51.1277326],[71.6036365,51.1277923],[71.6034695,51.127811]]]},"properties":{"name":" ","functional":" ","purpose":"Здание"}},{"type":"Feature","id":"municipal-buildings-126507","geometry":{"type":"Polygon","coordinates":[[[71.6035057,51.127807],[71.6035092,51.1278196],[71.603473,51.1278237],[71.6034695,51.127811],[71.6035057,51.127807]]]},"properties":{"name":" ","functional":" ","purpose":"Здание"}},{"type":"Feature","id":"municipal-buildings-126508","geometry":{"type":"Polygon","coordinates":[[[71.6035916,51.127999],[71.6033293,51.1280127],[71.6033259,51.1279767],[71.6035886,51.1279669],[71.6035916,51.127999]]]},"properties":{"name":" ","functional":" ","purpose":"Здание"}},{"type":"Feature","id":"municipal-buildings-126509","geometry":{"type":"Polygon","coordinates":[[[71.6035889,51.1279702],[71.6036125,51.1279673],[71.6036213,51.1279953],[71.6035916,51.127999],[71.6035889,51.1279702]]]},"properties":{"name":" ","functional":" ","purpose":"Здание"}},{"type":"Feature","id":"municipal-buildings-126510","geometry":{"type":"Polygon","coordinates":[[[71.6037106,51.1280885],[71.6036314,51.1281008],[71.6036218,51.1280762],[71.603701,51.1280639],[71.6037106,51.1280885]]]},"properties":{"name":" ","functional":" ","purpose":"Здание"}},{"type":"Feature","id":"municipal-buildings-126511","geometry":{"type":"Polygon","coordinates":[[[71.6035012,51.1280678],[71.6034636,51.1280729],[71.603451,51.1280359],[71.6034885,51.1280308],[71.6035012,51.1280678]]]},"properties":{"name":" ","functional":" ","purpose":"Здание"}},{"type":"Feature","id":"municipal-buildings-126512","geometry":{"type":"Polygon","coordinates":[[[71.6031888,51.1280992],[71.603151,51.1281024],[71.6031338,51.1280224],[71.6032841,51.1280096],[71.6033013,51.1280896],[71.6031888,51.1280992]]]},"properties":{"name":" ","functional":" ","purpose":"Здание"}},{"type":"Feature","id":"municipal-buildings-126513","geometry":{"type":"Polygon","coordinates":[[[71.6032696,51.1280923],[71.6032759,51.1281216],[71.6031951,51.1281285],[71.6031888,51.1280992],[71.6032696,51.1280923]]]},"properties":{"name":" ","functional":" ","purpose":"Здание"}},{"type":"Feature","id":"municipal-buildings-126514","geometry":{"type":"Polygon","coordinates":[[[71.6031108,51.1281681],[71.6030889,51.1281704],[71.6030836,51.1281498],[71.6031308,51.128145],[71.6031359,51.1281656],[71.6031108,51.1281681]]]},"properties":{"name":" ","functional":" ","purpose":"Здание"}},{"type":"Feature","id":"municipal-buildings-126515","geometry":{"type":"Polygon","coordinates":[[[71.6031584,51.1281668],[71.6031367,51.1281689],[71.6031301,51.1281422],[71.6031689,51.1281384],[71.6031755,51.1281651],[71.6031584,51.1281668]]]},"properties":{"name":" ","functional":" ","purpose":"Здание"}},{"type":"Feature","id":"municipal-buildings-126516","geometry":{"type":"Polygon","coordinates":[[[71.6031584,51.1281668],[71.6031613,51.1281852],[71.6031141,51.1281882],[71.6031108,51.1281681],[71.6031584,51.1281668]]]},"properties":{"name":" ","functional":" ","purpose":"Здание"}},{"type":"Feature","id":"municipal-buildings-126517","geometry":{"type":"Polygon","coordinates":[[[71.6032806,51.1281782],[71.6032867,51.1281949],[71.6032563,51.1281992],[71.6032505,51.1281823],[71.6032806,51.1281782]]]},"properties":{"name":" ","functional":" ","purpose":"Здание"}},{"type":"Feature","id":"municipal-buildings-126518","geometry":{"type":"Polygon","coordinates":[[[71.6033,51.1282269],[71.6032721,51.1282306],[71.6032563,51.1281992],[71.6032867,51.1281949],[71.6032806,51.1281782],[71.6033069,51.1281747],[71.6033237,51.1282236],[71.6033,51.1282269]]]},"properties":{"name":" ","functional":" ","purpose":"Здание"}},{"type":"Feature","id":"municipal-buildings-126519","geometry":{"type":"Polygon","coordinates":[[[71.6033167,51.1282246],[71.6033278,51.1282305],[71.6033128,51.1282402],[71.6032963,51.1282315],[71.6033167,51.1282246]]]},"properties":{"name":" ","functional":" ","purpose":"Здание"}},{"type":"Feature","id":"municipal-buildings-126520","geometry":{"type":"Polygon","coordinates":[[[71.6026675,51.1283526],[71.6026172,51.128358],[71.6026062,51.1283179],[71.6026565,51.1283124],[71.6026675,51.1283526]]]},"properties":{"name":" ","functional":" ","purpose":"Здание"}},{"type":"Feature","id":"municipal-buildings-126645","geometry":{"type":"Polygon","coordinates":[[[71.6014021,51.1250922],[71.6013127,51.1250957],[71.601307,51.1250287],[71.6014078,51.1250253],[71.601426,51.125063],[71.6014021,51.1250922]]]},"properties":{"name":" ","functional":" ","purpose":"Здание"}},{"type":"Feature","id":"municipal-buildings-126646","geometry":{"type":"Polygon","coordinates":[[[71.6015281,51.1251895],[71.601448,51.1251941],[71.6014357,51.1251097],[71.6015158,51.1251051],[71.6015281,51.1251895]]]},"properties":{"name":" ","functional":" ","purpose":"Здание"}},{"type":"Feature","id":"municipal-buildings-126647","geometry":{"type":"Polygon","coordinates":[[[71.6019725,51.1251982],[71.601989,51.1253048],[71.601919,51.1253091],[71.6019024,51.1252025],[71.6019725,51.1251982]]]},"properties":{"name":" ","functional":" ","purpose":"Частный дом"}},{"type":"Feature","id":"municipal-buildings-126648","geometry":{"type":"Polygon","coordinates":[[[71.6019832,51.1251592],[71.6019673,51.1251602],[71.6019585,51.1251024],[71.6020427,51.1250973],[71.6020515,51.1251551],[71.6019832,51.1251592]]]},"properties":{"name":" ","functional":" ","purpose":"Здание"}},{"type":"Feature","id":"municipal-buildings-126649","geometry":{"type":"Polygon","coordinates":[[[71.6019725,51.1251982],[71.6019024,51.1252025],[71.6018823,51.1250706],[71.601953,51.1250663],[71.6019725,51.1251982]]]},"properties":{"name":" ","functional":" ","purpose":"Здание"}},{"type":"Feature","id":"municipal-buildings-126650","geometry":{"type":"Polygon","coordinates":[[[71.6020333,51.1250979],[71.6019585,51.1251024],[71.601953,51.1250663],[71.6020278,51.1250618],[71.6020333,51.1250979]]]},"properties":{"name":" ","functional":" ","purpose":"Здание"}},{"type":"Feature","id":"municipal-buildings-126651","geometry":{"type":"Polygon","coordinates":[[[71.6019832,51.1251592],[71.6019886,51.1251946],[71.6019727,51.1251955],[71.6019673,51.1251602],[71.6019832,51.1251592]]]},"properties":{"name":" ","functional":" ","purpose":"Здание"}},{"type":"Feature","id":"municipal-buildings-126652","geometry":{"type":"Polygon","coordinates":[[[71.6026807,51.1251408],[71.6026787,51.1251189],[71.6027673,51.1251172],[71.6027684,51.1251391],[71.6026807,51.1251408]]]},"properties":{"name":" ","functional":" ","purpose":"Здание"}},{"type":"Feature","id":"municipal-buildings-126653","geometry":{"type":"Polygon","coordinates":[[[71.6027684,51.1251391],[71.6027689,51.1251621],[71.6026812,51.1251629],[71.6026807,51.1251408],[71.6027684,51.1251391]]]},"properties":{"name":" ","functional":" ","purpose":"Здание"}},{"type":"Feature","id":"municipal-buildings-126654","geometry":{"type":"Polygon","coordinates":[[[71.603602,51.1249777],[71.6035574,51.1249834],[71.6035421,51.1249366],[71.6035867,51.1249308],[71.603602,51.1249777]]]},"properties":{"name":" ","functional":" ","purpose":"Здание"}},{"type":"Feature","id":"municipal-buildings-126655","geometry":{"type":"Polygon","coordinates":[[[71.6031787,51.1249837],[71.6030898,51.1249912],[71.6030791,51.1249287],[71.6031682,51.1249226],[71.6031787,51.1249837]]]},"properties":{"name":" ","functional":" ","purpose":"Здание"}},{"type":"Feature","id":"municipal-buildings-126656","geometry":{"type":"Polygon","coordinates":[[[71.6033215,51.1248161],[71.6034682,51.1248012],[71.6034847,51.1248654],[71.603338,51.1248803],[71.6033215,51.1248161]]]},"properties":{"name":" ","functional":" ","purpose":"Здание"}},{"type":"Feature","id":"municipal-buildings-126657","geometry":{"type":"Polygon","coordinates":[[[71.6033198,51.1249458],[71.6033239,51.1249652],[71.6032106,51.1249747],[71.6032065,51.1249553],[71.6033198,51.1249458]]]},"properties":{"name":" ","functional":" ","purpose":"Здание"}},{"type":"Feature","id":"municipal-buildings-126658","geometry":{"type":"Polygon","coordinates":[[[71.6033198,51.1249458],[71.6032065,51.1249553],[71.6031987,51.1249182],[71.6031574,51.1249215],[71.6031424,51.1248487],[71.6032281,51.1248417],[71.6032248,51.1248228],[71.6033215,51.1248161],[71.6033377,51.1248792],[71.6033063,51.1248815],[71.6033198,51.1249458]]]},"properties":{"name":" ","functional":" ","purpose":"Здание"}},{"type":"Feature","id":"municipal-buildings-126659","geometry":{"type":"Polygon","coordinates":[[[71.6032103,51.1249733],[71.6031787,51.1249837],[71.6031682,51.1249226],[71.6031574,51.1249215],[71.6031987,51.1249182],[71.6032103,51.1249733]]]},"properties":{"name":" ","functional":" ","purpose":"Здание"}},{"type":"Feature","id":"municipal-buildings-126660","geometry":{"type":"Polygon","coordinates":[[[71.6031524,51.1248972],[71.6031006,51.1249014],[71.6030951,51.1248748],[71.6031469,51.1248706],[71.6031524,51.1248972]]]},"properties":{"name":" ","functional":" ","purpose":"Здание"}},{"type":"Feature","id":"municipal-buildings-126661","geometry":{"type":"Polygon","coordinates":[[[71.6030996,51.1248965],[71.6030863,51.1248976],[71.6030835,51.1248837],[71.6030967,51.1248826],[71.6030996,51.1248965]]]},"properties":{"name":" ","functional":" ","purpose":"Здание"}},{"type":"Feature","id":"municipal-buildings-126662","geometry":{"type":"Polygon","coordinates":[[[71.6030859,51.1249681],[71.603059,51.1249699],[71.6030523,51.1249305],[71.6030791,51.1249287],[71.6030859,51.1249681]]]},"properties":{"name":" ","functional":" ","purpose":"Здание"}},{"type":"Feature","id":"municipal-buildings-126663","geometry":{"type":"Polygon","coordinates":[[[71.6035208,51.1247958],[71.6034752,51.1247991],[71.6034673,51.124755],[71.6035129,51.1247517],[71.6035208,51.1247958]]]},"properties":{"name":" ","functional":" ","purpose":"Здание"}},{"type":"Feature","id":"municipal-buildings-126664","geometry":{"type":"Polygon","coordinates":[[[71.6035483,51.1247178],[71.6035162,51.1247199],[71.603514,51.1247073],[71.6035461,51.1247052],[71.6035483,51.1247178]]]},"properties":{"name":" ","functional":" ","purpose":"Здание"}},{"type":"Feature","id":"municipal-buildings-126665","geometry":{"type":"Polygon","coordinates":[[[71.6022766,51.1248354],[71.6022413,51.1246753],[71.6023326,51.1246682],[71.602364,51.1248286],[71.6022766,51.1248354]]]},"properties":{"name":" ","functional":" ","purpose":"Здание"}},{"type":"Feature","id":"municipal-buildings-126666","geometry":{"type":"Polygon","coordinates":[[[71.6022521,51.1247306],[71.6022302,51.1247323],[71.6022255,51.1247083],[71.6022474,51.1247065],[71.6022521,51.1247306]]]},"properties":{"name":" ","functional":" ","purpose":"Здание"}},{"type":"Feature","id":"municipal-buildings-126667","geometry":{"type":"Polygon","coordinates":[[[71.6022672,51.1248079],[71.6022475,51.1248094],[71.6022428,51.1247851],[71.6022625,51.1247836],[71.6022672,51.1248079]]]},"properties":{"name":" ","functional":" ","purpose":"Здание"}},{"type":"Feature","id":"municipal-buildings-126668","geometry":{"type":"Polygon","coordinates":[[[71.6023346,51.1248309],[71.6023391,51.1248539],[71.6022811,51.1248584],[71.6022766,51.1248354],[71.6023346,51.1248309]]]},"properties":{"name":" ","functional":" ","purpose":"Здание"}},{"type":"Feature","id":"municipal-buildings-126669","geometry":{"type":"Polygon","coordinates":[[[71.6021476,51.1247333],[71.6021537,51.1247645],[71.602061,51.1247717],[71.6020445,51.1246871],[71.6021372,51.1246799],[71.6021476,51.1247333]]]},"properties":{"name":" ","functional":" ","purpose":"Здание"}},{"type":"Feature","id":"municipal-buildings-126670","geometry":{"type":"Polygon","coordinates":[[[71.6021421,51.1247053],[71.6021664,51.1247034],[71.6021719,51.1247314],[71.6021476,51.1247333],[71.6021421,51.1247053]]]},"properties":{"name":" ","functional":" ","purpose":"Здание"}},{"type":"Feature","id":"municipal-buildings-126671","geometry":{"type":"Polygon","coordinates":[[[71.602028,51.1248008],[71.6019622,51.1248052],[71.6019464,51.1247125],[71.6020122,51.1247081],[71.602028,51.1248008]]]},"properties":{"name":" ","functional":" ","purpose":"Здание"}},{"type":"Feature","id":"municipal-buildings-126672","geometry":{"type":"Polygon","coordinates":[[[71.601906,51.1246697],[71.6018595,51.1246728],[71.6018486,51.1246081],[71.6018952,51.124605],[71.601906,51.1246697]]]},"properties":{"name":" ","functional":" ","purpose":"Здание"}},{"type":"Feature","id":"municipal-buildings-126673","geometry":{"type":"Polygon","coordinates":[[[71.6019168,51.1246445],[71.6019208,51.1246688],[71.601906,51.1246697],[71.6018974,51.1246183],[71.6019122,51.1246173],[71.6019168,51.1246445]]]},"properties":{"name":" ","functional":" ","purpose":"Здание"}},{"type":"Feature","id":"municipal-buildings-126674","geometry":{"type":"Polygon","coordinates":[[[71.601974,51.1246407],[71.6019168,51.1246445],[71.6019122,51.1246173],[71.6019694,51.1246135],[71.601974,51.1246407]]]},"properties":{"name":" ","functional":" ","purpose":"Здание"}},{"type":"Feature","id":"municipal-buildings-126675","geometry":{"type":"Polygon","coordinates":[[[71.6018952,51.124605],[71.6018608,51.1246073],[71.6018602,51.1245728],[71.6018895,51.1245708],[71.6018952,51.124605]]]},"properties":{"name":" ","functional":" ","purpose":"Здание"}},{"type":"Feature","id":"municipal-buildings-126676","geometry":{"type":"Polygon","coordinates":[[[71.6020348,51.1245833],[71.6020389,51.1246388],[71.601974,51.1246407],[71.6019699,51.1245852],[71.6020348,51.1245833]]]},"properties":{"name":" ","functional":" ","purpose":"Здание"}},{"type":"Feature","id":"municipal-buildings-126677","geometry":{"type":"Polygon","coordinates":[[[71.6020348,51.1245833],[71.6019767,51.124585],[71.6019746,51.1245569],[71.6020327,51.1245552],[71.6020348,51.1245833]]]},"properties":{"name":" ","functional":" ","purpose":"Здание"}},{"type":"Feature","id":"municipal-buildings-126678","geometry":{"type":"Polygon","coordinates":[[[71.6022092,51.1245827],[71.6021696,51.124586],[71.6021629,51.1245537],[71.6022025,51.1245505],[71.6022092,51.1245827]]]},"properties":{"name":" ","functional":" ","purpose":"Здание"}},{"type":"Feature","id":"municipal-buildings-126679","geometry":{"type":"Polygon","coordinates":[[[71.6026306,51.1246478],[71.6025878,51.1246523],[71.602574,51.1246007],[71.6026168,51.1245961],[71.6026306,51.1246478]]]},"properties":{"name":" ","functional":" ","purpose":"Здание"}},{"type":"Feature","id":"municipal-buildings-126680","geometry":{"type":"Polygon","coordinates":[[[71.6026646,51.1246614],[71.602658,51.1246978],[71.6026225,51.1246952],[71.602629,51.1246588],[71.6026646,51.1246614]]]},"properties":{"name":" ","functional":" ","purpose":"Здание"}},{"type":"Feature","id":"municipal-buildings-126681","geometry":{"type":"Polygon","coordinates":[[[71.6025891,51.1247483],[71.6025511,51.1247502],[71.6025463,51.1247121],[71.6025842,51.1247102],[71.6025891,51.1247483]]]},"properties":{"name":" ","functional":" ","purpose":"Здание"}},{"type":"Feature","id":"municipal-buildings-126682","geometry":{"type":"Polygon","coordinates":[[[71.60256,51.1246978],[71.6025012,51.1247019],[71.6024973,51.1246799],[71.602556,51.1246757],[71.60256,51.1246978]]]},"properties":{"name":" ","functional":" ","purpose":"Здание"}},{"type":"Feature","id":"municipal-buildings-126683","geometry":{"type":"Polygon","coordinates":[[[71.6020226,51.1243291],[71.6019538,51.1243336],[71.6019491,51.1243045],[71.6020178,51.1243],[71.6020226,51.1243291]]]},"properties":{"name":" ","functional":" ","purpose":"Здание"}},{"type":"Feature","id":"municipal-buildings-126684","geometry":{"type":"Polygon","coordinates":[[[71.6021709,51.1243286],[71.6021056,51.1243323],[71.6021016,51.1243049],[71.602167,51.1243012],[71.6021709,51.1243286]]]},"properties":{"name":" ","functional":" ","purpose":"Здание"}},{"type":"Feature","id":"municipal-buildings-126685","geometry":{"type":"Polygon","coordinates":[[[71.601591,51.1245076],[71.6015172,51.1245141],[71.6014953,51.1243904],[71.6015693,51.1243852],[71.601591,51.1245076]]]},"properties":{"name":" ","functional":" ","purpose":"Частный дом"}},{"type":"Feature","id":"municipal-buildings-126686","geometry":{"type":"Polygon","coordinates":[[[71.6015599,51.1246559],[71.6015292,51.1246575],[71.6015144,51.1245448],[71.6016005,51.1245403],[71.6016153,51.124653],[71.6015599,51.1246559]]]},"properties":{"name":" ","functional":" ","purpose":"Здание"}},{"type":"Feature","id":"municipal-buildings-126687","geometry":{"type":"Polygon","coordinates":[[[71.6016005,51.1245403],[71.6015166,51.1245446],[71.6015119,51.1245121],[71.6015974,51.1245073],[71.6016005,51.1245403]]]},"properties":{"name":" ","functional":" ","purpose":"Здание"}},{"type":"Feature","id":"municipal-buildings-126688","geometry":{"type":"Polygon","coordinates":[[[71.601738,51.1246226],[71.6017247,51.1245676],[71.6017807,51.1245622],[71.601794,51.1246173],[71.601738,51.1246226]]]},"properties":{"name":" ","functional":" ","purpose":"Здание"}},{"type":"Feature","id":"municipal-buildings-126689","geometry":{"type":"Polygon","coordinates":[[[71.601738,51.1246226],[71.6017447,51.124649],[71.6016833,51.1246552],[71.6016703,51.1246038],[71.6017317,51.1245976],[71.601738,51.1246226]]]},"properties":{"name":" ","functional":" ","purpose":"Здание"}},{"type":"Feature","id":"municipal-buildings-126690","geometry":{"type":"Polygon","coordinates":[[[71.6017257,51.1246779],[71.6016926,51.1246809],[71.6016896,51.1246678],[71.6017227,51.1246648],[71.6017257,51.1246779]]]},"properties":{"name":" ","functional":" ","purpose":"Здание"}},{"type":"Feature","id":"municipal-buildings-126691","geometry":{"type":"Polygon","coordinates":[[[71.6015599,51.1246559],[71.6015616,51.1246993],[71.6015371,51.124701],[71.6015292,51.1246575],[71.6015599,51.1246559]]]},"properties":{"name":" ","functional":" ","purpose":"Здание"}},{"type":"Feature","id":"municipal-buildings-126692","geometry":{"type":"Polygon","coordinates":[[[71.601626,51.1248332],[71.6015596,51.1248361],[71.6015558,51.1248019],[71.6016222,51.124799],[71.601626,51.1248332]]]},"properties":{"name":" ","functional":" ","purpose":"Здание"}},{"type":"Feature","id":"municipal-buildings-126693","geometry":{"type":"Polygon","coordinates":[[[71.6018635,51.1250501],[71.6018685,51.1250741],[71.6018198,51.1250781],[71.6018146,51.1250529],[71.6018635,51.1250501]]]},"properties":{"name":" ","functional":" ","purpose":"Здание"}},{"type":"Feature","id":"municipal-buildings-126886","geometry":{"type":"Polygon","coordinates":[[[71.6025477,51.1242046],[71.6024628,51.1242096],[71.6024523,51.1241382],[71.6025373,51.1241333],[71.6025477,51.1242046]]]},"properties":{"name":" ","functional":" ","purpose":"Здание"}},{"type":"Feature","id":"municipal-buildings-126887","geometry":{"type":"Polygon","coordinates":[[[71.6025535,51.1241194],[71.6025375,51.1241178],[71.6025531,51.1241129],[71.6025535,51.1241194]]]},"properties":{"name":" ","functional":" ","purpose":"Здание"}},{"type":"Feature","id":"municipal-buildings-126888","geometry":{"type":"Polygon","coordinates":[[[71.6025596,51.1241379],[71.6025531,51.1241129],[71.6025872,51.1241116],[71.6025891,51.124137],[71.6025596,51.1241379]]]},"properties":{"name":" ","functional":" ","purpose":"Здание"}},{"type":"Feature","id":"municipal-buildings-126889","geometry":{"type":"Polygon","coordinates":[[[71.6025891,51.124137],[71.60259,51.1241491],[71.6025605,51.12415],[71.6025596,51.1241379],[71.6025891,51.124137]]]},"properties":{"name":" ","functional":" ","purpose":"Здание"}},{"type":"Feature","id":"municipal-buildings-126890","geometry":{"type":"Polygon","coordinates":[[[71.6025364,51.1240842],[71.6025061,51.1240854],[71.6025004,51.124042],[71.6025532,51.1240379],[71.6025591,51.1240833],[71.6025364,51.1240842]]]},"properties":{"name":" ","functional":" ","purpose":"Частный дом"}},{"type":"Feature","id":"municipal-buildings-126891","geometry":{"type":"Polygon","coordinates":[[[71.6025531,51.1241129],[71.6025406,51.1241134],[71.6025364,51.1240842],[71.6026151,51.1240775],[71.6026184,51.1241103],[71.6025531,51.1241129]]]},"properties":{"name":" ","functional":" ","purpose":"Частный дом"}},{"type":"Feature","id":"municipal-buildings-126892","geometry":{"type":"Polygon","coordinates":[[[71.6023708,51.1240983],[71.6023649,51.1240505],[71.6025004,51.124042],[71.6025061,51.1240856],[71.6023708,51.1240983]]]},"properties":{"name":" ","functional":" ","purpose":"Здание"}},{"type":"Feature","id":"municipal-buildings-126893","geometry":{"type":"Polygon","coordinates":[[[71.6025375,51.1241178],[71.602375,51.124127],[71.6023708,51.1240983],[71.6025364,51.1240842],[71.6025375,51.1241178]]]},"properties":{"name":" ","functional":" ","purpose":"Частный дом"}},{"type":"Feature","id":"municipal-buildings-126894","geometry":{"type":"Polygon","coordinates":[[[71.6028889,51.12399],[71.6028955,51.1240988],[71.6028151,51.1241023],[71.6028,51.1239621],[71.6028855,51.1239584],[71.6028889,51.12399]]]},"properties":{"name":" ","functional":" ","purpose":"Здание"}},{"type":"Feature","id":"municipal-buildings-126895","geometry":{"type":"Polygon","coordinates":[[[71.6026667,51.1241485],[71.6027644,51.124142],[71.6027718,51.1241863],[71.6026741,51.1241928],[71.6026667,51.1241485]]]},"properties":{"name":" ","functional":" ","purpose":"Здание"}},{"type":"Feature","id":"municipal-buildings-126896","geometry":{"type":"Polygon","coordinates":[[[71.602674,51.1241924],[71.6025999,51.1241981],[71.6025914,51.1241543],[71.6026667,51.1241485],[71.602674,51.1241924]]]},"properties":{"name":" ","functional":" ","purpose":"Здание"}},{"type":"Feature","id":"municipal-buildings-126897","geometry":{"type":"Polygon","coordinates":[[[71.6024189,51.1238871],[71.6024045,51.1238506],[71.6025542,51.1238424],[71.6025593,51.1238794],[71.6024189,51.1238871]]]},"properties":{"name":" ","functional":" ","purpose":"Здание"}},{"type":"Feature","id":"municipal-buildings-126898","geometry":{"type":"Polygon","coordinates":[[[71.6025593,51.1238794],[71.6026714,51.1238701],[71.6026777,51.1239],[71.6025598,51.1239097],[71.6025593,51.1238794]]]},"properties":{"name":" ","functional":" ","purpose":"Здание"}},{"type":"Feature","id":"municipal-buildings-126899","geometry":{"type":"Polygon","coordinates":[[[71.6024189,51.1238871],[71.6024217,51.1239145],[71.6023746,51.1239164],[71.6023717,51.1238882],[71.6024189,51.1238871]]]},"properties":{"name":" ","functional":" ","purpose":"Здание"}},{"type":"Feature","id":"municipal-buildings-126900","geometry":{"type":"Polygon","coordinates":[[[71.6024662,51.1237523],[71.6024277,51.1237555],[71.6024312,51.1237883],[71.6023143,51.1237933],[71.6023115,51.1237672],[71.602363,51.123765],[71.6023597,51.1237343],[71.602461,51.1237272],[71.6024662,51.1237523]]]},"properties":{"name":" ","functional":" ","purpose":"Здание"}},{"type":"Feature","id":"municipal-buildings-126901","geometry":{"type":"Polygon","coordinates":[[[71.6023067,51.1237405],[71.602254,51.123743],[71.6022475,51.1236891],[71.6023003,51.1236866],[71.6023067,51.1237405]]]},"properties":{"name":" ","functional":" ","purpose":"Здание"}},{"type":"Feature","id":"municipal-buildings-126902","geometry":{"type":"Polygon","coordinates":[[[71.6023089,51.1235628],[71.6023068,51.1235446],[71.6023761,51.1235414],[71.6023839,51.1236083],[71.6023146,51.1236115],[71.6023089,51.1235628]]]},"properties":{"name":" ","functional":" ","purpose":"Здание"}},{"type":"Feature","id":"municipal-buildings-126903","geometry":{"type":"Polygon","coordinates":[[[71.6024864,51.1235814],[71.6023931,51.1235872],[71.6023839,51.1235283],[71.6024772,51.1235225],[71.6024864,51.1235814]]]},"properties":{"name":" ","functional":" ","purpose":"Здание"}},{"type":"Feature","id":"municipal-buildings-126904","geometry":{"type":"Polygon","coordinates":[[[71.6024949,51.123521],[71.6024401,51.1235242],[71.6024362,51.1234977],[71.6024909,51.1234945],[71.6024949,51.123521]]]},"properties":{"name":" ","functional":" ","purpose":"Здание"}},{"type":"Feature","id":"municipal-buildings-126905","geometry":{"type":"Polygon","coordinates":[[[71.6022976,51.1235066],[71.6022812,51.1235083],[71.6022727,51.1234765],[71.6023183,51.1234718],[71.6023267,51.1235035],[71.6022976,51.1235066]]]},"properties":{"name":" ","functional":" ","purpose":"Здание"}},{"type":"Feature","id":"municipal-buildings-126906","geometry":{"type":"MultiPolygon","coordinates":[[[[71.6023183,51.1234718],[71.6022897,51.1234748],[71.6022896,51.1234746],[71.6023183,51.1234718]]],[[[71.6023183,51.1234718],[71.6023645,51.1234672],[71.6023746,51.1235077],[71.6022997,51.123515],[71.6023267,51.1235035],[71.6023183,51.1234718]]]]},"properties":{"name":" ","functional":" ","purpose":"Здание"}},{"type":"Feature","id":"municipal-buildings-126907","geometry":{"type":"Polygon","coordinates":[[[71.6023507,51.12351],[71.6023568,51.1235345],[71.6023109,51.123539],[71.6023048,51.1235145],[71.6023507,51.12351]]]},"properties":{"name":" ","functional":" ","purpose":"Здание"}},{"type":"Feature","id":"municipal-buildings-126908","geometry":{"type":"Polygon","coordinates":[[[71.6023125,51.123593],[71.6022905,51.123594],[71.6022869,51.1235638],[71.6023089,51.1235628],[71.6023125,51.123593]]]},"properties":{"name":" ","functional":" ","purpose":"Здание"}},{"type":"Feature","id":"municipal-buildings-126909","geometry":{"type":"Polygon","coordinates":[[[71.6024476,51.1234178],[71.6025721,51.123409],[71.6025834,51.1234718],[71.6024588,51.1234807],[71.6024476,51.1234178]]]},"properties":{"name":" ","functional":" ","purpose":"Здание"}},{"type":"Feature","id":"municipal-buildings-126910","geometry":{"type":"Polygon","coordinates":[[[71.6024583,51.1234774],[71.602399,51.1234816],[71.6023884,51.123422],[71.6024476,51.1234178],[71.6024583,51.1234774]]]},"properties":{"name":" ","functional":" ","purpose":"Здание"}},{"type":"Feature","id":"municipal-buildings-126911","geometry":{"type":"Polygon","coordinates":[[[71.602397,51.1234703],[71.6023847,51.1234712],[71.6023796,51.1234425],[71.6023919,51.1234416],[71.602397,51.1234703]]]},"properties":{"name":" ","functional":" ","purpose":"Здание"}},{"type":"Feature","id":"municipal-buildings-126912","geometry":{"type":"Polygon","coordinates":[[[71.6022813,51.1234132],[71.6023473,51.123405],[71.6023539,51.1234438],[71.6022873,51.1234483],[71.6022813,51.1234132]]]},"properties":{"name":" ","functional":" ","purpose":"Здание"}},{"type":"Feature","id":"municipal-buildings-126913","geometry":{"type":"Polygon","coordinates":[[[71.6022873,51.1234483],[71.6022503,51.1234508],[71.6022443,51.1234157],[71.6022813,51.1234132],[71.6022873,51.1234483]]]},"properties":{"name":" ","functional":" ","purpose":"Здание"}},{"type":"Feature","id":"municipal-buildings-126914","geometry":{"type":"Polygon","coordinates":[[[71.6023272,51.1233559],[71.6023474,51.1233541],[71.6023584,51.1234014],[71.6022414,51.1234122],[71.6022304,51.1233649],[71.6023272,51.1233559]]]},"properties":{"name":" ","functional":" ","purpose":"Здание"}},{"type":"Feature","id":"municipal-buildings-126915","geometry":{"type":"Polygon","coordinates":[[[71.602314,51.1232935],[71.602234,51.1232989],[71.6022229,51.1232232],[71.6023356,51.123217],[71.6023479,51.1232912],[71.602314,51.1232935]]]},"properties":{"name":" ","functional":" ","purpose":"Частный дом"}},{"type":"Feature","id":"municipal-buildings-126916","geometry":{"type":"Polygon","coordinates":[[[71.6026834,51.123463],[71.6026061,51.1234673],[71.6026009,51.1234305],[71.6026783,51.1234262],[71.6026834,51.123463]]]},"properties":{"name":" ","functional":" ","purpose":"Здание"}},{"type":"Feature","id":"municipal-buildings-126917","geometry":{"type":"Polygon","coordinates":[[[71.6063632,51.1239736],[71.6061931,51.1239894],[71.6061669,51.1238775],[71.6063369,51.1238617],[71.6063632,51.1239736]]]},"properties":{"name":" ","functional":" ","purpose":"Здание"}},{"type":"Feature","id":"municipal-buildings-126918","geometry":{"type":"Polygon","coordinates":[[[71.6061278,51.12407],[71.6060609,51.1240774],[71.6060404,51.1240036],[71.6061073,51.1239962],[71.6061278,51.12407]]]},"properties":{"name":" ","functional":" ","purpose":"Здание"}},{"type":"Feature","id":"municipal-buildings-126919","geometry":{"type":"Polygon","coordinates":[[[71.6061427,51.1241731],[71.6060771,51.1241812],[71.6060544,51.1241086],[71.60612,51.1241005],[71.6061427,51.1241731]]]},"properties":{"name":" ","functional":" ","purpose":"Здание"}},{"type":"Feature","id":"municipal-buildings-126920","geometry":{"type":"Polygon","coordinates":[[[71.6022304,51.1233649],[71.602202,51.1233676],[71.6021972,51.1233311],[71.6023183,51.1233177],[71.6023272,51.1233559],[71.6022304,51.1233649]]]},"properties":{"name":" ","functional":"Жилые дома","purpose":"Частный дом"}},{"type":"Feature","id":"municipal-buildings-126921","geometry":{"type":"Polygon","coordinates":[[[71.6023183,51.1233177],[71.6021972,51.1233311],[71.6021915,51.1233],[71.602314,51.1232935],[71.6023183,51.1233177]]]},"properties":{"name":" ","functional":"Жилые дома","purpose":"Частный дом"}},{"type":"Feature","id":"municipal-buildings-126922","geometry":{"type":"Polygon","coordinates":[[[71.6033592,51.1236027],[71.6032809,51.123603],[71.6032807,51.1235794],[71.6033589,51.123579],[71.6033592,51.1236027]]]},"properties":{"name":" ","functional":" ","purpose":"Здание"}},{"type":"Feature","id":"municipal-buildings-126923","geometry":{"type":"Polygon","coordinates":[[[71.6018772,51.1234858],[71.6019045,51.1234845],[71.6019212,51.1236155],[71.6017826,51.1236095],[71.6017722,51.1234911],[71.6018772,51.1234858]]]},"properties":{"name":" ","functional":" ","purpose":"Малоэтажный жилой дом"}},{"type":"Feature","id":"municipal-buildings-126924","geometry":{"type":"Polygon","coordinates":[[[71.6018772,51.1234858],[71.6017876,51.1234903],[71.6017827,51.1234515],[71.6018722,51.123447],[71.6018772,51.1234858]]]},"properties":{"name":" ","functional":" ","purpose":"Малоэтажный жилой дом"}},{"type":"Feature","id":"municipal-buildings-126925","geometry":{"type":"Polygon","coordinates":[[[71.6018722,51.123447],[71.6018071,51.1234503],[71.6018001,51.1233947],[71.6018652,51.1233915],[71.6018722,51.123447]]]},"properties":{"name":" ","functional":" ","purpose":"Малоэтажный жилой дом"}},{"type":"Feature","id":"municipal-buildings-126926","geometry":{"type":"Polygon","coordinates":[[[71.6015961,51.1235731],[71.6015064,51.123576],[71.6014892,51.1234813],[71.6016074,51.1234775],[71.6016116,51.1235302],[71.6015927,51.1235308],[71.6015961,51.1235731]]]},"properties":{"name":" ","functional":" ","purpose":"Здание"}},{"type":"Feature","id":"municipal-buildings-126949","geometry":{"type":"Polygon","coordinates":[[[71.6013563,51.1239856],[71.6012937,51.123987],[71.6012882,51.1238891],[71.6013508,51.1238877],[71.6013563,51.1239856]]]},"properties":{"name":" ","functional":" ","purpose":"Здание"}},{"type":"Feature","id":"municipal-buildings-126951","geometry":{"type":"Polygon","coordinates":[[[71.6014962,51.1239555],[71.6014404,51.1239585],[71.6014321,51.123897],[71.6014909,51.1238938],[71.6014962,51.1239555]]]},"properties":{"name":" ","functional":" ","purpose":"Здание"}},{"type":"Feature","id":"municipal-buildings-126952","geometry":{"type":"Polygon","coordinates":[[[71.6016738,51.1239541],[71.601632,51.1239563],[71.6016275,51.1239234],[71.6016693,51.1239211],[71.6016738,51.1239541]]]},"properties":{"name":" ","functional":" ","purpose":"Здание"}},{"type":"Feature","id":"municipal-buildings-126953","geometry":{"type":"Polygon","coordinates":[[[71.6016094,51.1239447],[71.6015819,51.1239451],[71.6015813,51.1239275],[71.6016088,51.1239271],[71.6016094,51.1239447]]]},"properties":{"name":" ","functional":" ","purpose":"Здание"}},{"type":"Feature","id":"municipal-buildings-126954","geometry":{"type":"Polygon","coordinates":[[[71.6014989,51.1239523],[71.6015743,51.1239485],[71.6015765,51.1239664],[71.6016109,51.1239655],[71.6016111,51.1239955],[71.6015824,51.1239955],[71.6015823,51.1239801],[71.6015535,51.1239821],[71.6015514,51.1239693],[71.6014983,51.1239719],[71.6014989,51.1239523]]]},"properties":{"name":" ","functional":" ","purpose":"Здание"}},{"type":"Feature","id":"municipal-buildings-126955","geometry":{"type":"Polygon","coordinates":[[[71.6014913,51.1238964],[71.6014321,51.123897],[71.6014306,51.1238458],[71.6015161,51.1238449],[71.6015176,51.1238961],[71.6014913,51.1238964]]]},"properties":{"name":" ","functional":" ","purpose":"Здание"}},{"type":"Feature","id":"municipal-buildings-126956","geometry":{"type":"Polygon","coordinates":[[[71.6016447,51.1239193],[71.601581,51.1239201],[71.6015789,51.1238572],[71.6016427,51.1238563],[71.6016447,51.1239193]]]},"properties":{"name":" ","functional":" ","purpose":"Здание"}},{"type":"Feature","id":"municipal-buildings-126957","geometry":{"type":"Polygon","coordinates":[[[71.6018738,51.1238265],[71.601885,51.1238868],[71.6017911,51.1238914],[71.6017835,51.1238309],[71.6018738,51.1238265]]]},"properties":{"name":" ","functional":" ","purpose":"Здание"}},{"type":"Feature","id":"municipal-buildings-126958","geometry":{"type":"Polygon","coordinates":[[[71.6018738,51.1238265],[71.6018243,51.1238289],[71.6018217,51.1238079],[71.6018712,51.1238054],[71.6018738,51.1238265]]]},"properties":{"name":" ","functional":" ","purpose":"Здание"}},{"type":"Feature","id":"municipal-buildings-126959","geometry":{"type":"Polygon","coordinates":[[[71.6018635,51.1239441],[71.6017423,51.1239477],[71.6017401,51.1239183],[71.6018612,51.1239146],[71.6018635,51.1239441]]]},"properties":{"name":" ","functional":" ","purpose":"Здание"}},{"type":"Feature","id":"municipal-buildings-126960","geometry":{"type":"Polygon","coordinates":[[[71.6018723,51.1239924],[71.6018457,51.1239933],[71.6018445,51.1239799],[71.6018711,51.123979],[71.6018723,51.1239924]]]},"properties":{"name":" ","functional":" ","purpose":"Здание"}},{"type":"Feature","id":"municipal-buildings-126961","geometry":{"type":"Polygon","coordinates":[[[71.6018683,51.1239456],[71.6019267,51.1239411],[71.6019312,51.1239957],[71.6018727,51.1239977],[71.6018683,51.1239456]]]},"properties":{"name":" ","functional":" ","purpose":"Малоэтажный жилой дом"}},{"type":"Feature","id":"municipal-buildings-126962","geometry":{"type":"Polygon","coordinates":[[[71.6018711,51.123979],[71.6018474,51.1239798],[71.6018446,51.1239464],[71.6018683,51.1239456],[71.6018711,51.123979]]]},"properties":{"name":" ","functional":" ","purpose":"Здание"}},{"type":"Feature","id":"municipal-buildings-127228","geometry":{"type":"Polygon","coordinates":[[[71.6015797,51.1227592],[71.6014837,51.1227641],[71.6014822,51.1227387],[71.6015783,51.1227364],[71.6015797,51.1227592]]]},"properties":{"name":" ","functional":" ","purpose":"Здание"}},{"type":"Feature","id":"municipal-buildings-127229","geometry":{"type":"Polygon","coordinates":[[[71.6019212,51.1225301],[71.601852,51.1225316],[71.6018494,51.1224797],[71.6019185,51.1224783],[71.6019212,51.1225301]]]},"properties":{"name":" ","functional":" ","purpose":"Здание"}},{"type":"Feature","id":"municipal-buildings-127230","geometry":{"type":"Polygon","coordinates":[[[71.6016028,51.1222959],[71.6015727,51.1223054],[71.6015708,51.1222945],[71.6014641,51.1222977],[71.6014464,51.1221939],[71.6014748,51.122192],[71.6014724,51.1221774],[71.6016395,51.1221661],[71.6016603,51.1222884],[71.6016431,51.1222896],[71.6016453,51.1223024],[71.6016028,51.1222959]]]},"properties":{"name":" ","functional":" ","purpose":"Здание"}},{"type":"Feature","id":"municipal-buildings-127231","geometry":{"type":"Polygon","coordinates":[[[71.6014223,51.122161],[71.6013292,51.1221681],[71.6013233,51.1221371],[71.6014163,51.12213],[71.6014223,51.122161]]]},"properties":{"name":" ","functional":" ","purpose":"Здание"}},{"type":"Feature","id":"municipal-buildings-127232","geometry":{"type":"Polygon","coordinates":[[[71.6014223,51.122161],[71.6014291,51.1221962],[71.601336,51.1222033],[71.6013292,51.1221681],[71.6014223,51.122161]]]},"properties":{"name":" ","functional":" ","purpose":"Здание"}},{"type":"Feature","id":"municipal-buildings-127233","geometry":{"type":"Polygon","coordinates":[[[71.6016472,51.1220817],[71.6014991,51.1220947],[71.601478,51.1219995],[71.6016261,51.1219865],[71.6016472,51.1220817]]]},"properties":{"name":" ","functional":" ","purpose":"Частный дом"}},{"type":"Feature","id":"municipal-buildings-127234","geometry":{"type":"Polygon","coordinates":[[[71.6016945,51.1218983],[71.6017035,51.1219408],[71.6016512,51.1219452],[71.6016393,51.1218889],[71.6016916,51.1218845],[71.6016945,51.1218983]]]},"properties":{"name":" ","functional":" ","purpose":"Частный дом"}},{"type":"Feature","id":"municipal-buildings-127235","geometry":{"type":"Polygon","coordinates":[[[71.6016086,51.1212996],[71.60159,51.1212713],[71.6017457,51.1212307],[71.6018135,51.1213336],[71.6016578,51.1213742],[71.6016086,51.1212996]]]},"properties":{"name":" ","functional":" ","purpose":"Здание"}},{"type":"Feature","id":"municipal-buildings-127236","geometry":{"type":"Polygon","coordinates":[[[71.6016544,51.1213691],[71.601632,51.121375],[71.6015862,51.1213055],[71.6016086,51.1212996],[71.6016544,51.1213691]]]},"properties":{"name":" ","functional":" ","purpose":"Здание"}},{"type":"Feature","id":"municipal-buildings-127237","geometry":{"type":"Polygon","coordinates":[[[71.6023676,51.1215906],[71.6023086,51.1216009],[71.6022985,51.1215502],[71.6023586,51.1215455],[71.6023676,51.1215906]]]},"properties":{"name":" ","functional":" ","purpose":"Здание"}},{"type":"Feature","id":"municipal-buildings-127238","geometry":{"type":"Polygon","coordinates":[[[71.6024899,51.1215036],[71.6024936,51.1215231],[71.6024439,51.1215268],[71.6024402,51.1215073],[71.6024899,51.1215036]]]},"properties":{"name":" ","functional":" ","purpose":"Здание"}},{"type":"Feature","id":"municipal-buildings-127239","geometry":{"type":"Polygon","coordinates":[[[71.6024899,51.1215036],[71.6024542,51.1215062],[71.6024482,51.1214741],[71.6024838,51.1214714],[71.6024899,51.1215036]]]},"properties":{"name":" ","functional":" ","purpose":"Здание"}},{"type":"Feature","id":"municipal-buildings-127240","geometry":{"type":"Polygon","coordinates":[[[71.6023082,51.1214188],[71.6022556,51.1214252],[71.6022505,51.1214085],[71.6023031,51.1214021],[71.6023082,51.1214188]]]},"properties":{"name":" ","functional":" ","purpose":"Здание"}},{"type":"Feature","id":"municipal-buildings-127241","geometry":{"type":"Polygon","coordinates":[[[71.6023955,51.1213788],[71.6024116,51.1213769],[71.6024252,51.1214233],[71.6024091,51.1214251],[71.6023955,51.1213788]]]},"properties":{"name":" ","functional":" ","purpose":"Здание"}},{"type":"Feature","id":"municipal-buildings-127242","geometry":{"type":"Polygon","coordinates":[[[71.6024091,51.1214251],[71.6024194,51.1214599],[71.6023236,51.1214711],[71.6023031,51.1214021],[71.6021592,51.1214195],[71.6021407,51.1213586],[71.6023811,51.1213299],[71.6024091,51.1214251]]]},"properties":{"name":" ","functional":" ","purpose":"Здание"}},{"type":"Feature","id":"municipal-buildings-127243","geometry":{"type":"Polygon","coordinates":[[[71.6025071,51.1213815],[71.6024603,51.1213888],[71.6024409,51.1213392],[71.6024877,51.1213319],[71.6025071,51.1213815]]]},"properties":{"name":" ","functional":" ","purpose":"Здание"}},{"type":"Feature","id":"municipal-buildings-127244","geometry":{"type":"Polygon","coordinates":[[[71.6021943,51.1212547],[71.6021985,51.1212649],[71.6021264,51.1212765],[71.6021046,51.1212233],[71.6021767,51.1212117],[71.6021943,51.1212547]]]},"properties":{"name":" ","functional":" ","purpose":"Здание"}},{"type":"Feature","id":"municipal-buildings-127245","geometry":{"type":"Polygon","coordinates":[[[71.6021767,51.1212117],[71.6022132,51.1212058],[71.6022308,51.1212488],[71.6021943,51.1212547],[71.6021767,51.1212117]]]},"properties":{"name":" ","functional":" ","purpose":"Здание"}},{"type":"Feature","id":"municipal-buildings-127246","geometry":{"type":"Polygon","coordinates":[[[71.6027982,51.1213018],[71.6026742,51.121336],[71.6026336,51.1212775],[71.6027576,51.1212434],[71.6027982,51.1213018]]]},"properties":{"name":" ","functional":" ","purpose":"Здание"}},{"type":"Feature","id":"municipal-buildings-127247","geometry":{"type":"Polygon","coordinates":[[[71.6027576,51.1212434],[71.6028009,51.1212314],[71.6028416,51.1212898],[71.6027982,51.1213018],[71.6027576,51.1212434]]]},"properties":{"name":" ","functional":" ","purpose":"Здание"}},{"type":"Feature","id":"municipal-buildings-127248","geometry":{"type":"Polygon","coordinates":[[[71.60293,51.1211979],[71.6027977,51.1212265],[71.6027826,51.1211989],[71.6029148,51.1211702],[71.60293,51.1211979]]]},"properties":{"name":" ","functional":" ","purpose":"Здание"}},{"type":"Feature","id":"municipal-buildings-127249","geometry":{"type":"Polygon","coordinates":[[[71.6026411,51.1214325],[71.6025935,51.1214385],[71.6025792,51.1213931],[71.6026771,51.1213808],[71.6026915,51.1214262],[71.6026411,51.1214325]]]},"properties":{"name":" ","functional":" ","purpose":"Здание"}},{"type":"Feature","id":"municipal-buildings-127250","geometry":{"type":"Polygon","coordinates":[[[71.6026674,51.1214293],[71.6026714,51.1214422],[71.6026452,51.1214454],[71.6026411,51.1214325],[71.6026674,51.1214293]]]},"properties":{"name":" ","functional":" ","purpose":"Здание"}},{"type":"Feature","id":"municipal-buildings-127251","geometry":{"type":"Polygon","coordinates":[[[71.6028191,51.1215271],[71.6028224,51.1215487],[71.6027425,51.1215536],[71.6027392,51.1215328],[71.6028191,51.1215271]]]},"properties":{"name":" ","functional":" ","purpose":"Здание"}},{"type":"Feature","id":"municipal-buildings-127252","geometry":{"type":"Polygon","coordinates":[[[71.6026795,51.1214874],[71.6026154,51.1214926],[71.6026127,51.1214803],[71.6026767,51.1214747],[71.6026795,51.1214874]]]},"properties":{"name":" ","functional":" ","purpose":"Здание"}},{"type":"Feature","id":"municipal-buildings-127253","geometry":{"type":"Polygon","coordinates":[[[71.6027392,51.1215328],[71.6026261,51.1215408],[71.6026154,51.1214926],[71.6028103,51.1214781],[71.6028191,51.1215271],[71.6027392,51.1215328]]]},"properties":{"name":" ","functional":" ","purpose":"Здание"}},{"type":"Feature","id":"municipal-buildings-127254","geometry":{"type":"Polygon","coordinates":[[[71.6025867,51.1215742],[71.602506,51.121576],[71.6025037,51.1215347],[71.6025843,51.1215329],[71.6025867,51.1215742]]]},"properties":{"name":" ","functional":" ","purpose":"Здание"}},{"type":"Feature","id":"municipal-buildings-127255","geometry":{"type":"Polygon","coordinates":[[[71.6016593,51.121737],[71.6015964,51.1217484],[71.6015842,51.1217217],[71.6016471,51.1217103],[71.6016593,51.121737]]]},"properties":{"name":" ","functional":" ","purpose":"Здание"}},{"type":"Feature","id":"municipal-buildings-127256","geometry":{"type":"Polygon","coordinates":[[[71.6032199,51.1211884],[71.6032429,51.1212227],[71.6031248,51.1212542],[71.6031018,51.1212198],[71.6032199,51.1211884]]]},"properties":{"name":" ","functional":" ","purpose":"Здание"}},{"type":"Feature","id":"municipal-buildings-127257","geometry":{"type":"Polygon","coordinates":[[[71.6030948,51.1212615],[71.6031138,51.1212901],[71.6030585,51.1213047],[71.6030217,51.1212493],[71.6030771,51.1212347],[71.6030948,51.1212615]]]},"properties":{"name":" ","functional":" ","purpose":"Здание"}},{"type":"Feature","id":"municipal-buildings-127258","geometry":{"type":"Polygon","coordinates":[[[71.6031053,51.1212251],[71.6031243,51.1212537],[71.6030948,51.1212615],[71.6030758,51.1212328],[71.6031053,51.1212251]]]},"properties":{"name":" ","functional":" ","purpose":"Здание"}},{"type":"Feature","id":"municipal-buildings-127259","geometry":{"type":"Polygon","coordinates":[[[71.6032199,51.1211884],[71.603176,51.1212],[71.6031629,51.1211805],[71.6032067,51.1211688],[71.6032199,51.1211884]]]},"properties":{"name":" ","functional":" ","purpose":"Здание"}},{"type":"Feature","id":"municipal-buildings-127260","geometry":{"type":"Polygon","coordinates":[[[71.6030442,51.1214714],[71.603056,51.1215283],[71.602977,51.1215348],[71.6029651,51.1214779],[71.6030442,51.1214714]]]},"properties":{"name":" ","functional":" ","purpose":"Здание"}},{"type":"Feature","id":"municipal-buildings-127261","geometry":{"type":"Polygon","coordinates":[[[71.6030442,51.1214714],[71.6029651,51.1214779],[71.6029607,51.1214567],[71.6030398,51.1214502],[71.6030442,51.1214714]]]},"properties":{"name":" ","functional":" ","purpose":"Здание"}},{"type":"Feature","id":"municipal-buildings-127262","geometry":{"type":"Polygon","coordinates":[[[71.6032237,51.1215494],[71.603237,51.1215817],[71.6031606,51.1215877],[71.6031542,51.1215548],[71.6032237,51.1215494]]]},"properties":{"name":" ","functional":" ","purpose":"Здание"}},{"type":"Feature","id":"municipal-buildings-127263","geometry":{"type":"Polygon","coordinates":[[[71.6031553,51.1215609],[71.603142,51.121524],[71.6031916,51.121518],[71.6032016,51.1215511],[71.6031553,51.1215609]]]},"properties":{"name":" ","functional":" ","purpose":"Здание"}},{"type":"Feature","id":"municipal-buildings-127264","geometry":{"type":"Polygon","coordinates":[[[71.6032237,51.1215494],[71.6032016,51.1215511],[71.6031916,51.121518],[71.6032134,51.1215154],[71.6032237,51.1215494]]]},"properties":{"name":" ","functional":" ","purpose":"Здание"}},{"type":"Feature","id":"municipal-buildings-127265","geometry":{"type":"Polygon","coordinates":[[[71.6032204,51.1214397],[71.6031973,51.1214418],[71.6031792,51.1213795],[71.6033524,51.1213528],[71.6033623,51.1213782],[71.6033394,51.1213818],[71.6033503,51.1214274],[71.6032204,51.1214397]]]},"properties":{"name":" ","functional":" ","purpose":"Здание"}},{"type":"Feature","id":"municipal-buildings-127266","geometry":{"type":"Polygon","coordinates":[[[71.6031617,51.1214407],[71.6031495,51.1214421],[71.6031336,51.1213875],[71.6031458,51.1213861],[71.6031617,51.1214407]]]},"properties":{"name":" ","functional":" ","purpose":"Здание"}},{"type":"Feature","id":"municipal-buildings-127267","geometry":{"type":"Polygon","coordinates":[[[71.6031973,51.1214418],[71.6031632,51.1214458],[71.6031458,51.1213861],[71.60318,51.1213821],[71.6031973,51.1214418]]]},"properties":{"name":" ","functional":" ","purpose":"Здание"}},{"type":"Feature","id":"municipal-buildings-127268","geometry":{"type":"Polygon","coordinates":[[[71.6032659,51.1215458],[71.6032441,51.1215459],[71.6032204,51.1214397],[71.6032466,51.1214372],[71.6032659,51.1215458]]]},"properties":{"name":" ","functional":" ","purpose":"Здание"}},{"type":"Feature","id":"municipal-buildings-127269","geometry":{"type":"Polygon","coordinates":[[[71.6033503,51.1214274],[71.6033751,51.1215384],[71.6032659,51.1215458],[71.6032466,51.1214372],[71.6033503,51.1214274]]]},"properties":{"name":" ","functional":" ","purpose":"Здание"}},{"type":"Feature","id":"municipal-buildings-127270","geometry":{"type":"Polygon","coordinates":[[[71.6036151,51.1213655],[71.6036534,51.1216394],[71.6034618,51.121659],[71.6034213,51.1213691],[71.6036151,51.1213655]]]},"properties":{"name":" ","functional":" ","purpose":"Частный дом"}},{"type":"Feature","id":"municipal-buildings-127271","geometry":{"type":"Polygon","coordinates":[[[71.6035445,51.1213623],[71.6035359,51.1213215],[71.6036154,51.1213149],[71.6036259,51.1213646],[71.6035445,51.1213623]]]},"properties":{"name":" ","functional":" ","purpose":"Здание"}},{"type":"Feature","id":"municipal-buildings-127272","geometry":{"type":"Polygon","coordinates":[[[71.6038829,51.1214303],[71.603743,51.1214476],[71.6037309,51.1213932],[71.6038718,51.1213807],[71.6038829,51.1214303]]]},"properties":{"name":" ","functional":" ","purpose":"Здание"}},{"type":"Feature","id":"municipal-buildings-127273","geometry":{"type":"Polygon","coordinates":[[[71.6039425,51.1214271],[71.6039513,51.1214663],[71.6037436,51.1214847],[71.6037387,51.1214452],[71.6039425,51.1214271]]]},"properties":{"name":" ","functional":" ","purpose":"Здание"}},{"type":"Feature","id":"municipal-buildings-127274","geometry":{"type":"Polygon","coordinates":[[[71.6039425,51.1214271],[71.6038829,51.1214303],[71.6038617,51.1213617],[71.6039324,51.1213556],[71.6039425,51.1214271]]]},"properties":{"name":" ","functional":" ","purpose":"Здание"}},{"type":"Feature","id":"municipal-buildings-127275","geometry":{"type":"Polygon","coordinates":[[[71.6039324,51.1213556],[71.6038646,51.1213614],[71.6038506,51.1213058],[71.6039182,51.1212991],[71.6039324,51.1213556]]]},"properties":{"name":" ","functional":" ","purpose":"Здание"}},{"type":"Feature","id":"municipal-buildings-127276","geometry":{"type":"Polygon","coordinates":[[[71.6035581,51.1209479],[71.6035499,51.1209498],[71.6035199,51.1208986],[71.6035581,51.1209479]]]},"properties":{"name":" ","functional":" ","purpose":"Здание"}},{"type":"Feature","id":"municipal-buildings-127277","geometry":{"type":"Polygon","coordinates":[[[71.6036593,51.1209721],[71.6036893,51.1210199],[71.6036121,51.1210391],[71.6035553,51.1209486],[71.6036325,51.1209294],[71.6036593,51.1209721]]]},"properties":{"name":" ","functional":" ","purpose":"Здание"}},{"type":"Feature","id":"municipal-buildings-127278","geometry":{"type":"Polygon","coordinates":[[[71.6036353,51.1209339],[71.6035581,51.1209479],[71.6035281,51.1208967],[71.6036209,51.1208752],[71.6036528,51.1209295],[71.6036353,51.1209339]]]},"properties":{"name":" ","functional":" ","purpose":"Здание"}},{"type":"Feature","id":"municipal-buildings-127279","geometry":{"type":"Polygon","coordinates":[[[71.6036061,51.1208786],[71.6035787,51.120885],[71.6035723,51.1208741],[71.6035997,51.1208678],[71.6036061,51.1208786]]]},"properties":{"name":" ","functional":" ","purpose":"Здание"}},{"type":"Feature","id":"municipal-buildings-127280","geometry":{"type":"Polygon","coordinates":[[[71.6036528,51.1209295],[71.6036768,51.1209678],[71.6036593,51.1209721],[71.6036353,51.1209339],[71.6036528,51.1209295]]]},"properties":{"name":" ","functional":" ","purpose":"Здание"}},{"type":"Feature","id":"municipal-buildings-127281","geometry":{"type":"Polygon","coordinates":[[[71.603315,51.1208708],[71.6032746,51.1208797],[71.6032321,51.1208033],[71.6032725,51.1207944],[71.603315,51.1208708]]]},"properties":{"name":" ","functional":" ","purpose":"Здание"}},{"type":"Feature","id":"municipal-buildings-127282","geometry":{"type":"Polygon","coordinates":[[[71.6032552,51.1207937],[71.6032371,51.120797],[71.6032306,51.1207826],[71.6032487,51.1207794],[71.6032552,51.1207937]]]},"properties":{"name":" ","functional":" ","purpose":"Здание"}},{"type":"Feature","id":"municipal-buildings-127283","geometry":{"type":"Polygon","coordinates":[[[71.6039749,51.1208817],[71.6039985,51.1209337],[71.6039235,51.1209472],[71.6038744,51.1208391],[71.6039493,51.1208256],[71.6039749,51.1208817]]]},"properties":{"name":" ","functional":" ","purpose":"Здание"}},{"type":"Feature","id":"municipal-buildings-127284","geometry":{"type":"Polygon","coordinates":[[[71.6039493,51.1208256],[71.6039674,51.1208223],[71.6039929,51.1208785],[71.6039749,51.1208817],[71.6039493,51.1208256]]]},"properties":{"name":" ","functional":" ","purpose":"Здание"}},{"type":"Feature","id":"municipal-buildings-127285","geometry":{"type":"Polygon","coordinates":[[[71.6039209,51.1209414],[71.603866,51.1209513],[71.603834,51.1208809],[71.6038889,51.120871],[71.6039209,51.1209414]]]},"properties":{"name":" ","functional":" ","purpose":"Здание"}},{"type":"Feature","id":"municipal-buildings-127286","geometry":{"type":"Polygon","coordinates":[[[71.6038296,51.1208979],[71.6037675,51.1209155],[71.6037524,51.1208944],[71.6038146,51.1208768],[71.6038296,51.1208979]]]},"properties":{"name":" ","functional":" ","purpose":"Здание"}},{"type":"Feature","id":"municipal-buildings-127287","geometry":{"type":"Polygon","coordinates":[[[71.6042278,51.1209051],[71.6041786,51.1209151],[71.6041244,51.1208091],[71.6042132,51.1207911],[71.6042675,51.1208971],[71.6042278,51.1209051]]]},"properties":{"name":" ","functional":" ","purpose":"Здание"}},{"type":"Feature","id":"municipal-buildings-127288","geometry":{"type":"Polygon","coordinates":[[[71.6041432,51.1208458],[71.6041013,51.1208543],[71.6040794,51.1208114],[71.6041212,51.1208029],[71.6041432,51.1208458]]]},"properties":{"name":" ","functional":" ","purpose":"Здание"}},{"type":"Feature","id":"municipal-buildings-127289","geometry":{"type":"Polygon","coordinates":[[[71.6042989,51.1208124],[71.6043283,51.1208632],[71.6042709,51.1208745],[71.6042453,51.120823],[71.6042989,51.1208124]]]},"properties":{"name":" ","functional":" ","purpose":"Здание"}},{"type":"Feature","id":"municipal-buildings-127290","geometry":{"type":"Polygon","coordinates":[[[71.6042989,51.1208124],[71.6042453,51.120823],[71.604235,51.1208023],[71.6042886,51.1207917],[71.6042989,51.1208124]]]},"properties":{"name":" ","functional":" ","purpose":"Здание"}},{"type":"Feature","id":"municipal-buildings-127291","geometry":{"type":"Polygon","coordinates":[[[71.6042675,51.1208971],[71.6042779,51.1209175],[71.6042383,51.1209256],[71.6042278,51.1209051],[71.6042675,51.1208971]]]},"properties":{"name":" ","functional":" ","purpose":"Здание"}},{"type":"Feature","id":"municipal-buildings-127292","geometry":{"type":"Polygon","coordinates":[[[71.6043193,51.1209957],[71.6042788,51.1210028],[71.6042584,51.1209568],[71.6042988,51.1209497],[71.6043193,51.1209957]]]},"properties":{"name":" ","functional":" ","purpose":"Здание"}},{"type":"Feature","id":"municipal-buildings-127293","geometry":{"type":"Polygon","coordinates":[[[71.6043672,51.1211068],[71.6043456,51.1211122],[71.6043099,51.1210562],[71.6044175,51.1210291],[71.6044531,51.1210851],[71.6043672,51.1211068]]]},"properties":{"name":" ","functional":" ","purpose":"Здание"}},{"type":"Feature","id":"municipal-buildings-127294","geometry":{"type":"Polygon","coordinates":[[[71.6043746,51.1210399],[71.6043102,51.1210545],[71.604296,51.1210296],[71.6043775,51.1210112],[71.6043915,51.1210357],[71.6043746,51.1210399]]]},"properties":{"name":" ","functional":" ","purpose":"Здание"}},{"type":"Feature","id":"municipal-buildings-127295","geometry":{"type":"Polygon","coordinates":[[[71.6044339,51.12109],[71.6044682,51.1211401],[71.6043711,51.1211665],[71.604336,51.1211153],[71.6044339,51.12109]]]},"properties":{"name":" ","functional":" ","purpose":"Здание"}},{"type":"Feature","id":"municipal-buildings-127296","geometry":{"type":"Polygon","coordinates":[[[71.6045338,51.1211977],[71.6044163,51.121231],[71.6043706,51.1211672],[71.6044682,51.1211401],[71.6044339,51.12109],[71.6044531,51.1210851],[71.6045338,51.1211977]]]},"properties":{"name":" ","functional":" ","purpose":"Здание"}},{"type":"Feature","id":"municipal-buildings-127297","geometry":{"type":"Polygon","coordinates":[[[71.6044944,51.121295],[71.6044648,51.1213034],[71.6044135,51.1212318],[71.6045338,51.1211977],[71.6045851,51.1212692],[71.6044944,51.121295]]]},"properties":{"name":" ","functional":" ","purpose":"Здание"}},{"type":"Feature","id":"municipal-buildings-127298","geometry":{"type":"Polygon","coordinates":[[[71.6042288,51.1213007],[71.6041494,51.1213147],[71.6041334,51.1212783],[71.6042127,51.1212644],[71.6042288,51.1213007]]]},"properties":{"name":" ","functional":" ","purpose":"Здание"}},{"type":"Feature","id":"municipal-buildings-127299","geometry":{"type":"Polygon","coordinates":[[[71.604521,51.1213781],[71.6045955,51.1214698],[71.6045165,51.1214933],[71.6044466,51.1214002],[71.604521,51.1213781]]]},"properties":{"name":" ","functional":" ","purpose":"Частный дом"}},{"type":"Feature","id":"municipal-buildings-127300","geometry":{"type":"Polygon","coordinates":[[[71.604521,51.1213781],[71.6044503,51.1213991],[71.6044288,51.1213705],[71.6044995,51.1213495],[71.604521,51.1213781]]]},"properties":{"name":" ","functional":" ","purpose":"Частный дом"}},{"type":"Feature","id":"municipal-buildings-127301","geometry":{"type":"Polygon","coordinates":[[[71.6048821,51.1213384],[71.6047807,51.1213677],[71.6046234,51.1211527],[71.6047247,51.1211233],[71.6048821,51.1213384]]]},"properties":{"name":" ","functional":" ","purpose":"Частный дом"}},{"type":"Feature","id":"municipal-buildings-127302","geometry":{"type":"Polygon","coordinates":[[[71.605126,51.1211077],[71.6052465,51.1212852],[71.6051782,51.1213035],[71.6050542,51.1211209],[71.605126,51.1211077]]]},"properties":{"name":" ","functional":" ","purpose":"Частный дом"}},{"type":"Feature","id":"municipal-buildings-127303","geometry":{"type":"Polygon","coordinates":[[[71.605126,51.1211077],[71.6050617,51.1211189],[71.6050379,51.1210889],[71.6051003,51.1210692],[71.605126,51.1211077]]]},"properties":{"name":" ","functional":" ","purpose":"Здание"}},{"type":"Feature","id":"municipal-buildings-127304","geometry":{"type":"Polygon","coordinates":[[[71.604608,51.1209376],[71.6044819,51.1209704],[71.6044737,51.120958],[71.6044745,51.1209328],[71.6045858,51.1209038],[71.604608,51.1209376]]]},"properties":{"name":" ","functional":" ","purpose":"Здание"}},{"type":"Feature","id":"municipal-buildings-127305","geometry":{"type":"Polygon","coordinates":[[[71.6046794,51.1210369],[71.6047743,51.1210121],[71.6048121,51.1210695],[71.6047171,51.1210943],[71.6046794,51.1210369]]]},"properties":{"name":" ","functional":" ","purpose":"Здание"}},{"type":"Feature","id":"municipal-buildings-127306","geometry":{"type":"Polygon","coordinates":[[[71.6045774,51.121086],[71.60455,51.1210931],[71.6044711,51.1209732],[71.6046131,51.1209362],[71.604692,51.1210561],[71.6045774,51.121086]]]},"properties":{"name":" ","functional":" ","purpose":"Здание"}},{"type":"Feature","id":"municipal-buildings-127307","geometry":{"type":"Polygon","coordinates":[[[71.6047171,51.1210943],[71.6046046,51.1211273],[71.6045774,51.121086],[71.604692,51.1210561],[71.6047171,51.1210943]]]},"properties":{"name":" ","functional":" ","purpose":"Здание"}},{"type":"Feature","id":"municipal-buildings-127308","geometry":{"type":"Polygon","coordinates":[[[71.604404,51.1206787],[71.604356,51.1206889],[71.6042959,51.1205776],[71.6043439,51.1205673],[71.604404,51.1206787]]]},"properties":{"name":" ","functional":" ","purpose":"Здание"}},{"type":"Feature","id":"municipal-buildings-127309","geometry":{"type":"Polygon","coordinates":[[[71.6044383,51.1200082],[71.6043702,51.1200185],[71.6043447,51.1199518],[71.6044128,51.1199415],[71.6044383,51.1200082]]]},"properties":{"name":" ","functional":" ","purpose":"Здание"}},{"type":"Feature","id":"municipal-buildings-127310","geometry":{"type":"Polygon","coordinates":[[[71.6050697,51.1201689],[71.6050339,51.1201095],[71.6051049,51.1200926],[71.6051578,51.1201804],[71.6050869,51.1201973],[71.6050697,51.1201689]]]},"properties":{"name":" ","functional":" ","purpose":"Здание"}},{"type":"Feature","id":"municipal-buildings-127311","geometry":{"type":"Polygon","coordinates":[[[71.6050751,51.1201777],[71.6050672,51.1201796],[71.6050618,51.1201708],[71.6050751,51.1201777]]]},"properties":{"name":" ","functional":" ","purpose":"Здание"}},{"type":"Feature","id":"municipal-buildings-127312","geometry":{"type":"Polygon","coordinates":[[[71.605315,51.1202111],[71.6053436,51.1202025],[71.6054006,51.1202775],[71.605372,51.1202862],[71.605315,51.1202111]]]},"properties":{"name":" ","functional":" ","purpose":"Здание"}},{"type":"Feature","id":"municipal-buildings-127313","geometry":{"type":"Polygon","coordinates":[[[71.605372,51.1202862],[71.6054069,51.1203321],[71.605279,51.1203665],[71.6052055,51.1202441],[71.605315,51.1202111],[71.605372,51.1202862]]]},"properties":{"name":" ","functional":" ","purpose":"Здание"}},{"type":"Feature","id":"municipal-buildings-127314","geometry":{"type":"Polygon","coordinates":[[[71.6056852,51.120513],[71.605702,51.1205346],[71.6056026,51.1205746],[71.6055561,51.1205147],[71.6056602,51.1204947],[71.6056103,51.1204312],[71.605739,51.1203912],[71.6058054,51.1204756],[71.6057813,51.1204831],[71.6057883,51.120492],[71.6056852,51.120513]]]},"properties":{"name":" ","functional":" ","purpose":"Частный дом"}},{"type":"Feature","id":"municipal-buildings-127315","geometry":{"type":"Polygon","coordinates":[[[71.6058002,51.1208828],[71.6057753,51.1208897],[71.6057432,51.1208435],[71.6058106,51.1208249],[71.6058427,51.1208711],[71.6058002,51.1208828]]]},"properties":{"name":" ","functional":" ","purpose":"Здание"}},{"type":"Feature","id":"municipal-buildings-127316","geometry":{"type":"Polygon","coordinates":[[[71.6058212,51.120877],[71.6058263,51.1208843],[71.6058002,51.1208828],[71.6058212,51.120877]]]},"properties":{"name":" ","functional":" ","purpose":"Здание"}},{"type":"Feature","id":"municipal-buildings-127317","geometry":{"type":"Polygon","coordinates":[[[71.6057727,51.121024],[71.6057185,51.1209555],[71.6057673,51.1209402],[71.605791,51.1209702],[71.6058254,51.1209594],[71.6058997,51.1210643],[71.6058372,51.1210806],[71.6057954,51.1210175],[71.6057727,51.121024]]]},"properties":{"name":" ","functional":" ","purpose":"Здание"}},{"type":"Feature","id":"municipal-buildings-127318","geometry":{"type":"Polygon","coordinates":[[[71.6058134,51.1210446],[71.605792,51.1210507],[71.6057727,51.121024],[71.6057954,51.1210175],[71.6058134,51.1210446]]]},"properties":{"name":" ","functional":" ","purpose":"Здание"}},{"type":"Feature","id":"municipal-buildings-127319","geometry":{"type":"Polygon","coordinates":[[[71.6054073,51.1210507],[71.6053911,51.1210554],[71.6053556,51.1210077],[71.6054298,51.1209858],[71.6054653,51.1210335],[71.6054073,51.1210507]]]},"properties":{"name":" ","functional":" ","purpose":"Здание"}},{"type":"Feature","id":"municipal-buildings-127320","geometry":{"type":"Polygon","coordinates":[[[71.6054298,51.1209858],[71.6053556,51.1210077],[71.6053323,51.1209765],[71.6054153,51.120952],[71.6054385,51.1209832],[71.6054298,51.1209858]]]},"properties":{"name":" ","functional":" ","purpose":"Здание"}},{"type":"Feature","id":"municipal-buildings-127321","geometry":{"type":"Polygon","coordinates":[[[71.6054638,51.1210315],[71.6055776,51.1211896],[71.6055161,51.1212066],[71.6054073,51.1210507],[71.6054638,51.1210315]]]},"properties":{"name":" ","functional":" ","purpose":"Частный дом"}},{"type":"Feature","id":"municipal-buildings-127322","geometry":{"type":"Polygon","coordinates":[[[71.6110557,51.1212728],[71.6111618,51.1214177],[71.6110458,51.1214514],[71.6109258,51.1212875],[71.6110418,51.1212538],[71.6110557,51.1212728]]]},"properties":{"name":" ","functional":" ","purpose":"Здание"}},{"type":"Feature","id":"municipal-buildings-127323","geometry":{"type":"Polygon","coordinates":[[[71.6109874,51.1212696],[71.6109765,51.1212558],[71.6110595,51.12123],[71.6110858,51.1212634],[71.6110557,51.1212728],[71.6110418,51.1212538],[71.6109874,51.1212696]]]},"properties":{"name":" ","functional":" ","purpose":"Здание"}},{"type":"Feature","id":"municipal-buildings-127324","geometry":{"type":"Polygon","coordinates":[[[71.6104798,51.1208805],[71.6105343,51.1209458],[71.6104461,51.120975],[71.6103083,51.1208101],[71.6104861,51.1207512],[71.6104984,51.1207659],[71.6105899,51.1207356],[71.6105733,51.1207163],[71.6106175,51.1207013],[71.6106407,51.1207283],[71.6106058,51.1207402],[71.6106708,51.1208184],[71.6104798,51.1208805]]]},"properties":{"name":" ","functional":" ","purpose":"Частный дом"}},{"type":"Feature","id":"municipal-buildings-127325","geometry":{"type":"Polygon","coordinates":[[[71.610609,51.1212166],[71.6105929,51.1212143],[71.6106096,51.1212092],[71.610609,51.1212166]]]},"properties":{"name":" ","functional":" ","purpose":"Здание"}},{"type":"Feature","id":"municipal-buildings-127326","geometry":{"type":"Polygon","coordinates":[[[71.6105758,51.1211628],[71.6105042,51.1211892],[71.6104739,51.1211511],[71.6105479,51.1211278],[71.6105758,51.1211628]]]},"properties":{"name":" ","functional":" ","purpose":"Коттедж"}},{"type":"Feature","id":"municipal-buildings-127327","geometry":{"type":"Polygon","coordinates":[[[71.6099755,51.1212831],[71.6100065,51.1213179],[71.609845,51.1213748],[71.6097943,51.1213179],[71.6099558,51.1212609],[71.6099755,51.1212831]]]},"properties":{"name":" ","functional":" ","purpose":"Здание"}},{"type":"Feature","id":"municipal-buildings-127328","geometry":{"type":"Polygon","coordinates":[[[71.6097072,51.1213771],[71.609657,51.1213937],[71.6096124,51.1213405],[71.6097063,51.1213093],[71.6097509,51.1213626],[71.6097072,51.1213771]]]},"properties":{"name":" ","functional":" ","purpose":"Здание"}},{"type":"Feature","id":"municipal-buildings-127329","geometry":{"type":"Polygon","coordinates":[[[71.6097509,51.1213626],[71.6097762,51.1213929],[71.6097326,51.1214073],[71.6097072,51.1213771],[71.6097509,51.1213626]]]},"properties":{"name":" ","functional":" ","purpose":"Здание"}},{"type":"Feature","id":"municipal-buildings-127330","geometry":{"type":"Polygon","coordinates":[[[71.6095631,51.1211383],[71.6094757,51.1211689],[71.6094127,51.1210975],[71.6095001,51.1210669],[71.6095631,51.1211383]]]},"properties":{"name":" ","functional":" ","purpose":"Здание"}},{"type":"Feature","id":"municipal-buildings-127331","geometry":{"type":"Polygon","coordinates":[[[71.6096648,51.1215049],[71.6096032,51.1215209],[71.6095692,51.1214691],[71.6096307,51.1214531],[71.6096648,51.1215049]]]},"properties":{"name":" ","functional":" ","purpose":"Здание"}},{"type":"Feature","id":"municipal-buildings-127332","geometry":{"type":"Polygon","coordinates":[[[71.6095576,51.1217364],[71.6094375,51.1217713],[71.6093523,51.1216552],[71.6094724,51.1216203],[71.6095576,51.1217364]]]},"properties":{"name":" ","functional":" ","purpose":"Здание"}},{"type":"Feature","id":"municipal-buildings-127333","geometry":{"type":"Polygon","coordinates":[[[71.6096433,51.1217268],[71.6095712,51.1217477],[71.6095438,51.1217101],[71.6096087,51.1216914],[71.6096433,51.1217268]]]},"properties":{"name":" ","functional":" ","purpose":"Здание"}},{"type":"Feature","id":"municipal-buildings-127334","geometry":{"type":"Polygon","coordinates":[[[71.6098497,51.1217296],[71.6097344,51.1217666],[71.6096893,51.121711],[71.6098046,51.1216739],[71.6098497,51.1217296]]]},"properties":{"name":" ","functional":" ","purpose":"Здание"}},{"type":"Feature","id":"municipal-buildings-127335","geometry":{"type":"Polygon","coordinates":[[[71.6096422,51.1220215],[71.6096753,51.1220704],[71.6095744,51.1220903],[71.6094575,51.1219175],[71.6095505,51.1218858],[71.6096422,51.1220215]]]},"properties":{"name":" ","functional":" ","purpose":"Здание"}},{"type":"Feature","id":"municipal-buildings-127336","geometry":{"type":"Polygon","coordinates":[[[71.609606,51.1219679],[71.6096184,51.1219645],[71.6096547,51.1220182],[71.6096422,51.1220215],[71.609606,51.1219679]]]},"properties":{"name":" ","functional":" ","purpose":"Здание"}},{"type":"Feature","id":"municipal-buildings-127337","geometry":{"type":"Polygon","coordinates":[[[71.608871,51.1216206],[71.6087294,51.1216652],[71.6086857,51.1216101],[71.6088272,51.1215655],[71.608871,51.1216206]]]},"properties":{"name":" ","functional":" ","purpose":"Здание"}},{"type":"Feature","id":"municipal-buildings-127338","geometry":{"type":"Polygon","coordinates":[[[71.6087276,51.1215969],[71.6087092,51.121572],[71.6088595,51.1215279],[71.6088861,51.1215576],[71.6089115,51.1215508],[71.6089303,51.1215768],[71.6089103,51.1215844],[71.6089253,51.1216014],[71.608871,51.1216206],[71.6088272,51.1215655],[71.6087276,51.1215969]]]},"properties":{"name":" ","functional":" ","purpose":"Здание"}},{"type":"Feature","id":"municipal-buildings-127339","geometry":{"type":"Polygon","coordinates":[[[71.6084482,51.1216974],[71.608394,51.1217147],[71.6083495,51.1216595],[71.6084036,51.1216422],[71.6084482,51.1216974]]]},"properties":{"name":" ","functional":" ","purpose":"Здание"}},{"type":"Feature","id":"municipal-buildings-127340","geometry":{"type":"Polygon","coordinates":[[[71.6080733,51.1218414],[71.6080291,51.1218568],[71.6079564,51.1217739],[71.6080006,51.1217586],[71.6080733,51.1218414]]]},"properties":{"name":" ","functional":" ","purpose":"Здание"}},{"type":"Feature","id":"municipal-buildings-127341","geometry":{"type":"Polygon","coordinates":[[[71.6081451,51.1217083],[71.6082108,51.1217965],[71.6081488,51.1218181],[71.6080741,51.121733],[71.6081451,51.1217083]]]},"properties":{"name":" ","functional":" ","purpose":"Здание"}},{"type":"Feature","id":"municipal-buildings-127342","geometry":{"type":"Polygon","coordinates":[[[71.6081486,51.1218179],[71.6080751,51.1218434],[71.6080006,51.1217586],[71.6080741,51.121733],[71.6081486,51.1218179]]]},"properties":{"name":" ","functional":" ","purpose":"Здание"}},{"type":"Feature","id":"municipal-buildings-127343","geometry":{"type":"Polygon","coordinates":[[[71.6080006,51.1217586],[71.6079564,51.1217739],[71.6079388,51.1217539],[71.6081276,51.1216883],[71.6081451,51.1217083],[71.6080006,51.1217586]]]},"properties":{"name":" ","functional":" ","purpose":"Здание"}},{"type":"Feature","id":"municipal-buildings-127344","geometry":{"type":"Polygon","coordinates":[[[71.608389,51.1219634],[71.60834,51.1219799],[71.6083158,51.1219514],[71.6083647,51.1219349],[71.608389,51.1219634]]]},"properties":{"name":" ","functional":" ","purpose":"Здание"}},{"type":"Feature","id":"municipal-buildings-127345","geometry":{"type":"Polygon","coordinates":[[[71.6083198,51.1218983],[71.6082874,51.1219075],[71.608272,51.121886],[71.6083044,51.1218768],[71.6083198,51.1218983]]]},"properties":{"name":" ","functional":" ","purpose":"Здание"}},{"type":"Feature","id":"municipal-buildings-127346","geometry":{"type":"Polygon","coordinates":[[[71.6075716,51.1218672],[71.6074926,51.1218903],[71.6074718,51.1218624],[71.6075508,51.1218392],[71.6075716,51.1218672]]]},"properties":{"name":" ","functional":" ","purpose":"Здание"}},{"type":"Feature","id":"municipal-buildings-127347","geometry":{"type":"Polygon","coordinates":[[[71.6072067,51.1218265],[71.6071023,51.121858],[71.6070673,51.121812],[71.6071717,51.1217805],[71.6072067,51.1218265]]]},"properties":{"name":" ","functional":" ","purpose":"Здание"}},{"type":"Feature","id":"municipal-buildings-127348","geometry":{"type":"Polygon","coordinates":[[[71.607352,51.1219805],[71.607361,51.1219923],[71.6073382,51.1219992],[71.6073292,51.1219874],[71.607352,51.1219805]]]},"properties":{"name":" ","functional":" ","purpose":"Здание"}},{"type":"Feature","id":"municipal-buildings-127349","geometry":{"type":"Polygon","coordinates":[[[71.6073292,51.1219874],[71.6072248,51.1220189],[71.6071023,51.121858],[71.6072067,51.1218265],[71.6073292,51.1219874]]]},"properties":{"name":" ","functional":" ","purpose":"Здание"}},{"type":"Feature","id":"municipal-buildings-127350","geometry":{"type":"Polygon","coordinates":[[[71.607352,51.1219805],[71.6073292,51.1219874],[71.6072818,51.1219251],[71.6073536,51.1219034],[71.607401,51.1219657],[71.607352,51.1219805]]]},"properties":{"name":" ","functional":" ","purpose":"Здание"}},{"type":"Feature","id":"municipal-buildings-127351","geometry":{"type":"Polygon","coordinates":[[[71.6073382,51.1219992],[71.6073734,51.1220453],[71.6072689,51.1220768],[71.6072248,51.1220189],[71.6073292,51.1219874],[71.6073382,51.1219992]]]},"properties":{"name":" ","functional":" ","purpose":"Здание"}},{"type":"Feature","id":"municipal-buildings-127352","geometry":{"type":"Polygon","coordinates":[[[71.6074403,51.1221491],[71.6074071,51.1221583],[71.6073837,51.1221248],[71.6074169,51.1221156],[71.6074403,51.1221491]]]},"properties":{"name":" ","functional":" ","purpose":"Здание"}},{"type":"Feature","id":"municipal-buildings-127353","geometry":{"type":"Polygon","coordinates":[[[71.6070468,51.1221385],[71.6071771,51.1220994],[71.6072235,51.1221606],[71.6070172,51.1222226],[71.6069707,51.1221613],[71.6070468,51.1221385]]]},"properties":{"name":" ","functional":" ","purpose":"Здание"}},{"type":"Feature","id":"municipal-buildings-127354","geometry":{"type":"Polygon","coordinates":[[[71.6070468,51.1221385],[71.6069793,51.1221587],[71.6069484,51.122118],[71.607016,51.1220978],[71.6070468,51.1221385]]]},"properties":{"name":" ","functional":" ","purpose":"Здание"}},{"type":"Feature","id":"municipal-buildings-127355","geometry":{"type":"Polygon","coordinates":[[[71.6068061,51.1220802],[71.6067664,51.1220911],[71.6066968,51.1219907],[71.6068078,51.1219602],[71.6068731,51.1220542],[71.6068061,51.1220802]]]},"properties":{"name":" ","functional":" ","purpose":"Здание"}},{"type":"Feature","id":"municipal-buildings-127356","geometry":{"type":"Polygon","coordinates":[[[71.6069603,51.1221535],[71.6068811,51.1221776],[71.6068061,51.1220802],[71.6068854,51.1220561],[71.6069603,51.1221535]]]},"properties":{"name":" ","functional":" ","purpose":"Здание"}},{"type":"Feature","id":"municipal-buildings-127357","geometry":{"type":"Polygon","coordinates":[[[71.6070172,51.1222226],[71.6070538,51.1222712],[71.6069573,51.1222987],[71.6068681,51.1221816],[71.6069603,51.1221535],[71.6070172,51.1222226]]]},"properties":{"name":" ","functional":" ","purpose":"Здание"}},{"type":"Feature","id":"municipal-buildings-127358","geometry":{"type":"Polygon","coordinates":[[[71.6068274,51.1223338],[71.6066703,51.1223804],[71.6065678,51.1222437],[71.6067356,51.1221939],[71.6068381,51.1223306],[71.6068274,51.1223338]]]},"properties":{"name":" ","functional":" ","purpose":"Здание"}},{"type":"Feature","id":"municipal-buildings-127359","geometry":{"type":"Polygon","coordinates":[[[71.6067356,51.1221939],[71.6065678,51.1222437],[71.6065158,51.1221743],[71.6066836,51.1221245],[71.6067356,51.1221939]]]},"properties":{"name":" ","functional":" ","purpose":"Здание"}},{"type":"Feature","id":"municipal-buildings-127360","geometry":{"type":"Polygon","coordinates":[[[71.6068274,51.1223338],[71.6068836,51.1224157],[71.6067176,51.1224607],[71.6066615,51.1223788],[71.6068274,51.1223338]]]},"properties":{"name":" ","functional":" ","purpose":"Здание"}},{"type":"Feature","id":"municipal-buildings-127361","geometry":{"type":"Polygon","coordinates":[[[71.6053751,51.1226325],[71.6053537,51.1226392],[71.6053283,51.1226066],[71.6053497,51.1226],[71.6053751,51.1226325]]]},"properties":{"name":" ","functional":" ","purpose":"Здание"}},{"type":"Feature","id":"municipal-buildings-127362","geometry":{"type":"Polygon","coordinates":[[[71.6054421,51.1226144],[71.6053757,51.1226333],[71.6052107,51.1224217],[71.6052762,51.1224015],[71.6054421,51.1226144]]]},"properties":{"name":" ","functional":" ","purpose":"Здание"}},{"type":"Feature","id":"municipal-buildings-127363","geometry":{"type":"Polygon","coordinates":[[[71.6054658,51.1226077],[71.6054421,51.1226144],[71.605406,51.1225681],[71.6054293,51.1225609],[71.6054658,51.1226077]]]},"properties":{"name":" ","functional":" ","purpose":"Здание"}},{"type":"Feature","id":"municipal-buildings-127364","geometry":{"type":"Polygon","coordinates":[[[71.6054658,51.1226077],[71.6055663,51.1227392],[71.6054165,51.1227811],[71.605336,51.1226446],[71.6054658,51.1226077]]]},"properties":{"name":" ","functional":" ","purpose":"Здание"}},{"type":"Feature","id":"municipal-buildings-127365","geometry":{"type":"Polygon","coordinates":[[[71.6041689,51.1224513],[71.6043113,51.122419],[71.6043606,51.1225046],[71.6042132,51.122538],[71.6041689,51.1224513]]]},"properties":{"name":" ","functional":"Частные дома","purpose":"Частный дом"}},{"type":"Feature","id":"municipal-buildings-127366","geometry":{"type":"Polygon","coordinates":[[[71.6040345,51.1225241],[71.603958,51.1225389],[71.6039324,51.1224864],[71.6040141,51.1224706],[71.6040345,51.1225241]]]},"properties":{"name":" ","functional":" ","purpose":"Здание"}},{"type":"Feature","id":"municipal-buildings-127367","geometry":{"type":"Polygon","coordinates":[[[71.6040345,51.1225241],[71.604052,51.1225599],[71.6039756,51.1225747],[71.603958,51.1225389],[71.6040345,51.1225241]]]},"properties":{"name":" ","functional":" ","purpose":"Здание"}},{"type":"Feature","id":"municipal-buildings-127368","geometry":{"type":"Polygon","coordinates":[[[71.6033846,51.1219679],[71.603324,51.1219715],[71.6033205,51.1219487],[71.6033811,51.1219451],[71.6033846,51.1219679]]]},"properties":{"name":" ","functional":" ","purpose":"Здание"}},{"type":"Feature","id":"municipal-buildings-127369","geometry":{"type":"Polygon","coordinates":[[[71.6030253,51.1217523],[71.6030376,51.1218439],[71.6029821,51.1218468],[71.6029697,51.1217541],[71.6030253,51.1217523]]]},"properties":{"name":" ","functional":" ","purpose":"Здание"}},{"type":"Feature","id":"municipal-buildings-127370","geometry":{"type":"Polygon","coordinates":[[[71.6030567,51.1219634],[71.6030361,51.1219651],[71.6030245,51.1219067],[71.6032357,51.1218901],[71.6032473,51.1219485],[71.6030567,51.1219634]]]},"properties":{"name":" ","functional":" ","purpose":"Здание"}},{"type":"Feature","id":"municipal-buildings-127371","geometry":{"type":"Polygon","coordinates":[[[71.6031852,51.1219533],[71.6031894,51.1219742],[71.6030608,51.1219843],[71.6030567,51.1219634],[71.6031852,51.1219533]]]},"properties":{"name":" ","functional":" ","purpose":"Здание"}},{"type":"Feature","id":"municipal-buildings-127372","geometry":{"type":"Polygon","coordinates":[[[71.6025854,51.1219476],[71.6026832,51.1219423],[71.6026913,51.1220017],[71.6025764,51.1220079],[71.6025683,51.1219485],[71.6025854,51.1219476]]]},"properties":{"name":" ","functional":" ","purpose":"Здание"}},{"type":"Feature","id":"municipal-buildings-127373","geometry":{"type":"Polygon","coordinates":[[[71.6025687,51.1219509],[71.6025156,51.1219531],[71.6025064,51.1218636],[71.6025764,51.1218607],[71.6025854,51.1219476],[71.6025687,51.1219509]]]},"properties":{"name":" ","functional":" ","purpose":"Частный дом"}},{"type":"Feature","id":"municipal-buildings-127374","geometry":{"type":"Polygon","coordinates":[[[71.6025757,51.1220024],[71.6025458,51.122004],[71.6025414,51.1219717],[71.6025713,51.1219701],[71.6025757,51.1220024]]]},"properties":{"name":" ","functional":" ","purpose":"Здание"}},{"type":"Feature","id":"municipal-buildings-127375","geometry":{"type":"Polygon","coordinates":[[[71.602717,51.1220899],[71.6025406,51.1220943],[71.602539,51.1220682],[71.6027153,51.1220638],[71.602717,51.1220899]]]},"properties":{"name":" ","functional":" ","purpose":"Здание"}},{"type":"Feature","id":"municipal-buildings-127376","geometry":{"type":"Polygon","coordinates":[[[71.603121,51.1222738],[71.603076,51.1222771],[71.6030676,51.1222316],[71.6031126,51.1222283],[71.603121,51.1222738]]]},"properties":{"name":" ","functional":" ","purpose":"Здание"}},{"type":"Feature","id":"municipal-buildings-127377","geometry":{"type":"Polygon","coordinates":[[[71.6031178,51.1222563],[71.6031508,51.1222538],[71.603154,51.1222713],[71.603121,51.1222738],[71.6031178,51.1222563]]]},"properties":{"name":" ","functional":" ","purpose":"Здание"}},{"type":"Feature","id":"municipal-buildings-127378","geometry":{"type":"Polygon","coordinates":[[[71.6031443,51.1222864],[71.6031421,51.122274],[71.603345,51.1222592],[71.6033588,51.1223342],[71.6031559,51.122349],[71.6031443,51.1222864]]]},"properties":{"name":" ","functional":" ","purpose":"Здание"}},{"type":"Feature","id":"municipal-buildings-127379","geometry":{"type":"Polygon","coordinates":[[[71.6031559,51.122349],[71.6030699,51.1223553],[71.6030583,51.1222927],[71.6031443,51.1222864],[71.6031559,51.122349]]]},"properties":{"name":" ","functional":" ","purpose":"Здание"}},{"type":"Feature","id":"municipal-buildings-127380","geometry":{"type":"Polygon","coordinates":[[[71.6030637,51.122322],[71.6030524,51.1223229],[71.6030565,51.1223453],[71.6030087,51.1223488],[71.6029985,51.1222939],[71.6030578,51.1222896],[71.6030637,51.122322]]]},"properties":{"name":" ","functional":" ","purpose":"Здание"}},{"type":"Feature","id":"municipal-buildings-127381","geometry":{"type":"Polygon","coordinates":[[[71.6028278,51.1223625],[71.602768,51.1223648],[71.6027643,51.122326],[71.6028241,51.1223238],[71.6028278,51.1223625]]]},"properties":{"name":" ","functional":" ","purpose":"Здание"}},{"type":"Feature","id":"municipal-buildings-127382","geometry":{"type":"Polygon","coordinates":[[[71.6027641,51.1224062],[71.6027042,51.1224132],[71.6026944,51.1223803],[71.6027544,51.1223733],[71.6027641,51.1224062]]]},"properties":{"name":" ","functional":" ","purpose":"Здание"}},{"type":"Feature","id":"municipal-buildings-127383","geometry":{"type":"Polygon","coordinates":[[[71.6026441,51.1224669],[71.6026482,51.1224939],[71.6023645,51.122511],[71.6023536,51.1224392],[71.6026373,51.122422],[71.6026441,51.1224669]]]},"properties":{"name":" ","functional":" ","purpose":"Здание"}},{"type":"Feature","id":"municipal-buildings-127384","geometry":{"type":"Polygon","coordinates":[[[71.6026382,51.1224283],[71.6027009,51.1224253],[71.602705,51.1224523],[71.6026441,51.1224669],[71.6026382,51.1224283]]]},"properties":{"name":" ","functional":" ","purpose":"Здание"}},{"type":"Feature","id":"municipal-buildings-127385","geometry":{"type":"Polygon","coordinates":[[[71.6022821,51.1225266],[71.6022849,51.122542],[71.602225,51.1225464],[71.6022221,51.122531],[71.6022821,51.1225266]]]},"properties":{"name":" ","functional":" ","purpose":"Здание"}},{"type":"Feature","id":"municipal-buildings-127386","geometry":{"type":"Polygon","coordinates":[[[71.6022221,51.122531],[71.6021984,51.1224472],[71.602309,51.1224391],[71.6023179,51.122487],[71.6023393,51.1224855],[71.6023461,51.1225219],[71.6022221,51.122531]]]},"properties":{"name":" ","functional":" ","purpose":"Здание"}},{"type":"Feature","id":"municipal-buildings-127387","geometry":{"type":"Polygon","coordinates":[[[71.6024726,51.1225699],[71.6024588,51.1225299],[71.6025574,51.1225247],[71.6025628,51.1225651],[71.6024726,51.1225699]]]},"properties":{"name":" ","functional":" ","purpose":"Здание"}},{"type":"Feature","id":"municipal-buildings-127388","geometry":{"type":"Polygon","coordinates":[[[71.6024628,51.1225599],[71.6024509,51.1225605],[71.6024472,51.1225328],[71.6024591,51.1225322],[71.6024628,51.1225599]]]},"properties":{"name":" ","functional":" ","purpose":"Здание"}},{"type":"Feature","id":"municipal-buildings-127389","geometry":{"type":"Polygon","coordinates":[[[71.6025628,51.1225651],[71.6025665,51.1225923],[71.6024763,51.1225971],[71.6024726,51.1225699],[71.6025628,51.1225651]]]},"properties":{"name":" ","functional":" ","purpose":"Здание"}},{"type":"Feature","id":"municipal-buildings-127390","geometry":{"type":"Polygon","coordinates":[[[71.6024391,51.1227008],[71.6024698,51.1226993],[71.6024731,51.1227266],[71.6023824,51.1227309],[71.6023786,51.1227034],[71.6024391,51.1227008]]]},"properties":{"name":" ","functional":" ","purpose":"Здание"}},{"type":"Feature","id":"municipal-buildings-127391","geometry":{"type":"Polygon","coordinates":[[[71.6023786,51.1227034],[71.6023117,51.1227063],[71.602309,51.1226812],[71.6024363,51.1226757],[71.6024391,51.1227008],[71.6023786,51.1227034]]]},"properties":{"name":" ","functional":" ","purpose":"Здание"}},{"type":"Feature","id":"municipal-buildings-127392","geometry":{"type":"Polygon","coordinates":[[[71.6034902,51.1227475],[71.6035177,51.1228789],[71.6031714,51.1229075],[71.6031362,51.122739],[71.6034825,51.1227103],[71.6034902,51.1227475]]]},"properties":{"name":" ","functional":" ","purpose":"Здание"}},{"type":"Feature","id":"municipal-buildings-127393","geometry":{"type":"Polygon","coordinates":[[[71.6038769,51.1228206],[71.6038866,51.1228192],[71.6039226,51.122912],[71.6036667,51.1229286],[71.6036389,51.1228535],[71.6037246,51.1228418],[71.6037328,51.1228651],[71.6038091,51.1228545],[71.6038007,51.1228312],[71.6038769,51.1228206]]]},"properties":{"name":" ","functional":" ","purpose":"Здание"}},{"type":"Feature","id":"municipal-buildings-127394","geometry":{"type":"Polygon","coordinates":[[[71.6112173,51.1193562],[71.6112766,51.1194447],[71.6112199,51.1194598],[71.6110805,51.1192515],[71.6111372,51.1192365],[71.6112173,51.1193562]]]},"properties":{"name":" ","functional":" ","purpose":"Частный дом"}},{"type":"Feature","id":"municipal-buildings-127395","geometry":{"type":"Polygon","coordinates":[[[71.6111938,51.119321],[71.6112313,51.1193111],[71.6112548,51.1193462],[71.6112173,51.1193562],[71.6111938,51.119321]]]},"properties":{"name":" ","functional":" ","purpose":"Частный дом"}},{"type":"Feature","id":"municipal-buildings-127396","geometry":{"type":"Polygon","coordinates":[[[71.6111372,51.1192365],[71.61117,51.1192278],[71.6112021,51.1192758],[71.6111693,51.1192845],[71.6111372,51.1192365]]]},"properties":{"name":" ","functional":" ","purpose":"Здание"}},{"type":"Feature","id":"municipal-buildings-127397","geometry":{"type":"Polygon","coordinates":[[[71.6110473,51.1197445],[71.611102,51.1198234],[71.6110322,51.1198425],[71.610973,51.119757],[71.6110473,51.1197445]]]},"properties":{"name":" ","functional":" ","purpose":"Здание"}},{"type":"Feature","id":"municipal-buildings-127398","geometry":{"type":"Polygon","coordinates":[[[71.6116196,51.120023],[71.611547,51.120062],[71.6115095,51.1200343],[71.611582,51.1199953],[71.6116196,51.120023]]]},"properties":{"name":" ","functional":" ","purpose":"Здание"}},{"type":"Feature","id":"municipal-buildings-127399","geometry":{"type":"Polygon","coordinates":[[[71.6109085,51.1205938],[71.6108718,51.1206109],[71.6108264,51.1205723],[71.610863,51.1205552],[71.6109085,51.1205938]]]},"properties":{"name":" ","functional":" ","purpose":"Коттедж"}},{"type":"Feature","id":"municipal-buildings-127400","geometry":{"type":"Polygon","coordinates":[[[71.611806,51.1205621],[71.61177,51.1205816],[71.6117407,51.1205602],[71.6117767,51.1205407],[71.611806,51.1205621]]]},"properties":{"name":" ","functional":" ","purpose":"Здание"}},{"type":"Feature","id":"municipal-buildings-127401","geometry":{"type":"Polygon","coordinates":[[[71.6116243,51.1206403],[71.6116359,51.1206334],[71.6116662,51.1206533],[71.6116545,51.1206603],[71.6116243,51.1206403]]]},"properties":{"name":" ","functional":" ","purpose":"Здание"}},{"type":"Feature","id":"municipal-buildings-127402","geometry":{"type":"Polygon","coordinates":[[[71.6116545,51.1206603],[71.6116656,51.1206676],[71.6116336,51.1206868],[71.6115688,51.1206441],[71.6116008,51.1206249],[71.6116545,51.1206603]]]},"properties":{"name":" ","functional":" ","purpose":"Здание"}},{"type":"Feature","id":"municipal-buildings-127403","geometry":{"type":"Polygon","coordinates":[[[71.6114618,51.1205736],[71.611401,51.1206101],[71.6113811,51.120597],[71.6114419,51.1205605],[71.6114618,51.1205736]]]},"properties":{"name":" ","functional":" ","purpose":"Здание"}},{"type":"Feature","id":"municipal-buildings-127404","geometry":{"type":"Polygon","coordinates":[[[71.6115105,51.1205828],[71.6115404,51.1206024],[71.6115222,51.1206134],[71.6114891,51.1205916],[71.6115105,51.1205828]]]},"properties":{"name":" ","functional":" ","purpose":"Здание"}},{"type":"Feature","id":"municipal-buildings-127405","geometry":{"type":"Polygon","coordinates":[[[71.6114947,51.1205953],[71.6114296,51.1206344],[71.6113967,51.1206127],[71.6114618,51.1205736],[71.6114947,51.1205953]]]},"properties":{"name":" ","functional":" ","purpose":"Здание"}},{"type":"Feature","id":"municipal-buildings-127406","geometry":{"type":"Polygon","coordinates":[[[71.6115105,51.1205828],[71.6114891,51.1205916],[71.6114488,51.1205651],[71.611479,51.1205469],[71.6115225,51.1205756],[71.6115105,51.1205828]]]},"properties":{"name":" ","functional":" ","purpose":"Здание"}},{"type":"Feature","id":"municipal-buildings-127407","geometry":{"type":"Polygon","coordinates":[[[71.6116336,51.1206868],[71.6116942,51.1207267],[71.6116291,51.1207659],[71.6114296,51.1206344],[71.6114947,51.1205953],[71.6116336,51.1206868]]]},"properties":{"name":" ","functional":" ","purpose":"Здание"}},{"type":"Feature","id":"municipal-buildings-127408","geometry":{"type":"Polygon","coordinates":[[[71.6113769,51.1209167],[71.6113897,51.1209272],[71.6113213,51.1209717],[71.6112975,51.1209551],[71.6113769,51.1209167]]]},"properties":{"name":" ","functional":" ","purpose":"Здание"}},{"type":"Feature","id":"municipal-buildings-127409","geometry":{"type":"Polygon","coordinates":[[[71.6112975,51.1209551],[71.6111996,51.1208766],[71.6112859,51.1208348],[71.6113827,51.1209139],[71.6112975,51.1209551]]]},"properties":{"name":" ","functional":" ","purpose":"Здание"}},{"type":"Feature","id":"municipal-buildings-127410","geometry":{"type":"Polygon","coordinates":[[[71.6092512,51.1194335],[71.6092355,51.119438],[71.6091222,51.1192806],[71.6091922,51.1192607],[71.6093054,51.1194181],[71.6092512,51.1194335]]]},"properties":{"name":" ","functional":" ","purpose":"Частный дом"}},{"type":"Feature","id":"municipal-buildings-127411","geometry":{"type":"Polygon","coordinates":[[[71.6093054,51.1194181],[71.6093224,51.1194411],[71.6092678,51.1194567],[71.6092512,51.1194335],[71.6093054,51.1194181]]]},"properties":{"name":" ","functional":" ","purpose":"Здание"}},{"type":"Feature","id":"municipal-buildings-127412","geometry":{"type":"Polygon","coordinates":[[[71.6088048,51.1194476],[71.6087323,51.119468],[71.6086916,51.1194115],[71.6087639,51.1193909],[71.6088048,51.1194476]]]},"properties":{"name":" ","functional":" ","purpose":"Частный дом"}},{"type":"Feature","id":"municipal-buildings-127413","geometry":{"type":"Polygon","coordinates":[[[71.6088048,51.1194476],[71.608875,51.119545],[71.6088027,51.1195659],[71.6087323,51.119468],[71.6088048,51.1194476]]]},"properties":{"name":" ","functional":" ","purpose":"Частный дом"}},{"type":"Feature","id":"municipal-buildings-127414","geometry":{"type":"Polygon","coordinates":[[[71.6082267,51.1194101],[71.6082592,51.1194558],[71.6082167,51.1194677],[71.608204,51.1194473],[71.6081506,51.1194621],[71.608109,51.1194036],[71.6082032,51.1193771],[71.6082267,51.1194101]]]},"properties":{"name":" ","functional":" ","purpose":"Здание"}},{"type":"Feature","id":"municipal-buildings-127415","geometry":{"type":"Polygon","coordinates":[[[71.6082032,51.1193771],[71.6082271,51.1193703],[71.6082505,51.1194034],[71.6082267,51.1194101],[71.6082032,51.1193771]]]},"properties":{"name":" ","functional":" ","purpose":"Здание"}},{"type":"Feature","id":"municipal-buildings-127416","geometry":{"type":"Polygon","coordinates":[[[71.6083425,51.1195803],[71.6082737,51.1195988],[71.6082322,51.1195374],[71.6083039,51.1195182],[71.6083425,51.1195803]]]},"properties":{"name":" ","functional":" ","purpose":"Здание"}},{"type":"Feature","id":"municipal-buildings-127417","geometry":{"type":"Polygon","coordinates":[[[71.6083938,51.1196719],[71.6083345,51.1196887],[71.6082715,51.1196004],[71.6083425,51.1195803],[71.6084055,51.1196686],[71.6083938,51.1196719]]]},"properties":{"name":" ","functional":" ","purpose":"Здание"}},{"type":"Feature","id":"municipal-buildings-127418","geometry":{"type":"Polygon","coordinates":[[[71.6083938,51.1196719],[71.6084778,51.1197883],[71.6083404,51.1198276],[71.6082637,51.1197213],[71.6083938,51.1196719]]]},"properties":{"name":" ","functional":" ","purpose":"Здание"}},{"type":"Feature","id":"municipal-buildings-127419","geometry":{"type":"Polygon","coordinates":[[[71.6086578,51.1199027],[71.6086461,51.1198878],[71.6086147,51.1198975],[71.6085721,51.119843],[71.608773,51.1197808],[71.6088273,51.1198502],[71.6086578,51.1199027]]]},"properties":{"name":" ","functional":" ","purpose":"Здание"}},{"type":"Feature","id":"municipal-buildings-127420","geometry":{"type":"Polygon","coordinates":[[[71.608462,51.1199208],[71.6085339,51.1199016],[71.6085553,51.1199332],[71.6084199,51.1199694],[71.6083985,51.1199378],[71.608462,51.1199208]]]},"properties":{"name":" ","functional":" ","purpose":"Здание"}},{"type":"Feature","id":"municipal-buildings-127421","geometry":{"type":"Polygon","coordinates":[[[71.608462,51.1199208],[71.6083985,51.1199378],[71.6083657,51.1198893],[71.6084292,51.1198723],[71.608462,51.1199208]]]},"properties":{"name":" ","functional":" ","purpose":"Здание"}},{"type":"Feature","id":"municipal-buildings-127422","geometry":{"type":"Polygon","coordinates":[[[71.6088317,51.1199403],[71.6087754,51.1199567],[71.6087589,51.1199344],[71.6088112,51.1199192],[71.6088317,51.1199403]]]},"properties":{"name":" ","functional":" ","purpose":"Здание"}},{"type":"Feature","id":"municipal-buildings-127423","geometry":{"type":"Polygon","coordinates":[[[71.6087665,51.1199593],[71.6086583,51.1199911],[71.6086291,51.1199568],[71.6087316,51.119923],[71.6087665,51.1199593]]]},"properties":{"name":" ","functional":" ","purpose":"Здание"}},{"type":"Feature","id":"municipal-buildings-127424","geometry":{"type":"Polygon","coordinates":[[[71.6087218,51.1200625],[71.6086583,51.1199911],[71.6088734,51.1199281],[71.6089281,51.1200023],[71.6087218,51.1200625]]]},"properties":{"name":" ","functional":" ","purpose":"Здание"}},{"type":"Feature","id":"municipal-buildings-127425","geometry":{"type":"Polygon","coordinates":[[[71.6087177,51.1200637],[71.6086608,51.1200821],[71.6086015,51.1200095],[71.6086583,51.1199911],[71.6087177,51.1200637]]]},"properties":{"name":" ","functional":" ","purpose":"Здание"}},{"type":"Feature","id":"municipal-buildings-127426","geometry":{"type":"Polygon","coordinates":[[[71.6085222,51.1201461],[71.6084609,51.1201603],[71.6084401,51.120125],[71.6085014,51.1201108],[71.6085222,51.1201461]]]},"properties":{"name":" ","functional":" ","purpose":"Здание"}},{"type":"Feature","id":"municipal-buildings-127427","geometry":{"type":"Polygon","coordinates":[[[71.6082238,51.1203682],[71.6081412,51.1203936],[71.6080423,51.1202663],[71.6081248,51.1202409],[71.6082238,51.1203682]]]},"properties":{"name":" ","functional":" ","purpose":"Здание"}},{"type":"Feature","id":"municipal-buildings-127428","geometry":{"type":"Polygon","coordinates":[[[71.6081205,51.1202422],[71.6080496,51.1202638],[71.6080108,51.1202132],[71.6080818,51.1201917],[71.6081205,51.1202422]]]},"properties":{"name":" ","functional":" ","purpose":"Здание"}},{"type":"Feature","id":"municipal-buildings-127429","geometry":{"type":"Polygon","coordinates":[[[71.6082238,51.1203682],[71.6082439,51.120362],[71.6082817,51.1204107],[71.6081791,51.1204423],[71.6081412,51.1203936],[71.6082238,51.1203682]]]},"properties":{"name":" ","functional":" ","purpose":"Здание"}},{"type":"Feature","id":"municipal-buildings-127430","geometry":{"type":"Polygon","coordinates":[[[71.6080545,51.1203489],[71.6079726,51.1203731],[71.6078809,51.1202499],[71.6079629,51.1202258],[71.6080545,51.1203489]]]},"properties":{"name":" ","functional":" ","purpose":"Здание"}},{"type":"Feature","id":"municipal-buildings-127431","geometry":{"type":"Polygon","coordinates":[[[71.6080545,51.1203489],[71.6081319,51.1204463],[71.608046,51.1204717],[71.6079726,51.1203731],[71.6080545,51.1203489]]]},"properties":{"name":" ","functional":" ","purpose":"Здание"}},{"type":"Feature","id":"municipal-buildings-127432","geometry":{"type":"Polygon","coordinates":[[[71.6078809,51.1202499],[71.6078321,51.1201916],[71.6078834,51.1201765],[71.6079278,51.1202361],[71.6078809,51.1202499]]]},"properties":{"name":" ","functional":" ","purpose":"Здание"}},{"type":"Feature","id":"municipal-buildings-127433","geometry":{"type":"Polygon","coordinates":[[[71.6079629,51.1202258],[71.6079278,51.1202361],[71.6079023,51.1202018],[71.6079389,51.120191],[71.6079629,51.1202258]]]},"properties":{"name":" ","functional":" ","purpose":"Здание"}},{"type":"Feature","id":"municipal-buildings-127434","geometry":{"type":"Polygon","coordinates":[[[71.6076775,51.1203289],[71.6076116,51.1203504],[71.6075681,51.1202978],[71.607634,51.1202762],[71.6076775,51.1203289]]]},"properties":{"name":" ","functional":" ","purpose":"Здание"}},{"type":"Feature","id":"municipal-buildings-127435","geometry":{"type":"Polygon","coordinates":[[[71.6073499,51.1201899],[71.6073421,51.1201922],[71.6073307,51.1201773],[71.6073499,51.1201899]]]},"properties":{"name":" ","functional":" ","purpose":"Здание"}},{"type":"Feature","id":"municipal-buildings-127436","geometry":{"type":"Polygon","coordinates":[[[71.6074307,51.1202307],[71.6074089,51.1202372],[71.6073753,51.1201927],[71.6073968,51.1201863],[71.6074307,51.1202307]]]},"properties":{"name":" ","functional":" ","purpose":"Здание"}},{"type":"Feature","id":"municipal-buildings-127437","geometry":{"type":"Polygon","coordinates":[[[71.6073386,51.120175],[71.6074444,51.1201356],[71.6075009,51.1202094],[71.6074307,51.1202307],[71.6073968,51.1201863],[71.6073565,51.1201984],[71.6073386,51.120175]]]},"properties":{"name":" ","functional":" ","purpose":"Здание"}},{"type":"Feature","id":"municipal-buildings-127438","geometry":{"type":"Polygon","coordinates":[[[71.60728,51.1202275],[71.6071887,51.1202509],[71.6071666,51.1202167],[71.6072579,51.1201933],[71.60728,51.1202275]]]},"properties":{"name":" ","functional":" ","purpose":"Здание"}},{"type":"Feature","id":"municipal-buildings-127439","geometry":{"type":"Polygon","coordinates":[[[71.607366,51.1204892],[71.6073395,51.1204986],[71.6073128,51.1204625],[71.6073403,51.1204545],[71.607366,51.1204892]]]},"properties":{"name":" ","functional":" ","purpose":"Здание"}},{"type":"Feature","id":"municipal-buildings-127440","geometry":{"type":"Polygon","coordinates":[[[71.6072052,51.1198917],[71.6071645,51.1199032],[71.6071464,51.1198779],[71.607187,51.1198664],[71.6072052,51.1198917]]]},"properties":{"name":" ","functional":" ","purpose":"Здание"}},{"type":"Feature","id":"municipal-buildings-127441","geometry":{"type":"Polygon","coordinates":[[[71.6070948,51.1200684],[71.6071145,51.1200955],[71.6070514,51.1201137],[71.606995,51.1200364],[71.6070582,51.1200181],[71.6070948,51.1200684]]]},"properties":{"name":" ","functional":" ","purpose":"Здание"}},{"type":"Feature","id":"municipal-buildings-127442","geometry":{"type":"Polygon","coordinates":[[[71.6070747,51.1200408],[71.6071068,51.1200315],[71.6071269,51.1200591],[71.6070948,51.1200684],[71.6070747,51.1200408]]]},"properties":{"name":" ","functional":" ","purpose":"Здание"}},{"type":"Feature","id":"municipal-buildings-127443","geometry":{"type":"Polygon","coordinates":[[[71.6066356,51.1197899],[71.6065404,51.1198198],[71.6064849,51.1197498],[71.6066893,51.1196856],[71.6067448,51.1197556],[71.6066356,51.1197899]]]},"properties":{"name":" ","functional":" ","purpose":"Здание"}},{"type":"Feature","id":"municipal-buildings-127444","geometry":{"type":"Polygon","coordinates":[[[71.6064801,51.1198347],[71.6064237,51.119852],[71.6063969,51.1198176],[71.6064532,51.1198002],[71.6064801,51.1198347]]]},"properties":{"name":" ","functional":" ","purpose":"Здание"}},{"type":"Feature","id":"municipal-buildings-127445","geometry":{"type":"Polygon","coordinates":[[[71.6061139,51.1196685],[71.6060835,51.1196762],[71.6060643,51.1196462],[71.6060947,51.1196385],[71.6061139,51.1196685]]]},"properties":{"name":" ","functional":" ","purpose":"Коттедж"}},{"type":"Feature","id":"municipal-buildings-127446","geometry":{"type":"Polygon","coordinates":[[[71.6059003,51.1199446],[71.605925,51.119978],[71.6058378,51.1200035],[71.6058131,51.1199701],[71.6059003,51.1199446]]]},"properties":{"name":" ","functional":" ","purpose":"Здание"}},{"type":"Feature","id":"municipal-buildings-127447","geometry":{"type":"Polygon","coordinates":[[[71.6059003,51.1199446],[71.6058516,51.1199589],[71.6058387,51.1199415],[71.6058874,51.1199272],[71.6059003,51.1199446]]]},"properties":{"name":" ","functional":" ","purpose":"Здание"}},{"type":"Feature","id":"municipal-buildings-127448","geometry":{"type":"Polygon","coordinates":[[[71.6061698,51.1199199],[71.6061196,51.1199251],[71.6061113,51.1198934],[71.6061615,51.1198882],[71.6061698,51.1199199]]]},"properties":{"name":" ","functional":" ","purpose":"Здание"}},{"type":"Feature","id":"municipal-buildings-127449","geometry":{"type":"Polygon","coordinates":[[[71.606702,51.1201029],[71.6066471,51.120119],[71.606608,51.120066],[71.6066728,51.120047],[71.606712,51.1201],[71.606702,51.1201029]]]},"properties":{"name":" ","functional":" ","purpose":"Здание"}},{"type":"Feature","id":"municipal-buildings-127450","geometry":{"type":"Polygon","coordinates":[[[71.6066985,51.1200817],[71.6067275,51.1200741],[71.606745,51.1201004],[71.606707,51.1201104],[71.6066985,51.1200817]]]},"properties":{"name":" ","functional":" ","purpose":"Здание"}},{"type":"Feature","id":"municipal-buildings-127451","geometry":{"type":"Polygon","coordinates":[[[71.6065639,51.1203901],[71.6064818,51.1204122],[71.6064092,51.1203055],[71.6064914,51.1202834],[71.6065639,51.1203901]]]},"properties":{"name":" ","functional":" ","purpose":"Здание"}},{"type":"Feature","id":"municipal-buildings-127452","geometry":{"type":"Polygon","coordinates":[[[71.6065751,51.1206964],[71.6065214,51.1207107],[71.6064971,51.1206746],[71.6065507,51.1206603],[71.6065751,51.1206964]]]},"properties":{"name":" ","functional":" ","purpose":"Здание"}},{"type":"Feature","id":"municipal-buildings-127453","geometry":{"type":"Polygon","coordinates":[[[71.606728,51.1205279],[71.6066223,51.1205611],[71.6065757,51.1205023],[71.6066814,51.1204691],[71.606728,51.1205279]]]},"properties":{"name":" ","functional":" ","purpose":"Здание"}},{"type":"Feature","id":"municipal-buildings-127454","geometry":{"type":"Polygon","coordinates":[[[71.6068513,51.1204572],[71.6068721,51.1204841],[71.6067296,51.1205277],[71.6066765,51.1204588],[71.606819,51.1204153],[71.6068513,51.1204572]]]},"properties":{"name":" ","functional":" ","purpose":"Здание"}},{"type":"Feature","id":"municipal-buildings-127455","geometry":{"type":"Polygon","coordinates":[[[71.6068247,51.1204226],[71.6069227,51.1203927],[71.6069493,51.1204272],[71.6068513,51.1204572],[71.6068247,51.1204226]]]},"properties":{"name":" ","functional":" ","purpose":"Здание"}},{"type":"Feature","id":"municipal-buildings-127456","geometry":{"type":"Polygon","coordinates":[[[71.6071066,51.120318],[71.6070359,51.1203397],[71.6069944,51.1202861],[71.607065,51.1202644],[71.6071066,51.120318]]]},"properties":{"name":" ","functional":" ","purpose":"Здание"}},{"type":"Feature","id":"municipal-buildings-127457","geometry":{"type":"Polygon","coordinates":[[[71.6073715,51.1206741],[71.6072988,51.1206962],[71.6071734,51.1205322],[71.6072462,51.1205102],[71.6073715,51.1206741]]]},"properties":{"name":" ","functional":" ","purpose":"Здание"}},{"type":"Feature","id":"municipal-buildings-127458","geometry":{"type":"Polygon","coordinates":[[[71.6066712,51.1207335],[71.6066228,51.120748],[71.6065904,51.120705],[71.6066388,51.1206906],[71.6066712,51.1207335]]]},"properties":{"name":" ","functional":" ","purpose":"Здание"}},{"type":"Feature","id":"municipal-buildings-127459","geometry":{"type":"Polygon","coordinates":[[[71.6099478,51.1202121],[71.6098953,51.1202297],[71.6098683,51.1201979],[71.6099208,51.1201803],[71.6099478,51.1202121]]]},"properties":{"name":" ","functional":" ","purpose":"Здание"}},{"type":"Feature","id":"municipal-buildings-127460","geometry":{"type":"Polygon","coordinates":[[[71.6101716,51.1203187],[71.6100473,51.1203545],[71.6099899,51.1202757],[71.6101142,51.1202398],[71.6101716,51.1203187]]]},"properties":{"name":" ","functional":" ","purpose":"Здание"}},{"type":"Feature","id":"municipal-buildings-127461","geometry":{"type":"Polygon","coordinates":[[[71.6102964,51.1203574],[71.6102106,51.1203848],[71.6101669,51.1203306],[71.6102527,51.1203032],[71.6102964,51.1203574]]]},"properties":{"name":" ","functional":" ","purpose":"Здание"}},{"type":"Feature","id":"municipal-buildings-127462","geometry":{"type":"Polygon","coordinates":[[[71.610394,51.1204483],[71.6103033,51.120472],[71.6102547,51.1203985],[71.6103454,51.1203747],[71.610394,51.1204483]]]},"properties":{"name":" ","functional":" ","purpose":"Здание"}},{"type":"Feature","id":"municipal-buildings-127463","geometry":{"type":"Polygon","coordinates":[[[71.6099614,51.1203845],[71.6099086,51.1204006],[71.6098621,51.1203403],[71.6099149,51.1203242],[71.6099614,51.1203845]]]},"properties":{"name":" ","functional":" ","purpose":"Здание"}},{"type":"Feature","id":"municipal-buildings-127464","geometry":{"type":"Polygon","coordinates":[[[71.6093224,51.1203949],[71.6092461,51.1204199],[71.6091788,51.1203383],[71.609255,51.1203134],[71.6093224,51.1203949]]]},"properties":{"name":" ","functional":" ","purpose":"Частный дом"}},{"type":"Feature","id":"municipal-buildings-127465","geometry":{"type":"Polygon","coordinates":[[[71.609283,51.1203473],[71.6093116,51.1203379],[71.609351,51.1203856],[71.6093224,51.1203949],[71.609283,51.1203473]]]},"properties":{"name":" ","functional":" ","purpose":"Частный дом"}},{"type":"Feature","id":"municipal-buildings-127466","geometry":{"type":"Polygon","coordinates":[[[71.609255,51.1203134],[71.6091788,51.1203383],[71.6091503,51.1203038],[71.6092324,51.1202769],[71.609255,51.1203134]]]},"properties":{"name":" ","functional":" ","purpose":"Частный дом"}},{"type":"Feature","id":"municipal-buildings-127467","geometry":{"type":"Polygon","coordinates":[[[71.609702,51.120575],[71.6096427,51.1205948],[71.6095732,51.1205124],[71.6096324,51.1204926],[71.609702,51.120575]]]},"properties":{"name":" ","functional":" ","purpose":"Частный дом"}},{"type":"Feature","id":"municipal-buildings-127468","geometry":{"type":"Polygon","coordinates":[[[71.6096654,51.1205316],[71.6097031,51.120519],[71.6097397,51.1205624],[71.609702,51.120575],[71.6096654,51.1205316]]]},"properties":{"name":" ","functional":" ","purpose":"Частный дом"}},{"type":"Feature","id":"municipal-buildings-127469","geometry":{"type":"Polygon","coordinates":[[[71.6094585,51.1206494],[71.6094277,51.1206582],[71.6093532,51.1205548],[71.6093913,51.1205439],[71.6094585,51.1206494]]]},"properties":{"name":" ","functional":" ","purpose":"Здание"}},{"type":"Feature","id":"municipal-buildings-127470","geometry":{"type":"Polygon","coordinates":[[[71.6094042,51.1205618],[71.6094271,51.1205553],[71.6094378,51.1205701],[71.6094149,51.1205767],[71.6094042,51.1205618]]]},"properties":{"name":" ","functional":" ","purpose":"Здание"}},{"type":"Feature","id":"municipal-buildings-127471","geometry":{"type":"Polygon","coordinates":[[[71.6094624,51.1206426],[71.6094967,51.1206324],[71.6095295,51.1206762],[71.6094877,51.1206886],[71.6094624,51.1206426]]]},"properties":{"name":" ","functional":" ","purpose":"Здание"}},{"type":"Feature","id":"municipal-buildings-127472","geometry":{"type":"Polygon","coordinates":[[[71.6093509,51.1206708],[71.6092688,51.1206964],[71.60919,51.1205962],[71.6092722,51.1205706],[71.6093509,51.1206708]]]},"properties":{"name":" ","functional":" ","purpose":"Здание"}},{"type":"Feature","id":"municipal-buildings-127473","geometry":{"type":"Polygon","coordinates":[[[71.6094516,51.1207777],[71.6094805,51.1208139],[71.6093936,51.1208413],[71.6092915,51.1207131],[71.6093784,51.1206857],[71.6094516,51.1207777]]]},"properties":{"name":" ","functional":" ","purpose":"Здание"}},{"type":"Feature","id":"municipal-buildings-127474","geometry":{"type":"Polygon","coordinates":[[[71.6092941,51.1207163],[71.6092688,51.1206964],[71.6093509,51.1206708],[71.6093657,51.1206897],[71.6092941,51.1207163]]]},"properties":{"name":" ","functional":" ","purpose":"Здание"}},{"type":"Feature","id":"municipal-buildings-127475","geometry":{"type":"Polygon","coordinates":[[[71.6094299,51.1207504],[71.6094537,51.1207429],[71.6094754,51.1207702],[71.6094516,51.1207777],[71.6094299,51.1207504]]]},"properties":{"name":" ","functional":" ","purpose":"Здание"}},{"type":"Feature","id":"municipal-buildings-127476","geometry":{"type":"Polygon","coordinates":[[[71.6094337,51.1209245],[71.6093194,51.120958],[71.6092329,51.1208412],[71.6093472,51.1208077],[71.6094337,51.1209245]]]},"properties":{"name":" ","functional":" ","purpose":"Здание"}},{"type":"Feature","id":"municipal-buildings-127477","geometry":{"type":"Polygon","coordinates":[[[71.6088356,51.1208735],[71.6087632,51.1208968],[71.6087005,51.1208198],[71.6087776,51.1207949],[71.6088356,51.1208735]]]},"properties":{"name":" ","functional":" ","purpose":"Здание"}},{"type":"Feature","id":"municipal-buildings-127478","geometry":{"type":"Polygon","coordinates":[[[71.6088356,51.1208735],[71.6088825,51.1209312],[71.6088102,51.1209545],[71.6087632,51.1208968],[71.6088356,51.1208735]]]},"properties":{"name":" ","functional":" ","purpose":"Здание"}},{"type":"Feature","id":"municipal-buildings-127479","geometry":{"type":"Polygon","coordinates":[[[71.6088928,51.1208363],[71.6088336,51.1208554],[71.6088117,51.1208284],[71.6088708,51.1208093],[71.6088928,51.1208363]]]},"properties":{"name":" ","functional":" ","purpose":"Здание"}},{"type":"Feature","id":"municipal-buildings-127480","geometry":{"type":"Polygon","coordinates":[[[71.608943,51.1206791],[71.6087901,51.1207305],[71.6087624,51.1206966],[71.6089164,51.1206466],[71.608943,51.1206791]]]},"properties":{"name":" ","functional":" ","purpose":"Здание"}},{"type":"Feature","id":"municipal-buildings-127481","geometry":{"type":"Polygon","coordinates":[[[71.6089164,51.1206466],[71.6088914,51.1206123],[71.6090003,51.1205809],[71.6090495,51.1206483],[71.608943,51.1206791],[71.6089164,51.1206466]]]},"properties":{"name":" ","functional":" ","purpose":"Здание"}},{"type":"Feature","id":"municipal-buildings-127482","geometry":{"type":"Polygon","coordinates":[[[71.6086891,51.1208391],[71.6085273,51.1208936],[71.6084771,51.1208345],[71.6086389,51.12078],[71.6086891,51.1208391]]]},"properties":{"name":" ","functional":" ","purpose":"Здание"}},{"type":"Feature","id":"municipal-buildings-127483","geometry":{"type":"Polygon","coordinates":[[[71.6086879,51.1207623],[71.6087438,51.1207422],[71.6087805,51.1207825],[71.6087246,51.1208027],[71.6086879,51.1207623]]]},"properties":{"name":" ","functional":" ","purpose":"Здание"}},{"type":"Feature","id":"municipal-buildings-127484","geometry":{"type":"Polygon","coordinates":[[[71.6087027,51.1207786],[71.6086699,51.1207904],[71.6086528,51.1207716],[71.6086856,51.1207598],[71.6087027,51.1207786]]]},"properties":{"name":" ","functional":" ","purpose":"Здание"}},{"type":"Feature","id":"municipal-buildings-127485","geometry":{"type":"Polygon","coordinates":[[[71.6080054,51.1206302],[71.6080211,51.1206506],[71.607939,51.1206755],[71.6079194,51.12065],[71.6080054,51.1206302]]]},"properties":{"name":" ","functional":" ","purpose":"Здание"}},{"type":"Feature","id":"municipal-buildings-127486","geometry":{"type":"Polygon","coordinates":[[[71.6083857,51.1208623],[71.6083168,51.1208846],[71.6082588,51.1208137],[71.6083277,51.1207914],[71.6083857,51.1208623]]]},"properties":{"name":" ","functional":" ","purpose":"Здание"}},{"type":"Feature","id":"municipal-buildings-127487","geometry":{"type":"Polygon","coordinates":[[[71.6082051,51.1209256],[71.6081238,51.1209493],[71.6080579,51.1208596],[71.6081392,51.120836],[71.6082051,51.1209256]]]},"properties":{"name":" ","functional":" ","purpose":"Здание"}},{"type":"Feature","id":"municipal-buildings-127488","geometry":{"type":"Polygon","coordinates":[[[71.6080556,51.1208825],[71.6079793,51.1209058],[71.6079353,51.1208485],[71.6080115,51.1208253],[71.6080556,51.1208825]]]},"properties":{"name":" ","functional":" ","purpose":"Здание"}},{"type":"Feature","id":"municipal-buildings-127489","geometry":{"type":"Polygon","coordinates":[[[71.6080115,51.1209767],[71.6079383,51.1209991],[71.6078927,51.1209401],[71.6079659,51.1209178],[71.6080115,51.1209767]]]},"properties":{"name":" ","functional":" ","purpose":"Здание"}},{"type":"Feature","id":"municipal-buildings-127490","geometry":{"type":"Polygon","coordinates":[[[71.6078006,51.1209744],[71.6078432,51.1210278],[71.6077712,51.1210506],[71.607719,51.1209852],[71.607791,51.1209624],[71.6078006,51.1209744]]]},"properties":{"name":" ","functional":" ","purpose":"Здание"}},{"type":"Feature","id":"municipal-buildings-127491","geometry":{"type":"Polygon","coordinates":[[[71.6079063,51.1211231],[71.6078739,51.1210978],[71.6079332,51.121079],[71.6079559,51.1211074],[71.6079063,51.1211231]]]},"properties":{"name":" ","functional":" ","purpose":"Здание"}},{"type":"Feature","id":"municipal-buildings-127492","geometry":{"type":"Polygon","coordinates":[[[71.6079332,51.121079],[71.6078739,51.1210978],[71.6078331,51.1210467],[71.6079836,51.1209991],[71.6080243,51.1210502],[71.6079332,51.121079]]]},"properties":{"name":" ","functional":" ","purpose":"Здание"}},{"type":"Feature","id":"municipal-buildings-127493","geometry":{"type":"Polygon","coordinates":[[[71.6079063,51.1211231],[71.6079518,51.1211802],[71.6078504,51.1212122],[71.6077771,51.1211203],[71.6078688,51.1210914],[71.6079063,51.1211231]]]},"properties":{"name":" ","functional":" ","purpose":"Здание"}},{"type":"Feature","id":"municipal-buildings-127494","geometry":{"type":"Polygon","coordinates":[[[71.6080488,51.1213805],[71.6079901,51.121399],[71.6078892,51.1212725],[71.6079479,51.121254],[71.6080488,51.1213805]]]},"properties":{"name":" ","functional":" ","purpose":"Частный дом"}},{"type":"Feature","id":"municipal-buildings-127495","geometry":{"type":"Polygon","coordinates":[[[71.6076512,51.121073],[71.6074995,51.1211167],[71.6074148,51.1210003],[71.6075665,51.1209565],[71.6076512,51.121073]]]},"properties":{"name":" ","functional":" ","purpose":"Здание"}},{"type":"Feature","id":"municipal-buildings-127496","geometry":{"type":"Polygon","coordinates":[[[71.6076512,51.121073],[71.6076854,51.1211199],[71.6075337,51.1211637],[71.6074995,51.1211167],[71.6076512,51.121073]]]},"properties":{"name":" ","functional":" ","purpose":"Здание"}},{"type":"Feature","id":"municipal-buildings-127497","geometry":{"type":"Polygon","coordinates":[[[71.6074451,51.1210419],[71.607417,51.1210501],[71.6073867,51.1210084],[71.6074148,51.1210003],[71.6074451,51.1210419]]]},"properties":{"name":" ","functional":" ","purpose":"Здание"}},{"type":"Feature","id":"municipal-buildings-127498","geometry":{"type":"Polygon","coordinates":[[[71.6074965,51.1211125],[71.6074766,51.1211182],[71.6074553,51.1210889],[71.6074751,51.1210831],[71.6074965,51.1211125]]]},"properties":{"name":" ","functional":" ","purpose":"Здание"}},{"type":"Feature","id":"municipal-buildings-127499","geometry":{"type":"Polygon","coordinates":[[[71.6076367,51.1215215],[71.6075392,51.121558],[71.607481,51.1214888],[71.6075813,51.1214555],[71.6076367,51.1215215]]]},"properties":{"name":" ","functional":" ","purpose":"Здание"}},{"type":"Feature","id":"municipal-buildings-127500","geometry":{"type":"Polygon","coordinates":[[[71.6075963,51.1212964],[71.6075482,51.1213128],[71.6074913,51.1212467],[71.6075393,51.1212303],[71.6075963,51.1212964]]]},"properties":{"name":" ","functional":" ","purpose":"Здание"}},{"type":"Feature","id":"municipal-buildings-127501","geometry":{"type":"Polygon","coordinates":[[[71.6073826,51.1213797],[71.6072894,51.1214129],[71.6072411,51.1213592],[71.6073343,51.121326],[71.6073826,51.1213797]]]},"properties":{"name":" ","functional":" ","purpose":"Здание"}},{"type":"Feature","id":"municipal-buildings-127502","geometry":{"type":"Polygon","coordinates":[[[71.6069811,51.1214522],[71.6069414,51.1214641],[71.6068968,51.1214049],[71.6069647,51.1213846],[71.6070094,51.1214437],[71.6069811,51.1214522]]]},"properties":{"name":" ","functional":" ","purpose":"Здание"}},{"type":"Feature","id":"municipal-buildings-127503","geometry":{"type":"Polygon","coordinates":[[[71.6070052,51.1214382],[71.6070407,51.1214271],[71.6070814,51.121479],[71.6070177,51.1214988],[71.6069811,51.1214522],[71.6070052,51.1214382]]]},"properties":{"name":" ","functional":" ","purpose":"Здание"}},{"type":"Feature","id":"municipal-buildings-127504","geometry":{"type":"Polygon","coordinates":[[[71.6069678,51.1213887],[71.6068968,51.1214049],[71.6068662,51.1213653],[71.6069643,51.1213354],[71.6069983,51.1213794],[71.6069678,51.1213887]]]},"properties":{"name":" ","functional":" ","purpose":"Здание"}},{"type":"Feature","id":"municipal-buildings-127505","geometry":{"type":"Polygon","coordinates":[[[71.6067943,51.1212349],[71.6068131,51.121229],[71.6068906,51.121328],[71.6068237,51.1213488],[71.6067461,51.1212498],[71.6067943,51.1212349]]]},"properties":{"name":" ","functional":" ","purpose":"Здание"}},{"type":"Feature","id":"municipal-buildings-127506","geometry":{"type":"Polygon","coordinates":[[[71.6067943,51.1212349],[71.6067511,51.1212483],[71.6067122,51.1211987],[71.6067554,51.1211852],[71.6067943,51.1212349]]]},"properties":{"name":" ","functional":" ","purpose":"Здание"}},{"type":"Feature","id":"municipal-buildings-127507","geometry":{"type":"Polygon","coordinates":[[[71.6069077,51.1211895],[71.6068526,51.1212059],[71.6068224,51.1211657],[71.6068775,51.1211493],[71.6069077,51.1211895]]]},"properties":{"name":" ","functional":" ","purpose":"Здание"}},{"type":"Feature","id":"municipal-buildings-127508","geometry":{"type":"Polygon","coordinates":[[[71.6070174,51.1211569],[71.6069077,51.1211895],[71.6068755,51.1211467],[71.6069852,51.121114],[71.6070174,51.1211569]]]},"properties":{"name":" ","functional":" ","purpose":"Здание"}},{"type":"Feature","id":"municipal-buildings-127509","geometry":{"type":"Polygon","coordinates":[[[71.6070548,51.1211037],[71.6070807,51.1211381],[71.6070174,51.1211569],[71.6069901,51.1211205],[71.6070548,51.1211037]]]},"properties":{"name":" ","functional":" ","purpose":"Здание"}},{"type":"Feature","id":"municipal-buildings-127510","geometry":{"type":"Polygon","coordinates":[[[71.6072225,51.1210744],[71.6071994,51.1210426],[71.6072604,51.1210251],[71.6072998,51.1210792],[71.6072387,51.1210968],[71.6072225,51.1210744]]]},"properties":{"name":" ","functional":" ","purpose":"Здание"}},{"type":"Feature","id":"municipal-buildings-127511","geometry":{"type":"Polygon","coordinates":[[[71.6065658,51.1211647],[71.6065813,51.1211841],[71.606525,51.1212019],[71.6064944,51.1211636],[71.6065507,51.1211458],[71.6065658,51.1211647]]]},"properties":{"name":" ","functional":" ","purpose":"Здание"}},{"type":"Feature","id":"municipal-buildings-127512","geometry":{"type":"Polygon","coordinates":[[[71.6065417,51.1213103],[71.6064162,51.121349],[71.6063749,51.1212905],[71.6064557,51.1212648],[71.6064693,51.1212823],[71.6065101,51.1212697],[71.6065417,51.1213103]]]},"properties":{"name":" ","functional":" ","purpose":"Здание"}},{"type":"Feature","id":"municipal-buildings-127513","geometry":{"type":"Polygon","coordinates":[[[71.6065101,51.1212697],[71.606592,51.1212414],[71.6066255,51.1212844],[71.6065417,51.1213103],[71.6065101,51.1212697]]]},"properties":{"name":" ","functional":" ","purpose":"Здание"}},{"type":"Feature","id":"municipal-buildings-127514","geometry":{"type":"Polygon","coordinates":[[[71.6064237,51.1212621],[71.6063381,51.1212855],[71.6063122,51.121248],[71.6063978,51.1212246],[71.6064237,51.1212621]]]},"properties":{"name":" ","functional":"Частные дома","purpose":"Частный дом"}},{"type":"Feature","id":"municipal-buildings-127515","geometry":{"type":"Polygon","coordinates":[[[71.6064141,51.1213463],[71.6063764,51.1213566],[71.606329,51.121288],[71.6064242,51.1212619],[71.6064313,51.1212723],[71.6063749,51.1212905],[71.6064141,51.1213463]]]},"properties":{"name":" ","functional":" ","purpose":"Здание"}},{"type":"Feature","id":"municipal-buildings-127516","geometry":{"type":"Polygon","coordinates":[[[71.6066479,51.1215865],[71.606595,51.1215238],[71.6067956,51.1214627],[71.6068447,51.1215265],[71.6066479,51.1215865]]]},"properties":{"name":" ","functional":" ","purpose":"Здание"}},{"type":"Feature","id":"municipal-buildings-127517","geometry":{"type":"Polygon","coordinates":[[[71.6066479,51.1215865],[71.6066683,51.1216118],[71.6066278,51.1216247],[71.6066074,51.1215994],[71.6066479,51.1215865]]]},"properties":{"name":" ","functional":" ","purpose":"Здание"}},{"type":"Feature","id":"municipal-buildings-127518","geometry":{"type":"Polygon","coordinates":[[[71.606367,51.1217358],[71.6063282,51.1217476],[71.6063094,51.1217229],[71.6063482,51.1217112],[71.606367,51.1217358]]]},"properties":{"name":" ","functional":" ","purpose":"Частный дом"}},{"type":"Feature","id":"municipal-buildings-127519","geometry":{"type":"Polygon","coordinates":[[[71.605804,51.121768],[71.6060401,51.121691],[71.6060922,51.1217577],[71.6058536,51.1218315],[71.605804,51.121768]]]},"properties":{"name":" ","functional":" ","purpose":"Здание"}},{"type":"Feature","id":"municipal-buildings-127520","geometry":{"type":"Polygon","coordinates":[[[71.6058421,51.1218167],[71.6057932,51.1218319],[71.6057552,51.1217832],[71.605804,51.121768],[71.6058421,51.1218167]]]},"properties":{"name":" ","functional":" ","purpose":"Здание"}},{"type":"Feature","id":"municipal-buildings-127521","geometry":{"type":"Polygon","coordinates":[[[71.6061919,51.1216564],[71.6061169,51.12168],[71.6060916,51.1216482],[71.6060411,51.1216641],[71.6060017,51.1216144],[71.6061325,51.1215733],[71.6061919,51.1216564]]]},"properties":{"name":" ","functional":" ","purpose":"Здание"}},{"type":"Feature","id":"municipal-buildings-127522","geometry":{"type":"Polygon","coordinates":[[[71.6060322,51.1216007],[71.6059841,51.121615],[71.6059458,51.1215636],[71.605994,51.1215494],[71.6060322,51.1216007]]]},"properties":{"name":" ","functional":" ","purpose":"Здание"}},{"type":"Feature","id":"municipal-buildings-127523","geometry":{"type":"Polygon","coordinates":[[[71.6062744,51.12145],[71.6062157,51.1213783],[71.6062691,51.121363],[71.6063222,51.1214363],[71.6062744,51.12145]]]},"properties":{"name":" ","functional":" ","purpose":"Здание"}},{"type":"Feature","id":"municipal-buildings-127524","geometry":{"type":"Polygon","coordinates":[[[71.6061672,51.1214136],[71.6060458,51.1214502],[71.6060125,51.1213948],[71.6061267,51.1213604],[71.6061672,51.1214136]]]},"properties":{"name":" ","functional":" ","purpose":"Здание"}},{"type":"Feature","id":"municipal-buildings-127525","geometry":{"type":"Polygon","coordinates":[[[71.6062744,51.12145],[71.6060913,51.12151],[71.6060458,51.1214502],[71.606228,51.1213952],[71.6062744,51.12145]]]},"properties":{"name":" ","functional":" ","purpose":"Здание"}},{"type":"Feature","id":"municipal-buildings-127526","geometry":{"type":"Polygon","coordinates":[[[71.6062745,51.1213705],[71.6062304,51.1213741],[71.6061874,51.1213151],[71.6062327,51.1213021],[71.6062745,51.1213705]]]},"properties":{"name":" ","functional":" ","purpose":"Здание"}},{"type":"Feature","id":"municipal-buildings-127527","geometry":{"type":"Polygon","coordinates":[[[71.6061862,51.1211617],[71.6062497,51.121247],[71.6061878,51.1212652],[71.6061157,51.1211683],[71.6061775,51.1211501],[71.6061862,51.1211617]]]},"properties":{"name":" ","functional":" ","purpose":"Частный дом"}},{"type":"Feature","id":"municipal-buildings-127528","geometry":{"type":"Polygon","coordinates":[[[71.6058708,51.1214562],[71.6058326,51.1214663],[71.6058161,51.1214415],[71.6058543,51.1214314],[71.6058708,51.1214562]]]},"properties":{"name":" ","functional":" ","purpose":"Здание"}},{"type":"Feature","id":"municipal-buildings-127529","geometry":{"type":"Polygon","coordinates":[[[71.6055617,51.1213718],[71.6055316,51.1213813],[71.605506,51.121349],[71.6055749,51.1213273],[71.6056006,51.1213596],[71.6055617,51.1213718]]]},"properties":{"name":" ","functional":" ","purpose":"Здание"}},{"type":"Feature","id":"municipal-buildings-127530","geometry":{"type":"Polygon","coordinates":[[[71.6055617,51.1213718],[71.6056009,51.1213601],[71.6056263,51.1213937],[71.6055872,51.1214055],[71.6055617,51.1213718]]]},"properties":{"name":" ","functional":" ","purpose":"Частный дом"}},{"type":"Feature","id":"municipal-buildings-127531","geometry":{"type":"Polygon","coordinates":[[[71.6059146,51.121542],[71.6059288,51.1215627],[71.6058022,51.1215973],[71.6057495,51.1215208],[71.6058761,51.1214862],[71.6059146,51.121542]]]},"properties":{"name":" ","functional":" ","purpose":"Здание"}},{"type":"Feature","id":"municipal-buildings-127532","geometry":{"type":"Polygon","coordinates":[[[71.6058761,51.1214862],[71.6059014,51.1214793],[71.6059399,51.1215351],[71.6059146,51.121542],[71.6058761,51.1214862]]]},"properties":{"name":" ","functional":" ","purpose":"Здание"}},{"type":"Feature","id":"municipal-buildings-127533","geometry":{"type":"Polygon","coordinates":[[[71.605963,51.1216246],[71.6058582,51.1216555],[71.6058224,51.1216074],[71.6059272,51.1215765],[71.605963,51.1216246]]]},"properties":{"name":" ","functional":" ","purpose":"Здание"}},{"type":"Feature","id":"municipal-buildings-127534","geometry":{"type":"Polygon","coordinates":[[[71.6056193,51.1219282],[71.6055643,51.1219443],[71.605525,51.1218912],[71.60558,51.1218751],[71.6056193,51.1219282]]]},"properties":{"name":" ","functional":" ","purpose":"Здание"}},{"type":"Feature","id":"municipal-buildings-127535","geometry":{"type":"Polygon","coordinates":[[[71.6056054,51.1219094],[71.6056265,51.1219032],[71.6056405,51.121922],[71.6056193,51.1219282],[71.6056054,51.1219094]]]},"properties":{"name":" ","functional":" ","purpose":"Здание"}},{"type":"Feature","id":"municipal-buildings-127536","geometry":{"type":"Polygon","coordinates":[[[71.6055582,51.121936],[71.6055284,51.1219447],[71.6054953,51.1218999],[71.605525,51.1218912],[71.6055582,51.121936]]]},"properties":{"name":" ","functional":" ","purpose":"Здание"}},{"type":"Feature","id":"municipal-buildings-127537","geometry":{"type":"Polygon","coordinates":[[[71.6053639,51.1219194],[71.6053205,51.121873],[71.605394,51.1218524],[71.6054285,51.1219014],[71.6053639,51.1219194]]]},"properties":{"name":" ","functional":" ","purpose":"Здание"}},{"type":"Feature","id":"municipal-buildings-127538","geometry":{"type":"Polygon","coordinates":[[[71.6055067,51.1219465],[71.605468,51.1219573],[71.6054523,51.1219351],[71.6054946,51.1219233],[71.6055067,51.1219465]]]},"properties":{"name":" ","functional":" ","purpose":"Здание"}},{"type":"Feature","id":"municipal-buildings-127539","geometry":{"type":"Polygon","coordinates":[[[71.6054661,51.1219615],[71.6054055,51.1219784],[71.6053876,51.1219531],[71.6054523,51.1219351],[71.6054661,51.1219615]]]},"properties":{"name":" ","functional":" ","purpose":"Здание"}},{"type":"Feature","id":"municipal-buildings-127540","geometry":{"type":"Polygon","coordinates":[[[71.6054523,51.1219351],[71.6053876,51.1219531],[71.6053639,51.1219194],[71.6054285,51.1219014],[71.6054523,51.1219351]]]},"properties":{"name":" ","functional":" ","purpose":"Здание"}},{"type":"Feature","id":"municipal-buildings-127541","geometry":{"type":"Polygon","coordinates":[[[71.6055067,51.1219465],[71.6055333,51.1219818],[71.6054909,51.1219945],[71.6054661,51.1219615],[71.6055067,51.1219465]]]},"properties":{"name":" ","functional":" ","purpose":"Здание"}},{"type":"Feature","id":"municipal-buildings-127542","geometry":{"type":"Polygon","coordinates":[[[71.6053224,51.1218757],[71.6053559,51.1219246],[71.6052396,51.1219561],[71.6052062,51.1219072],[71.6053224,51.1218757]]]},"properties":{"name":" ","functional":" ","purpose":"Здание"}},{"type":"Feature","id":"municipal-buildings-127543","geometry":{"type":"Polygon","coordinates":[[[71.6052041,51.1219699],[71.6051816,51.1219761],[71.6051521,51.1219329],[71.6051746,51.1219268],[71.6052041,51.1219699]]]},"properties":{"name":" ","functional":" ","purpose":"Здание"}},{"type":"Feature","id":"municipal-buildings-127544","geometry":{"type":"Polygon","coordinates":[[[71.6052067,51.1219693],[71.6051695,51.1219193],[71.6052074,51.121909],[71.6052414,51.1219587],[71.6052067,51.1219693]]]},"properties":{"name":" ","functional":" ","purpose":"Здание"}},{"type":"Feature","id":"municipal-buildings-127545","geometry":{"type":"Polygon","coordinates":[[[71.6047215,51.1222389],[71.6046425,51.1222621],[71.6045972,51.1222009],[71.6046762,51.1221778],[71.6047215,51.1222389]]]},"properties":{"name":" ","functional":" ","purpose":"Частный дом"}},{"type":"Feature","id":"municipal-buildings-127546","geometry":{"type":"Polygon","coordinates":[[[71.6048005,51.1222158],[71.6047215,51.1222389],[71.6046762,51.1221778],[71.6047552,51.1221546],[71.6048005,51.1222158]]]},"properties":{"name":" ","functional":" ","purpose":"Частный дом"}},{"type":"Feature","id":"municipal-buildings-127547","geometry":{"type":"Polygon","coordinates":[[[71.6047552,51.1221546],[71.6048815,51.1221175],[71.6049268,51.1221787],[71.6048005,51.1222158],[71.6047552,51.1221546]]]},"properties":{"name":" ","functional":" ","purpose":"Здание"}},{"type":"Feature","id":"municipal-buildings-127548","geometry":{"type":"Polygon","coordinates":[[[71.6046762,51.1221778],[71.6045972,51.1222009],[71.6045548,51.1221387],[71.6046507,51.122115],[71.6046679,51.1221427],[71.6046901,51.1221362],[71.6047129,51.122167],[71.6046762,51.1221778]]]},"properties":{"name":" ","functional":" ","purpose":"Здание"}},{"type":"Feature","id":"municipal-buildings-127549","geometry":{"type":"Polygon","coordinates":[[[71.6048759,51.1220521],[71.6048423,51.1220618],[71.6048211,51.1220329],[71.6048871,51.1220137],[71.6049084,51.1220427],[71.6048759,51.1220521]]]},"properties":{"name":" ","functional":" ","purpose":"Здание"}},{"type":"Feature","id":"municipal-buildings-127550","geometry":{"type":"Polygon","coordinates":[[[71.6048759,51.1220521],[71.6048848,51.1220642],[71.6048512,51.122074],[71.6048423,51.1220618],[71.6048759,51.1220521]]]},"properties":{"name":" ","functional":" ","purpose":"Здание"}},{"type":"Feature","id":"municipal-buildings-127551","geometry":{"type":"Polygon","coordinates":[[[71.6044454,51.1219281],[71.6045429,51.1219026],[71.6045812,51.1219609],[71.6044665,51.1219908],[71.6044281,51.1219325],[71.6044454,51.1219281]]]},"properties":{"name":" ","functional":" ","purpose":"Здание"}},{"type":"Feature","id":"municipal-buildings-127552","geometry":{"type":"Polygon","coordinates":[[[71.6044281,51.1219325],[71.6044079,51.1219105],[71.60443,51.1219047],[71.6044454,51.1219281],[71.6044281,51.1219325]]]},"properties":{"name":" ","functional":" ","purpose":"Здание"}},{"type":"Feature","id":"municipal-buildings-127553","geometry":{"type":"Polygon","coordinates":[[[71.6049359,51.1217858],[71.604857,51.1216894],[71.6049215,51.1216712],[71.6049918,51.1217701],[71.6049359,51.1217858]]]},"properties":{"name":" ","functional":" ","purpose":"Здание"}},{"type":"Feature","id":"municipal-buildings-127554","geometry":{"type":"Polygon","coordinates":[[[71.604944,51.1217028],[71.6049759,51.1216939],[71.6049956,51.1217216],[71.6049637,51.1217306],[71.604944,51.1217028]]]},"properties":{"name":" ","functional":" ","purpose":"Здание"}},{"type":"Feature","id":"municipal-buildings-127555","geometry":{"type":"Polygon","coordinates":[[[71.6049884,51.1217711],[71.6050042,51.1217934],[71.6049517,51.1218081],[71.6049359,51.1217858],[71.6049884,51.1217711]]]},"properties":{"name":" ","functional":" ","purpose":"Здание"}},{"type":"Feature","id":"municipal-buildings-127556","geometry":{"type":"Polygon","coordinates":[[[71.6047465,51.1217527],[71.6048201,51.1217294],[71.6048469,51.1217693],[71.6047712,51.1217895],[71.6047465,51.1217527]]]},"properties":{"name":" ","functional":" ","purpose":"Здание"}},{"type":"Feature","id":"municipal-buildings-127557","geometry":{"type":"Polygon","coordinates":[[[71.6047712,51.1217895],[71.604794,51.1218233],[71.6047547,51.1218337],[71.6047073,51.1217632],[71.6047465,51.1217527],[71.6047712,51.1217895]]]},"properties":{"name":" ","functional":" ","purpose":"Здание"}},{"type":"Feature","id":"municipal-buildings-127558","geometry":{"type":"Polygon","coordinates":[[[71.6055018,51.1216429],[71.6054606,51.1216553],[71.6054194,51.1216],[71.6055893,51.1215548],[71.6056272,51.1216051],[71.6055018,51.1216429]]]},"properties":{"name":" ","functional":" ","purpose":"Здание"}},{"type":"Feature","id":"municipal-buildings-127559","geometry":{"type":"Polygon","coordinates":[[[71.6055916,51.1215579],[71.6056225,51.1215496],[71.6056543,51.1215962],[71.6056261,51.1216038],[71.6055916,51.1215579]]]},"properties":{"name":" ","functional":" ","purpose":"Здание"}},{"type":"Feature","id":"municipal-buildings-127560","geometry":{"type":"Polygon","coordinates":[[[71.6055835,51.1215563],[71.6055352,51.1215692],[71.6055239,51.1215538],[71.6055717,51.12154],[71.6055835,51.1215563]]]},"properties":{"name":" ","functional":" ","purpose":"Здание"}},{"type":"Feature","id":"municipal-buildings-127561","geometry":{"type":"Polygon","coordinates":[[[71.6055352,51.1215692],[71.6054265,51.1215981],[71.6054158,51.1215844],[71.605522,51.1215513],[71.6055352,51.1215692]]]},"properties":{"name":" ","functional":" ","purpose":"Здание"}},{"type":"Feature","id":"municipal-buildings-127562","geometry":{"type":"Polygon","coordinates":[[[71.6055018,51.1216429],[71.6055276,51.1216778],[71.6054521,51.1216999],[71.6054226,51.1216601],[71.6055018,51.1216429]]]},"properties":{"name":" ","functional":" ","purpose":"Здание"}},{"type":"Feature","id":"municipal-buildings-127564","geometry":{"type":"Polygon","coordinates":[[[71.6018702,51.1184249],[71.6018684,51.1184622],[71.6017153,51.1184593],[71.6017171,51.118422],[71.6018702,51.1184249]]]},"properties":{"name":" ","functional":" ","purpose":"Здание"}},{"type":"Feature","id":"municipal-buildings-127565","geometry":{"type":"Polygon","coordinates":[[[71.6013773,51.1185925],[71.601391,51.1185023],[71.6015528,51.1185121],[71.6015391,51.1186022],[71.6013773,51.1185925]]]},"properties":{"name":" ","functional":" ","purpose":"Здание"}},{"type":"Feature","id":"municipal-buildings-127566","geometry":{"type":"Polygon","coordinates":[[[71.6015354,51.118602],[71.6015321,51.1186234],[71.601374,51.1186138],[71.6013773,51.1185925],[71.6015354,51.118602]]]},"properties":{"name":" ","functional":" ","purpose":"Здание"}},{"type":"Feature","id":"municipal-buildings-127595","geometry":{"type":"Polygon","coordinates":[[[71.6101508,51.1208809],[71.6100091,51.1209265],[71.6099873,51.1208997],[71.6101291,51.1208541],[71.6101508,51.1208809]]]},"properties":{"name":" ","functional":" ","purpose":"Здание"}},{"type":"Feature","id":"municipal-buildings-127596","geometry":{"type":"Polygon","coordinates":[[[71.6106791,51.1207828],[71.6106916,51.1208018],[71.6106696,51.1208075],[71.6106524,51.1207804],[71.6106791,51.1207828]]]},"properties":{"name":" ","functional":" ","purpose":"Здание"}},{"type":"Feature","id":"municipal-buildings-127597","geometry":{"type":"Polygon","coordinates":[[[71.6070593,51.1225438],[71.6070753,51.1225693],[71.6069913,51.1225901],[71.6069597,51.1225397],[71.6070437,51.1225189],[71.6070593,51.1225438]]]},"properties":{"name":" ","functional":" ","purpose":"Здание"}},{"type":"Feature","id":"municipal-buildings-127598","geometry":{"type":"Polygon","coordinates":[[[71.6070437,51.1225189],[71.607061,51.1225146],[71.6070767,51.1225395],[71.6070593,51.1225438],[71.6070437,51.1225189]]]},"properties":{"name":" ","functional":" ","purpose":"Здание"}},{"type":"Feature","id":"municipal-buildings-127599","geometry":{"type":"Polygon","coordinates":[[[71.6074091,51.1221756],[71.6073628,51.1221976],[71.6073472,51.1221774],[71.6073984,51.1221618],[71.6074091,51.1221756]]]},"properties":{"name":" ","functional":" ","purpose":"Здание"}},{"type":"Feature","id":"municipal-buildings-127600","geometry":{"type":"Polygon","coordinates":[[[71.6074644,51.1221805],[71.6074376,51.1221883],[71.6074263,51.1221728],[71.6074531,51.122165],[71.6074644,51.1221805]]]},"properties":{"name":" ","functional":" ","purpose":"Здание"}},{"type":"Feature","id":"municipal-buildings-127601","geometry":{"type":"Polygon","coordinates":[[[71.6108188,51.1201608],[71.6107613,51.1201763],[71.610747,51.1201555],[71.6108045,51.1201399],[71.6108188,51.1201608]]]},"properties":{"name":" ","functional":" ","purpose":"Здание"}},{"type":"Feature","id":"municipal-buildings-127615","geometry":{"type":"Polygon","coordinates":[[[71.6025633,51.1231737],[71.6024426,51.123179],[71.6024363,51.1231229],[71.602557,51.1231175],[71.6025633,51.1231737]]]},"properties":{"name":" ","functional":" ","purpose":"Здание"}},{"type":"Feature","id":"municipal-buildings-127616","geometry":{"type":"Polygon","coordinates":[[[71.6072387,51.1210968],[71.6072273,51.1211001],[71.607211,51.1210777],[71.6072225,51.1210744],[71.6072387,51.1210968]]]},"properties":{"name":" ","functional":" ","purpose":"Здание"}},{"type":"Feature","id":"municipal-buildings-127617","geometry":{"type":"Polygon","coordinates":[[[71.6083838,51.1208948],[71.608318,51.1209187],[71.6082985,51.1208975],[71.6083643,51.1208735],[71.6083838,51.1208948]]]},"properties":{"name":" ","functional":" ","purpose":"Здание"}},{"type":"Feature","id":"municipal-buildings-127618","geometry":{"type":"Polygon","coordinates":[[[71.6084657,51.1208632],[71.6084125,51.1208853],[71.608391,51.1208649],[71.6084442,51.1208428],[71.6084657,51.1208632]]]},"properties":{"name":" ","functional":" ","purpose":"Здание"}},{"type":"Feature","id":"municipal-buildings-127619","geometry":{"type":"Polygon","coordinates":[[[71.6089447,51.1210967],[71.6089151,51.1211066],[71.608892,51.1210792],[71.6089216,51.1210693],[71.6089447,51.1210967]]]},"properties":{"name":" ","functional":" ","purpose":"Здание"}},{"type":"Feature","id":"municipal-buildings-127620","geometry":{"type":"Polygon","coordinates":[[[71.6091191,51.1211899],[71.6090422,51.1212168],[71.6090199,51.1211916],[71.609097,51.1211648],[71.6091191,51.1211899]]]},"properties":{"name":" ","functional":" ","purpose":"Здание"}},{"type":"Feature","id":"municipal-buildings-127638","geometry":{"type":"Polygon","coordinates":[[[71.6015051,51.1286782],[71.601471,51.1286857],[71.601457,51.1286606],[71.6014911,51.1286531],[71.6015051,51.1286782]]]},"properties":{"name":" ","functional":" ","purpose":"Частный дом"}},{"type":"Feature","id":"municipal-buildings-127639","geometry":{"type":"Polygon","coordinates":[[[71.6014375,51.1287165],[71.6013979,51.1287239],[71.6013763,51.1286782],[71.6014159,51.1286708],[71.6014375,51.1287165]]]},"properties":{"name":" ","functional":" ","purpose":"Частный дом"}},{"type":"Feature","id":"municipal-buildings-127640","geometry":{"type":"Polygon","coordinates":[[[71.6104264,51.1276804],[71.6103404,51.1276896],[71.6103254,51.1276342],[71.6104115,51.127625],[71.6104264,51.1276804]]]},"properties":{"name":" ","functional":" ","purpose":"Здание"}},{"type":"Feature","id":"municipal-buildings-127664","geometry":{"type":"Polygon","coordinates":[[[71.603131,51.124725],[71.603045,51.1247294],[71.6030389,51.1246819],[71.6031249,51.1246775],[71.603131,51.124725]]]},"properties":{"name":" ","functional":" ","purpose":"Здание"}},{"type":"Feature","id":"municipal-buildings-127665","geometry":{"type":"Polygon","coordinates":[[[71.609468,51.1213883],[71.6094243,51.1214041],[71.6093989,51.1213762],[71.6094804,51.1213467],[71.6095059,51.1213746],[71.609468,51.1213883]]]},"properties":{"name":" ","functional":" ","purpose":"Здание"}},{"type":"Feature","id":"municipal-buildings-127666","geometry":{"type":"Polygon","coordinates":[[[71.609468,51.1213883],[71.6094858,51.1214078],[71.6094421,51.1214236],[71.6094243,51.1214041],[71.609468,51.1213883]]]},"properties":{"name":" ","functional":" ","purpose":"Здание"}},{"type":"Feature","id":"municipal-buildings-127667","geometry":{"type":"Polygon","coordinates":[[[71.6123087,51.1195628],[71.6122466,51.1195857],[71.6121782,51.119512],[71.6122402,51.1194892],[71.6123087,51.1195628]]]},"properties":{"name":" ","functional":" ","purpose":"Частный дом"}},{"type":"Feature","id":"municipal-buildings-127668","geometry":{"type":"Polygon","coordinates":[[[71.6110191,51.1200639],[71.6110343,51.1200842],[71.6109577,51.1201069],[71.6109425,51.1200866],[71.6110191,51.1200639]]]},"properties":{"name":" ","functional":" ","purpose":"Здание"}},{"type":"Feature","id":"municipal-buildings-127669","geometry":{"type":"Polygon","coordinates":[[[71.6110191,51.1200639],[71.6109425,51.1200866],[71.6109278,51.1200669],[71.6110044,51.1200442],[71.6110191,51.1200639]]]},"properties":{"name":" ","functional":" ","purpose":"Здание"}},{"type":"Feature","id":"municipal-buildings-127670","geometry":{"type":"Polygon","coordinates":[[[71.6062477,51.121663],[71.6062636,51.1216831],[71.6062296,51.1216938],[71.6062137,51.1216737],[71.6062477,51.121663]]]},"properties":{"name":" ","functional":" ","purpose":"Здание"}},{"type":"Feature","id":"municipal-buildings-127671","geometry":{"type":"Polygon","coordinates":[[[71.6062137,51.1216737],[71.6061941,51.1216508],[71.6062292,51.1216397],[71.6062477,51.121663],[71.6062137,51.1216737]]]},"properties":{"name":" ","functional":" ","purpose":"Здание"}},{"type":"Feature","id":"municipal-buildings-127672","geometry":{"type":"Polygon","coordinates":[[[71.6039927,51.1219321],[71.6038786,51.121935],[71.6038761,51.1218968],[71.6039903,51.1218939],[71.6039927,51.1219321]]]},"properties":{"name":" ","functional":" ","purpose":"Здание"}},{"type":"Feature","id":"municipal-buildings-128180","geometry":{"type":"Polygon","coordinates":[[[71.6333669,51.1227574],[71.6334385,51.1229277],[71.6327382,51.1230523],[71.6326586,51.1228782],[71.6333669,51.1227574]]]},"properties":{"name":" ","functional":"Известный по назначению","purpose":"Хозяйственный корпус"}},{"type":"Feature","id":"municipal-buildings-128181","geometry":{"type":"Polygon","coordinates":[[[71.6339651,51.1229063],[71.6339457,51.1228649],[71.6339087,51.1228717],[71.6339161,51.1228879],[71.6338269,51.1229043],[71.6338194,51.1228881],[71.6337984,51.1228919],[71.633735,51.1227547],[71.6336973,51.1227615],[71.6336574,51.1226743],[71.6338717,51.1226355],[71.6338547,51.1226008],[71.6341547,51.1225476],[71.6341715,51.122582],[71.6342895,51.1225609],[71.6343901,51.1227843],[71.6343234,51.1227962],[71.6343308,51.1228126],[71.6342445,51.122828],[71.6342371,51.1228116],[71.6342016,51.1228179],[71.6342208,51.1228587],[71.6339651,51.1229063]]]},"properties":{"name":" ","functional":"Административные сооружения","purpose":"Административное здание"}},{"type":"Feature","id":"municipal-buildings-128182","geometry":{"type":"Polygon","coordinates":[[[71.6323888,51.122587],[71.6322792,51.1226066],[71.6321778,51.1223826],[71.6322875,51.1223629],[71.6323888,51.122587]]]},"properties":{"name":" ","functional":"Известный по назначению","purpose":"Хозяйственный корпус"}},{"type":"Feature","id":"municipal-buildings-128183","geometry":{"type":"Polygon","coordinates":[[[71.6324542,51.1229741],[71.632503,51.1230856],[71.6324276,51.1230987],[71.6323764,51.1229815],[71.6324542,51.1229741]]]},"properties":{"name":" ","functional":"Известный по назначению","purpose":"Хозяйственный корпус"}},{"type":"Feature","id":"municipal-buildings-128184","geometry":{"type":"Polygon","coordinates":[[[71.6358788,51.1189975],[71.6355504,51.1190599],[71.6354797,51.1190844],[71.6354202,51.1191404],[71.635334,51.1191803],[71.6351776,51.1192002],[71.6350735,51.1191846],[71.6349484,51.1191224],[71.6349,51.1190623],[71.6348871,51.1189954],[71.6349362,51.1188999],[71.6350089,51.1188505],[71.6351039,51.1188196],[71.63521,51.1188109],[71.6353622,51.118841],[71.6354361,51.1188379],[71.6366259,51.1186135],[71.6367343,51.1188291],[71.6358788,51.1189975]],[[71.6352085,51.1189142],[71.6352547,51.1189205],[71.635232,51.1189161],[71.6352085,51.1189142]]]},"properties":{"name":" ","functional":"Административные сооружения","purpose":"Административное здание"}},{"type":"Feature","id":"municipal-buildings-128185","geometry":{"type":"Polygon","coordinates":[[[71.6371566,51.1190873],[71.6369821,51.1191264],[71.6368209,51.1188129],[71.6368073,51.1188157],[71.6367851,51.1187729],[71.6372376,51.11868],[71.6372575,51.1187184],[71.6372793,51.1187136],[71.6374517,51.1190272],[71.6372675,51.1190673],[71.6370965,51.1187563],[71.6369968,51.1187768],[71.6371566,51.1190873]]]},"properties":{"name":" ","functional":"Известный по назначению","purpose":"Хозяйственный корпус"}},{"type":"Feature","id":"municipal-buildings-128186","geometry":{"type":"Polygon","coordinates":[[[71.6374427,51.1184897],[71.6374827,51.1185467],[71.6374055,51.1185651],[71.6373776,51.1185042],[71.6373981,51.1184899],[71.6374427,51.1184897]]]},"properties":{"name":" ","functional":"Известный по назначению","purpose":"Проходная, КПП"}},{"type":"Feature","id":"municipal-buildings-128187","geometry":{"type":"Polygon","coordinates":[[[71.6389862,51.1182256],[71.6390837,51.1183034],[71.6388743,51.1184072],[71.6387054,51.1182724],[71.6389147,51.1181685],[71.6389862,51.1182256]]]},"properties":{"name":" ","functional":"Известный по назначению","purpose":"Хозяйственный корпус"}},{"type":"Feature","id":"municipal-buildings-128188","geometry":{"type":"Polygon","coordinates":[[[71.6395232,51.1181407],[71.6393748,51.1182132],[71.6390725,51.1179679],[71.639221,51.1178954],[71.6395232,51.1181407]]]},"properties":{"name":" ","functional":"Известный по назначению","purpose":"Хозяйственный корпус"}},{"type":"Feature","id":"municipal-buildings-128189","geometry":{"type":"Polygon","coordinates":[[[71.6390868,51.1184595],[71.6391956,51.1185488],[71.6385751,51.1188483],[71.6384648,51.1187578],[71.6390868,51.1184595]]]},"properties":{"name":" ","functional":"Известный по назначению","purpose":"Хозяйственный корпус"}},{"type":"Feature","id":"municipal-buildings-128190","geometry":{"type":"Polygon","coordinates":[[[71.6396447,51.1182299],[71.6398783,51.1184353],[71.6396996,51.1185158],[71.6394249,51.1182741],[71.6396035,51.1181936],[71.6396447,51.1182299]]]},"properties":{"name":" ","functional":"Известный по назначению","purpose":"Хозяйственный корпус"}},{"type":"Feature","id":"municipal-buildings-128191","geometry":{"type":"Polygon","coordinates":[[[71.6403158,51.1184238],[71.6402392,51.1184574],[71.6401499,51.1183767],[71.6402265,51.1183431],[71.6403158,51.1184238]]]},"properties":{"name":" ","functional":"Известный по назначению","purpose":"Административное здание"}},{"type":"Feature","id":"municipal-buildings-128192","geometry":{"type":"Polygon","coordinates":[[[71.6380076,51.1193242],[71.6382191,51.1192208],[71.6381512,51.1191687],[71.6382977,51.1190931],[71.6389899,51.1196505],[71.6388452,51.1197244],[71.6382796,51.1192693],[71.6380656,51.1193717],[71.6380076,51.1193242]]]},"properties":{"name":" ","functional":"Известный по назначению","purpose":"Хозяйственный корпус"}},{"type":"Feature","id":"municipal-buildings-128193","geometry":{"type":"Polygon","coordinates":[[[71.6396619,51.1190771],[71.639925,51.119288],[71.639772,51.1193637],[71.6396159,51.1192386],[71.6394622,51.1193175],[71.6397241,51.119524],[71.6394983,51.1196375],[71.6388546,51.1191234],[71.6390752,51.1190125],[71.6393423,51.1192231],[71.6394974,51.1191436],[71.6392347,51.118933],[71.6393878,51.1188574],[71.6395994,51.119027],[71.6396148,51.1190641],[71.6396619,51.1190771]]]},"properties":{"name":" ","functional":"Известный по назначению","purpose":"Хозяйственный корпус"}},{"type":"Feature","id":"municipal-buildings-128194","geometry":{"type":"Polygon","coordinates":[[[71.6397527,51.1189487],[71.6395348,51.1187796],[71.6397498,51.1186699],[71.6402949,51.1190931],[71.64008,51.1192028],[71.6397527,51.1189487]]]},"properties":{"name":" ","functional":"Известный по назначению","purpose":"Хозяйственный корпус"}},{"type":"Feature","id":"municipal-buildings-128195","geometry":{"type":"Polygon","coordinates":[[[71.6380656,51.1193717],[71.6386739,51.1198681],[71.6378951,51.1202529],[71.6371568,51.1196536],[71.6379222,51.1192661],[71.6380656,51.1193717]],[[71.6384379,51.1198753],[71.6379708,51.1194929],[71.6377623,51.1195935],[71.6382347,51.1199757],[71.6384379,51.1198753]],[[71.6375058,51.119584],[71.6373845,51.1196425],[71.6379641,51.1201093],[71.6380818,51.1200512],[71.6375058,51.119584]]]},"properties":{"name":" ","functional":"Известный по назначению","purpose":"Хозяйственный корпус"}},{"type":"Feature","id":"municipal-buildings-128196","geometry":{"type":"Polygon","coordinates":[[[71.6411162,51.1195011],[71.641032,51.1195354],[71.6409932,51.1194977],[71.6409747,51.1195052],[71.6409266,51.1194585],[71.6410293,51.1194166],[71.6411162,51.1195011]]]},"properties":{"name":" ","functional":"Известный по назначению","purpose":"Хозяйственный корпус"}},{"type":"Feature","id":"municipal-buildings-128197","geometry":{"type":"Polygon","coordinates":[[[71.6410424,51.1197461],[71.6409255,51.119778],[71.6408978,51.119738],[71.6410145,51.119706],[71.6410424,51.1197461]]]},"properties":{"name":" ","functional":"Административные сооружения","purpose":"Административное здание"}},{"type":"Feature","id":"municipal-buildings-128198","geometry":{"type":"Polygon","coordinates":[[[71.6399165,51.1205769],[71.6398153,51.1206058],[71.6395943,51.1202983],[71.6396956,51.1202695],[71.6399165,51.1205769]]]},"properties":{"name":" ","functional":"Известный по назначению","purpose":"Хозяйственный корпус"}},{"type":"Feature","id":"municipal-buildings-128199","geometry":{"type":"Polygon","coordinates":[[[71.6417252,51.1186878],[71.6421282,51.1192939],[71.6419541,51.1193398],[71.6412181,51.1182368],[71.641391,51.1181907],[71.6417252,51.1186878]]]},"properties":{"name":" ","functional":"Известный по назначению","purpose":"Хозяйственный корпус"}},{"type":"Feature","id":"municipal-buildings-128200","geometry":{"type":"Polygon","coordinates":[[[71.6413888,51.1197418],[71.6412945,51.1197687],[71.6412522,51.1197112],[71.6413465,51.1196843],[71.6413888,51.1197418]]]},"properties":{"name":" ","functional":"Известный по назначению","purpose":"Сооружение"}},{"type":"Feature","id":"municipal-buildings-128201","geometry":{"type":"Polygon","coordinates":[[[71.6408625,51.1185883],[71.640614,51.1186575],[71.6405757,51.1186057],[71.6406511,51.1185836],[71.6406214,51.1185391],[71.6405421,51.1185605],[71.6404048,51.1183591],[71.640662,51.1182896],[71.6408625,51.1185883]]]},"properties":{"name":" ","functional":"Административные сооружения","purpose":"Административное здание"}},{"type":"Feature","id":"municipal-buildings-128202","geometry":{"type":"Polygon","coordinates":[[[71.6400919,51.1178283],[71.6401179,51.1178486],[71.6397651,51.1180245],[71.6395054,51.1178221],[71.6398548,51.1176444],[71.6398855,51.1176682],[71.6402189,51.1174979],[71.6404254,51.1176581],[71.6400919,51.1178283]]]},"properties":{"name":" ","functional":"Известный по назначению","purpose":"Хозяйственный корпус"}},{"type":"Feature","id":"municipal-buildings-128203","geometry":{"type":"Polygon","coordinates":[[[71.6411372,51.1176085],[71.6409596,51.1176787],[71.640905,51.1176185],[71.6410869,51.1175531],[71.6411372,51.1176085]]]},"properties":{"name":" ","functional":"Известный по назначению","purpose":"Проходная, КПП"}},{"type":"Feature","id":"municipal-buildings-128204","geometry":{"type":"Polygon","coordinates":[[[71.6407857,51.1175313],[71.6406149,51.1175946],[71.6405202,51.1174903],[71.6405338,51.1174855],[71.6404541,51.117393],[71.640542,51.1173629],[71.6405764,51.1174037],[71.6413663,51.1171093],[71.6415126,51.1172619],[71.6407857,51.1175313]]]},"properties":{"name":" ","functional":"Известный по назначению","purpose":"Хозяйственный корпус"}},{"type":"Feature","id":"municipal-buildings-128205","geometry":{"type":"Polygon","coordinates":[[[71.6413156,51.1166193],[71.6411766,51.1166868],[71.6417568,51.1171596],[71.6416019,51.1172349],[71.6409046,51.116669],[71.6411985,51.1165238],[71.6413156,51.1166193]]]},"properties":{"name":" ","functional":"Известный по назначению","purpose":"Хозяйственный корпус"}},{"type":"Feature","id":"municipal-buildings-128206","geometry":{"type":"Polygon","coordinates":[[[71.6424078,51.115411],[71.6424516,51.1154415],[71.6422766,51.1155407],[71.6421986,51.11547],[71.64226,51.1154397],[71.6422375,51.1154219],[71.6423463,51.1153681],[71.6424078,51.115411]]]},"properties":{"name":" ","functional":"Частные дома","purpose":"Частный дом"}},{"type":"Feature","id":"municipal-buildings-128207","geometry":{"type":"Polygon","coordinates":[[[71.6415167,51.1159396],[71.6413735,51.1158464],[71.6415147,51.115764],[71.6416516,51.1158546],[71.6416193,51.115875],[71.6416611,51.1159064],[71.6416042,51.115939],[71.6415597,51.1159125],[71.6415167,51.1159396]]]},"properties":{"name":" ","functional":"Частные дома","purpose":"Частный дом"}},{"type":"Feature","id":"municipal-buildings-128208","geometry":{"type":"Polygon","coordinates":[[[71.6417499,51.1161842],[71.6416372,51.1160932],[71.6417456,51.11604],[71.6417242,51.1160228],[71.6417783,51.1159962],[71.6417996,51.1160135],[71.6423193,51.1157585],[71.6424639,51.1158752],[71.6423944,51.1159093],[71.6423625,51.1158836],[71.6417499,51.1161842]]]},"properties":{"name":" ","functional":"Известный по назначению","purpose":"Гараж"}},{"type":"Feature","id":"municipal-buildings-128209","geometry":{"type":"Polygon","coordinates":[[[71.6417284,51.1159018],[71.6416669,51.115851],[71.6421163,51.1156355],[71.6422263,51.1157264],[71.6417769,51.1159419],[71.6417284,51.1159018]]]},"properties":{"name":" ","functional":"Известный по назначению","purpose":"Гараж"}},{"type":"Feature","id":"municipal-buildings-128210","geometry":{"type":"Polygon","coordinates":[[[71.6430179,51.118899],[71.6430015,51.1189028],[71.643037,51.1189631],[71.6429661,51.1189796],[71.6429077,51.1188659],[71.6429873,51.1188473],[71.6430179,51.118899]]]},"properties":{"name":" ","functional":"Известный по назначению","purpose":"Хозяйственный корпус"}},{"type":"Feature","id":"municipal-buildings-128211","geometry":{"type":"Polygon","coordinates":[[[71.6421536,51.1184162],[71.6420765,51.1183051],[71.6423639,51.1182261],[71.6424332,51.1183011],[71.6424187,51.1183051],[71.642441,51.1183372],[71.6423454,51.1183635],[71.642354,51.1183759],[71.6421536,51.1184162]]]},"properties":{"name":" ","functional":"Частные дома","purpose":"Коттедж"}},{"type":"Feature","id":"municipal-buildings-128212","geometry":{"type":"Polygon","coordinates":[[[71.6460145,51.1213096],[71.6458102,51.1213609],[71.6457561,51.1212757],[71.6459589,51.1212219],[71.6460145,51.1213096]]]},"properties":{"name":" ","functional":"Частные дома","purpose":"Частный дом"}},{"type":"Feature","id":"municipal-buildings-128213","geometry":{"type":"Polygon","coordinates":[[[71.6463054,51.1211974],[71.6461477,51.1212383],[71.6460767,51.12113],[71.6462344,51.121089],[71.6463054,51.1211974]]]},"properties":{"name":" ","functional":"Частные дома","purpose":"Частный дом"}},{"type":"Feature","id":"municipal-buildings-128214","geometry":{"type":"Polygon","coordinates":[[[71.646503,51.1211532],[71.6464361,51.1211709],[71.6463632,51.1210616],[71.6466749,51.1209793],[71.6467657,51.1211156],[71.646671,51.1211406],[71.646653,51.1211136],[71.646503,51.1211532]]]},"properties":{"name":" ","functional":"Частные дома","purpose":"Частный дом"}},{"type":"Feature","id":"municipal-buildings-128215","geometry":{"type":"Polygon","coordinates":[[[71.6470998,51.1211505],[71.6469486,51.1211969],[71.6468996,51.1211274],[71.6468686,51.121136],[71.6468299,51.1210811],[71.6470152,51.1210306],[71.6470553,51.1210875],[71.6471709,51.1210536],[71.6472172,51.1211161],[71.6470998,51.1211505]]]},"properties":{"name":" ","functional":"Административные сооружения","purpose":"Магазин"}},{"type":"Feature","id":"municipal-buildings-128216","geometry":{"type":"Polygon","coordinates":[[[71.6473245,51.1209399],[71.6472278,51.1208021],[71.6474345,51.1207441],[71.647545,51.1209018],[71.6474153,51.1209384],[71.6474014,51.1209184],[71.6473245,51.1209399]]]},"properties":{"name":" ","functional":"Административные сооружения","purpose":"Административное здание"}},{"type":"Feature","id":"municipal-buildings-128217","geometry":{"type":"Polygon","coordinates":[[[71.6472637,51.1203802],[71.6473441,51.120502],[71.6471497,51.1205528],[71.6470693,51.120431],[71.6472532,51.1203643],[71.6472637,51.1203802]]]},"properties":{"name":" ","functional":"Частные дома","purpose":"Частный дом"}},{"type":"Feature","id":"municipal-buildings-128218","geometry":{"type":"Polygon","coordinates":[[[71.6466789,51.1206264],[71.6466658,51.1206299],[71.6465979,51.1205294],[71.6466367,51.1205191],[71.6466259,51.1205029],[71.6467255,51.1204764],[71.6467364,51.1204926],[71.6467753,51.1204823],[71.6468432,51.1205828],[71.6466789,51.1206264]]]},"properties":{"name":" ","functional":"Частные дома","purpose":"Частный дом"}},{"type":"Feature","id":"municipal-buildings-128219","geometry":{"type":"Polygon","coordinates":[[[71.6461769,51.1206486],[71.6462144,51.1207053],[71.6461386,51.1207254],[71.6460902,51.1206522],[71.646166,51.1206321],[71.6461769,51.1206486]]]},"properties":{"name":" ","functional":"Частные дома","purpose":"Коттедж"}},{"type":"Feature","id":"municipal-buildings-128220","geometry":{"type":"Polygon","coordinates":[[[71.6458076,51.1208257],[71.6457469,51.1208423],[71.6456764,51.1207404],[71.6457548,51.1207189],[71.6458254,51.1208208],[71.6458076,51.1208257]]]},"properties":{"name":" ","functional":"Частные дома","purpose":"Частный дом"}},{"type":"Feature","id":"municipal-buildings-128221","geometry":{"type":"Polygon","coordinates":[[[71.6454176,51.1209597],[71.645388,51.120957],[71.645324,51.1208698],[71.645533,51.120809],[71.64558,51.1208729],[71.645519,51.1208906],[71.6455361,51.1209139],[71.6455199,51.1209186],[71.6455263,51.1209272],[71.6454507,51.1209387],[71.6454576,51.1209481],[71.6454176,51.1209597]]]},"properties":{"name":" ","functional":"Частные дома","purpose":"Частный дом"}},{"type":"Feature","id":"municipal-buildings-128222","geometry":{"type":"Polygon","coordinates":[[[71.6454852,51.1206563],[71.6452211,51.1207265],[71.6451549,51.1206348],[71.645355,51.1205813],[71.6453799,51.1206181],[71.6454477,51.1206003],[71.6454852,51.1206563]]]},"properties":{"name":" ","functional":"Частные дома","purpose":"Частный дом"}},{"type":"Feature","id":"municipal-buildings-128223","geometry":{"type":"Polygon","coordinates":[[[71.6452694,51.1205043],[71.6450988,51.120554],[71.645054,51.1204932],[71.6450146,51.1205047],[71.6449746,51.1204504],[71.6451891,51.1203906],[71.6452694,51.1205043]]]},"properties":{"name":" ","functional":"Частные дома","purpose":"Частный дом"}},{"type":"Feature","id":"municipal-buildings-128224","geometry":{"type":"Polygon","coordinates":[[[71.6461464,51.1203689],[71.6461933,51.120441],[71.6461488,51.1204524],[71.6461574,51.1204669],[71.6459935,51.1205056],[71.6459416,51.1204187],[71.6460466,51.1203939],[71.64603,51.1203684],[71.6461293,51.1203428],[71.6461464,51.1203689]]]},"properties":{"name":" ","functional":"Частные дома","purpose":"Частный дом"}},{"type":"Feature","id":"municipal-buildings-128225","geometry":{"type":"Polygon","coordinates":[[[71.6464237,51.1203331],[71.6463812,51.1203447],[71.646413,51.1203949],[71.6462709,51.1204341],[71.6461962,51.1203256],[71.6463831,51.1202742],[71.6464237,51.1203331]]]},"properties":{"name":" ","functional":"Частные дома","purpose":"Частный дом"}},{"type":"Feature","id":"municipal-buildings-128226","geometry":{"type":"Polygon","coordinates":[[[71.6470912,51.1202339],[71.6469445,51.1202705],[71.6468106,51.1200578],[71.6469573,51.1200212],[71.6470912,51.1202339]]]},"properties":{"name":" ","functional":"Частные дома","purpose":"Частный дом"}},{"type":"Feature","id":"municipal-buildings-128227","geometry":{"type":"Polygon","coordinates":[[[71.6468327,51.1198065],[71.6467487,51.1198273],[71.6467163,51.1197753],[71.6466519,51.1197904],[71.6466224,51.1197408],[71.6465972,51.1197471],[71.6465365,51.1196414],[71.6467135,51.119588],[71.6468327,51.1198065]]]},"properties":{"name":" ","functional":"Частные дома","purpose":"Частный дом"}},{"type":"Feature","id":"municipal-buildings-128228","geometry":{"type":"Polygon","coordinates":[[[71.6463917,51.1198583],[71.6463065,51.1198774],[71.6462768,51.1198252],[71.646156,51.119855],[71.6460815,51.1197352],[71.6462054,51.1197047],[71.646178,51.1196592],[71.6462835,51.1196341],[71.6463296,51.1197107],[71.6462797,51.1197226],[71.6463214,51.1197898],[71.6463492,51.1197835],[71.6463917,51.1198583]]]},"properties":{"name":" ","functional":"Частные дома","purpose":"Частный дом"}},{"type":"Feature","id":"municipal-buildings-128229","geometry":{"type":"Polygon","coordinates":[[[71.6458734,51.1200032],[71.6458133,51.1200202],[71.6456429,51.1197949],[71.64573,51.1197703],[71.6457858,51.1198485],[71.6459554,51.1198006],[71.6460322,51.1199083],[71.6458626,51.1199562],[71.6458721,51.1199696],[71.6458532,51.1199749],[71.6458734,51.1200032]]]},"properties":{"name":" ","functional":"Частные дома","purpose":"Частный дом"}},{"type":"Feature","id":"municipal-buildings-128230","geometry":{"type":"Polygon","coordinates":[[[71.6457035,51.120003],[71.6455257,51.1200569],[71.6454599,51.1199645],[71.645516,51.1199486],[71.6454993,51.1199251],[71.6456232,51.1198902],[71.6457035,51.120003]]]},"properties":{"name":" ","functional":"Частные дома","purpose":"Частный дом"}},{"type":"Feature","id":"municipal-buildings-128231","geometry":{"type":"Polygon","coordinates":[[[71.6452949,51.1200344],[71.6451005,51.1200829],[71.6450494,51.1200017],[71.6452118,51.1199612],[71.645221,51.1199757],[71.645253,51.1199677],[71.6452949,51.1200344]]]},"properties":{"name":" ","functional":"Частные дома","purpose":"Частный дом"}},{"type":"Feature","id":"municipal-buildings-128232","geometry":{"type":"Polygon","coordinates":[[[71.6465442,51.1193039],[71.6463715,51.1193484],[71.6463066,51.1192487],[71.6464794,51.1192042],[71.6465442,51.1193039]]]},"properties":{"name":" ","functional":"Частные дома","purpose":"Частный дом"}},{"type":"Feature","id":"municipal-buildings-128233","geometry":{"type":"Polygon","coordinates":[[[71.6448974,51.1198659],[71.64489,51.1198552],[71.6448501,51.1198655],[71.644796,51.1197865],[71.6448964,51.1197593],[71.6448643,51.119708],[71.6449535,51.1196859],[71.6450417,51.1198268],[71.6448974,51.1198659]]]},"properties":{"name":" ","functional":"Частные дома","purpose":"Частный дом"}},{"type":"Feature","id":"municipal-buildings-128234","geometry":{"type":"Polygon","coordinates":[[[71.6453643,51.1197468],[71.6451566,51.1198005],[71.6450833,51.1196847],[71.6452524,51.1196424],[71.6452594,51.1196535],[71.6453004,51.1196435],[71.6453643,51.1197468]]]},"properties":{"name":" ","functional":"Частные дома","purpose":"Частный дом"}},{"type":"Feature","id":"municipal-buildings-128235","geometry":{"type":"Polygon","coordinates":[[[71.6461495,51.1195295],[71.6459621,51.1195809],[71.6458817,51.119465],[71.6460691,51.1194136],[71.6461495,51.1195295]]]},"properties":{"name":" ","functional":"Частные дома","purpose":"Частный дом"}},{"type":"Feature","id":"municipal-buildings-128236","geometry":{"type":"Polygon","coordinates":[[[71.6462049,51.1190079],[71.64619,51.1189847],[71.6461367,51.1189988],[71.6460547,51.1188753],[71.6462257,51.1188303],[71.6462897,51.1188408],[71.646304,51.1188649],[71.6462964,51.1188837],[71.6463521,51.1189703],[71.6462049,51.1190079]]]},"properties":{"name":" ","functional":"Частные дома","purpose":"Частный дом"}},{"type":"Feature","id":"municipal-buildings-128237","geometry":{"type":"Polygon","coordinates":[[[71.6457938,51.1190003],[71.6456171,51.1190497],[71.6455404,51.1189411],[71.645717,51.1188916],[71.6457938,51.1190003]]]},"properties":{"name":" ","functional":"Частные дома","purpose":"Частный дом"}},{"type":"Feature","id":"municipal-buildings-128238","geometry":{"type":"Polygon","coordinates":[[[71.6453787,51.119125],[71.6452965,51.1191479],[71.6452683,51.1191078],[71.6452387,51.1191161],[71.6451809,51.1190339],[71.6454043,51.1189864],[71.6454803,51.1190974],[71.6453787,51.119125]]]},"properties":{"name":" ","functional":"Частные дома","purpose":"Частный дом"}},{"type":"Feature","id":"municipal-buildings-128239","geometry":{"type":"Polygon","coordinates":[[[71.6443866,51.1192995],[71.6443721,51.1192767],[71.6443074,51.119293],[71.6442076,51.1191362],[71.6444612,51.1190723],[71.644561,51.1192291],[71.6444964,51.1192454],[71.6445109,51.1192681],[71.6443866,51.1192995]]]},"properties":{"name":" ","functional":"Частные дома","purpose":"Частный дом"}},{"type":"Feature","id":"municipal-buildings-128240","geometry":{"type":"Polygon","coordinates":[[[71.6449452,51.1188538],[71.6447692,51.1189008],[71.6447113,51.1188149],[71.6448873,51.1187679],[71.6449452,51.1188538]]]},"properties":{"name":" ","functional":"Частные дома","purpose":"Частный дом"}},{"type":"Feature","id":"municipal-buildings-128241","geometry":{"type":"Polygon","coordinates":[[[71.6452811,51.118764],[71.6450952,51.1188114],[71.6450269,51.1187054],[71.6449343,51.1187286],[71.644915,51.1186982],[71.6451933,51.1186276],[71.6452811,51.118764]]]},"properties":{"name":" ","functional":"Частные дома","purpose":"Частный дом"}},{"type":"Feature","id":"municipal-buildings-128242","geometry":{"type":"Polygon","coordinates":[[[71.6460183,51.1184263],[71.6459648,51.1184391],[71.6459934,51.1184866],[71.6458352,51.1185243],[71.6457615,51.118402],[71.6459732,51.1183514],[71.6460183,51.1184263]]]},"properties":{"name":" ","functional":"Частные дома","purpose":"Частный дом"}},{"type":"Feature","id":"municipal-buildings-128243","geometry":{"type":"Polygon","coordinates":[[[71.6457962,51.1181589],[71.6458734,51.1182789],[71.6457042,51.1183221],[71.645625,51.1181991],[71.6457962,51.1181589]]]},"properties":{"name":" ","functional":"Частные дома","purpose":"Частный дом"}},{"type":"Feature","id":"municipal-buildings-128244","geometry":{"type":"Polygon","coordinates":[[[71.6455621,51.1178653],[71.6456434,51.1179982],[71.6454401,51.1180475],[71.6453713,51.1179353],[71.6454068,51.1179267],[71.6453815,51.1178856],[71.6455495,51.1178448],[71.6455621,51.1178653]]]},"properties":{"name":" ","functional":"Частные дома","purpose":"Частный дом"}},{"type":"Feature","id":"municipal-buildings-128245","geometry":{"type":"Polygon","coordinates":[[[71.6451416,51.1179995],[71.6450511,51.1179919],[71.6450287,51.1178887],[71.6450704,51.1178856],[71.6450687,51.1178661],[71.6451631,51.1178601],[71.6451692,51.1178781],[71.645219,51.1178743],[71.6452367,51.1179814],[71.64514,51.1179869],[71.6451416,51.1179995]]]},"properties":{"name":" ","functional":"Частные дома","purpose":"Частный дом"}},{"type":"Feature","id":"municipal-buildings-128246","geometry":{"type":"Polygon","coordinates":[[[71.6448627,51.1181064],[71.6447561,51.1181148],[71.6447503,51.1180855],[71.6446778,51.1180912],[71.6446595,51.1179989],[71.6447266,51.1179936],[71.6447218,51.1179694],[71.6448337,51.1179606],[71.6448627,51.1181064]]]},"properties":{"name":" ","functional":"Частные дома","purpose":"Частный дом"}},{"type":"Feature","id":"municipal-buildings-128247","geometry":{"type":"Polygon","coordinates":[[[71.6444515,51.1181605],[71.6442649,51.1181657],[71.6442606,51.1180661],[71.6444449,51.118063],[71.6444515,51.1181605]]]},"properties":{"name":" ","functional":"Частные дома","purpose":"Частный дом"}},{"type":"Feature","id":"municipal-buildings-128248","geometry":{"type":"Polygon","coordinates":[[[71.6439575,51.118238],[71.6439653,51.1182701],[71.6438785,51.1182784],[71.6438659,51.1182263],[71.6438502,51.1182279],[71.6438229,51.1181242],[71.6440746,51.1180964],[71.644105,51.1182015],[71.644162,51.1181948],[71.6441768,51.1182449],[71.6440152,51.1182638],[71.644006,51.1182324],[71.6439575,51.118238]]]},"properties":{"name":" ","functional":"Частные дома","purpose":"Частный дом"}},{"type":"Feature","id":"municipal-buildings-128249","geometry":{"type":"Polygon","coordinates":[[[71.6442714,51.1184538],[71.6441072,51.118488],[71.6440768,51.1184792],[71.644021,51.1183707],[71.6440946,51.1183556],[71.6441216,51.1183297],[71.6441619,51.1183419],[71.6442077,51.1183325],[71.6442714,51.1184538]]]},"properties":{"name":" ","functional":"Частные дома","purpose":"Частный дом"}},{"type":"Feature","id":"municipal-buildings-128250","geometry":{"type":"Polygon","coordinates":[[[71.643945,51.1179935],[71.6438466,51.1179369],[71.6439545,51.1178626],[71.6440787,51.1179342],[71.644017,51.1179766],[71.6439912,51.1179617],[71.643945,51.1179935]]]},"properties":{"name":" ","functional":"Частные дома","purpose":"Частный дом"}},{"type":"Feature","id":"municipal-buildings-128251","geometry":{"type":"Polygon","coordinates":[[[71.6442718,51.1178928],[71.6442338,51.117918],[71.6441308,51.1178566],[71.6442467,51.1177796],[71.6443738,51.1178553],[71.6443145,51.1178948],[71.6442904,51.1178804],[71.6442718,51.1178928]]]},"properties":{"name":" ","functional":"Частные дома","purpose":"Частный дом"}},{"type":"Feature","id":"municipal-buildings-128252","geometry":{"type":"Polygon","coordinates":[[[71.6445788,51.1178239],[71.6444797,51.1177691],[71.6445894,51.1176905],[71.64471,51.1177665],[71.6446426,51.1178148],[71.6446137,51.1177989],[71.6445788,51.1178239]]]},"properties":{"name":" ","functional":"Частные дома","purpose":"Частный дом"}},{"type":"Feature","id":"municipal-buildings-128253","geometry":{"type":"Polygon","coordinates":[[[71.6450627,51.1176478],[71.6449474,51.1177271],[71.6448506,51.1176713],[71.6449659,51.117592],[71.6450627,51.1176478]]]},"properties":{"name":" ","functional":"Частные дома","purpose":"Частный дом"}},{"type":"Feature","id":"municipal-buildings-128254","geometry":{"type":"Polygon","coordinates":[[[71.6454015,51.1174775],[71.6451994,51.1175303],[71.6451201,51.1174101],[71.6452063,51.1173875],[71.6451967,51.117373],[71.6453125,51.1173427],[71.6454015,51.1174775]]]},"properties":{"name":" ","functional":"Частные дома","purpose":"Частный дом"}},{"type":"Feature","id":"municipal-buildings-128255","geometry":{"type":"Polygon","coordinates":[[[71.6449821,51.1171139],[71.6449284,51.1171246],[71.64494,51.1171475],[71.644875,51.1171606],[71.6448369,51.1170853],[71.6449555,51.1170615],[71.6449821,51.1171139]]]},"properties":{"name":" ","functional":"Административные сооружения","purpose":"Магазин"}},{"type":"Feature","id":"municipal-buildings-128256","geometry":{"type":"Polygon","coordinates":[[[71.6451675,51.117175],[71.6451913,51.1172141],[71.6450278,51.1172606],[71.6449634,51.1171541],[71.6450405,51.1171132],[71.6450716,51.1171261],[71.6451287,51.1171113],[71.6451675,51.117175]]]},"properties":{"name":" ","functional":"Частные дома","purpose":"Частный дом"}},{"type":"Feature","id":"municipal-buildings-128257","geometry":{"type":"Polygon","coordinates":[[[71.644817,51.1172316],[71.6446721,51.1172717],[71.6446079,51.1171731],[71.6446821,51.1171525],[71.6446975,51.1171744],[71.6447641,51.1171559],[71.644817,51.1172316]]]},"properties":{"name":" ","functional":"Частные дома","purpose":"Частный дом"}},{"type":"Feature","id":"municipal-buildings-128258","geometry":{"type":"Polygon","coordinates":[[[71.6443838,51.1172382],[71.6444309,51.1172482],[71.6443885,51.1173199],[71.6442432,51.1172891],[71.6442821,51.1172166],[71.6443245,51.1172256],[71.6443366,51.117203],[71.6443959,51.1172156],[71.6443838,51.1172382]]]},"properties":{"name":" ","functional":"Частные дома","purpose":"Частный дом"}},{"type":"Feature","id":"municipal-buildings-128259","geometry":{"type":"Polygon","coordinates":[[[71.6440248,51.1172988],[71.6440962,51.1173145],[71.6440508,51.1173966],[71.6439115,51.1173546],[71.6439512,51.1172827],[71.6440248,51.1172988]]]},"properties":{"name":" ","functional":"Частные дома","purpose":"Частный дом"}},{"type":"Feature","id":"municipal-buildings-128260","geometry":{"type":"Polygon","coordinates":[[[71.6437256,51.1173712],[71.6437648,51.1173798],[71.6437248,51.1174518],[71.6435827,51.1174205],[71.6436227,51.1173486],[71.643667,51.1173583],[71.6436793,51.1173363],[71.6437378,51.1173492],[71.6437256,51.1173712]]]},"properties":{"name":" ","functional":"Частные дома","purpose":"Частный дом"}},{"type":"Feature","id":"municipal-buildings-128261","geometry":{"type":"Polygon","coordinates":[[[71.6439037,51.1169553],[71.643133,51.11704],[71.6430997,51.1169199],[71.6438704,51.1168352],[71.6439037,51.1169553]]]},"properties":{"name":" ","functional":"Жилые дома","purpose":"Жилой дом"}},{"type":"Feature","id":"municipal-buildings-128262","geometry":{"type":"Polygon","coordinates":[[[71.6445741,51.1165938],[71.6438007,51.1166798],[71.64377,51.1165542],[71.64454,51.1164719],[71.6445741,51.1165938]]]},"properties":{"name":" ","functional":"Жилые дома","purpose":"Жилой дом с административными помещениями"}},{"type":"Feature","id":"municipal-buildings-128263","geometry":{"type":"Polygon","coordinates":[[[71.6441172,51.1162321],[71.6433443,51.1163014],[71.6433166,51.116179],[71.6440902,51.11611],[71.6441172,51.1162321]]]},"properties":{"name":" ","functional":"Жилые дома","purpose":"Жилой дом"}},{"type":"Feature","id":"municipal-buildings-128264","geometry":{"type":"Polygon","coordinates":[[[71.6474222,51.1183723],[71.6472729,51.1184097],[71.6471066,51.1181431],[71.6470873,51.118148],[71.647096,51.1181616],[71.6470367,51.1181766],[71.647028,51.1181629],[71.6470121,51.1181669],[71.6470757,51.1182686],[71.6467749,51.1183432],[71.6465177,51.1179323],[71.6468186,51.1178577],[71.6469447,51.1180593],[71.647043,51.1180345],[71.6469953,51.11796],[71.6472418,51.1178967],[71.6472891,51.1179723],[71.6473868,51.1179476],[71.6472571,51.1177462],[71.6475567,51.1176698],[71.6477875,51.1180283],[71.6474879,51.1181047],[71.6474558,51.1180548],[71.6474389,51.1180591],[71.6474485,51.1180741],[71.6473949,51.1180876],[71.6473853,51.1180726],[71.6473639,51.1180781],[71.6475378,51.118344],[71.6475234,51.1183472],[71.6475387,51.1183717],[71.6474587,51.1183915],[71.6474434,51.118367],[71.6474222,51.1183723]]]},"properties":{"name":" ","functional":"Дома новостройки","purpose":"Строящееся административное здание"}},{"type":"Feature","id":"municipal-buildings-128265","geometry":{"type":"Polygon","coordinates":[[[71.6436512,51.1158469],[71.6428753,51.1159181],[71.6428472,51.1157965],[71.643623,51.1157252],[71.6436512,51.1158469]]]},"properties":{"name":" ","functional":"Жилые дома","purpose":"Жилой дом"}},{"type":"Feature","id":"municipal-buildings-128266","geometry":{"type":"Polygon","coordinates":[[[71.6438459,51.1153048],[71.6432636,51.1153559],[71.6432361,51.1152319],[71.6438183,51.1151807],[71.6438459,51.1153048]]]},"properties":{"name":" ","functional":"Известный по назначению","purpose":"Сооружение"}},{"type":"Feature","id":"municipal-buildings-128267","geometry":{"type":"Polygon","coordinates":[[[71.6441084,51.1159451],[71.6438305,51.1159673],[71.643753,51.1155839],[71.6435797,51.1155993],[71.6435597,51.1155105],[71.6439708,51.1154738],[71.6439826,51.1155264],[71.6439376,51.1155305],[71.6439443,51.1155601],[71.6440293,51.1155533],[71.6441084,51.1159451]]]},"properties":{"name":" ","functional":"Известный по назначению","purpose":"Хозяйственный корпус"}},{"type":"Feature","id":"municipal-buildings-128268","geometry":{"type":"Polygon","coordinates":[[[71.6434024,51.1146635],[71.6432769,51.1147015],[71.6432366,51.1146487],[71.6431084,51.114687],[71.6430436,51.114601],[71.643185,51.1145588],[71.643204,51.1145841],[71.6433631,51.114536],[71.6434086,51.1145955],[71.6433613,51.1146098],[71.6434024,51.1146635]]]},"properties":{"name":" ","functional":"Частные дома","purpose":"Частный дом"}},{"type":"Feature","id":"municipal-buildings-128269","geometry":{"type":"Polygon","coordinates":[[[71.6450304,51.1159457],[71.6448931,51.11598],[71.6448412,51.1158838],[71.6449818,51.1158513],[71.6450304,51.1159457]]]},"properties":{"name":" ","functional":"Частные дома","purpose":"Частный дом"}},{"type":"Feature","id":"municipal-buildings-128270","geometry":{"type":"Polygon","coordinates":[[[71.6455185,51.1162922],[71.6453409,51.1163359],[71.6452409,51.1161805],[71.645037,51.1162316],[71.644961,51.1161114],[71.6453409,51.1160163],[71.6455185,51.1162922]]]},"properties":{"name":" ","functional":"Административные сооружения","purpose":"Административное здание"}},{"type":"Feature","id":"municipal-buildings-128271","geometry":{"type":"Polygon","coordinates":[[[71.6455185,51.1162922],[71.6455946,51.1164105],[71.6454179,51.1164556],[71.6453409,51.1163359],[71.6455185,51.1162922]]]},"properties":{"name":" ","functional":"Административные сооружения","purpose":"Административное здание"}},{"type":"Feature","id":"municipal-buildings-128272","geometry":{"type":"Polygon","coordinates":[[[71.6448314,51.115616],[71.6448925,51.1157234],[71.6447556,51.1157542],[71.644682,51.1156248],[71.6448188,51.115594],[71.6448314,51.115616]]]},"properties":{"name":" ","functional":"Частные дома","purpose":"Частный дом"}},{"type":"Feature","id":"municipal-buildings-128273","geometry":{"type":"Polygon","coordinates":[[[71.644693,51.1153935],[71.6447061,51.1154169],[71.6445832,51.1154444],[71.6445105,51.1153157],[71.6446334,51.1152882],[71.644693,51.1153935]]]},"properties":{"name":" ","functional":"Частные дома","purpose":"Частный дом"}},{"type":"Feature","id":"municipal-buildings-128274","geometry":{"type":"Polygon","coordinates":[[[71.644518,51.1150634],[71.6445249,51.1150749],[71.6443843,51.1151082],[71.6443037,51.1149692],[71.6444422,51.1149374],[71.644518,51.1150634]]]},"properties":{"name":" ","functional":"Частные дома","purpose":"Частный дом"}},{"type":"Feature","id":"municipal-buildings-128275","geometry":{"type":"Polygon","coordinates":[[[71.6443113,51.1147007],[71.64435,51.1147679],[71.6442054,51.1148001],[71.6441323,51.1146648],[71.644272,51.1146324],[71.6443113,51.1147007]]]},"properties":{"name":" ","functional":"Известный по назначению","purpose":"Строящееся здание"}},{"type":"Feature","id":"municipal-buildings-128276","geometry":{"type":"Polygon","coordinates":[[[71.6444614,51.1143661],[71.6445081,51.1144527],[71.6442541,51.1145069],[71.6442457,51.1144913],[71.6441214,51.114517],[71.6440705,51.1144169],[71.6440121,51.1144275],[71.6439913,51.1143823],[71.6441802,51.1143507],[71.6441743,51.1143384],[71.644237,51.1143261],[71.6442736,51.1144003],[71.6444614,51.1143661]]]},"properties":{"name":" ","functional":"Частные дома","purpose":"Частный дом"}},{"type":"Feature","id":"municipal-buildings-128277","geometry":{"type":"Polygon","coordinates":[[[71.6444614,51.1143661],[71.6443696,51.1143868],[71.6443099,51.1142979],[71.6444469,51.1142615],[71.6445137,51.1143611],[71.6444614,51.1143661]]]},"properties":{"name":" ","functional":"Частные дома","purpose":"Частный дом"}},{"type":"Feature","id":"municipal-buildings-128278","geometry":{"type":"Polygon","coordinates":[[[71.6459598,51.1141512],[71.6459488,51.1141416],[71.6459129,51.1141498],[71.6458858,51.1141095],[71.6459039,51.1141049],[71.6458495,51.1140339],[71.6459997,51.1139907],[71.646027,51.1140266],[71.6460415,51.1140222],[71.6460834,51.1141008],[71.6459598,51.1141512]]]},"properties":{"name":" ","functional":"Частные дома","purpose":"Частный дом"}},{"type":"Feature","id":"municipal-buildings-128279","geometry":{"type":"Polygon","coordinates":[[[71.6452383,51.1141831],[71.6452678,51.1142284],[71.6452525,51.1142432],[71.6452699,51.1142697],[71.6450686,51.1143219],[71.645032,51.1142659],[71.6450673,51.1142567],[71.6450264,51.1141931],[71.6450648,51.1141834],[71.6450768,51.114165],[71.6451485,51.1141476],[71.6451939,51.1141799],[71.6452383,51.1141831]]]},"properties":{"name":" ","functional":"Частные дома","purpose":"Коттедж"}},{"type":"Feature","id":"municipal-buildings-128280","geometry":{"type":"Polygon","coordinates":[[[71.6459599,51.1143491],[71.6459443,51.1143283],[71.6459225,51.1143348],[71.6458832,51.1142825],[71.6459127,51.1142721],[71.645879,51.1142275],[71.6460728,51.1141696],[71.6461604,51.1142935],[71.6459599,51.1143491]]]},"properties":{"name":" ","functional":"Частные дома","purpose":"Частный дом"}},{"type":"Feature","id":"municipal-buildings-128281","geometry":{"type":"Polygon","coordinates":[[[71.6457942,51.1147732],[71.6456377,51.1148268],[71.6455783,51.1147537],[71.6457094,51.1147074],[71.6457407,51.1147416],[71.645762,51.1147346],[71.6457942,51.1147732]]]},"properties":{"name":" ","functional":"Частные дома","purpose":"Частный дом"}},{"type":"Feature","id":"municipal-buildings-128282","geometry":{"type":"Polygon","coordinates":[[[71.6464287,51.1145506],[71.6462692,51.1145962],[71.6462005,51.1144911],[71.6463609,51.1144488],[71.6464287,51.1145506]]]},"properties":{"name":" ","functional":"Частные дома","purpose":"Частный дом"}},{"type":"Feature","id":"municipal-buildings-128283","geometry":{"type":"Polygon","coordinates":[[[71.646295,51.1146756],[71.6462431,51.1146909],[71.6462588,51.1147124],[71.6461146,51.1147565],[71.646055,51.1146721],[71.6461699,51.11464],[71.6461853,51.1146606],[71.6462684,51.114639],[71.646295,51.1146756]]]},"properties":{"name":" ","functional":"Частные дома","purpose":"Частный дом"}},{"type":"Feature","id":"municipal-buildings-128284","geometry":{"type":"Polygon","coordinates":[[[71.6463344,51.1149372],[71.6463108,51.1149044],[71.6463432,51.1148952],[71.6463258,51.1148686],[71.6464023,51.1148488],[71.6464179,51.1148727],[71.646437,51.1148677],[71.6464618,51.1149056],[71.6463344,51.1149372]]]},"properties":{"name":" ","functional":"Частные дома","purpose":"Частный дом"}},{"type":"Feature","id":"municipal-buildings-128285","geometry":{"type":"Polygon","coordinates":[[[71.6457174,51.1151011],[71.6455434,51.1151475],[71.6454729,51.1150508],[71.6455066,51.1150416],[71.645485,51.1150102],[71.6455958,51.11498],[71.6456174,51.1150114],[71.6456465,51.1150035],[71.6457174,51.1151011]]]},"properties":{"name":" ","functional":"Частные дома","purpose":"Частный дом"}},{"type":"Feature","id":"municipal-buildings-128286","geometry":{"type":"Polygon","coordinates":[[[71.64592,51.1152301],[71.6458369,51.1152516],[71.6458591,51.115283],[71.6456794,51.1153375],[71.6455934,51.1152231],[71.6457788,51.1151695],[71.6458087,51.1152117],[71.6458937,51.1151898],[71.64592,51.1152301]]]},"properties":{"name":" ","functional":"Частные дома","purpose":"Частный дом"}},{"type":"Feature","id":"municipal-buildings-128287","geometry":{"type":"Polygon","coordinates":[[[71.6465246,51.1151306],[71.6463008,51.1151941],[71.646185,51.1150325],[71.6461112,51.1150529],[71.6460907,51.1150236],[71.6463217,51.1149598],[71.6463386,51.114984],[71.6464059,51.1149649],[71.6464537,51.1150316],[71.6464367,51.1150361],[71.6464579,51.1150681],[71.6464764,51.1150632],[71.6465246,51.1151306]]]},"properties":{"name":" ","functional":"Частные дома","purpose":"Частный дом"}},{"type":"Feature","id":"municipal-buildings-128288","geometry":{"type":"Polygon","coordinates":[[[71.6469302,51.11525],[71.646961,51.1152993],[71.6469084,51.1153123],[71.6469326,51.1153511],[71.6467301,51.115414],[71.6466916,51.1153572],[71.6467737,51.1153352],[71.6467149,51.1152408],[71.6468965,51.1151959],[71.6469302,51.11525]]]},"properties":{"name":" ","functional":"Частные дома","purpose":"Частный дом"}},{"type":"Feature","id":"municipal-buildings-128289","geometry":{"type":"Polygon","coordinates":[[[71.6460213,51.1155498],[71.6459706,51.1155635],[71.6460124,51.115625],[71.6458229,51.115679],[71.6457621,51.1155931],[71.6457956,51.115584],[71.6457536,51.1155221],[71.645964,51.1154655],[71.6460213,51.1155498]]]},"properties":{"name":" ","functional":"Административные сооружения","purpose":"Культурное учреждение"}},{"type":"Feature","id":"municipal-buildings-128290","geometry":{"type":"Polygon","coordinates":[[[71.6463224,51.115575],[71.6461569,51.1156201],[71.6461777,51.1156525],[71.646135,51.1156649],[71.6461665,51.1157113],[71.645992,51.1157576],[71.6459344,51.1156718],[71.6460927,51.1156297],[71.6460746,51.1156044],[71.6463,51.1155426],[71.6463224,51.115575]]]},"properties":{"name":" ","functional":"Частные дома","purpose":"Частный дом"}},{"type":"Feature","id":"municipal-buildings-128291","geometry":{"type":"Polygon","coordinates":[[[71.6468052,51.1157275],[71.6467438,51.1157474],[71.6467648,51.1157731],[71.6466841,51.1157992],[71.6465684,51.1156576],[71.6467105,51.1156116],[71.6468052,51.1157275]]]},"properties":{"name":" ","functional":"Частные дома","purpose":"Частный дом"}},{"type":"Feature","id":"municipal-buildings-128292","geometry":{"type":"Polygon","coordinates":[[[71.6474903,51.116072],[71.6473206,51.1161147],[71.647222,51.11596],[71.6473918,51.1159172],[71.6474903,51.116072]]]},"properties":{"name":" ","functional":"Административные сооружения","purpose":"Административное здание"}},{"type":"Feature","id":"municipal-buildings-128293","geometry":{"type":"Polygon","coordinates":[[[71.6469993,51.1161758],[71.6467541,51.1162447],[71.6466436,51.1160788],[71.6469002,51.1160129],[71.6469662,51.1161154],[71.6472091,51.1160504],[71.6472487,51.1161091],[71.6469993,51.1161758]]]},"properties":{"name":" ","functional":"Административные сооружения","purpose":"Магазин"}},{"type":"Feature","id":"municipal-buildings-128294","geometry":{"type":"Polygon","coordinates":[[[71.6463413,51.1132268],[71.6461725,51.1132754],[71.6460938,51.1131671],[71.6462625,51.1131185],[71.6463413,51.1132268]]]},"properties":{"name":" ","functional":"Частные дома","purpose":"Коттедж"}},{"type":"Feature","id":"municipal-buildings-128295","geometry":{"type":"Polygon","coordinates":[[[71.6465641,51.1135474],[71.6464091,51.113586],[71.646353,51.1134968],[71.6464418,51.1134747],[71.6463842,51.1133923],[71.6464277,51.1133807],[71.6464433,51.1134038],[71.6464633,51.1133978],[71.6465641,51.1135474]]]},"properties":{"name":" ","functional":"Частные дома","purpose":"Частный дом"}},{"type":"Feature","id":"municipal-buildings-128296","geometry":{"type":"Polygon","coordinates":[[[71.6468564,51.1134254],[71.6467438,51.1134573],[71.64668,51.113368],[71.6467926,51.1133361],[71.6468564,51.1134254]]]},"properties":{"name":" ","functional":"Частные дома","purpose":"Частный дом"}},{"type":"Feature","id":"municipal-buildings-128297","geometry":{"type":"Polygon","coordinates":[[[71.6473211,51.1137479],[71.6473661,51.1138146],[71.647218,51.1138542],[71.6471419,51.1137413],[71.64729,51.1137017],[71.6473211,51.1137479]]]},"properties":{"name":" ","functional":"Частные дома","purpose":"Частный дом"}},{"type":"Feature","id":"municipal-buildings-128298","geometry":{"type":"Polygon","coordinates":[[[71.6468226,51.1139829],[71.6466592,51.1140279],[71.6465764,51.11391],[71.6467398,51.113865],[71.6468226,51.1139829]]]},"properties":{"name":" ","functional":"Частные дома","purpose":"Частный дом"}},{"type":"Feature","id":"municipal-buildings-128299","geometry":{"type":"Polygon","coordinates":[[[71.6475435,51.1140589],[71.6475754,51.1141031],[71.6474126,51.1141497],[71.6473393,51.1140482],[71.6475021,51.1140016],[71.6475435,51.1140589]]]},"properties":{"name":" ","functional":"Частные дома","purpose":"Частный дом"}},{"type":"Feature","id":"municipal-buildings-128300","geometry":{"type":"Polygon","coordinates":[[[71.6470654,51.1142981],[71.647122,51.1143742],[71.6469444,51.1144265],[71.6468633,51.1143173],[71.6470409,51.114265],[71.6470654,51.1142981]]]},"properties":{"name":" ","functional":"Частные дома","purpose":"Частный дом"}},{"type":"Feature","id":"municipal-buildings-128301","geometry":{"type":"Polygon","coordinates":[[[71.6477086,51.1144508],[71.6476241,51.1144553],[71.6475395,51.1143297],[71.6477495,51.1142736],[71.6478342,51.1143992],[71.6478121,51.1144051],[71.6478224,51.1144204],[71.6477086,51.1144508]]]},"properties":{"name":" ","functional":"Частные дома","purpose":"Частный дом"}},{"type":"Feature","id":"municipal-buildings-128302","geometry":{"type":"Polygon","coordinates":[[[71.647326,51.1146041],[71.6473614,51.1146541],[71.6471697,51.1147144],[71.6470936,51.1146072],[71.6472586,51.1145608],[71.6472658,51.1145709],[71.6472963,51.1145623],[71.647326,51.1146041]]]},"properties":{"name":" ","functional":"Частные дома","purpose":"Частный дом"}},{"type":"Feature","id":"municipal-buildings-128303","geometry":{"type":"Polygon","coordinates":[[[71.6477424,51.1149817],[71.6476245,51.1150088],[71.6476124,51.114988],[71.6475423,51.1149589],[71.6475287,51.1149707],[71.647456,51.1149374],[71.6474721,51.1149235],[71.6474153,51.1148972],[71.6474965,51.1148276],[71.6475188,51.1148379],[71.647569,51.1147969],[71.6477214,51.1148859],[71.6476977,51.1149047],[71.6477424,51.1149817]]]},"properties":{"name":" ","functional":"Известный по назначению","purpose":"Строящееся здание"}},{"type":"Feature","id":"municipal-buildings-128304","geometry":{"type":"Polygon","coordinates":[[[71.6480145,51.1149295],[71.6479976,51.1149035],[71.6479622,51.1149127],[71.6478828,51.1147909],[71.6479759,51.1147668],[71.6479139,51.1146778],[71.647903,51.1146806],[71.6478781,51.1146434],[71.6478006,51.1146647],[71.6477594,51.1146051],[71.6480061,51.1145389],[71.6480674,51.1146306],[71.6480777,51.114628],[71.6481598,51.1147567],[71.6480909,51.1147741],[71.6481666,51.1148902],[71.6480145,51.1149295]]]},"properties":{"name":" ","functional":"Частные дома","purpose":"Частный дом"}},{"type":"Feature","id":"municipal-buildings-128305","geometry":{"type":"Polygon","coordinates":[[[71.6483319,51.1151389],[71.6481643,51.1151803],[71.6480997,51.1150766],[71.6482674,51.1150353],[71.6483319,51.1151389]]]},"properties":{"name":" ","functional":"Частные дома","purpose":"Частный дом"}},{"type":"Feature","id":"municipal-buildings-128306","geometry":{"type":"Polygon","coordinates":[[[71.6478568,51.1152969],[71.6476083,51.1153636],[71.6475121,51.1152239],[71.6476379,51.1151913],[71.6476801,51.1152556],[71.6476975,51.1152512],[71.647709,51.1152694],[71.6478182,51.1152401],[71.6478568,51.1152969]]]},"properties":{"name":" ","functional":"Частные дома","purpose":"Частный дом"}},{"type":"Feature","id":"municipal-buildings-128307","geometry":{"type":"Polygon","coordinates":[[[71.6483022,51.1154207],[71.6482693,51.1153718],[71.6481692,51.1153975],[71.6481317,51.1153396],[71.6484173,51.1152599],[71.6484915,51.1153702],[71.6483022,51.1154207]]]},"properties":{"name":" ","functional":"Частные дома","purpose":"Частный дом"}},{"type":"Feature","id":"municipal-buildings-128308","geometry":{"type":"Polygon","coordinates":[[[71.6480329,51.115645],[71.6480503,51.115669],[71.6478676,51.1157213],[71.6478092,51.1156406],[71.6479919,51.1155882],[71.6480329,51.115645]]]},"properties":{"name":" ","functional":"Частные дома","purpose":"Коттедж"}},{"type":"Feature","id":"municipal-buildings-128309","geometry":{"type":"Polygon","coordinates":[[[71.6479122,51.1154749],[71.6478797,51.1154836],[71.6478962,51.1155081],[71.6477446,51.1155486],[71.6476883,51.1154651],[71.6478724,51.1154159],[71.6479122,51.1154749]]]},"properties":{"name":" ","functional":"Частные дома","purpose":"Частный дом"}},{"type":"Feature","id":"municipal-buildings-128310","geometry":{"type":"Polygon","coordinates":[[[71.6482647,51.1159043],[71.6481001,51.115954],[71.6481134,51.115976],[71.6480239,51.116],[71.6479541,51.1158853],[71.6482128,51.1158222],[71.6482647,51.1159043]]]},"properties":{"name":" ","functional":"Частные дома","purpose":"Коттедж"}},{"type":"Feature","id":"municipal-buildings-128311","geometry":{"type":"Polygon","coordinates":[[[71.6494923,51.1152438],[71.649371,51.115234],[71.6493856,51.1151623],[71.6491002,51.115142],[71.6491176,51.1150441],[71.6494806,51.1150699],[71.6494851,51.1150447],[71.6496069,51.1150533],[71.6495745,51.1152331],[71.6495021,51.1152278],[71.6495071,51.1151709],[71.6494923,51.1152438]]]},"properties":{"name":" ","functional":"Известный по назначению","purpose":"Хозяйственный корпус"}},{"type":"Feature","id":"municipal-buildings-128312","geometry":{"type":"Polygon","coordinates":[[[71.6492499,51.1155652],[71.6492506,51.1155786],[71.6491991,51.1155796],[71.6491983,51.1155631],[71.6491577,51.1155639],[71.6491545,51.1155016],[71.6492928,51.1154988],[71.649296,51.1155611],[71.6492499,51.1155652]]]},"properties":{"name":" ","functional":"Известный по назначению","purpose":"Хозяйственный корпус"}},{"type":"Feature","id":"municipal-buildings-128313","geometry":{"type":"Polygon","coordinates":[[[71.6497858,51.1149376],[71.6497356,51.114934],[71.6497409,51.1149046],[71.649692,51.1149011],[71.6496967,51.1148744],[71.6496204,51.114869],[71.649644,51.1147327],[71.6499597,51.1147584],[71.6499359,51.1148914],[71.6498464,51.114885],[71.6498416,51.1149117],[71.6497911,51.1149082],[71.6497858,51.1149376]]]},"properties":{"name":" ","functional":"Известный по назначению","purpose":"Хозяйственный корпус"}},{"type":"Feature","id":"municipal-buildings-128314","geometry":{"type":"Polygon","coordinates":[[[71.6496373,51.1147072],[71.6496342,51.1147317],[71.6494585,51.1147158],[71.649467,51.1146631],[71.6495163,51.1146663],[71.6495288,51.1146036],[71.6496559,51.1146136],[71.6496373,51.1147072]]]},"properties":{"name":" ","functional":"Частные дома","purpose":"Частный дом"}},{"type":"Feature","id":"municipal-buildings-128315","geometry":{"type":"Polygon","coordinates":[[[71.6493597,51.1145829],[71.6492106,51.1145722],[71.6492238,51.1144992],[71.649272,51.1145026],[71.6492896,51.1144058],[71.6493905,51.114413],[71.6493828,51.1144552],[71.6494122,51.1144801],[71.6493747,51.1145002],[71.6493597,51.1145829]]]},"properties":{"name":" ","functional":"Известный по назначению","purpose":"Хозяйственный корпус"}},{"type":"Feature","id":"municipal-buildings-128316","geometry":{"type":"Polygon","coordinates":[[[71.6508106,51.1148389],[71.650395,51.1150374],[71.6503298,51.1149833],[71.6507454,51.1147848],[71.6508106,51.1148389]]]},"properties":{"name":" ","functional":"Известный по назначению","purpose":"Хозяйственный корпус"}},{"type":"Feature","id":"municipal-buildings-128317","geometry":{"type":"Polygon","coordinates":[[[71.6508877,51.1140753],[71.6507373,51.1141153],[71.6506305,51.1139561],[71.6507808,51.1139161],[71.6508877,51.1140753]]]},"properties":{"name":" ","functional":"Известный по назначению","purpose":"Сооружение"}},{"type":"Feature","id":"municipal-buildings-128318","geometry":{"type":"Polygon","coordinates":[[[71.6491739,51.1137843],[71.6490756,51.1138092],[71.6490364,51.1137477],[71.6491346,51.1137229],[71.6491739,51.1137843]]]},"properties":{"name":" ","functional":"Известный по назначению","purpose":"Хозяйственный корпус"}},{"type":"Feature","id":"municipal-buildings-128319","geometry":{"type":"Polygon","coordinates":[[[71.6486771,51.1140232],[71.6484961,51.1140729],[71.6484727,51.1140635],[71.6484474,51.1140242],[71.6484597,51.1140057],[71.648444,51.1140099],[71.6483835,51.1139206],[71.6485751,51.1138677],[71.6486059,51.1139147],[71.6486552,51.1139142],[71.6486806,51.1139585],[71.6486479,51.1139787],[71.6486771,51.1140232]]]},"properties":{"name":" ","functional":"Частные дома","purpose":"Коттедж"}},{"type":"Feature","id":"municipal-buildings-128320","geometry":{"type":"Polygon","coordinates":[[[71.6485452,51.1138162],[71.6483631,51.1138629],[71.6483364,51.1138518],[71.6483129,51.1138149],[71.6483234,51.1138],[71.6483073,51.1138042],[71.6482451,51.1137107],[71.6484455,51.11366],[71.6484779,51.1137034],[71.648519,51.1137065],[71.6485483,51.1137538],[71.6485143,51.1137697],[71.6485452,51.1138162]]]},"properties":{"name":" ","functional":"Частные дома","purpose":"Коттедж"}},{"type":"Feature","id":"municipal-buildings-128321","geometry":{"type":"Polygon","coordinates":[[[71.6512332,51.1139627],[71.6511693,51.1139796],[71.6511329,51.1139249],[71.6511968,51.113908],[71.6512332,51.1139627]]]},"properties":{"name":" ","functional":"Известный по назначению","purpose":"Хозяйственный корпус"}},{"type":"Feature","id":"municipal-buildings-128322","geometry":{"type":"Polygon","coordinates":[[[71.6526643,51.1149884],[71.6525915,51.1150111],[71.6525585,51.114955],[71.6526343,51.1149373],[71.6526643,51.1149884]]]},"properties":{"name":" ","functional":"Известный по назначению","purpose":"Проходная, КПП"}},{"type":"Feature","id":"municipal-buildings-128323","geometry":{"type":"Polygon","coordinates":[[[71.6496074,51.1127423],[71.6496461,51.1128018],[71.6493916,51.1128654],[71.649353,51.1128067],[71.6495567,51.1127541],[71.6495478,51.1127379],[71.6495953,51.1127275],[71.6496074,51.1127423]]]},"properties":{"name":" ","functional":"Известный по назначению","purpose":"Хозяйственный корпус"}},{"type":"Feature","id":"municipal-buildings-128324","geometry":{"type":"Polygon","coordinates":[[[71.6495682,51.1126695],[71.6494094,51.1127104],[71.6493691,51.1126483],[71.6495278,51.1126074],[71.6495682,51.1126695]]]},"properties":{"name":" ","functional":"Известный по назначению","purpose":"Сооружение"}},{"type":"Feature","id":"municipal-buildings-128325","geometry":{"type":"Polygon","coordinates":[[[71.6492249,51.1125025],[71.6490346,51.1125519],[71.6489667,51.1124497],[71.6489915,51.1124399],[71.64882,51.112485],[71.6487548,51.1123867],[71.6488121,51.1123717],[71.648779,51.1123203],[71.6487958,51.112316],[71.6487816,51.1123138],[71.6486636,51.1121356],[71.648712,51.1121226],[71.6486509,51.112133],[71.6485863,51.1120361],[71.6486429,51.1120212],[71.648609,51.1119693],[71.6486422,51.1119608],[71.6485706,51.1118557],[71.6488785,51.1117726],[71.6489467,51.1118728],[71.6488953,51.1118867],[71.6489266,51.1119411],[71.6488825,51.1119511],[71.6489177,51.1120055],[71.6489641,51.1119927],[71.6490004,51.112045],[71.6490583,51.1120295],[71.6491792,51.1122074],[71.6491222,51.1122228],[71.6491557,51.1122776],[71.6491058,51.1122898],[71.6491413,51.1123405],[71.6491883,51.1123289],[71.6492205,51.112381],[71.6492792,51.112366],[71.6493535,51.1124691],[71.6492249,51.1125025]]]},"properties":{"name":" ","functional":"Дошкольные","purpose":"Детский сад, ясли"}},{"type":"Feature","id":"municipal-buildings-128326","geometry":{"type":"Polygon","coordinates":[[[71.6486014,51.1119009],[71.6485573,51.1119129],[71.648468,51.1117828],[71.6487879,51.1116958],[71.6488465,51.1117812],[71.6485706,51.1118557],[71.6486014,51.1119009]]]},"properties":{"name":" ","functional":"Дошкольные","purpose":"Детский сад, ясли"}},{"type":"Feature","id":"municipal-buildings-128327","geometry":{"type":"Polygon","coordinates":[[[71.6492249,51.1125025],[71.6492526,51.1125447],[71.6490711,51.1125918],[71.6490471,51.1125552],[71.6489618,51.1125776],[71.6488949,51.1124768],[71.6489158,51.1124717],[71.6489091,51.1124616],[71.6489915,51.1124399],[71.6489667,51.1124497],[71.6490346,51.1125519],[71.6492249,51.1125025]]]},"properties":{"name":" ","functional":"Дошкольные","purpose":"Детский сад, ясли"}},{"type":"Feature","id":"municipal-buildings-128328","geometry":{"type":"Polygon","coordinates":[[[71.6498474,51.1122298],[71.6498196,51.1121905],[71.6497808,51.1121945],[71.649753,51.1121543],[71.6497819,51.1121369],[71.6497592,51.1121047],[71.6499869,51.1120411],[71.6500292,51.1121078],[71.6500502,51.1121025],[71.6500743,51.1121404],[71.6500533,51.1121456],[71.6500677,51.1121683],[71.6499992,51.1121874],[71.6499756,51.1122075],[71.6498474,51.1122298]]]},"properties":{"name":" ","functional":"Дома новостройки","purpose":"Строящийся коттедж"}},{"type":"Feature","id":"municipal-buildings-128329","geometry":{"type":"Polygon","coordinates":[[[71.6504845,51.1119852],[71.6502688,51.1120417],[71.65022,51.1119635],[71.6501795,51.1119737],[71.6501331,51.1118975],[71.6502926,51.1118572],[71.6502823,51.1118413],[71.6505207,51.111786],[71.6505729,51.1118717],[71.6504569,51.1118997],[71.6504753,51.1119297],[71.6504531,51.1119351],[71.6504845,51.1119852]]]},"properties":{"name":" ","functional":"Дома новостройки","purpose":"Строящийся коттедж"}},{"type":"Feature","id":"municipal-buildings-128330","geometry":{"type":"Polygon","coordinates":[[[71.6496441,51.1117433],[71.6494299,51.1118006],[71.6493495,51.1116828],[71.6495673,51.1116237],[71.6496441,51.1117433]]]},"properties":{"name":" ","functional":"Частные дома","purpose":"Коттедж"}},{"type":"Feature","id":"municipal-buildings-128331","geometry":{"type":"Polygon","coordinates":[[[71.6501185,51.1116902],[71.6500841,51.1116403],[71.6500657,51.1116417],[71.6500344,51.1115685],[71.6502315,51.1115145],[71.6503156,51.1116362],[71.6501185,51.1116902]]]},"properties":{"name":" ","functional":"Известный по назначению","purpose":"Строящееся здание"}},{"type":"Feature","id":"municipal-buildings-128332","geometry":{"type":"Polygon","coordinates":[[[71.6509976,51.1109286],[71.6509213,51.1109457],[71.6508959,51.1109007],[71.6509722,51.1108836],[71.6509976,51.1109286]]]},"properties":{"name":" ","functional":"Частные дома","purpose":"Коттедж"}},{"type":"Feature","id":"municipal-buildings-128333","geometry":{"type":"Polygon","coordinates":[[[71.6445448,51.1127829],[71.6446554,51.1127783],[71.6446243,51.11243],[71.6448247,51.1124263],[71.6448528,51.1127763],[71.6449175,51.1127753],[71.6449213,51.112838],[71.6448579,51.1128403],[71.644873,51.1130286],[71.6446751,51.1130355],[71.6446614,51.1128458],[71.6445108,51.112848],[71.6445067,51.1127771],[71.6445448,51.1127829]]]},"properties":{"name":" ","functional":"Школы","purpose":"Школа"}},{"type":"Feature","id":"municipal-buildings-128334","geometry":{"type":"Polygon","coordinates":[[[71.6445108,51.112848],[71.6445123,51.1128738],[71.644204,51.112881],[71.644195,51.1127264],[71.6445377,51.1127192],[71.6445448,51.1127829],[71.6445067,51.1127771],[71.6445108,51.112848]]]},"properties":{"name":" ","functional":"Школы","purpose":"Школа"}},{"type":"Feature","id":"municipal-buildings-128335","geometry":{"type":"Polygon","coordinates":[[[71.6507352,51.1104531],[71.6507195,51.1104563],[71.6507448,51.1105048],[71.6505615,51.1105428],[71.6505115,51.1104471],[71.6507115,51.1104077],[71.6507352,51.1104531]]]},"properties":{"name":" ","functional":"Частные дома","purpose":"Частный дом"}},{"type":"Feature","id":"municipal-buildings-128336","geometry":{"type":"Polygon","coordinates":[[[71.6504691,51.1104787],[71.6505085,51.1105764],[71.6503592,51.1106026],[71.6503139,51.1105003],[71.6504691,51.1104787]]]},"properties":{"name":" ","functional":"Частные дома","purpose":"Частный дом"}},{"type":"Feature","id":"municipal-buildings-128337","geometry":{"type":"Polygon","coordinates":[[[71.6501909,51.1106227],[71.6501957,51.1106318],[71.6501223,51.1106453],[71.6501029,51.1106058],[71.6500591,51.1106079],[71.6500483,51.1105832],[71.6500647,51.1105736],[71.6500331,51.1105011],[71.650208,51.1104687],[71.6502492,51.1105695],[71.6502273,51.1105935],[71.65018,51.1106021],[71.6501909,51.1106227]]]},"properties":{"name":" ","functional":"Частные дома","purpose":"Частный дом"}},{"type":"Feature","id":"municipal-buildings-128338","geometry":{"type":"Polygon","coordinates":[[[71.6500006,51.1106195],[71.6499178,51.1106348],[71.6499057,51.1106151],[71.6498539,51.110626],[71.649806,51.1105278],[71.6499692,51.1104953],[71.6500142,51.1105922],[71.6499903,51.1105973],[71.6500006,51.1106195]]]},"properties":{"name":" ","functional":"Частные дома","purpose":"Частный дом"}},{"type":"Feature","id":"municipal-buildings-128339","geometry":{"type":"Polygon","coordinates":[[[71.6506412,51.1100814],[71.650468,51.1101144],[71.650452,51.1100809],[71.6504294,51.11008],[71.650422,51.1100632],[71.6504388,51.1100531],[71.6504169,51.110007],[71.6505452,51.1099828],[71.6505722,51.1100394],[71.650619,51.1100322],[71.6506412,51.1100814]]]},"properties":{"name":" ","functional":"Частные дома","purpose":"Коттедж"}},{"type":"Feature","id":"municipal-buildings-128340","geometry":{"type":"Polygon","coordinates":[[[71.649391,51.1107675],[71.6493404,51.1107769],[71.6493288,51.1107497],[71.64929,51.1107566],[71.6492447,51.1106633],[71.6495811,51.1106036],[71.649623,51.1106947],[71.6493724,51.1107292],[71.649391,51.1107675]]]},"properties":{"name":" ","functional":"Частные дома","purpose":"Частный дом"}},{"type":"Feature","id":"municipal-buildings-128341","geometry":{"type":"Polygon","coordinates":[[[71.6488298,51.1108525],[71.6487334,51.1108567],[71.6486903,51.1107625],[71.6490243,51.1107048],[71.6490666,51.1107964],[71.6489789,51.1108261],[71.6489687,51.1108023],[71.6488184,51.1108283],[71.6488298,51.1108525]]]},"properties":{"name":" ","functional":"Частные дома","purpose":"Частный дом"}},{"type":"Feature","id":"municipal-buildings-128342","geometry":{"type":"Polygon","coordinates":[[[71.6484209,51.1107196],[71.6484324,51.1107467],[71.6483121,51.1107686],[71.6483379,51.1108237],[71.6483707,51.1108179],[71.6483554,51.1107868],[71.6484852,51.1107627],[71.6485423,51.1108878],[71.6484582,51.1109155],[71.6484485,51.110893],[71.6483044,51.1109202],[71.6483213,51.110959],[71.648221,51.1109785],[71.6481619,51.1108547],[71.6482507,51.1108391],[71.6482021,51.1107576],[71.6484209,51.1107196]]]},"properties":{"name":" ","functional":"Частные дома","purpose":"Частный дом"}},{"type":"Feature","id":"municipal-buildings-128343","geometry":{"type":"Polygon","coordinates":[[[71.6477159,51.1110683],[71.6476565,51.1109889],[71.6479507,51.1109027],[71.6480077,51.1109828],[71.6479228,51.1110238],[71.6479071,51.1110014],[71.6478028,51.1110329],[71.6478125,51.1110466],[71.647794,51.1110579],[71.6477159,51.1110683]]]},"properties":{"name":" ","functional":"Частные дома","purpose":"Частный дом"}},{"type":"Feature","id":"municipal-buildings-128344","geometry":{"type":"Polygon","coordinates":[[[71.6473499,51.1111658],[71.6473669,51.1111883],[71.6472773,51.1112151],[71.647208,51.1111235],[71.647276,51.1111032],[71.6472531,51.111073],[71.6472168,51.1110854],[71.6471342,51.1109894],[71.6472515,51.1109548],[71.647229,51.1109228],[71.6472621,51.1109133],[71.6471838,51.110811],[71.6472628,51.1107879],[71.6474123,51.1109692],[71.6472904,51.1110055],[71.6473531,51.11108],[71.6474316,51.1110565],[71.6474112,51.1110309],[71.6474735,51.1110112],[71.6475492,51.1111061],[71.6475518,51.1111175],[71.6475012,51.1111326],[71.6474937,51.1111227],[71.6473499,51.1111658]]]},"properties":{"name":" ","functional":"Частные дома","purpose":"Частный дом"}},{"type":"Feature","id":"municipal-buildings-128345","geometry":{"type":"Polygon","coordinates":[[[71.6469372,51.1113144],[71.6469487,51.1113252],[71.6468452,51.1113713],[71.6467208,51.1112596],[71.6468491,51.1111999],[71.6468783,51.1112222],[71.6468945,51.1112144],[71.6468754,51.1111995],[71.6469764,51.1111572],[71.6469884,51.111169],[71.6470032,51.1111619],[71.6471041,51.1112503],[71.6470556,51.1112728],[71.6470441,51.1112628],[71.6469372,51.1113144]]]},"properties":{"name":" ","functional":"Частные дома","purpose":"Частный дом"}},{"type":"Feature","id":"municipal-buildings-128346","geometry":{"type":"Polygon","coordinates":[[[71.6465272,51.1115018],[71.6464067,51.1115686],[71.6463073,51.1114775],[71.6464226,51.111415],[71.6464516,51.1114427],[71.6464756,51.1114317],[71.6464532,51.1114137],[71.6465624,51.1113622],[71.6466668,51.1114517],[71.6465272,51.1115018]]]},"properties":{"name":" ","functional":"Частные дома","purpose":"Частный дом"}},{"type":"Feature","id":"municipal-buildings-128347","geometry":{"type":"Polygon","coordinates":[[[71.646023,51.1119333],[71.6460463,51.111989],[71.6459967,51.1119925],[71.6460072,51.1120468],[71.645869,51.1120567],[71.6458632,51.1120196],[71.6458788,51.1120177],[71.645858,51.1119103],[71.6458395,51.1119113],[71.6458337,51.1118742],[71.6460057,51.1118611],[71.646023,51.1119333]]]},"properties":{"name":" ","functional":"Частные дома","purpose":"Частный дом"}},{"type":"Feature","id":"municipal-buildings-128348","geometry":{"type":"Polygon","coordinates":[[[71.6459384,51.1116749],[71.6459463,51.1117264],[71.6458054,51.1117349],[71.645799,51.1116764],[71.645815,51.1116756],[71.645812,51.1116585],[71.6457705,51.111662],[71.6457647,51.1116342],[71.6457008,51.1116388],[71.6456926,51.1115943],[71.6457991,51.1115861],[71.6457948,51.1115624],[71.6457759,51.1115625],[71.6457697,51.1115259],[71.6459538,51.1115141],[71.6459686,51.1115997],[71.6459556,51.1116001],[71.6459613,51.1116259],[71.6459271,51.1116277],[71.6459294,51.1116406],[71.6459837,51.1116291],[71.6459771,51.1115643],[71.6461238,51.1115573],[71.6461325,51.1116074],[71.6462074,51.1116036],[71.6462121,51.1116289],[71.6461375,51.1116352],[71.6461438,51.1116692],[71.6459384,51.1116749]]]},"properties":{"name":" ","functional":"Частные дома","purpose":"Частный дом"}},{"type":"Feature","id":"municipal-buildings-128349","geometry":{"type":"Polygon","coordinates":[[[71.6459146,51.1113953],[71.6457479,51.1114096],[71.6457408,51.1113735],[71.6457578,51.1113716],[71.6457344,51.1112439],[71.6457155,51.1112452],[71.6457094,51.1112058],[71.6458458,51.1111968],[71.645848,51.1112088],[71.6458827,51.1112173],[71.6458934,51.1112759],[71.6458615,51.1112824],[71.6458682,51.1113191],[71.6458975,51.1113151],[71.6459146,51.1113953]]]},"properties":{"name":" ","functional":"Частные дома","purpose":"Частный дом"}},{"type":"Feature","id":"municipal-buildings-128350","geometry":{"type":"Polygon","coordinates":[[[71.645699,51.1108514],[71.6456199,51.1107664],[71.6456983,51.1107396],[71.6457121,51.1107516],[71.6459036,51.1106712],[71.6459998,51.1107807],[71.6458889,51.1108167],[71.6458717,51.110795],[71.6458478,51.1108028],[71.6458617,51.1108183],[71.6457651,51.1108489],[71.6457494,51.1108325],[71.645699,51.1108514]]]},"properties":{"name":" ","functional":"Частные дома","purpose":"Частный дом"}},{"type":"Feature","id":"municipal-buildings-128351","geometry":{"type":"Polygon","coordinates":[[[71.6458615,51.1110973],[71.6456886,51.111109],[71.6456782,51.1110486],[71.6456946,51.1110396],[71.6456815,51.1109706],[71.6456622,51.1109721],[71.6456514,51.1109088],[71.6458371,51.1108945],[71.6458502,51.1109739],[71.6458049,51.1109772],[71.6458124,51.1110168],[71.6458442,51.1110149],[71.6458615,51.1110973]]]},"properties":{"name":" ","functional":"Частные дома","purpose":"Частный дом"}},{"type":"Feature","id":"municipal-buildings-128352","geometry":{"type":"Polygon","coordinates":[[[71.6461224,51.1107016],[71.6460508,51.1106219],[71.6462604,51.1105602],[71.6462461,51.110543],[71.6463289,51.1105096],[71.6464266,51.1106265],[71.6463179,51.1106684],[71.6462918,51.110644],[71.6462654,51.110653],[71.6462924,51.1106814],[71.6462438,51.1106997],[71.6462175,51.1107],[71.6461957,51.1106767],[71.6461224,51.1107016]]]},"properties":{"name":" ","functional":"Частные дома","purpose":"Частный дом"}},{"type":"Feature","id":"municipal-buildings-128353","geometry":{"type":"Polygon","coordinates":[[[71.6466378,51.1105488],[71.6466187,51.110527],[71.646572,51.1105433],[71.6465002,51.1104622],[71.646746,51.1103903],[71.6467354,51.1103797],[71.6467886,51.1103609],[71.6468606,51.1104422],[71.6467932,51.1104658],[71.6468114,51.1104861],[71.6467657,51.110503],[71.6467463,51.1104823],[71.6466847,51.1105038],[71.6467021,51.1105262],[71.6466378,51.1105488]]]},"properties":{"name":" ","functional":"Частные дома","purpose":"Частный дом"}},{"type":"Feature","id":"municipal-buildings-128354","geometry":{"type":"Polygon","coordinates":[[[71.6471094,51.1103916],[71.6470872,51.110366],[71.6470498,51.1103799],[71.6469716,51.1102934],[71.6471756,51.1102339],[71.6471424,51.1101929],[71.647191,51.1101771],[71.6472175,51.110207],[71.6472577,51.110194],[71.6473706,51.1103231],[71.6473361,51.1103367],[71.6473188,51.1103266],[71.6471094,51.1103916]]]},"properties":{"name":" ","functional":"Частные дома","purpose":"Частный дом"}},{"type":"Feature","id":"municipal-buildings-128355","geometry":{"type":"Polygon","coordinates":[[[71.6477943,51.1101146],[71.6476549,51.1101639],[71.6476772,51.1101892],[71.6475313,51.1102401],[71.6474353,51.1101311],[71.6477201,51.1100305],[71.6477943,51.1101146]]]},"properties":{"name":" ","functional":"Частные дома","purpose":"Частный дом"}},{"type":"Feature","id":"municipal-buildings-128356","geometry":{"type":"Polygon","coordinates":[[[71.6487904,51.1099607],[71.6486576,51.1100073],[71.6484477,51.1097756],[71.6486647,51.1097105],[71.6486517,51.1096835],[71.6487368,51.1096723],[71.6488092,51.1097524],[71.6486238,51.1098161],[71.6486853,51.1098866],[71.648713,51.1098769],[71.6487904,51.1099607]]]},"properties":{"name":" ","functional":"Частные дома","purpose":"Частный дом"}},{"type":"Feature","id":"municipal-buildings-128357","geometry":{"type":"Polygon","coordinates":[[[71.6484842,51.1102044],[71.6483654,51.1102433],[71.6482186,51.1100684],[71.6481585,51.1100882],[71.6481411,51.110071],[71.6481076,51.1100697],[71.6480611,51.1100191],[71.6480017,51.1100405],[71.6479249,51.1099615],[71.6482439,51.1098619],[71.6483026,51.1099332],[71.6482469,51.1099514],[71.6482662,51.1099754],[71.6482518,51.1099803],[71.6483626,51.1101031],[71.6483915,51.1100939],[71.6484842,51.1102044]]]},"properties":{"name":" ","functional":"Частные дома","purpose":"Частный дом"}},{"type":"Feature","id":"municipal-buildings-128358","geometry":{"type":"Polygon","coordinates":[[[71.6492707,51.109586],[71.6490039,51.1096802],[71.6489266,51.1095883],[71.6490018,51.1095621],[71.6490186,51.1095788],[71.6492429,51.1094913],[71.6493151,51.1095703],[71.6492707,51.109586]]]},"properties":{"name":" ","functional":"Частные дома","purpose":"Частный дом"}},{"type":"Feature","id":"municipal-buildings-128359","geometry":{"type":"Polygon","coordinates":[[[71.6496023,51.1097618],[71.6495188,51.1097485],[71.6495851,51.1095835],[71.6495096,51.1095703],[71.6495441,51.1094919],[71.6498713,51.109537],[71.6498311,51.1096253],[71.6497492,51.1096116],[71.6497243,51.1096706],[71.6496447,51.1096563],[71.6496023,51.1097618]]]},"properties":{"name":" ","functional":"Частные дома","purpose":"Частный дом"}},{"type":"Feature","id":"municipal-buildings-128360","geometry":{"type":"Polygon","coordinates":[[[71.6501394,51.1097817],[71.6501175,51.109769],[71.6500956,51.109783],[71.6499956,51.1097278],[71.6501164,51.1096413],[71.6501935,51.1096872],[71.6501828,51.1096932],[71.6503657,51.1097867],[71.650268,51.109856],[71.6502026,51.1098182],[71.6502167,51.1098067],[71.6501524,51.1097708],[71.6501394,51.1097817]]]},"properties":{"name":" ","functional":"Частные дома","purpose":"Частный дом"}},{"type":"Feature","id":"municipal-buildings-128361","geometry":{"type":"Polygon","coordinates":[[[71.6486202,51.1095283],[71.6485142,51.1095628],[71.6481395,51.1091109],[71.6482046,51.1090897],[71.6482483,51.1091428],[71.6483066,51.1091246],[71.648365,51.1091985],[71.6484057,51.109185],[71.6485536,51.1093613],[71.6485588,51.1093703],[71.648505,51.109388],[71.6486202,51.1095283]]]},"properties":{"name":" ","functional":"Частные дома","purpose":"Частный дом"}},{"type":"Feature","id":"municipal-buildings-128362","geometry":{"type":"Polygon","coordinates":[[[71.6488528,51.1094208],[71.6486888,51.1094791],[71.6486539,51.1094394],[71.6486853,51.1094284],[71.648635,51.1093712],[71.6487709,51.1093251],[71.6488528,51.1094208]]]},"properties":{"name":" ","functional":"Частные дома","purpose":"Частный дом"}},{"type":"Feature","id":"municipal-buildings-128363","geometry":{"type":"Polygon","coordinates":[[[71.6480044,51.1095112],[71.6479207,51.109541],[71.6477742,51.1093679],[71.6476474,51.1094108],[71.6475998,51.1093596],[71.6478127,51.1092853],[71.6480044,51.1095112]]]},"properties":{"name":" ","functional":"Частные дома","purpose":"Частный дом"}},{"type":"Feature","id":"municipal-buildings-128364","geometry":{"type":"Polygon","coordinates":[[[71.6477735,51.1097599],[71.6476876,51.1096583],[71.6477774,51.1096268],[71.6477988,51.109651],[71.6478602,51.1096294],[71.6478378,51.1096042],[71.6479094,51.1095791],[71.6480622,51.1097477],[71.6479901,51.109773],[71.6479487,51.1097263],[71.6478717,51.1097534],[71.64786,51.1097401],[71.6477807,51.109768],[71.6477735,51.1097599]]]},"properties":{"name":" ","functional":"Частные дома","purpose":"Частный дом"}},{"type":"Feature","id":"municipal-buildings-128365","geometry":{"type":"Polygon","coordinates":[[[71.6478013,51.1097608],[71.6478558,51.1098281],[71.6477794,51.1098526],[71.6477186,51.1097775],[71.6478013,51.1097608]]]},"properties":{"name":" ","functional":"Частные дома","purpose":"Частный дом"}},{"type":"Feature","id":"municipal-buildings-128366","geometry":{"type":"Polygon","coordinates":[[[71.647587,51.1097892],[71.6475686,51.1097962],[71.6475997,51.1098311],[71.6474686,51.1098765],[71.6473572,51.1097472],[71.6474858,51.1097031],[71.6475397,51.1097636],[71.6475596,51.1097577],[71.647587,51.1097892]]]},"properties":{"name":" ","functional":"Частные дома","purpose":"Коттедж"}},{"type":"Feature","id":"municipal-buildings-128367","geometry":{"type":"Polygon","coordinates":[[[71.6474073,51.1099025],[71.6472694,51.1099481],[71.6471599,51.1098076],[71.6472884,51.1097663],[71.6474073,51.1099025]]]},"properties":{"name":" ","functional":"Частные дома","purpose":"Частный дом"}},{"type":"Feature","id":"municipal-buildings-128368","geometry":{"type":"Polygon","coordinates":[[[71.6469406,51.110035],[71.6468798,51.110059],[71.6468881,51.1100712],[71.6468013,51.1100999],[71.6467112,51.1099906],[71.6468521,51.1099402],[71.6468416,51.1099255],[71.6467295,51.1099636],[71.6466196,51.1098356],[71.6467996,51.1097729],[71.6468383,51.1098181],[71.6468931,51.1098002],[71.6469335,51.1098517],[71.6469078,51.1098604],[71.6469575,51.1099425],[71.6470271,51.1099195],[71.6471037,51.1100121],[71.647027,51.1100401],[71.6470057,51.1100134],[71.6469406,51.110035]]]},"properties":{"name":" ","functional":"Частные дома","purpose":"Частный дом"}},{"type":"Feature","id":"municipal-buildings-128369","geometry":{"type":"Polygon","coordinates":[[[71.6464567,51.1102022],[71.6463975,51.1102243],[71.6464088,51.1102372],[71.646324,51.1102657],[71.6462278,51.1101596],[71.6465024,51.1100604],[71.6465327,51.1100911],[71.6465454,51.1100866],[71.6466113,51.1101606],[71.6464567,51.1102022]]]},"properties":{"name":" ","functional":"Частные дома","purpose":"Частный дом"}},{"type":"Feature","id":"municipal-buildings-128370","geometry":{"type":"Polygon","coordinates":[[[71.6459823,51.1103914],[71.6458875,51.1104294],[71.6457934,51.1103246],[71.6458701,51.1102948],[71.6458891,51.1103127],[71.6461004,51.1102395],[71.6461747,51.1103298],[71.6459823,51.1103914]]]},"properties":{"name":" ","functional":"Частные дома","purpose":"Частный дом"}},{"type":"Feature","id":"municipal-buildings-128371","geometry":{"type":"Polygon","coordinates":[[[71.6456251,51.1104922],[71.6454983,51.110538],[71.6455105,51.1105514],[71.6454287,51.1105747],[71.6453606,51.1104964],[71.6455116,51.110445],[71.6454508,51.1103659],[71.6453517,51.1104104],[71.6452956,51.1103416],[71.6454026,51.1103051],[71.6454227,51.1103268],[71.6454814,51.1103089],[71.6455734,51.1104239],[71.6456559,51.1103958],[71.6457545,51.1105031],[71.6456757,51.1105316],[71.645636,51.1104883],[71.6456251,51.1104922]]]},"properties":{"name":" ","functional":"Частные дома","purpose":"Частный дом"}},{"type":"Feature","id":"municipal-buildings-128372","geometry":{"type":"Polygon","coordinates":[[[71.6451294,51.1107702],[71.6451187,51.1107109],[71.6452701,51.1107035],[71.6452867,51.1108594],[71.6453275,51.1108566],[71.6453388,51.1109213],[71.6451099,51.1109372],[71.6450943,51.1108437],[71.6451395,51.110834],[71.6451294,51.1107702]]]},"properties":{"name":" ","functional":"Частные дома","purpose":"Частный дом"}},{"type":"Feature","id":"municipal-buildings-128373","geometry":{"type":"Polygon","coordinates":[[[71.6453919,51.1114316],[71.6452388,51.1114397],[71.6452312,51.1113876],[71.6451855,51.1113892],[71.645179,51.1113566],[71.6452224,51.1113527],[71.6452195,51.1113031],[71.6451797,51.1113067],[71.6451757,51.1112799],[71.645216,51.1112762],[71.6452088,51.1112206],[71.6453612,51.111211],[71.6453674,51.1113716],[71.6453848,51.1113719],[71.6453919,51.1114316]]]},"properties":{"name":" ","functional":"Частные дома","purpose":"Частный дом"}},{"type":"Feature","id":"municipal-buildings-128374","geometry":{"type":"Polygon","coordinates":[[[71.6449849,51.1118721],[71.6449842,51.1118827],[71.6448942,51.1118865],[71.6448762,51.1117906],[71.6449638,51.1117845],[71.6449594,51.1117554],[71.6450109,51.1117522],[71.6450142,51.111781],[71.6450761,51.1117767],[71.645077,51.1117493],[71.645215,51.1117324],[71.6452401,51.111864],[71.6449849,51.1118721]]]},"properties":{"name":" ","functional":"Частные дома","purpose":"Частный дом"}},{"type":"Feature","id":"municipal-buildings-128375","geometry":{"type":"Polygon","coordinates":[[[71.6444437,51.1115744],[71.644524,51.1115695],[71.644556,51.1117808],[71.644632,51.1117763],[71.6446341,51.1117977],[71.644647,51.1117973],[71.6446523,51.1119063],[71.6445584,51.1119116],[71.6445565,51.1118989],[71.644299,51.1119277],[71.6442847,51.1118431],[71.6442555,51.1118364],[71.6442441,51.1118163],[71.6442688,51.1117966],[71.6443521,51.1117902],[71.6443253,51.1115815],[71.6444437,51.1115744]]]},"properties":{"name":" ","functional":"Частные дома","purpose":"Частный дом"}},{"type":"Feature","id":"municipal-buildings-128376","geometry":{"type":"Polygon","coordinates":[[[71.6581862,51.1182381],[71.6582371,51.1183074],[71.6581287,51.118339],[71.6580642,51.1182511],[71.6581726,51.1182196],[71.6581862,51.1182381]]]},"properties":{"name":" ","functional":"Известный по назначению","purpose":"Проходная, КПП"}},{"type":"Feature","id":"municipal-buildings-128377","geometry":{"type":"Polygon","coordinates":[[[71.6377506,51.1230129],[71.6376601,51.1230273],[71.6376364,51.1229682],[71.6377268,51.1229538],[71.6377506,51.1230129]]]},"properties":{"name":" ","functional":"Известный по назначению","purpose":"Хозяйственный корпус"}},{"type":"Feature","id":"municipal-buildings-128378","geometry":{"type":"Polygon","coordinates":[[[71.6471481,51.120992],[71.6468739,51.1210627],[71.6467993,51.1209481],[71.6470734,51.1208774],[71.6471481,51.120992]]]},"properties":{"name":" ","functional":"Частные дома","purpose":"Частный дом"}},{"type":"Feature","id":"municipal-buildings-128379","geometry":{"type":"Polygon","coordinates":[[[71.6311287,51.1261102],[71.6307597,51.1261881],[71.6307028,51.1260836],[71.6310749,51.126008],[71.6311287,51.1261102]]]},"properties":{"name":" ","functional":" ","purpose":"Здание"}},{"type":"Feature","id":"municipal-buildings-128380","geometry":{"type":"Polygon","coordinates":[[[71.6320907,51.1223155],[71.6320553,51.1223214],[71.6320381,51.1222805],[71.6320736,51.1222746],[71.6320907,51.1223155]]]},"properties":{"name":" ","functional":" ","purpose":"Здание"}},{"type":"Feature","id":"municipal-buildings-128381","geometry":{"type":"Polygon","coordinates":[[[71.6398164,51.1189982],[71.6396619,51.1190771],[71.6396148,51.1190641],[71.6395994,51.119027],[71.6397527,51.1189487],[71.6398164,51.1189982]]]},"properties":{"name":" ","functional":"Известный по назначению","purpose":"Здание"}},{"type":"Feature","id":"municipal-buildings-128382","geometry":{"type":"Polygon","coordinates":[[[71.6408617,51.1198061],[71.6408178,51.119817],[71.6407972,51.1197841],[71.6408411,51.1197732],[71.6408617,51.1198061]]]},"properties":{"name":" ","functional":" ","purpose":"Здание"}},{"type":"Feature","id":"municipal-buildings-128383","geometry":{"type":"Polygon","coordinates":[[[71.6380469,51.1207143],[71.6380214,51.1207269],[71.6379939,51.120705],[71.6380195,51.1206923],[71.6380469,51.1207143]]]},"properties":{"name":" ","functional":" ","purpose":"Здание"}},{"type":"Feature","id":"municipal-buildings-128384","geometry":{"type":"Polygon","coordinates":[[[71.6409502,51.1179652],[71.6408985,51.1179846],[71.6408691,51.1179537],[71.6409209,51.1179342],[71.6409502,51.1179652]]]},"properties":{"name":" ","functional":" ","purpose":"Здание"}},{"type":"Feature","id":"municipal-buildings-128385","geometry":{"type":"Polygon","coordinates":[[[71.6425451,51.1157252],[71.6424815,51.1157675],[71.6424451,51.1157458],[71.6425087,51.1157035],[71.6425451,51.1157252]]]},"properties":{"name":" ","functional":" ","purpose":"Здание"}},{"type":"Feature","id":"municipal-buildings-128386","geometry":{"type":"Polygon","coordinates":[[[71.642626,51.1158044],[71.6425853,51.1158303],[71.6425188,51.115789],[71.6425594,51.1157631],[71.642626,51.1158044]]]},"properties":{"name":" ","functional":" ","purpose":"Здание"}},{"type":"Feature","id":"municipal-buildings-128387","geometry":{"type":"Polygon","coordinates":[[[71.6425675,51.1157681],[71.6426026,51.1157457],[71.642661,51.115782],[71.642626,51.1158044],[71.6425675,51.1157681]]]},"properties":{"name":" ","functional":" ","purpose":"Здание"}},{"type":"Feature","id":"municipal-buildings-128388","geometry":{"type":"Polygon","coordinates":[[[71.6424313,51.1153808],[71.6423961,51.1154002],[71.6423492,51.1153665],[71.6423844,51.1153471],[71.6424313,51.1153808]]]},"properties":{"name":" ","functional":" ","purpose":"Частный дом"}},{"type":"Feature","id":"municipal-buildings-128389","geometry":{"type":"Polygon","coordinates":[[[71.6414608,51.1159473],[71.6414036,51.1159838],[71.6413182,51.1159307],[71.6413755,51.1158942],[71.6414608,51.1159473]]]},"properties":{"name":" ","functional":" ","purpose":"Здание"}},{"type":"Feature","id":"municipal-buildings-128390","geometry":{"type":"Polygon","coordinates":[[[71.6415179,51.1159908],[71.6414656,51.116022],[71.6414403,51.1160052],[71.6414927,51.115974],[71.6415179,51.1159908]]]},"properties":{"name":" ","functional":" ","purpose":"Здание"}},{"type":"Feature","id":"municipal-buildings-128391","geometry":{"type":"Polygon","coordinates":[[[71.64175,51.1159498],[71.641696,51.1159774],[71.6416677,51.1159556],[71.6417217,51.1159279],[71.64175,51.1159498]]]},"properties":{"name":" ","functional":" ","purpose":"Здание"}},{"type":"Feature","id":"municipal-buildings-128392","geometry":{"type":"Polygon","coordinates":[[[71.6417751,51.1159404],[71.6417518,51.1159511],[71.6417065,51.1159118],[71.6417304,51.1159009],[71.6417751,51.1159404]]]},"properties":{"name":" ","functional":" ","purpose":"Здание"}},{"type":"Feature","id":"municipal-buildings-128393","geometry":{"type":"Polygon","coordinates":[[[71.6390579,51.1166651],[71.6390247,51.1166844],[71.6389514,51.1166346],[71.6389847,51.1166153],[71.6390579,51.1166651]]]},"properties":{"name":" ","functional":" ","purpose":"Здание"}},{"type":"Feature","id":"municipal-buildings-128394","geometry":{"type":"Polygon","coordinates":[[[71.6389491,51.1165913],[71.6389251,51.1166047],[71.6388992,51.1165863],[71.6389231,51.1165729],[71.6389491,51.1165913]]]},"properties":{"name":" ","functional":" ","purpose":"Здание"}},{"type":"Feature","id":"municipal-buildings-128395","geometry":{"type":"Polygon","coordinates":[[[71.6384303,51.1169451],[71.638398,51.1169622],[71.6383757,51.1169456],[71.6384079,51.1169284],[71.6384303,51.1169451]]]},"properties":{"name":" ","functional":" ","purpose":"Здание"}},{"type":"Feature","id":"municipal-buildings-128396","geometry":{"type":"Polygon","coordinates":[[[71.6381114,51.1172622],[71.6380072,51.1172266],[71.638024,51.1172053],[71.6380613,51.1172145],[71.638107,51.1172304],[71.6380994,51.1172391],[71.6381248,51.1172499],[71.6381114,51.1172622]]]},"properties":{"name":" ","functional":" ","purpose":"Здание"}},{"type":"Feature","id":"municipal-buildings-128397","geometry":{"type":"Polygon","coordinates":[[[71.637938,51.1174181],[71.6378856,51.1174396],[71.6378628,51.1174175],[71.6379151,51.117396],[71.637938,51.1174181]]]},"properties":{"name":" ","functional":" ","purpose":"Здание"}},{"type":"Feature","id":"municipal-buildings-128398","geometry":{"type":"Polygon","coordinates":[[[71.6370889,51.1177409],[71.6370447,51.1177512],[71.6370268,51.1177207],[71.637071,51.1177104],[71.6370889,51.1177409]]]},"properties":{"name":" ","functional":" ","purpose":"Здание"}},{"type":"Feature","id":"municipal-buildings-128399","geometry":{"type":"Polygon","coordinates":[[[71.6454821,51.1212104],[71.6454389,51.1212297],[71.645412,51.1211894],[71.6454537,51.1211784],[71.6454821,51.1212104]]]},"properties":{"name":" ","functional":" ","purpose":"Здание"}},{"type":"Feature","id":"municipal-buildings-128400","geometry":{"type":"Polygon","coordinates":[[[71.6457218,51.1210489],[71.6457623,51.1210382],[71.6458105,51.1211109],[71.6457571,51.1211249],[71.6457448,51.1211064],[71.6457589,51.1211026],[71.6457218,51.1210489]]]},"properties":{"name":" ","functional":" ","purpose":"Здание"}},{"type":"Feature","id":"municipal-buildings-128401","geometry":{"type":"Polygon","coordinates":[[[71.6454821,51.1212104],[71.6454223,51.1211287],[71.6455472,51.1210934],[71.6455862,51.1211498],[71.6456008,51.1211459],[71.6456091,51.1211614],[71.6454821,51.1212104]]]},"properties":{"name":" ","functional":" ","purpose":"Здание"}},{"type":"Feature","id":"municipal-buildings-128402","geometry":{"type":"Polygon","coordinates":[[[71.6456008,51.1211459],[71.6455862,51.1211498],[71.6455472,51.1210934],[71.6457199,51.1210462],[71.6457589,51.1211026],[71.6456008,51.1211459]]]},"properties":{"name":" ","functional":" ","purpose":"Здание"}},{"type":"Feature","id":"municipal-buildings-128403","geometry":{"type":"Polygon","coordinates":[[[71.6464133,51.1211673],[71.646341,51.121187],[71.6462685,51.1210817],[71.6463407,51.121062],[71.6464133,51.1211673]]]},"properties":{"name":" ","functional":" ","purpose":"Здание"}},{"type":"Feature","id":"municipal-buildings-128404","geometry":{"type":"Polygon","coordinates":[[[71.6463032,51.121016],[71.6462084,51.1210239],[71.6461724,51.1209661],[71.6462624,51.120944],[71.6463032,51.121016]]]},"properties":{"name":" ","functional":" ","purpose":"Здание"}},{"type":"Feature","id":"municipal-buildings-128405","geometry":{"type":"Polygon","coordinates":[[[71.6459055,51.1210784],[71.6458685,51.1210249],[71.6460181,51.120984],[71.6460664,51.121054],[71.6459809,51.1210774],[71.6459695,51.1210609],[71.6459055,51.1210784]]]},"properties":{"name":" ","functional":" ","purpose":"Здание"}},{"type":"Feature","id":"municipal-buildings-128406","geometry":{"type":"Polygon","coordinates":[[[71.6461719,51.1213965],[71.6461252,51.1214097],[71.6460872,51.1213565],[71.646134,51.1213433],[71.6461719,51.1213965]]]},"properties":{"name":" ","functional":" ","purpose":"Здание"}},{"type":"Feature","id":"municipal-buildings-128407","geometry":{"type":"Polygon","coordinates":[[[71.6467006,51.1209478],[71.6465746,51.1209813],[71.646557,51.120955],[71.646683,51.1209215],[71.6467006,51.1209478]]]},"properties":{"name":" ","functional":" ","purpose":"Здание"}},{"type":"Feature","id":"municipal-buildings-128408","geometry":{"type":"Polygon","coordinates":[[[71.6465594,51.1208254],[71.6466513,51.1207989],[71.6466872,51.1208482],[71.6465939,51.1208751],[71.6465594,51.1208254]]]},"properties":{"name":" ","functional":" ","purpose":"Здание"}},{"type":"Feature","id":"municipal-buildings-128409","geometry":{"type":"Polygon","coordinates":[[[71.6465919,51.1208723],[71.6464957,51.1209017],[71.6464585,51.1208535],[71.6465577,51.1208231],[71.6465919,51.1208723]]]},"properties":{"name":" ","functional":" ","purpose":"Здание"}},{"type":"Feature","id":"municipal-buildings-128410","geometry":{"type":"Polygon","coordinates":[[[71.6475924,51.1209789],[71.6473595,51.1210468],[71.6473319,51.1210095],[71.6475332,51.1209593],[71.647504,51.12092],[71.647541,51.1209091],[71.6475924,51.1209789]]]},"properties":{"name":" ","functional":" ","purpose":"Здание"}},{"type":"Feature","id":"municipal-buildings-128411","geometry":{"type":"Polygon","coordinates":[[[71.6477024,51.1209626],[71.6476034,51.1209871],[71.6475616,51.1209201],[71.6476606,51.1208957],[71.6477024,51.1209626]]]},"properties":{"name":" ","functional":" ","purpose":"Здание"}},{"type":"Feature","id":"municipal-buildings-128412","geometry":{"type":"Polygon","coordinates":[[[71.6474146,51.1207124],[71.6473471,51.1207289],[71.6473083,51.1206658],[71.6473758,51.1206493],[71.6474146,51.1207124]]]},"properties":{"name":" ","functional":" ","purpose":"Здание"}},{"type":"Feature","id":"municipal-buildings-128413","geometry":{"type":"Polygon","coordinates":[[[71.6472915,51.1206997],[71.6472587,51.120708],[71.6472417,51.1206814],[71.6472744,51.1206731],[71.6472915,51.1206997]]]},"properties":{"name":" ","functional":" ","purpose":"Здание"}},{"type":"Feature","id":"municipal-buildings-128414","geometry":{"type":"Polygon","coordinates":[[[71.6474321,51.1206294],[71.6473683,51.1206457],[71.6473362,51.1205958],[71.6474,51.1205796],[71.6474321,51.1206294]]]},"properties":{"name":" ","functional":" ","purpose":"Здание"}},{"type":"Feature","id":"municipal-buildings-128415","geometry":{"type":"Polygon","coordinates":[[[71.6471205,51.1206266],[71.6470421,51.1206552],[71.647018,51.1206196],[71.6471007,51.1205974],[71.6471205,51.1206266]]]},"properties":{"name":" ","functional":" ","purpose":"Здание"}},{"type":"Feature","id":"municipal-buildings-128416","geometry":{"type":"Polygon","coordinates":[[[71.6470767,51.1205525],[71.6469847,51.1205757],[71.6468867,51.1204217],[71.6469787,51.1203985],[71.6470767,51.1205525]]]},"properties":{"name":" ","functional":" ","purpose":"Частный дом"}},{"type":"Feature","id":"municipal-buildings-128417","geometry":{"type":"Polygon","coordinates":[[[71.6470172,51.1206414],[71.6470577,51.1206978],[71.6468906,51.1207424],[71.6468553,51.1206854],[71.646935,51.1206637],[71.646908,51.1206238],[71.6469895,51.1206029],[71.6470172,51.1206414]]]},"properties":{"name":" ","functional":" ","purpose":"Здание"}},{"type":"Feature","id":"municipal-buildings-128418","geometry":{"type":"Polygon","coordinates":[[[71.6466789,51.1206264],[71.6467327,51.1207038],[71.6466402,51.1207293],[71.6465197,51.1205562],[71.6466009,51.1205338],[71.6466658,51.1206299],[71.6466789,51.1206264]]]},"properties":{"name":" ","functional":"Частные дома","purpose":"Здание"}},{"type":"Feature","id":"municipal-buildings-128419","geometry":{"type":"Polygon","coordinates":[[[71.6465044,51.1205605],[71.6466248,51.1207352],[71.6465296,51.1207611],[71.6463956,51.1205667],[71.6464908,51.1205407],[71.6465044,51.1205605]]]},"properties":{"name":" ","functional":" ","purpose":"Здание"}},{"type":"Feature","id":"municipal-buildings-128420","geometry":{"type":"Polygon","coordinates":[[[71.6461228,51.1209439],[71.6459604,51.1209835],[71.6458859,51.1208579],[71.6459953,51.1208316],[71.6460119,51.1208607],[71.6460697,51.120848],[71.6461228,51.1209439]]]},"properties":{"name":" ","functional":" ","purpose":"Здание"}},{"type":"Feature","id":"municipal-buildings-128421","geometry":{"type":"Polygon","coordinates":[[[71.6460538,51.1207486],[71.6459277,51.120788],[71.6458921,51.120743],[71.6460183,51.1207036],[71.6460538,51.1207486]]]},"properties":{"name":" ","functional":" ","purpose":"Здание"}},{"type":"Feature","id":"municipal-buildings-128422","geometry":{"type":"Polygon","coordinates":[[[71.6457178,51.1210449],[71.6455367,51.1210892],[71.6454992,51.1210284],[71.6456803,51.1209842],[71.6457178,51.1210449]]]},"properties":{"name":" ","functional":" ","purpose":"Здание"}},{"type":"Feature","id":"municipal-buildings-128423","geometry":{"type":"Polygon","coordinates":[[[71.6453914,51.12053],[71.6452498,51.1205689],[71.6452327,51.1205443],[71.6453743,51.1205054],[71.6453914,51.12053]]]},"properties":{"name":" ","functional":" ","purpose":"Здание"}},{"type":"Feature","id":"municipal-buildings-128424","geometry":{"type":"Polygon","coordinates":[[[71.6457601,51.1206252],[71.6456749,51.1206465],[71.6455917,51.1205146],[71.6456769,51.1204933],[71.6457601,51.1206252]]]},"properties":{"name":" ","functional":" ","purpose":"Здание"}},{"type":"Feature","id":"municipal-buildings-128425","geometry":{"type":"Polygon","coordinates":[[[71.6451639,51.1203208],[71.6448838,51.1203985],[71.6448544,51.1203564],[71.6451163,51.1202837],[71.6451639,51.1203208]]]},"properties":{"name":" ","functional":" ","purpose":"Здание"}},{"type":"Feature","id":"municipal-buildings-128426","geometry":{"type":"Polygon","coordinates":[[[71.6457254,51.1204578],[71.6456504,51.1204762],[71.6456006,51.1203952],[71.6456755,51.1203767],[71.6457254,51.1204578]]]},"properties":{"name":" ","functional":" ","purpose":"Здание"}},{"type":"Feature","id":"municipal-buildings-128427","geometry":{"type":"Polygon","coordinates":[[[71.6458854,51.1203699],[71.6457721,51.1203993],[71.6457412,51.120352],[71.6456157,51.1203849],[71.6455356,51.1202716],[71.6457743,51.120208],[71.6458854,51.1203699]]]},"properties":{"name":" ","functional":" ","purpose":"Здание"}},{"type":"Feature","id":"municipal-buildings-128428","geometry":{"type":"Polygon","coordinates":[[[71.6466736,51.1203746],[71.6465877,51.1203958],[71.6465303,51.1203035],[71.6466162,51.1202823],[71.6466736,51.1203746]]]},"properties":{"name":" ","functional":" ","purpose":"Здание"}},{"type":"Feature","id":"municipal-buildings-128429","geometry":{"type":"Polygon","coordinates":[[[71.6465208,51.1202181],[71.6464779,51.1202295],[71.6463837,51.1200915],[71.6464714,51.1200681],[71.6465656,51.1202061],[71.6465208,51.1202181]]]},"properties":{"name":" ","functional":" ","purpose":"Здание"}},{"type":"Feature","id":"municipal-buildings-128430","geometry":{"type":"Polygon","coordinates":[[[71.6465208,51.1202181],[71.646552,51.1202572],[71.6465106,51.1202703],[71.6464795,51.1202311],[71.6465208,51.1202181]]]},"properties":{"name":" ","functional":" ","purpose":"Здание"}},{"type":"Feature","id":"municipal-buildings-128431","geometry":{"type":"Polygon","coordinates":[[[71.6466917,51.1200473],[71.6466663,51.1200071],[71.6465403,51.1200387],[71.646504,51.1199809],[71.6468771,51.1198926],[71.6469361,51.1199863],[71.6466917,51.1200473]]]},"properties":{"name":" ","functional":" ","purpose":"Здание"}},{"type":"Feature","id":"municipal-buildings-128432","geometry":{"type":"Polygon","coordinates":[[[71.6461102,51.1198646],[71.6460508,51.1198796],[71.6459769,51.1197633],[71.6460363,51.1197483],[71.6461102,51.1198646]]]},"properties":{"name":" ","functional":" ","purpose":"Частный дом"}},{"type":"Feature","id":"municipal-buildings-128433","geometry":{"type":"Polygon","coordinates":[[[71.6454055,51.1200666],[71.6452927,51.1199086],[71.6453568,51.1198917],[71.6454628,51.1200515],[71.6454055,51.1200666]]]},"properties":{"name":" ","functional":" ","purpose":"Здание"}},{"type":"Feature","id":"municipal-buildings-128434","geometry":{"type":"Polygon","coordinates":[[[71.6454494,51.120055],[71.6454816,51.1201065],[71.6454374,51.1201175],[71.6454055,51.1200666],[71.6454494,51.120055]]]},"properties":{"name":" ","functional":" ","purpose":"Здание"}},{"type":"Feature","id":"municipal-buildings-128435","geometry":{"type":"Polygon","coordinates":[[[71.6461443,51.1192772],[71.6460639,51.1192998],[71.6460079,51.1192113],[71.6460896,51.1191909],[71.6461443,51.1192772]]]},"properties":{"name":" ","functional":" ","purpose":"Здание"}},{"type":"Feature","id":"municipal-buildings-128436","geometry":{"type":"Polygon","coordinates":[[[71.6450604,51.1196658],[71.6449979,51.1196798],[71.6449713,51.1196328],[71.6450339,51.1196188],[71.6450604,51.1196658]]]},"properties":{"name":" ","functional":" ","purpose":"Частный дом"}},{"type":"Feature","id":"municipal-buildings-128437","geometry":{"type":"Polygon","coordinates":[[[71.645158,51.1195035],[71.6452672,51.1194761],[71.6453111,51.1195454],[71.6452019,51.1195728],[71.645158,51.1195035]]]},"properties":{"name":" ","functional":" ","purpose":"Здание"}},{"type":"Feature","id":"municipal-buildings-128438","geometry":{"type":"Polygon","coordinates":[[[71.6451892,51.1195528],[71.6450278,51.1195954],[71.6449945,51.1195453],[71.645158,51.1195035],[71.6451892,51.1195528]]]},"properties":{"name":" ","functional":" ","purpose":"Здание"}},{"type":"Feature","id":"municipal-buildings-128439","geometry":{"type":"Polygon","coordinates":[[[71.6462452,51.1193406],[71.6461609,51.1193626],[71.6461333,51.1193207],[71.6462175,51.1192987],[71.6462452,51.1193406]]]},"properties":{"name":" ","functional":" ","purpose":"Здание"}},{"type":"Feature","id":"municipal-buildings-128440","geometry":{"type":"Polygon","coordinates":[[[71.6455368,51.1193388],[71.6453114,51.1194036],[71.6452461,51.1193124],[71.6454661,51.119246],[71.6455368,51.1193388]]]},"properties":{"name":" ","functional":" ","purpose":"Здание"}},{"type":"Feature","id":"municipal-buildings-128441","geometry":{"type":"Polygon","coordinates":[[[71.645675,51.119229],[71.6456135,51.1192468],[71.6455758,51.1191951],[71.6456373,51.1191774],[71.645675,51.119229]]]},"properties":{"name":" ","functional":" ","purpose":"Здание"}},{"type":"Feature","id":"municipal-buildings-128442","geometry":{"type":"Polygon","coordinates":[[[71.6460633,51.1190553],[71.6459804,51.119075],[71.6459106,51.1189589],[71.6459935,51.1189392],[71.6460633,51.1190553]]]},"properties":{"name":" ","functional":" ","purpose":"Здание"}},{"type":"Feature","id":"municipal-buildings-128443","geometry":{"type":"Polygon","coordinates":[[[71.6460062,51.119118],[71.6460267,51.1191531],[71.6459372,51.1191738],[71.6459168,51.1191387],[71.6460062,51.119118]]]},"properties":{"name":" ","functional":" ","purpose":"Здание"}},{"type":"Feature","id":"municipal-buildings-128444","geometry":{"type":"Polygon","coordinates":[[[71.6460633,51.1190553],[71.646103,51.1191215],[71.6460201,51.1191412],[71.6459804,51.119075],[71.6460633,51.1190553]]]},"properties":{"name":" ","functional":" ","purpose":"Здание"}},{"type":"Feature","id":"municipal-buildings-128445","geometry":{"type":"Polygon","coordinates":[[[71.6460062,51.119118],[71.6459282,51.1191361],[71.64584,51.1189893],[71.6459178,51.1189708],[71.6460062,51.119118]]]},"properties":{"name":" ","functional":" ","purpose":"Здание"}},{"type":"Feature","id":"municipal-buildings-128446","geometry":{"type":"Polygon","coordinates":[[[71.6450448,51.1193098],[71.6449176,51.1193372],[71.6448868,51.1192806],[71.645014,51.1192532],[71.6450448,51.1193098]]]},"properties":{"name":" ","functional":" ","purpose":"Здание"}},{"type":"Feature","id":"municipal-buildings-128447","geometry":{"type":"Polygon","coordinates":[[[71.6443653,51.118945],[71.6443007,51.1189626],[71.6442329,51.1188624],[71.6443561,51.1188296],[71.6444227,51.1189288],[71.6443653,51.118945]]]},"properties":{"name":" ","functional":" ","purpose":"Здание"}},{"type":"Feature","id":"municipal-buildings-128448","geometry":{"type":"Polygon","coordinates":[[[71.64442,51.1189295],[71.6444495,51.1189731],[71.6443943,51.1189879],[71.6443653,51.118945],[71.64442,51.1189295]]]},"properties":{"name":" ","functional":" ","purpose":"Здание"}},{"type":"Feature","id":"municipal-buildings-128449","geometry":{"type":"Polygon","coordinates":[[[71.6447505,51.1185966],[71.6446108,51.1186319],[71.644583,51.1185883],[71.6447227,51.118553],[71.6447505,51.1185966]]]},"properties":{"name":" ","functional":" ","purpose":"Здание"}},{"type":"Feature","id":"municipal-buildings-128450","geometry":{"type":"Polygon","coordinates":[[[71.6449253,51.1185149],[71.6448063,51.1185448],[71.6447719,51.1184907],[71.644891,51.1184608],[71.6449253,51.1185149]]]},"properties":{"name":" ","functional":" ","purpose":"Здание"}},{"type":"Feature","id":"municipal-buildings-128451","geometry":{"type":"Polygon","coordinates":[[[71.6451686,51.1184308],[71.645223,51.118517],[71.645051,51.11856],[71.6449709,51.1184332],[71.6451429,51.1183902],[71.6451686,51.1184308]]]},"properties":{"name":" ","functional":" ","purpose":"Здание"}},{"type":"Feature","id":"municipal-buildings-128452","geometry":{"type":"Polygon","coordinates":[[[71.6451686,51.1184308],[71.6453361,51.118385],[71.6453716,51.1184366],[71.6453315,51.1184476],[71.6453452,51.1184676],[71.6452506,51.1184934],[71.6452369,51.1184735],[71.6452042,51.1184824],[71.6451686,51.1184308]]]},"properties":{"name":" ","functional":" ","purpose":"Здание"}},{"type":"Feature","id":"municipal-buildings-128453","geometry":{"type":"Polygon","coordinates":[[[71.6457165,51.11861],[71.6456376,51.1186293],[71.6455896,51.1185513],[71.6456685,51.1185321],[71.6457165,51.11861]]]},"properties":{"name":" ","functional":" ","purpose":"Здание"}},{"type":"Feature","id":"municipal-buildings-128454","geometry":{"type":"Polygon","coordinates":[[[71.645507,51.118414],[71.6455833,51.1183963],[71.6455966,51.1184191],[71.6456485,51.1184071],[71.6456847,51.1184692],[71.6455505,51.1185002],[71.645507,51.118414]]]},"properties":{"name":" ","functional":" ","purpose":"Здание"}},{"type":"Feature","id":"municipal-buildings-128455","geometry":{"type":"Polygon","coordinates":[[[71.6455011,51.1184154],[71.6454259,51.1184336],[71.6453892,51.1183735],[71.6456433,51.1183121],[71.64568,51.1183721],[71.6455011,51.1184154]]]},"properties":{"name":" ","functional":" ","purpose":"Здание"}},{"type":"Feature","id":"municipal-buildings-128456","geometry":{"type":"Polygon","coordinates":[[[71.6454526,51.1182751],[71.645357,51.1182997],[71.6453401,51.1182736],[71.6454357,51.118249],[71.6454526,51.1182751]]]},"properties":{"name":" ","functional":" ","purpose":"Здание"}},{"type":"Feature","id":"municipal-buildings-128457","geometry":{"type":"Polygon","coordinates":[[[71.6455558,51.1182585],[71.6454756,51.1182806],[71.6454507,51.1182447],[71.6455309,51.1182226],[71.6455558,51.1182585]]]},"properties":{"name":" ","functional":" ","purpose":"Здание"}},{"type":"Feature","id":"municipal-buildings-128458","geometry":{"type":"Polygon","coordinates":[[[71.6458808,51.1181381],[71.6458364,51.1181487],[71.6458099,51.1181045],[71.6458529,51.1180943],[71.6458808,51.1181381]]]},"properties":{"name":" ","functional":" ","purpose":"Здание"}},{"type":"Feature","id":"municipal-buildings-128459","geometry":{"type":"Polygon","coordinates":[[[71.6453153,51.1181475],[71.6452598,51.1180658],[71.645357,51.1180423],[71.6454074,51.1181252],[71.6453153,51.1181475]]]},"properties":{"name":" ","functional":" ","purpose":"Здание"}},{"type":"Feature","id":"municipal-buildings-128460","geometry":{"type":"Polygon","coordinates":[[[71.6453153,51.1181475],[71.6453533,51.1182067],[71.6452709,51.1182277],[71.6452306,51.118165],[71.6453153,51.1181475]]]},"properties":{"name":" ","functional":" ","purpose":"Здание"}},{"type":"Feature","id":"municipal-buildings-128461","geometry":{"type":"Polygon","coordinates":[[[71.6451343,51.1182211],[71.6450725,51.1182338],[71.6450448,51.1181804],[71.6451066,51.1181677],[71.6451343,51.1182211]]]},"properties":{"name":" ","functional":" ","purpose":"Здание"}},{"type":"Feature","id":"municipal-buildings-128462","geometry":{"type":"Polygon","coordinates":[[[71.6450137,51.1182674],[71.6448378,51.1183054],[71.644795,51.1182271],[71.6449709,51.118189],[71.6450137,51.1182674]]]},"properties":{"name":" ","functional":" ","purpose":"Здание"}},{"type":"Feature","id":"municipal-buildings-128463","geometry":{"type":"Polygon","coordinates":[[[71.6450137,51.1182674],[71.6450566,51.1183305],[71.6449714,51.1183561],[71.6449266,51.1182908],[71.6450137,51.1182674]]]},"properties":{"name":" ","functional":" ","purpose":"Здание"}},{"type":"Feature","id":"municipal-buildings-128464","geometry":{"type":"Polygon","coordinates":[[[71.6448463,51.1183902],[71.6447956,51.1184048],[71.6447496,51.1183245],[71.6447997,51.1183161],[71.6448463,51.1183902]]]},"properties":{"name":" ","functional":" ","purpose":"Здание"}},{"type":"Feature","id":"municipal-buildings-128465","geometry":{"type":"Polygon","coordinates":[[[71.6443308,51.1182381],[71.6443993,51.1183698],[71.6442593,51.1183986],[71.6441906,51.1182664],[71.6443308,51.1182381]]]},"properties":{"name":" ","functional":" ","purpose":"Здание"}},{"type":"Feature","id":"municipal-buildings-128466","geometry":{"type":"Polygon","coordinates":[[[71.6447177,51.1184174],[71.6445711,51.1184552],[71.6445249,51.1183841],[71.6446715,51.1183463],[71.6447177,51.1184174]]]},"properties":{"name":" ","functional":" ","purpose":"Здание"}},{"type":"Feature","id":"municipal-buildings-128467","geometry":{"type":"Polygon","coordinates":[[[71.6443373,51.1185458],[71.6442041,51.1185837],[71.6441629,51.1185264],[71.644297,51.1184897],[71.6443373,51.1185458]]]},"properties":{"name":" ","functional":" ","purpose":"Здание"}},{"type":"Feature","id":"municipal-buildings-128468","geometry":{"type":"Polygon","coordinates":[[[71.6443401,51.1177338],[71.6442962,51.1177488],[71.6442736,51.1177227],[71.6443175,51.1177076],[71.6443401,51.1177338]]]},"properties":{"name":" ","functional":" ","purpose":"Здание"}},{"type":"Feature","id":"municipal-buildings-128469","geometry":{"type":"Polygon","coordinates":[[[71.6440274,51.1177461],[71.6439825,51.1176906],[71.6442401,51.1176085],[71.6443151,51.1177051],[71.6442672,51.117719],[71.6442379,51.117679],[71.6440274,51.1177461]]]},"properties":{"name":" ","functional":" ","purpose":"Здание"}},{"type":"Feature","id":"municipal-buildings-128470","geometry":{"type":"Polygon","coordinates":[[[71.6447759,51.1176023],[71.644675,51.1176294],[71.6446544,51.1176005],[71.6445835,51.1176212],[71.6445214,51.1175318],[71.6447818,51.1174709],[71.6448614,51.1175712],[71.6447759,51.1176023]]]},"properties":{"name":" ","functional":" ","purpose":"Здание"}},{"type":"Feature","id":"municipal-buildings-128471","geometry":{"type":"Polygon","coordinates":[[[71.6444801,51.1175953],[71.6444375,51.1176075],[71.644407,51.1175654],[71.6444496,51.1175532],[71.6444801,51.1175953]]]},"properties":{"name":" ","functional":" ","purpose":"Здание"}},{"type":"Feature","id":"municipal-buildings-128472","geometry":{"type":"Polygon","coordinates":[[[71.6450236,51.1175218],[71.6449379,51.1175389],[71.6449051,51.1174874],[71.6449877,51.1174665],[71.6450236,51.1175218]]]},"properties":{"name":" ","functional":" ","purpose":"Здание"}},{"type":"Feature","id":"municipal-buildings-128473","geometry":{"type":"Polygon","coordinates":[[[71.6447504,51.117375],[71.6446088,51.1174085],[71.6445727,51.1173483],[71.6447143,51.1173148],[71.6447504,51.117375]]]},"properties":{"name":" ","functional":" ","purpose":"Здание"}},{"type":"Feature","id":"municipal-buildings-128474","geometry":{"type":"Polygon","coordinates":[[[71.644662,51.1174384],[71.6446287,51.1174458],[71.6446155,51.1174225],[71.6446488,51.1174151],[71.644662,51.1174384]]]},"properties":{"name":" ","functional":" ","purpose":"Здание"}},{"type":"Feature","id":"municipal-buildings-128475","geometry":{"type":"Polygon","coordinates":[[[71.6446141,51.1174284],[71.6445303,51.1174475],[71.6444851,51.117369],[71.6445689,51.1173499],[71.6446141,51.1174284]]]},"properties":{"name":" ","functional":" ","purpose":"Здание"}},{"type":"Feature","id":"municipal-buildings-128476","geometry":{"type":"Polygon","coordinates":[[[71.6443968,51.117391],[71.6443378,51.1174004],[71.6443189,51.1173533],[71.6443779,51.1173439],[71.6443968,51.117391]]]},"properties":{"name":" ","functional":" ","purpose":"Здание"}},{"type":"Feature","id":"municipal-buildings-128477","geometry":{"type":"Polygon","coordinates":[[[71.6437604,51.1174918],[71.6437067,51.1175024],[71.6436937,51.1174764],[71.6437474,51.1174658],[71.6437604,51.1174918]]]},"properties":{"name":" ","functional":" ","purpose":"Здание"}},{"type":"Feature","id":"municipal-buildings-128478","geometry":{"type":"Polygon","coordinates":[[[71.643765,51.1176695],[71.6437178,51.1176765],[71.6436994,51.1176271],[71.6437466,51.1176201],[71.643765,51.1176695]]]},"properties":{"name":" ","functional":" ","purpose":"Здание"}},{"type":"Feature","id":"municipal-buildings-128479","geometry":{"type":"Polygon","coordinates":[[[71.6439038,51.1175668],[71.6438978,51.1175542],[71.6438401,51.117565],[71.6437905,51.1174606],[71.6440145,51.1174185],[71.6440461,51.1174849],[71.6440096,51.1174918],[71.6440336,51.1175423],[71.6439038,51.1175668]]]},"properties":{"name":" ","functional":" ","purpose":"Здание"}},{"type":"Feature","id":"municipal-buildings-128480","geometry":{"type":"Polygon","coordinates":[[[71.6448582,51.116852],[71.6447993,51.1168734],[71.6447388,51.1168075],[71.6447978,51.1167861],[71.6448582,51.116852]]]},"properties":{"name":" ","functional":" ","purpose":"Здание"}},{"type":"Feature","id":"municipal-buildings-128481","geometry":{"type":"Polygon","coordinates":[[[71.6478377,51.1182181],[71.6477108,51.1182505],[71.6476842,51.1182091],[71.6478111,51.1181767],[71.6478377,51.1182181]]]},"properties":{"name":" ","functional":" ","purpose":"Здание"}},{"type":"Feature","id":"municipal-buildings-128482","geometry":{"type":"Polygon","coordinates":[[[71.6492097,51.1176193],[71.6491132,51.117643],[71.6490843,51.1175961],[71.6491808,51.1175725],[71.6492097,51.1176193]]]},"properties":{"name":" ","functional":" ","purpose":"Здание"}},{"type":"Feature","id":"municipal-buildings-128483","geometry":{"type":"Polygon","coordinates":[[[71.6490606,51.1176548],[71.6489669,51.1176781],[71.6489383,51.1176324],[71.649032,51.1176091],[71.6490606,51.1176548]]]},"properties":{"name":" ","functional":" ","purpose":"Здание"}},{"type":"Feature","id":"municipal-buildings-128484","geometry":{"type":"Polygon","coordinates":[[[71.6491665,51.1175299],[71.6489194,51.117592],[71.6488509,51.1174842],[71.6490981,51.1174221],[71.6491665,51.1175299]]]},"properties":{"name":" ","functional":" ","purpose":"Здание"}},{"type":"Feature","id":"municipal-buildings-128485","geometry":{"type":"Polygon","coordinates":[[[71.6490873,51.1174048],[71.6488398,51.1174677],[71.6487705,51.1173595],[71.649018,51.1172966],[71.6490873,51.1174048]]]},"properties":{"name":" ","functional":" ","purpose":"Здание"}},{"type":"Feature","id":"municipal-buildings-128486","geometry":{"type":"Polygon","coordinates":[[[71.6494883,51.1173813],[71.6493566,51.1174149],[71.6492833,51.1173035],[71.6494151,51.1172678],[71.6494883,51.1173813]]]},"properties":{"name":" ","functional":" ","purpose":"Здание"}},{"type":"Feature","id":"municipal-buildings-128487","geometry":{"type":"Polygon","coordinates":[[[71.6492775,51.1169514],[71.6492168,51.1169683],[71.6491842,51.1169222],[71.649245,51.1169053],[71.6492775,51.1169514]]]},"properties":{"name":" ","functional":" ","purpose":"Здание"}},{"type":"Feature","id":"municipal-buildings-128488","geometry":{"type":"Polygon","coordinates":[[[71.6498002,51.1175186],[71.6497465,51.1175311],[71.6497243,51.1174953],[71.6497781,51.1174828],[71.6498002,51.1175186]]]},"properties":{"name":" ","functional":" ","purpose":"Здание"}},{"type":"Feature","id":"municipal-buildings-128489","geometry":{"type":"Polygon","coordinates":[[[71.6428766,51.1157767],[71.642815,51.1157826],[71.6428018,51.1157269],[71.6428633,51.1157211],[71.6428766,51.1157767]]]},"properties":{"name":" ","functional":" ","purpose":"Здание"}},{"type":"Feature","id":"municipal-buildings-128490","geometry":{"type":"Polygon","coordinates":[[[71.6430022,51.1148537],[71.6429619,51.1148653],[71.6429316,51.1148235],[71.6429719,51.1148119],[71.6430022,51.1148537]]]},"properties":{"name":" ","functional":" ","purpose":"Здание"}},{"type":"Feature","id":"municipal-buildings-128491","geometry":{"type":"Polygon","coordinates":[[[71.6431569,51.1147789],[71.6430751,51.1148057],[71.6430442,51.1147684],[71.643126,51.1147416],[71.6431569,51.1147789]]]},"properties":{"name":" ","functional":" ","purpose":"Здание"}},{"type":"Feature","id":"municipal-buildings-128492","geometry":{"type":"Polygon","coordinates":[[[71.6431398,51.1147582],[71.6432077,51.1147355],[71.6432251,51.114756],[71.6431569,51.1147789],[71.6431398,51.1147582]]]},"properties":{"name":" ","functional":" ","purpose":"Здание"}},{"type":"Feature","id":"municipal-buildings-128493","geometry":{"type":"Polygon","coordinates":[[[71.6452992,51.1159713],[71.6452859,51.1159483],[71.6452483,51.1159572],[71.6451914,51.1158576],[71.6453146,51.115829],[71.6453389,51.1158672],[71.6453635,51.1158626],[71.6453963,51.1159223],[71.645373,51.1159278],[71.6453847,51.1159485],[71.6452992,51.1159713]]]},"properties":{"name":" ","functional":" ","purpose":"Здание"}},{"type":"Feature","id":"municipal-buildings-128494","geometry":{"type":"Polygon","coordinates":[[[71.6449682,51.1156272],[71.6449433,51.1155849],[71.6449781,51.1155765],[71.644967,51.1155505],[71.6450974,51.1155258],[71.6451132,51.1155607],[71.6452452,51.1155291],[71.6452625,51.1155608],[71.6451253,51.1155971],[71.645144,51.115639],[71.6450714,51.1156544],[71.6450457,51.1156095],[71.6449682,51.1156272]]]},"properties":{"name":" ","functional":" ","purpose":"Здание"}},{"type":"Feature","id":"municipal-buildings-128495","geometry":{"type":"Polygon","coordinates":[[[71.6450122,51.1156174],[71.6450344,51.1156535],[71.6449136,51.1156842],[71.6448906,51.1156469],[71.6450122,51.1156174]]]},"properties":{"name":" ","functional":" ","purpose":"Здание"}},{"type":"Feature","id":"municipal-buildings-128496","geometry":{"type":"Polygon","coordinates":[[[71.6449955,51.1153628],[71.6448772,51.1153919],[71.6448568,51.1153544],[71.644834,51.1153582],[71.644782,51.1152736],[71.645017,51.1152197],[71.6450415,51.1152618],[71.6449518,51.1152825],[71.6449955,51.1153628]]]},"properties":{"name":" ","functional":" ","purpose":"Здание"}},{"type":"Feature","id":"municipal-buildings-128497","geometry":{"type":"Polygon","coordinates":[[[71.6450168,51.1150494],[71.6450411,51.1150916],[71.6449006,51.1151236],[71.6448521,51.115039],[71.6449926,51.1150071],[71.6450168,51.1150494]]]},"properties":{"name":" ","functional":" ","purpose":"Здание"}},{"type":"Feature","id":"municipal-buildings-128498","geometry":{"type":"Polygon","coordinates":[[[71.6447665,51.1150734],[71.6446954,51.1150883],[71.6446713,51.1150426],[71.6447424,51.1150277],[71.6447665,51.1150734]]]},"properties":{"name":" ","functional":" ","purpose":"Здание"}},{"type":"Feature","id":"municipal-buildings-128499","geometry":{"type":"Polygon","coordinates":[[[71.6451173,51.1152722],[71.6451421,51.1153071],[71.6450872,51.1153225],[71.6450524,51.1152734],[71.6451073,51.115258],[71.6451173,51.1152722]]]},"properties":{"name":" ","functional":" ","purpose":"Здание"}},{"type":"Feature","id":"municipal-buildings-128500","geometry":{"type":"Polygon","coordinates":[[[71.6449058,51.1148669],[71.6449641,51.1149705],[71.6447471,51.1150216],[71.644681,51.1149125],[71.6448954,51.1148484],[71.6449058,51.1148669]]]},"properties":{"name":" ","functional":" ","purpose":"Здание"}},{"type":"Feature","id":"municipal-buildings-128501","geometry":{"type":"Polygon","coordinates":[[[71.6448964,51.1147891],[71.6446553,51.1148446],[71.6446263,51.1147946],[71.6448768,51.114737],[71.6448964,51.1147891]]]},"properties":{"name":" ","functional":" ","purpose":"Здание"}},{"type":"Feature","id":"municipal-buildings-128502","geometry":{"type":"Polygon","coordinates":[[[71.6443209,51.1148748],[71.6441882,51.1149113],[71.6441439,51.1148375],[71.6442808,51.1148068],[71.6443209,51.1148748]]]},"properties":{"name":" ","functional":" ","purpose":"Здание"}},{"type":"Feature","id":"municipal-buildings-128503","geometry":{"type":"Polygon","coordinates":[[[71.6445336,51.1146495],[71.6443113,51.1147007],[71.6442764,51.11464],[71.6445107,51.1145861],[71.6445459,51.1146467],[71.6445336,51.1146495]]]},"properties":{"name":" ","functional":" ","purpose":"Здание"}},{"type":"Feature","id":"municipal-buildings-128504","geometry":{"type":"Polygon","coordinates":[[[71.6444342,51.1146036],[71.6443966,51.1145368],[71.6446003,51.1144922],[71.6445886,51.1144711],[71.6447539,51.1144349],[71.6448559,51.114594],[71.6445408,51.1146626],[71.6445336,51.1146495],[71.6445459,51.1146467],[71.6445107,51.1145861],[71.6444342,51.1146036]]]},"properties":{"name":" ","functional":" ","purpose":"Здание"}},{"type":"Feature","id":"municipal-buildings-128505","geometry":{"type":"Polygon","coordinates":[[[71.6446947,51.1143059],[71.6445277,51.1143526],[71.6444547,51.1142495],[71.644671,51.1141986],[71.6447218,51.1142718],[71.6446913,51.1142802],[71.6447061,51.1143029],[71.6446947,51.1143059]]]},"properties":{"name":" ","functional":" ","purpose":"Здание"}},{"type":"Feature","id":"municipal-buildings-128506","geometry":{"type":"Polygon","coordinates":[[[71.6444582,51.1140932],[71.6445183,51.1141792],[71.6443864,51.1142157],[71.6443202,51.1141209],[71.6444412,51.1140874],[71.6444582,51.1140932]]]},"properties":{"name":" ","functional":" ","purpose":"Здание"}},{"type":"Feature","id":"municipal-buildings-128507","geometry":{"type":"Polygon","coordinates":[[[71.6440998,51.1142244],[71.6440505,51.1142414],[71.6440155,51.1142011],[71.6440558,51.1141738],[71.6440998,51.1142244]]]},"properties":{"name":" ","functional":" ","purpose":"Здание"}},{"type":"Feature","id":"municipal-buildings-128508","geometry":{"type":"Polygon","coordinates":[[[71.644671,51.1141986],[71.6446133,51.1142171],[71.6445748,51.1141696],[71.6448165,51.1140931],[71.6448168,51.1141518],[71.644671,51.1141986]]]},"properties":{"name":" ","functional":" ","purpose":"Здание"}},{"type":"Feature","id":"municipal-buildings-128509","geometry":{"type":"Polygon","coordinates":[[[71.644713,51.1142592],[71.6448154,51.1142325],[71.6448183,51.1142855],[71.6447014,51.114316],[71.6446913,51.1142802],[71.6447218,51.1142718],[71.644713,51.1142592]]]},"properties":{"name":" ","functional":" ","purpose":"Здание"}},{"type":"Feature","id":"municipal-buildings-128510","geometry":{"type":"Polygon","coordinates":[[[71.6445467,51.1139987],[71.6444701,51.1140973],[71.6443881,51.1140694],[71.644471,51.113973],[71.6445467,51.1139987]]]},"properties":{"name":" ","functional":" ","purpose":"Здание"}},{"type":"Feature","id":"municipal-buildings-128511","geometry":{"type":"Polygon","coordinates":[[[71.6445467,51.1139987],[71.644478,51.1139742],[71.6444984,51.1139506],[71.6445676,51.1139721],[71.6445467,51.1139987]]]},"properties":{"name":" ","functional":" ","purpose":"Здание"}},{"type":"Feature","id":"municipal-buildings-128512","geometry":{"type":"Polygon","coordinates":[[[71.6445813,51.113919],[71.6445489,51.1139612],[71.6444683,51.1139366],[71.6445007,51.1138944],[71.6445813,51.113919]]]},"properties":{"name":" ","functional":" ","purpose":"Здание"}},{"type":"Feature","id":"municipal-buildings-128513","geometry":{"type":"Polygon","coordinates":[[[71.6448118,51.1140945],[71.6447536,51.114113],[71.6447323,51.1140864],[71.6447905,51.114068],[71.6448118,51.1140945]]]},"properties":{"name":" ","functional":" ","purpose":"Здание"}},{"type":"Feature","id":"municipal-buildings-128514","geometry":{"type":"Polygon","coordinates":[[[71.6447502,51.113854],[71.6446617,51.1138742],[71.6447232,51.1138025],[71.6447502,51.113854]]]},"properties":{"name":" ","functional":" ","purpose":"Здание"}},{"type":"Feature","id":"municipal-buildings-128515","geometry":{"type":"Polygon","coordinates":[[[71.6454152,51.1135107],[71.6454675,51.11359],[71.6452465,51.1136478],[71.6451941,51.1135684],[71.6452275,51.1135597],[71.6452035,51.1135234],[71.6453912,51.1134743],[71.6454152,51.1135107]]]},"properties":{"name":" ","functional":" ","purpose":"Здание"}},{"type":"Feature","id":"municipal-buildings-128516","geometry":{"type":"Polygon","coordinates":[[[71.645518,51.1137731],[71.6455433,51.1138091],[71.6453989,51.1138493],[71.6453618,51.1137966],[71.6455062,51.1137563],[71.645518,51.1137731]]]},"properties":{"name":" ","functional":" ","purpose":"Здание"}},{"type":"Feature","id":"municipal-buildings-128517","geometry":{"type":"Polygon","coordinates":[[[71.6455138,51.1139931],[71.6454166,51.1138729],[71.6456234,51.1138142],[71.6456307,51.1138244],[71.6457241,51.113798],[71.645732,51.1138091],[71.6458505,51.1137759],[71.6459216,51.1138766],[71.6458537,51.1138956],[71.6458358,51.1138704],[71.6457857,51.1138845],[71.6458046,51.1139109],[71.6455138,51.1139931]]]},"properties":{"name":" ","functional":" ","purpose":"Здание"}},{"type":"Feature","id":"municipal-buildings-128518","geometry":{"type":"Polygon","coordinates":[[[71.6460458,51.1139302],[71.6457955,51.1140005],[71.6457599,51.1139512],[71.6460103,51.1138809],[71.6460458,51.1139302]]]},"properties":{"name":" ","functional":" ","purpose":"Частный дом"}},{"type":"Feature","id":"municipal-buildings-128519","geometry":{"type":"Polygon","coordinates":[[[71.6456286,51.1142361],[71.6455257,51.1142666],[71.6454538,51.114164],[71.6455573,51.1141333],[71.6456286,51.1142361]]]},"properties":{"name":" ","functional":" ","purpose":"Здание"}},{"type":"Feature","id":"municipal-buildings-128520","geometry":{"type":"Polygon","coordinates":[[[71.6454664,51.114314],[71.6452244,51.114376],[71.6451929,51.1143274],[71.6454349,51.1142654],[71.6454664,51.114314]]]},"properties":{"name":" ","functional":" ","purpose":"Здание"}},{"type":"Feature","id":"municipal-buildings-128521","geometry":{"type":"Polygon","coordinates":[[[71.6457804,51.1142689],[71.645709,51.1142893],[71.6457283,51.1143161],[71.6456892,51.1143273],[71.645635,51.1142523],[71.6457456,51.1142207],[71.6457804,51.1142689]]]},"properties":{"name":" ","functional":" ","purpose":"Здание"}},{"type":"Feature","id":"municipal-buildings-128522","geometry":{"type":"Polygon","coordinates":[[[71.646221,51.1143178],[71.6461681,51.1143319],[71.6461491,51.1143036],[71.646202,51.1142895],[71.646221,51.1143178]]]},"properties":{"name":" ","functional":" ","purpose":"Здание"}},{"type":"Feature","id":"municipal-buildings-128523","geometry":{"type":"Polygon","coordinates":[[[71.6455818,51.1144412],[71.6454727,51.1144686],[71.6454409,51.1144185],[71.6453605,51.1144399],[71.645314,51.1143707],[71.6455049,51.1143199],[71.6455818,51.1144412]]]},"properties":{"name":" ","functional":" ","purpose":"Здание"}},{"type":"Feature","id":"municipal-buildings-128524","geometry":{"type":"Polygon","coordinates":[[[71.6453969,51.1146059],[71.6451698,51.114662],[71.6450791,51.1145164],[71.6453062,51.1144603],[71.6453969,51.1146059]]]},"properties":{"name":" ","functional":" ","purpose":"Здание"}},{"type":"Feature","id":"municipal-buildings-128525","geometry":{"type":"Polygon","coordinates":[[[71.6455745,51.1148085],[71.6455335,51.1148214],[71.6454938,51.1147712],[71.6455348,51.1147583],[71.6455745,51.1148085]]]},"properties":{"name":" ","functional":" ","purpose":"Здание"}},{"type":"Feature","id":"municipal-buildings-128526","geometry":{"type":"Polygon","coordinates":[[[71.6463339,51.1143234],[71.6463693,51.1143749],[71.6461582,51.1144324],[71.646121,51.1143784],[71.6463339,51.1143234]]]},"properties":{"name":" ","functional":" ","purpose":"Здание"}},{"type":"Feature","id":"municipal-buildings-128527","geometry":{"type":"Polygon","coordinates":[[[71.6459193,51.1145143],[71.6459689,51.114587],[71.6458909,51.1146078],[71.6458259,51.1145099],[71.6459027,51.1144898],[71.6459193,51.1145143]]]},"properties":{"name":" ","functional":" ","purpose":"Здание"}},{"type":"Feature","id":"municipal-buildings-128528","geometry":{"type":"Polygon","coordinates":[[[71.646584,51.1147673],[71.6464505,51.1148044],[71.6464623,51.1148215],[71.6464179,51.1148343],[71.6463338,51.1147195],[71.6465215,51.1146783],[71.646584,51.1147673]]]},"properties":{"name":" ","functional":" ","purpose":"Здание"}},{"type":"Feature","id":"municipal-buildings-128529","geometry":{"type":"Polygon","coordinates":[[[71.645889,51.1150517],[71.6457616,51.1150891],[71.6457166,51.1150241],[71.6458402,51.1149873],[71.645889,51.1150517]]]},"properties":{"name":" ","functional":" ","purpose":"Здание"}},{"type":"Feature","id":"municipal-buildings-128530","geometry":{"type":"Polygon","coordinates":[[[71.6457717,51.1149019],[71.6456961,51.1149261],[71.645663,51.1148736],[71.6457294,51.1148527],[71.6457717,51.1149019]]]},"properties":{"name":" ","functional":" ","purpose":"Здание"}},{"type":"Feature","id":"municipal-buildings-128531","geometry":{"type":"Polygon","coordinates":[[[71.6453763,51.1149892],[71.6452484,51.1150248],[71.6452155,51.1149769],[71.6453438,51.1149419],[71.6453763,51.1149892]]]},"properties":{"name":" ","functional":" ","purpose":"Здание"}},{"type":"Feature","id":"municipal-buildings-128532","geometry":{"type":"Polygon","coordinates":[[[71.646097,51.1151538],[71.6459332,51.1152015],[71.645848,51.1150861],[71.6460164,51.1150376],[71.646097,51.1151538]]]},"properties":{"name":" ","functional":" ","purpose":"Здание"}},{"type":"Feature","id":"municipal-buildings-128533","geometry":{"type":"Polygon","coordinates":[[[71.6460909,51.1152787],[71.6461734,51.1152546],[71.6461985,51.1152887],[71.6461115,51.1153141],[71.6460909,51.1152787]]]},"properties":{"name":" ","functional":" ","purpose":"Здание"}},{"type":"Feature","id":"municipal-buildings-128534","geometry":{"type":"Polygon","coordinates":[[[71.646491,51.1154822],[71.6464347,51.1154966],[71.6463824,51.1154152],[71.6464388,51.1154009],[71.646491,51.1154822]]]},"properties":{"name":" ","functional":" ","purpose":"Здание"}},{"type":"Feature","id":"municipal-buildings-128535","geometry":{"type":"Polygon","coordinates":[[[71.6467588,51.1154889],[71.6464631,51.1155608],[71.6464298,51.1155066],[71.6467255,51.1154347],[71.6467588,51.1154889]]]},"properties":{"name":" ","functional":" ","purpose":"Здание"}},{"type":"Feature","id":"municipal-buildings-128536","geometry":{"type":"Polygon","coordinates":[[[71.6458125,51.1154669],[71.6455701,51.115551],[71.6455219,51.1154773],[71.6457695,51.1154069],[71.6458125,51.1154669]]]},"properties":{"name":" ","functional":" ","purpose":"Здание"}},{"type":"Feature","id":"municipal-buildings-128537","geometry":{"type":"Polygon","coordinates":[[[71.6461138,51.115309],[71.6460141,51.1153385],[71.6459863,51.1153017],[71.6460858,51.1152719],[71.6461138,51.115309]]]},"properties":{"name":" ","functional":" ","purpose":"Здание"}},{"type":"Feature","id":"municipal-buildings-128538","geometry":{"type":"Polygon","coordinates":[[[71.6458107,51.1156835],[71.6456654,51.1157257],[71.6456298,51.1156752],[71.6457759,51.1156343],[71.6458107,51.1156835]]]},"properties":{"name":" ","functional":" ","purpose":"Частный дом"}},{"type":"Feature","id":"municipal-buildings-128539","geometry":{"type":"Polygon","coordinates":[[[71.6460828,51.115833],[71.6458253,51.1159081],[71.6457523,51.1158087],[71.6458954,51.1157712],[71.6459197,51.1158067],[71.6460378,51.1157699],[71.6460828,51.115833]]]},"properties":{"name":" ","functional":" ","purpose":"Здание"}},{"type":"Feature","id":"municipal-buildings-128540","geometry":{"type":"Polygon","coordinates":[[[71.6466007,51.1156313],[71.6465345,51.1156493],[71.6464803,51.1155703],[71.6465285,51.1155572],[71.6465478,51.1155862],[71.6465664,51.1155813],[71.6466007,51.1156313]]]},"properties":{"name":" ","functional":" ","purpose":"Здание"}},{"type":"Feature","id":"municipal-buildings-128541","geometry":{"type":"Polygon","coordinates":[[[71.646957,51.1157547],[71.6468411,51.1157967],[71.6467983,51.1157498],[71.6469142,51.1157079],[71.646957,51.1157547]]]},"properties":{"name":" ","functional":" ","purpose":"Здание"}},{"type":"Feature","id":"municipal-buildings-128542","geometry":{"type":"Polygon","coordinates":[[[71.6473309,51.1157213],[71.6471197,51.1157735],[71.6470898,51.1157255],[71.647301,51.1156734],[71.6473309,51.1157213]]]},"properties":{"name":" ","functional":" ","purpose":"Здание"}},{"type":"Feature","id":"municipal-buildings-128543","geometry":{"type":"Polygon","coordinates":[[[71.6472621,51.1156171],[71.6472292,51.1156237],[71.6472154,51.1155965],[71.6472483,51.1155899],[71.6472621,51.1156171]]]},"properties":{"name":" ","functional":" ","purpose":"Здание"}},{"type":"Feature","id":"municipal-buildings-128544","geometry":{"type":"Polygon","coordinates":[[[71.646706,51.1159649],[71.6466318,51.1159843],[71.6465957,51.1159295],[71.6466699,51.1159102],[71.646706,51.1159649]]]},"properties":{"name":" ","functional":" ","purpose":"Здание"}},{"type":"Feature","id":"municipal-buildings-128545","geometry":{"type":"Polygon","coordinates":[[[71.6462154,51.1133738],[71.6461823,51.1133812],[71.6461685,51.1133566],[71.6462015,51.1133492],[71.6462154,51.1133738]]]},"properties":{"name":" ","functional":" ","purpose":"Здание"}},{"type":"Feature","id":"municipal-buildings-128546","geometry":{"type":"Polygon","coordinates":[[[71.6465112,51.1131587],[71.646414,51.1131938],[71.6463546,51.1131285],[71.6464518,51.1130935],[71.6465112,51.1131587]]]},"properties":{"name":" ","functional":" ","purpose":"Здание"}},{"type":"Feature","id":"municipal-buildings-128547","geometry":{"type":"Polygon","coordinates":[[[71.6466415,51.1129813],[71.6465935,51.1129981],[71.646637,51.1130447],[71.646469,51.1131068],[71.6463249,51.1129524],[71.6464929,51.1128903],[71.6465353,51.1129357],[71.6465857,51.1129181],[71.6466415,51.1129813]]]},"properties":{"name":" ","functional":" ","purpose":"Здание"}},{"type":"Feature","id":"municipal-buildings-128548","geometry":{"type":"Polygon","coordinates":[[[71.6467665,51.1131058],[71.646553,51.1131861],[71.6465037,51.1131341],[71.6467171,51.1130538],[71.6467665,51.1131058]]]},"properties":{"name":" ","functional":" ","purpose":"Здание"}},{"type":"Feature","id":"municipal-buildings-128549","geometry":{"type":"Polygon","coordinates":[[[71.6467273,51.1134576],[71.6467744,51.1135281],[71.6466913,51.1135501],[71.6465326,51.1133163],[71.6466163,51.1132936],[71.6467273,51.1134576]]]},"properties":{"name":" ","functional":" ","purpose":"Здание"}},{"type":"Feature","id":"municipal-buildings-128550","geometry":{"type":"Polygon","coordinates":[[[71.6465258,51.1137143],[71.646447,51.1137366],[71.6463947,51.1136632],[71.6464735,51.1136409],[71.6465258,51.1137143]]]},"properties":{"name":" ","functional":" ","purpose":"Здание"}},{"type":"Feature","id":"municipal-buildings-128551","geometry":{"type":"Polygon","coordinates":[[[71.6470571,51.1134305],[71.6469513,51.1134593],[71.6468698,51.1133409],[71.6470098,51.1133027],[71.6470913,51.1134212],[71.6470571,51.1134305]]]},"properties":{"name":" ","functional":" ","purpose":"Здание"}},{"type":"Feature","id":"municipal-buildings-128552","geometry":{"type":"Polygon","coordinates":[[[71.6470571,51.1134305],[71.6470927,51.1134821],[71.6469868,51.113511],[71.6469513,51.1134593],[71.6470571,51.1134305]]]},"properties":{"name":" ","functional":" ","purpose":"Здание"}},{"type":"Feature","id":"municipal-buildings-128553","geometry":{"type":"Polygon","coordinates":[[[71.6472488,51.1135348],[71.6471927,51.1135516],[71.6471426,51.1134855],[71.6471986,51.1134686],[71.6472488,51.1135348]]]},"properties":{"name":" ","functional":" ","purpose":"Здание"}},{"type":"Feature","id":"municipal-buildings-128554","geometry":{"type":"Polygon","coordinates":[[[71.6472927,51.1135753],[71.6473445,51.113647],[71.6472502,51.1136741],[71.6471904,51.1135914],[71.6472847,51.1135643],[71.6472927,51.1135753]]]},"properties":{"name":" ","functional":" ","purpose":"Здание"}},{"type":"Feature","id":"municipal-buildings-128555","geometry":{"type":"Polygon","coordinates":[[[71.6466536,51.1138125],[71.646575,51.1138342],[71.6465358,51.1137782],[71.6466144,51.1137564],[71.6466536,51.1138125]]]},"properties":{"name":" ","functional":" ","purpose":"Здание"}},{"type":"Feature","id":"municipal-buildings-128556","geometry":{"type":"Polygon","coordinates":[[[71.6466536,51.1138125],[71.6466708,51.113837],[71.6465922,51.1138588],[71.646575,51.1138342],[71.6466536,51.1138125]]]},"properties":{"name":" ","functional":" ","purpose":"Здание"}},{"type":"Feature","id":"municipal-buildings-128557","geometry":{"type":"Polygon","coordinates":[[[71.6469771,51.1139595],[71.6468848,51.1138405],[71.646959,51.1138208],[71.6470425,51.1139415],[71.6469771,51.1139595]]]},"properties":{"name":" ","functional":" ","purpose":"Здание"}},{"type":"Feature","id":"municipal-buildings-128558","geometry":{"type":"Polygon","coordinates":[[[71.6469407,51.1137935],[71.647018,51.113773],[71.647116,51.1139192],[71.6470408,51.1139391],[71.6469407,51.1137935]]]},"properties":{"name":" ","functional":" ","purpose":"Здание"}},{"type":"Feature","id":"municipal-buildings-128559","geometry":{"type":"Polygon","coordinates":[[[71.6468848,51.1138405],[71.6468551,51.1138485],[71.6468223,51.1137998],[71.6469263,51.1137721],[71.646959,51.1138208],[71.6468848,51.1138405]]]},"properties":{"name":" ","functional":" ","purpose":"Здание"}},{"type":"Feature","id":"municipal-buildings-128560","geometry":{"type":"Polygon","coordinates":[[[71.6470367,51.1139431],[71.6470617,51.1139794],[71.6470022,51.1139957],[71.6469771,51.1139595],[71.6470367,51.1139431]]]},"properties":{"name":" ","functional":" ","purpose":"Здание"}},{"type":"Feature","id":"municipal-buildings-128561","geometry":{"type":"Polygon","coordinates":[[[71.6475056,51.1138978],[71.6473451,51.1139437],[71.6473304,51.1139233],[71.6474908,51.1138774],[71.6475056,51.1138978]]]},"properties":{"name":" ","functional":" ","purpose":"Здание"}},{"type":"Feature","id":"municipal-buildings-128562","geometry":{"type":"Polygon","coordinates":[[[71.64676,51.1142223],[71.6467239,51.1141786],[71.6469738,51.1141146],[71.6470143,51.1141773],[71.6469379,51.1141968],[71.6469268,51.1141796],[71.64676,51.1142223]]]},"properties":{"name":" ","functional":" ","purpose":"Здание"}},{"type":"Feature","id":"municipal-buildings-128563","geometry":{"type":"Polygon","coordinates":[[[71.6472905,51.1141143],[71.6471808,51.1141432],[71.6471352,51.1140748],[71.6472449,51.1140459],[71.6472905,51.1141143]]]},"properties":{"name":" ","functional":" ","purpose":"Здание"}},{"type":"Feature","id":"municipal-buildings-128564","geometry":{"type":"Polygon","coordinates":[[[71.6476769,51.1142624],[71.6476669,51.1142474],[71.647625,51.1142584],[71.6475821,51.1141941],[71.6477222,51.1141571],[71.6477751,51.1142364],[71.6476769,51.1142624]]]},"properties":{"name":" ","functional":" ","purpose":"Здание"}},{"type":"Feature","id":"municipal-buildings-128565","geometry":{"type":"Polygon","coordinates":[[[71.647685,51.1141608],[71.6476149,51.1141791],[71.6475919,51.1141442],[71.6476619,51.1141259],[71.647685,51.1141608]]]},"properties":{"name":" ","functional":" ","purpose":"Здание"}},{"type":"Feature","id":"municipal-buildings-128566","geometry":{"type":"Polygon","coordinates":[[[71.6474115,51.1144388],[71.647384,51.1144007],[71.6475184,51.1143633],[71.6477008,51.1146262],[71.6475723,51.1146615],[71.6474115,51.1144388]]]},"properties":{"name":" ","functional":" ","purpose":"Здание"}},{"type":"Feature","id":"municipal-buildings-128567","geometry":{"type":"Polygon","coordinates":[[[71.6474668,51.1145153],[71.6473677,51.1145437],[71.6473124,51.1144671],[71.6474115,51.1144388],[71.6474668,51.1145153]]]},"properties":{"name":" ","functional":" ","purpose":"Здание"}},{"type":"Feature","id":"municipal-buildings-128568","geometry":{"type":"Polygon","coordinates":[[[71.6475539,51.1146423],[71.6474355,51.1146755],[71.6473993,51.1146244],[71.6475177,51.1145912],[71.6475539,51.1146423]]]},"properties":{"name":" ","functional":" ","purpose":"Здание"}},{"type":"Feature","id":"municipal-buildings-128569","geometry":{"type":"Polygon","coordinates":[[[71.64739,51.1151039],[71.6473367,51.1150372],[71.6474435,51.1150083],[71.6474903,51.1150767],[71.64739,51.1151039]]]},"properties":{"name":" ","functional":" ","purpose":"Строящееся здание"}},{"type":"Feature","id":"municipal-buildings-128570","geometry":{"type":"Polygon","coordinates":[[[71.6474875,51.1150726],[71.6476002,51.1150412],[71.6476542,51.1151181],[71.6476139,51.1151293],[71.6476227,51.1151418],[71.6474504,51.1151898],[71.64739,51.1151039],[71.6474875,51.1150726]]]},"properties":{"name":" ","functional":" ","purpose":"Здание"}},{"type":"Feature","id":"municipal-buildings-128571","geometry":{"type":"Polygon","coordinates":[[[71.6480792,51.1152408],[71.6479921,51.1152641],[71.6479604,51.1152172],[71.6480475,51.1151939],[71.6480792,51.1152408]]]},"properties":{"name":" ","functional":" ","purpose":"Здание"}},{"type":"Feature","id":"municipal-buildings-128572","geometry":{"type":"Polygon","coordinates":[[[71.6481535,51.1152577],[71.6481111,51.1152683],[71.6480988,51.1152488],[71.6481412,51.1152382],[71.6481535,51.1152577]]]},"properties":{"name":" ","functional":" ","purpose":"Здание"}},{"type":"Feature","id":"municipal-buildings-128573","geometry":{"type":"Polygon","coordinates":[[[71.6482874,51.1155718],[71.6482114,51.1155916],[71.6481484,51.1154989],[71.6482262,51.1154786],[71.6482874,51.1155718]]]},"properties":{"name":" ","functional":" ","purpose":"Здание"}},{"type":"Feature","id":"municipal-buildings-128574","geometry":{"type":"Polygon","coordinates":[[[71.6482874,51.1155718],[71.6483135,51.1156125],[71.6482377,51.1156318],[71.6482114,51.1155916],[71.6482874,51.1155718]]]},"properties":{"name":" ","functional":" ","purpose":"Здание"}},{"type":"Feature","id":"municipal-buildings-128575","geometry":{"type":"Polygon","coordinates":[[[71.648236,51.1156293],[71.6481377,51.1156548],[71.6480717,51.1155613],[71.6481312,51.1155468],[71.6481512,51.115576],[71.6481939,51.1155649],[71.648236,51.1156293]]]},"properties":{"name":" ","functional":" ","purpose":"Здание"}},{"type":"Feature","id":"municipal-buildings-128576","geometry":{"type":"Polygon","coordinates":[[[71.6481323,51.1154833],[71.6481445,51.1155015],[71.648061,51.1155238],[71.6480487,51.1155057],[71.6481323,51.1154833]]]},"properties":{"name":" ","functional":" ","purpose":"Здание"}},{"type":"Feature","id":"municipal-buildings-128577","geometry":{"type":"Polygon","coordinates":[[[71.6481323,51.1154833],[71.6480487,51.1155057],[71.6479705,51.1153898],[71.6480198,51.1153766],[71.648033,51.1153962],[71.6480672,51.1153871],[71.6481323,51.1154833]]]},"properties":{"name":" ","functional":" ","purpose":"Здание"}},{"type":"Feature","id":"municipal-buildings-128578","geometry":{"type":"Polygon","coordinates":[[[71.6487142,51.1158507],[71.6486836,51.1158629],[71.6486707,51.1158384],[71.6487041,51.1158314],[71.6487142,51.1158507]]]},"properties":{"name":" ","functional":" ","purpose":"Здание"}},{"type":"Feature","id":"municipal-buildings-128579","geometry":{"type":"Polygon","coordinates":[[[71.6487622,51.1158259],[71.6487255,51.1158339],[71.6487179,51.1158201],[71.6487545,51.115812],[71.6487622,51.1158259]]]},"properties":{"name":" ","functional":" ","purpose":"Здание"}},{"type":"Feature","id":"municipal-buildings-128580","geometry":{"type":"Polygon","coordinates":[[[71.6486607,51.1157726],[71.648585,51.1157926],[71.6485352,51.1157207],[71.6486104,51.1157001],[71.6486607,51.1157726]]]},"properties":{"name":" ","functional":" ","purpose":"Здание"}},{"type":"Feature","id":"municipal-buildings-128581","geometry":{"type":"Polygon","coordinates":[[[71.6484907,51.1156508],[71.6483707,51.1156828],[71.6483397,51.1156367],[71.6486081,51.1155653],[71.648639,51.1156114],[71.6484907,51.1156508]]]},"properties":{"name":" ","functional":" ","purpose":"Здание"}},{"type":"Feature","id":"municipal-buildings-128582","geometry":{"type":"Polygon","coordinates":[[[71.6487324,51.1157596],[71.6486607,51.1157726],[71.6485639,51.1156313],[71.648639,51.1156114],[71.6487324,51.1157596]]]},"properties":{"name":" ","functional":" ","purpose":"Здание"}},{"type":"Feature","id":"municipal-buildings-128583","geometry":{"type":"Polygon","coordinates":[[[71.6485796,51.1156556],[71.6485059,51.1156745],[71.6484907,51.1156508],[71.6485639,51.1156313],[71.6485796,51.1156556]]]},"properties":{"name":" ","functional":" ","purpose":"Здание"}},{"type":"Feature","id":"municipal-buildings-128584","geometry":{"type":"Polygon","coordinates":[[[71.648187,51.1156895],[71.6482353,51.11576],[71.6481085,51.1157945],[71.6480578,51.1157205],[71.648187,51.1156895]]]},"properties":{"name":" ","functional":" ","purpose":"Здание"}},{"type":"Feature","id":"municipal-buildings-128585","geometry":{"type":"Polygon","coordinates":[[[71.6487324,51.1157596],[71.6487596,51.1158026],[71.6486124,51.1158415],[71.6485806,51.1157937],[71.6487324,51.1157596]]]},"properties":{"name":" ","functional":" ","purpose":"Здание"}},{"type":"Feature","id":"municipal-buildings-128586","geometry":{"type":"Polygon","coordinates":[[[71.6479772,51.1158076],[71.6478408,51.1158437],[71.6478071,51.1157926],[71.6479431,51.1157566],[71.6479772,51.1158076]]]},"properties":{"name":" ","functional":" ","purpose":"Здание"}},{"type":"Feature","id":"municipal-buildings-128587","geometry":{"type":"Polygon","coordinates":[[[71.6452193,51.1154324],[71.6451591,51.115446],[71.6451442,51.11542],[71.6452044,51.1154064],[71.6452193,51.1154324]]]},"properties":{"name":" ","functional":" ","purpose":"Здание"}},{"type":"Feature","id":"municipal-buildings-128588","geometry":{"type":"Polygon","coordinates":[[[71.6453306,51.1155465],[71.6452695,51.1155627],[71.6452534,51.1155386],[71.6453145,51.1155225],[71.6453306,51.1155465]]]},"properties":{"name":" ","functional":" ","purpose":"Здание"}},{"type":"Feature","id":"municipal-buildings-128589","geometry":{"type":"Polygon","coordinates":[[[71.649127,51.1146023],[71.6491183,51.1146431],[71.6491646,51.114647],[71.6491512,51.1147103],[71.649001,51.1146976],[71.6490231,51.1145936],[71.649127,51.1146023]]]},"properties":{"name":" ","functional":" ","purpose":"Здание"}},{"type":"Feature","id":"municipal-buildings-128590","geometry":{"type":"Polygon","coordinates":[[[71.6503989,51.1144216],[71.65038,51.1145257],[71.6502923,51.1145194],[71.6503112,51.1144153],[71.6503989,51.1144216]]]},"properties":{"name":" ","functional":" ","purpose":"Здание"}},{"type":"Feature","id":"municipal-buildings-128591","geometry":{"type":"Polygon","coordinates":[[[71.6509448,51.1144211],[71.6507058,51.1145488],[71.6506558,51.1145117],[71.6508948,51.114384],[71.6509448,51.1144211]]]},"properties":{"name":" ","functional":" ","purpose":"Здание"}},{"type":"Feature","id":"municipal-buildings-128592","geometry":{"type":"Polygon","coordinates":[[[71.6480624,51.1135814],[71.6480774,51.1136058],[71.6480294,51.1136174],[71.6480098,51.1135856],[71.6480624,51.1135814]]]},"properties":{"name":" ","functional":" ","purpose":"Здание"}},{"type":"Feature","id":"municipal-buildings-128593","geometry":{"type":"Polygon","coordinates":[[[71.649097,51.1134628],[71.6490371,51.1134815],[71.6490012,51.1134312],[71.6490321,51.1134225],[71.649052,51.1134503],[71.6490821,51.1134419],[71.649097,51.1134628]]]},"properties":{"name":" ","functional":" ","purpose":"Здание"}},{"type":"Feature","id":"municipal-buildings-128594","geometry":{"type":"Polygon","coordinates":[[[71.6500492,51.1126667],[71.6499505,51.1126929],[71.6498687,51.1125706],[71.6499674,51.1125445],[71.6500492,51.1126667]]]},"properties":{"name":" ","functional":" ","purpose":"Здание"}},{"type":"Feature","id":"municipal-buildings-128595","geometry":{"type":"Polygon","coordinates":[[[71.6504191,51.1122059],[71.6503201,51.1122294],[71.6502659,51.1121384],[71.6503649,51.112115],[71.6504191,51.1122059]]]},"properties":{"name":" ","functional":" ","purpose":"Здание"}},{"type":"Feature","id":"municipal-buildings-128596","geometry":{"type":"Polygon","coordinates":[[[71.6507715,51.1121031],[71.6506907,51.112124],[71.6506384,51.1120442],[71.6507192,51.1120232],[71.6507715,51.1121031]]]},"properties":{"name":" ","functional":" ","purpose":"Здание"}},{"type":"Feature","id":"municipal-buildings-128597","geometry":{"type":"Polygon","coordinates":[[[71.6496463,51.1122837],[71.6496117,51.1122934],[71.6496012,51.1122786],[71.6496358,51.1122689],[71.6496463,51.1122837]]]},"properties":{"name":" ","functional":" ","purpose":"Здание"}},{"type":"Feature","id":"municipal-buildings-128598","geometry":{"type":"Polygon","coordinates":[[[71.6498173,51.1119352],[71.6495097,51.1120172],[71.6494648,51.1119505],[71.6497724,51.1118685],[71.6498173,51.1119352]]]},"properties":{"name":" ","functional":" ","purpose":"Здание"}},{"type":"Feature","id":"municipal-buildings-128599","geometry":{"type":"Polygon","coordinates":[[[71.6499466,51.1119047],[71.6498633,51.1119261],[71.6498503,51.1119061],[71.6499336,51.1118847],[71.6499466,51.1119047]]]},"properties":{"name":" ","functional":" ","purpose":"Здание"}},{"type":"Feature","id":"municipal-buildings-128600","geometry":{"type":"Polygon","coordinates":[[[71.6498719,51.1118318],[71.6497919,51.1118527],[71.6497122,51.1117316],[71.6497921,51.1117108],[71.6498719,51.1118318]]]},"properties":{"name":" ","functional":" ","purpose":"Здание"}},{"type":"Feature","id":"municipal-buildings-128601","geometry":{"type":"Polygon","coordinates":[[[71.650549,51.1117415],[71.6503026,51.1118072],[71.6502433,51.1117192],[71.6504898,51.1116535],[71.650549,51.1117415]]]},"properties":{"name":" ","functional":" ","purpose":"Здание"}},{"type":"Feature","id":"municipal-buildings-128602","geometry":{"type":"Polygon","coordinates":[[[71.6502321,51.1118198],[71.649965,51.1118885],[71.6499193,51.1118163],[71.650187,51.1117504],[71.6502321,51.1118198]]]},"properties":{"name":" ","functional":" ","purpose":"Здание"}},{"type":"Feature","id":"municipal-buildings-128603","geometry":{"type":"Polygon","coordinates":[[[71.650544,51.111294],[71.650523,51.1112982],[71.6504671,51.1111783],[71.6506444,51.111143],[71.6506534,51.1111595],[71.650725,51.1111558],[71.6507308,51.1111657],[71.6507851,51.1111542],[71.650803,51.1111887],[71.6509654,51.1111566],[71.6509989,51.1112247],[71.6508321,51.1112592],[71.6508199,51.1112376],[71.650738,51.1112543],[71.6507105,51.1112791],[71.6506547,51.1112906],[71.6506116,51.1112801],[71.650544,51.111294]]]},"properties":{"name":" ","functional":" ","purpose":"Здание"}},{"type":"Feature","id":"municipal-buildings-128604","geometry":{"type":"Polygon","coordinates":[[[71.6444042,51.1125358],[71.6443154,51.1125379],[71.6443128,51.1124947],[71.6444016,51.1124926],[71.6444042,51.1125358]]]},"properties":{"name":" ","functional":" ","purpose":"Здание"}},{"type":"Feature","id":"municipal-buildings-128605","geometry":{"type":"Polygon","coordinates":[[[71.6508557,51.1104992],[71.6508059,51.1105083],[71.6507884,51.1104687],[71.6508382,51.1104596],[71.6508557,51.1104992]]]},"properties":{"name":" ","functional":" ","purpose":"Здание"}},{"type":"Feature","id":"municipal-buildings-128606","geometry":{"type":"Polygon","coordinates":[[[71.6504691,51.1104787],[71.6503823,51.1104894],[71.6503336,51.1103904],[71.6504255,51.1103725],[71.6504691,51.1104787]]]},"properties":{"name":" ","functional":"Частные дома","purpose":"Частный дом"}},{"type":"Feature","id":"municipal-buildings-128607","geometry":{"type":"Polygon","coordinates":[[[71.6503344,51.1103605],[71.650273,51.1102369],[71.6503512,51.1102226],[71.6504084,51.110347],[71.6503344,51.1103605]]]},"properties":{"name":" ","functional":" ","purpose":"Здание"}},{"type":"Feature","id":"municipal-buildings-128608","geometry":{"type":"Polygon","coordinates":[[[71.6504211,51.1102946],[71.6503913,51.1103],[71.6503654,51.110243],[71.6503952,51.1102377],[71.6504211,51.1102946]]]},"properties":{"name":" ","functional":" ","purpose":"Здание"}},{"type":"Feature","id":"municipal-buildings-128609","geometry":{"type":"Polygon","coordinates":[[[71.6501988,51.1104184],[71.6501442,51.1104266],[71.6501298,51.1103885],[71.6501844,51.1103803],[71.6501988,51.1104184]]]},"properties":{"name":" ","functional":" ","purpose":"Здание"}},{"type":"Feature","id":"municipal-buildings-128610","geometry":{"type":"Polygon","coordinates":[[[71.6497408,51.1103065],[71.649803,51.1104366],[71.6498153,51.1104384],[71.6498359,51.1105052],[71.6497701,51.1105177],[71.6496734,51.1103157],[71.6497408,51.1103065]]]},"properties":{"name":" ","functional":" ","purpose":"Здание"}},{"type":"Feature","id":"municipal-buildings-128611","geometry":{"type":"Polygon","coordinates":[[[71.6497323,51.1103046],[71.6497147,51.1102681],[71.6498006,51.1102516],[71.6498199,51.1102913],[71.6497323,51.1103046]]]},"properties":{"name":" ","functional":" ","purpose":"Здание"}},{"type":"Feature","id":"municipal-buildings-128612","geometry":{"type":"Polygon","coordinates":[[[71.6499753,51.1102944],[71.6499746,51.1103111],[71.6499199,51.1103119],[71.6499267,51.1103325],[71.6498636,51.1103408],[71.6498435,51.1102802],[71.6499667,51.1102757],[71.6499753,51.1102944]]]},"properties":{"name":" ","functional":" ","purpose":"Здание"}},{"type":"Feature","id":"municipal-buildings-128613","geometry":{"type":"Polygon","coordinates":[[[71.6501707,51.1101732],[71.650198,51.1102266],[71.6500732,51.1102519],[71.6500314,51.1101702],[71.6501562,51.1101449],[71.6501707,51.1101732]]]},"properties":{"name":" ","functional":" ","purpose":"Здание"}},{"type":"Feature","id":"municipal-buildings-128614","geometry":{"type":"Polygon","coordinates":[[[71.6504197,51.1103737],[71.6503468,51.1103879],[71.6503344,51.1103605],[71.6504084,51.110347],[71.6504197,51.1103737]]]},"properties":{"name":" ","functional":" ","purpose":"Здание"}},{"type":"Feature","id":"municipal-buildings-128615","geometry":{"type":"Polygon","coordinates":[[[71.6507517,51.1101638],[71.650391,51.1102165],[71.6503801,51.1101869],[71.6507324,51.1101209],[71.6507517,51.1101638]]]},"properties":{"name":" ","functional":" ","purpose":"Коттедж"}},{"type":"Feature","id":"municipal-buildings-128616","geometry":{"type":"Polygon","coordinates":[[[71.6506292,51.1098792],[71.6505288,51.109943],[71.6504681,51.1099053],[71.6505686,51.1098414],[71.6506292,51.1098792]]]},"properties":{"name":" ","functional":" ","purpose":"Здание"}},{"type":"Feature","id":"municipal-buildings-128617","geometry":{"type":"Polygon","coordinates":[[[71.650256,51.1101065],[71.6502056,51.1101504],[71.6500944,51.1100884],[71.6501511,51.1100481],[71.650256,51.1101065]]]},"properties":{"name":" ","functional":" ","purpose":"Здание"}},{"type":"Feature","id":"municipal-buildings-128618","geometry":{"type":"Polygon","coordinates":[[[71.6492748,51.1105205],[71.6494348,51.1104907],[71.6494129,51.1104395],[71.6494501,51.1104324],[71.6494635,51.1104622],[71.6495527,51.1104461],[71.649563,51.1104668],[71.6495783,51.110464],[71.6495969,51.1105203],[71.6492995,51.1105769],[71.6492748,51.1105205]]]},"properties":{"name":" ","functional":" ","purpose":"Здание"}},{"type":"Feature","id":"municipal-buildings-128619","geometry":{"type":"Polygon","coordinates":[[[71.6492995,51.1105769],[71.6491614,51.1106006],[71.6491338,51.1105444],[71.6492748,51.1105205],[71.6492995,51.1105769]]]},"properties":{"name":" ","functional":" ","purpose":"Здание"}},{"type":"Feature","id":"municipal-buildings-128620","geometry":{"type":"Polygon","coordinates":[[[71.6491403,51.1106682],[71.6490606,51.1106817],[71.6490386,51.1106299],[71.6491182,51.1106164],[71.6491403,51.1106682]]]},"properties":{"name":" ","functional":" ","purpose":"Здание"}},{"type":"Feature","id":"municipal-buildings-128621","geometry":{"type":"Polygon","coordinates":[[[71.6487959,51.1106062],[71.6489862,51.1105727],[71.6490117,51.1106275],[71.6488214,51.110661],[71.6487959,51.1106062]]]},"properties":{"name":" ","functional":" ","purpose":"Здание"}},{"type":"Feature","id":"municipal-buildings-128622","geometry":{"type":"Polygon","coordinates":[[[71.6488214,51.110661],[71.648561,51.1107052],[71.6485341,51.1106594],[71.6485886,51.1106504],[71.6485672,51.110605],[71.6486318,51.1105935],[71.6486531,51.1106337],[71.6486692,51.1106311],[71.6486598,51.1106131],[71.6487453,51.1105984],[71.648726,51.1105584],[71.6487691,51.1105525],[71.6488214,51.110661]]]},"properties":{"name":" ","functional":" ","purpose":"Здание"}},{"type":"Feature","id":"municipal-buildings-128623","geometry":{"type":"Polygon","coordinates":[[[71.6480887,51.110842],[71.6481056,51.1108381],[71.6481376,51.110894],[71.6480757,51.110908],[71.6480438,51.1108522],[71.6480887,51.110842]]]},"properties":{"name":" ","functional":" ","purpose":"Частный дом"}},{"type":"Feature","id":"municipal-buildings-128624","geometry":{"type":"Polygon","coordinates":[[[71.6480887,51.110842],[71.6480438,51.1108522],[71.6480277,51.1108239],[71.6480726,51.1108137],[71.6480887,51.110842]]]},"properties":{"name":" ","functional":" ","purpose":"Здание"}},{"type":"Feature","id":"municipal-buildings-128625","geometry":{"type":"Polygon","coordinates":[[[71.6484209,51.1107196],[71.6482949,51.1107436],[71.6482483,51.1106419],[71.6483226,51.110624],[71.6483338,51.1106438],[71.6484365,51.1106248],[71.6484288,51.1106062],[71.6484808,51.1105976],[71.6485248,51.1107039],[71.6484209,51.1107196]]]},"properties":{"name":" ","functional":" ","purpose":"Здание"}},{"type":"Feature","id":"municipal-buildings-128626","geometry":{"type":"Polygon","coordinates":[[[71.6485248,51.1107039],[71.6485527,51.1106983],[71.6485654,51.1107232],[71.6485202,51.1107323],[71.6485075,51.1107074],[71.6485248,51.1107039]]]},"properties":{"name":" ","functional":" ","purpose":"Здание"}},{"type":"Feature","id":"municipal-buildings-128627","geometry":{"type":"Polygon","coordinates":[[[71.6482865,51.110585],[71.648239,51.1105947],[71.6482115,51.1105413],[71.648259,51.1105316],[71.6482865,51.110585]]]},"properties":{"name":" ","functional":" ","purpose":"Здание"}},{"type":"Feature","id":"municipal-buildings-128628","geometry":{"type":"Polygon","coordinates":[[[71.648205,51.1107329],[71.6481673,51.1107398],[71.6481783,51.1107645],[71.6480977,51.1107814],[71.6481097,51.1108007],[71.6480773,51.1108096],[71.6480029,51.1106777],[71.6481656,51.110649],[71.648205,51.1107329]]]},"properties":{"name":" ","functional":" ","purpose":"Здание"}},{"type":"Feature","id":"municipal-buildings-128629","geometry":{"type":"Polygon","coordinates":[[[71.6493139,51.1104501],[71.6492525,51.1104583],[71.6492259,51.1103789],[71.6492872,51.1103707],[71.6493139,51.1104501]]]},"properties":{"name":" ","functional":" ","purpose":"Здание"}},{"type":"Feature","id":"municipal-buildings-128630","geometry":{"type":"Polygon","coordinates":[[[71.6478058,51.1108995],[71.6476415,51.1109483],[71.6475767,51.110854],[71.6477063,51.1108168],[71.6477426,51.1108694],[71.6477784,51.1108596],[71.6478058,51.1108995]]]},"properties":{"name":" ","functional":" ","purpose":"Здание"}},{"type":"Feature","id":"municipal-buildings-128631","geometry":{"type":"Polygon","coordinates":[[[71.6475622,51.1108322],[71.6475767,51.1108486],[71.6474867,51.1108801],[71.6474536,51.1108427],[71.6475436,51.1108111],[71.6475622,51.1108322]]]},"properties":{"name":" ","functional":" ","purpose":"Здание"}},{"type":"Feature","id":"municipal-buildings-128632","geometry":{"type":"Polygon","coordinates":[[[71.647653,51.1107941],[71.6476222,51.1108023],[71.6476131,51.1107887],[71.647644,51.1107805],[71.647653,51.1107941]]]},"properties":{"name":" ","functional":" ","purpose":"Здание"}},{"type":"Feature","id":"municipal-buildings-128633","geometry":{"type":"Polygon","coordinates":[[[71.6476094,51.1109678],[71.6475648,51.1109854],[71.6475431,51.1109631],[71.6474861,51.1109814],[71.6474147,51.1108836],[71.6474685,51.1108667],[71.6475259,51.1109366],[71.6475759,51.1109213],[71.6476094,51.1109678]]]},"properties":{"name":" ","functional":" ","purpose":"Частный дом"}},{"type":"Feature","id":"municipal-buildings-128634","geometry":{"type":"Polygon","coordinates":[[[71.6478612,51.1106502],[71.6477741,51.1106745],[71.6477363,51.110614],[71.6478267,51.1105926],[71.6478612,51.1106502]]]},"properties":{"name":" ","functional":" ","purpose":"Здание"}},{"type":"Feature","id":"municipal-buildings-128635","geometry":{"type":"Polygon","coordinates":[[[71.6475622,51.1108322],[71.6475482,51.1108109],[71.6475985,51.1107978],[71.6476125,51.1108191],[71.6475622,51.1108322]]]},"properties":{"name":" ","functional":" ","purpose":"Здание"}},{"type":"Feature","id":"municipal-buildings-128636","geometry":{"type":"Polygon","coordinates":[[[71.6474574,51.1108469],[71.6474096,51.1108589],[71.6473429,51.1107535],[71.6473928,51.110741],[71.6474574,51.1108469]]]},"properties":{"name":" ","functional":" ","purpose":"Здание"}},{"type":"Feature","id":"municipal-buildings-128637","geometry":{"type":"Polygon","coordinates":[[[71.6471339,51.1109788],[71.6470982,51.1109898],[71.6471476,51.1110493],[71.6471057,51.1110699],[71.6470525,51.1110878],[71.647002,51.1110283],[71.6470503,51.111012],[71.6470135,51.1109644],[71.6471019,51.1109373],[71.6471339,51.1109788]]]},"properties":{"name":" ","functional":" ","purpose":"Здание"}},{"type":"Feature","id":"municipal-buildings-128638","geometry":{"type":"Polygon","coordinates":[[[71.6466215,51.1112269],[71.6466496,51.1112504],[71.646606,51.111271],[71.6465265,51.1112044],[71.6465701,51.1111837],[71.6466215,51.1112269]]]},"properties":{"name":" ","functional":" ","purpose":"Здание"}},{"type":"Feature","id":"municipal-buildings-128639","geometry":{"type":"Polygon","coordinates":[[[71.6465486,51.1112279],[71.6465076,51.1112488],[71.6464586,51.1112107],[71.6464996,51.1111898],[71.6465486,51.1112279]]]},"properties":{"name":" ","functional":" ","purpose":"Здание"}},{"type":"Feature","id":"municipal-buildings-128640","geometry":{"type":"Polygon","coordinates":[[[71.6465071,51.111183],[71.6464526,51.1112089],[71.6464103,51.1111736],[71.6464647,51.1111477],[71.6465071,51.111183]]]},"properties":{"name":" ","functional":" ","purpose":"Здание"}},{"type":"Feature","id":"municipal-buildings-128641","geometry":{"type":"Polygon","coordinates":[[[71.6468125,51.1111674],[71.6466822,51.1112165],[71.6466347,51.1111665],[71.646765,51.1111174],[71.6468125,51.1111674]]]},"properties":{"name":" ","functional":" ","purpose":"Здание"}},{"type":"Feature","id":"municipal-buildings-128642","geometry":{"type":"Polygon","coordinates":[[[71.646765,51.1111174],[71.6467386,51.1110933],[71.6468154,51.1110654],[71.6468294,51.1110784],[71.6468935,51.1110568],[71.6469682,51.1111212],[71.6468308,51.1111857],[71.646765,51.1111174]]]},"properties":{"name":" ","functional":" ","purpose":"Здание"}},{"type":"Feature","id":"municipal-buildings-128643","geometry":{"type":"Polygon","coordinates":[[[71.647238,51.1112734],[71.6472057,51.1112859],[71.6471799,51.1112594],[71.6472123,51.1112469],[71.647238,51.1112734]]]},"properties":{"name":" ","functional":" ","purpose":"Здание"}},{"type":"Feature","id":"municipal-buildings-128644","geometry":{"type":"Polygon","coordinates":[[[71.6469737,51.1110238],[71.6469224,51.111042],[71.6468914,51.111006],[71.6469432,51.1109884],[71.6469737,51.1110238]]]},"properties":{"name":" ","functional":" ","purpose":"Здание"}},{"type":"Feature","id":"municipal-buildings-128645","geometry":{"type":"Polygon","coordinates":[[[71.6469737,51.1110238],[71.6470512,51.1110987],[71.6469888,51.1111209],[71.6469191,51.1110432],[71.6469737,51.1110238]]]},"properties":{"name":" ","functional":" ","purpose":"Здание"}},{"type":"Feature","id":"municipal-buildings-128646","geometry":{"type":"Polygon","coordinates":[[[71.6469432,51.1109884],[71.6469904,51.1109722],[71.647013,51.1109985],[71.6469658,51.1110146],[71.6469432,51.1109884]]]},"properties":{"name":" ","functional":" ","purpose":"Здание"}},{"type":"Feature","id":"municipal-buildings-128647","geometry":{"type":"Polygon","coordinates":[[[71.6463314,51.1115541],[71.6462785,51.1115721],[71.6462364,51.1115231],[71.6462892,51.1115051],[71.6463314,51.1115541]]]},"properties":{"name":" ","functional":" ","purpose":"Частный дом"}},{"type":"Feature","id":"municipal-buildings-128648","geometry":{"type":"Polygon","coordinates":[[[71.6464718,51.1113597],[71.6461871,51.1114745],[71.6461628,51.1114432],[71.64617,51.1113966],[71.6462245,51.1113358],[71.6462499,51.1113578],[71.6463199,51.1113276],[71.6462918,51.1113012],[71.6464325,51.1112434],[71.6464587,51.1112675],[71.646489,51.1112544],[71.6465393,51.1113005],[71.6464492,51.1113394],[71.6464718,51.1113597]]]},"properties":{"name":" ","functional":" ","purpose":"Здание"}},{"type":"Feature","id":"municipal-buildings-128649","geometry":{"type":"Polygon","coordinates":[[[71.6464009,51.1118019],[71.646312,51.11183],[71.6462761,51.1117762],[71.6463676,51.111752],[71.6464009,51.1118019]]]},"properties":{"name":" ","functional":" ","purpose":"Здание"}},{"type":"Feature","id":"municipal-buildings-128650","geometry":{"type":"Polygon","coordinates":[[[71.6461213,51.1119505],[71.6460519,51.1119474],[71.6460484,51.1118835],[71.6461815,51.1118769],[71.6461828,51.1119004],[71.6462536,51.1119201],[71.6462566,51.1119373],[71.6461213,51.1119505]]]},"properties":{"name":" ","functional":" ","purpose":"Здание"}},{"type":"Feature","id":"municipal-buildings-128651","geometry":{"type":"Polygon","coordinates":[[[71.6461215,51.1112798],[71.6460848,51.1112831],[71.646087,51.1113597],[71.6460379,51.1113634],[71.6460436,51.1113875],[71.6459428,51.1113968],[71.6459241,51.1112721],[71.6459453,51.1112711],[71.6459412,51.1112387],[71.646112,51.1112273],[71.6461215,51.1112798]]]},"properties":{"name":" ","functional":" ","purpose":"Здание"}},{"type":"Feature","id":"municipal-buildings-128652","geometry":{"type":"Polygon","coordinates":[[[71.6460387,51.1112185],[71.6459423,51.111226],[71.6459313,51.1111706],[71.6460277,51.1111631],[71.6460387,51.1112185]]]},"properties":{"name":" ","functional":" ","purpose":"Здание"}},{"type":"Feature","id":"municipal-buildings-128653","geometry":{"type":"Polygon","coordinates":[[[71.6462243,51.1111527],[71.646121,51.111163],[71.6461123,51.1111284],[71.6462155,51.111118],[71.6462243,51.1111527]]]},"properties":{"name":" ","functional":" ","purpose":"Здание"}},{"type":"Feature","id":"municipal-buildings-128654","geometry":{"type":"Polygon","coordinates":[[[71.6460151,51.1111126],[71.6459418,51.1111198],[71.6459349,51.1110921],[71.6460082,51.1110849],[71.6460151,51.1111126]]]},"properties":{"name":" ","functional":" ","purpose":"Здание"}},{"type":"Feature","id":"municipal-buildings-128655","geometry":{"type":"Polygon","coordinates":[[[71.6459924,51.110896],[71.6461096,51.1109125],[71.6460972,51.1109598],[71.6460417,51.1109537],[71.6460304,51.1109925],[71.6461093,51.1110021],[71.6460906,51.1110627],[71.6459401,51.1110442],[71.6459464,51.111024],[71.6458689,51.111019],[71.645866,51.1109969],[71.6459016,51.1109951],[71.6458945,51.1109323],[71.6459168,51.1108853],[71.6459507,51.1108901],[71.6459636,51.1109055],[71.6459924,51.110896]]]},"properties":{"name":" ","functional":" ","purpose":"Здание"}},{"type":"Feature","id":"municipal-buildings-128656","geometry":{"type":"Polygon","coordinates":[[[71.6459924,51.110896],[71.6459636,51.1109055],[71.6459238,51.1108579],[71.6460846,51.1108046],[71.6461244,51.1108521],[71.6459924,51.110896]]]},"properties":{"name":" ","functional":" ","purpose":"Здание"}},{"type":"Feature","id":"municipal-buildings-128657","geometry":{"type":"Polygon","coordinates":[[[71.6463209,51.1108284],[71.646296,51.1108395],[71.6462752,51.1108178],[71.6462553,51.1108251],[71.6461777,51.1107415],[71.6464238,51.1106595],[71.6464788,51.110699],[71.6465188,51.1107604],[71.6464497,51.1107841],[71.646465,51.1108025],[71.6463345,51.1108386],[71.6463209,51.1108284]]]},"properties":{"name":" ","functional":" ","purpose":"Здание"}},{"type":"Feature","id":"municipal-buildings-128658","geometry":{"type":"Polygon","coordinates":[[[71.6466868,51.110639],[71.6466319,51.1106583],[71.6465841,51.1106044],[71.6466401,51.1105847],[71.6466868,51.110639]]]},"properties":{"name":" ","functional":" ","purpose":"Здание"}},{"type":"Feature","id":"municipal-buildings-128659","geometry":{"type":"Polygon","coordinates":[[[71.6467287,51.1105904],[71.6467861,51.1105657],[71.6467656,51.1105403],[71.6468476,51.1105142],[71.6469055,51.1105746],[71.6467595,51.1106254],[71.6467287,51.1105904]]]},"properties":{"name":" ","functional":" ","purpose":"Здание"}},{"type":"Feature","id":"municipal-buildings-128660","geometry":{"type":"Polygon","coordinates":[[[71.6467595,51.1106254],[71.6466943,51.1106477],[71.646664,51.1106126],[71.6467287,51.1105904],[71.6467595,51.1106254]]]},"properties":{"name":" ","functional":" ","purpose":"Здание"}},{"type":"Feature","id":"municipal-buildings-128661","geometry":{"type":"Polygon","coordinates":[[[71.6469701,51.1105485],[71.6469101,51.1105717],[71.6468823,51.1105432],[71.6469423,51.11052],[71.6469701,51.1105485]]]},"properties":{"name":" ","functional":" ","purpose":"Здание"}},{"type":"Feature","id":"municipal-buildings-128662","geometry":{"type":"Polygon","coordinates":[[[71.6474612,51.1103934],[71.6474993,51.1104365],[71.6473418,51.1104917],[71.6472279,51.1103629],[71.6473081,51.1103348],[71.6473389,51.1103697],[71.6474162,51.1103426],[71.6474612,51.1103934]]]},"properties":{"name":" ","functional":" ","purpose":"Здание"}},{"type":"Feature","id":"municipal-buildings-128663","geometry":{"type":"Polygon","coordinates":[[[71.6475377,51.1103654],[71.6474947,51.1103798],[71.6474501,51.1103271],[71.6474932,51.1103127],[71.6475377,51.1103654]]]},"properties":{"name":" ","functional":" ","purpose":"Здание"}},{"type":"Feature","id":"municipal-buildings-128664","geometry":{"type":"Polygon","coordinates":[[[71.6472116,51.1106051],[71.6471493,51.1106273],[71.6470009,51.1104574],[71.6470593,51.1104369],[71.6472116,51.1106051]]]},"properties":{"name":" ","functional":" ","purpose":"Здание"}},{"type":"Feature","id":"municipal-buildings-128665","geometry":{"type":"Polygon","coordinates":[[[71.6477067,51.1104342],[71.6476242,51.1104623],[71.6475522,51.1103784],[71.6476347,51.1103503],[71.6477067,51.1104342]]]},"properties":{"name":" ","functional":" ","purpose":"Здание"}},{"type":"Feature","id":"municipal-buildings-128666","geometry":{"type":"Polygon","coordinates":[[[71.6477622,51.1102875],[71.6477935,51.1103209],[71.6477189,51.1103502],[71.64766,51.1102864],[71.6477345,51.1102586],[71.6477622,51.1102875]]]},"properties":{"name":" ","functional":" ","purpose":"Здание"}},{"type":"Feature","id":"municipal-buildings-128667","geometry":{"type":"Polygon","coordinates":[[[71.6479077,51.1102786],[71.6478622,51.1102921],[71.6478413,51.1102643],[71.6478868,51.1102508],[71.6479077,51.1102786]]]},"properties":{"name":" ","functional":" ","purpose":"Здание"}},{"type":"Feature","id":"municipal-buildings-128668","geometry":{"type":"Polygon","coordinates":[[[71.6479406,51.1101958],[71.6479024,51.1102122],[71.6478673,51.1101799],[71.6479055,51.1101635],[71.6479406,51.1101958]]]},"properties":{"name":" ","functional":" ","purpose":"Здание"}},{"type":"Feature","id":"municipal-buildings-128669","geometry":{"type":"Polygon","coordinates":[[[71.6477345,51.1102586],[71.647684,51.110205],[71.6477639,51.1101755],[71.6477943,51.1102082],[71.647842,51.1101909],[71.6478897,51.1102429],[71.6477622,51.1102875],[71.6477345,51.1102586]]]},"properties":{"name":" ","functional":" ","purpose":"Здание"}},{"type":"Feature","id":"municipal-buildings-128670","geometry":{"type":"Polygon","coordinates":[[[71.6486247,51.1100305],[71.6486474,51.1100684],[71.6485777,51.1100924],[71.6484728,51.1099718],[71.6485425,51.1099477],[71.6486247,51.1100305]]]},"properties":{"name":" ","functional":" ","purpose":"Здание"}},{"type":"Feature","id":"municipal-buildings-128671","geometry":{"type":"Polygon","coordinates":[[[71.6488558,51.1100077],[71.6487722,51.1100336],[71.6487367,51.109988],[71.6488203,51.1099622],[71.6488558,51.1100077]]]},"properties":{"name":" ","functional":" ","purpose":"Здание"}},{"type":"Feature","id":"municipal-buildings-128672","geometry":{"type":"Polygon","coordinates":[[[71.64898,51.1098681],[71.6489822,51.1098777],[71.6488588,51.1099201],[71.6487921,51.1098407],[71.6488955,51.1098063],[71.6489173,51.1098324],[71.6489469,51.1098263],[71.64898,51.1098681]]]},"properties":{"name":" ","functional":" ","purpose":"Здание"}},{"type":"Feature","id":"municipal-buildings-128673","geometry":{"type":"Polygon","coordinates":[[[71.6483823,51.1098722],[71.6483265,51.1098915],[71.6482402,51.109792],[71.648296,51.1097726],[71.6483823,51.1098722]]]},"properties":{"name":" ","functional":" ","purpose":"Частный дом"}},{"type":"Feature","id":"municipal-buildings-128674","geometry":{"type":"Polygon","coordinates":[[[71.6488576,51.1096467],[71.6488867,51.1096789],[71.6488269,51.1097004],[71.6487962,51.1096682],[71.6488576,51.1096467]]]},"properties":{"name":" ","functional":" ","purpose":"Здание"}},{"type":"Feature","id":"municipal-buildings-128675","geometry":{"type":"Polygon","coordinates":[[[71.6488576,51.1096467],[71.6487962,51.1096682],[71.648747,51.1096165],[71.6488103,51.1095946],[71.6488576,51.1096467]]]},"properties":{"name":" ","functional":" ","purpose":"Здание"}},{"type":"Feature","id":"municipal-buildings-128676","geometry":{"type":"Polygon","coordinates":[[[71.6492328,51.1099716],[71.6491687,51.1099994],[71.6490903,51.1099278],[71.6491544,51.1099],[71.6492328,51.1099716]]]},"properties":{"name":" ","functional":" ","purpose":"Здание"}},{"type":"Feature","id":"municipal-buildings-128677","geometry":{"type":"Polygon","coordinates":[[[71.649321,51.1098806],[71.6492766,51.1098964],[71.6492291,51.1098434],[71.6493071,51.1098156],[71.649349,51.1098624],[71.6493149,51.1098718],[71.649321,51.1098806]]]},"properties":{"name":" ","functional":" ","purpose":"Здание"}},{"type":"Feature","id":"municipal-buildings-128678","geometry":{"type":"Polygon","coordinates":[[[71.6493458,51.1097836],[71.6494022,51.1098496],[71.6493648,51.1098605],[71.6493146,51.1097936],[71.6493458,51.1097836]]]},"properties":{"name":" ","functional":" ","purpose":"Здание"}},{"type":"Feature","id":"municipal-buildings-128679","geometry":{"type":"Polygon","coordinates":[[[71.6492735,51.1097596],[71.649139,51.1098084],[71.6490673,51.1097302],[71.6492018,51.1096813],[71.6492735,51.1097596]]]},"properties":{"name":" ","functional":" ","purpose":"Здание"}},{"type":"Feature","id":"municipal-buildings-128680","geometry":{"type":"Polygon","coordinates":[[[71.6493833,51.1094893],[71.6493221,51.1095069],[71.6492679,51.109432],[71.6493494,51.1094086],[71.6494036,51.1094835],[71.6493833,51.1094893]]]},"properties":{"name":" ","functional":" ","purpose":"Частный дом"}},{"type":"Feature","id":"municipal-buildings-128681","geometry":{"type":"Polygon","coordinates":[[[71.6493833,51.1094893],[71.649421,51.1095477],[71.6493591,51.1095637],[71.6493221,51.1095069],[71.6493833,51.1094893]]]},"properties":{"name":" ","functional":" ","purpose":"Частный дом"}},{"type":"Feature","id":"municipal-buildings-128682","geometry":{"type":"Polygon","coordinates":[[[71.6497299,51.1100272],[71.6496948,51.1100619],[71.6496563,51.1100464],[71.6496913,51.1100118],[71.6497299,51.1100272]]]},"properties":{"name":" ","functional":" ","purpose":"Здание"}},{"type":"Feature","id":"municipal-buildings-128683","geometry":{"type":"Polygon","coordinates":[[[71.6497596,51.1098048],[71.6497028,51.1098882],[71.6495667,51.1098546],[71.6496257,51.1097687],[71.6497596,51.1098048]]]},"properties":{"name":" ","functional":" ","purpose":"Здание"}},{"type":"Feature","id":"municipal-buildings-128684","geometry":{"type":"Polygon","coordinates":[[[71.6497261,51.1096777],[71.6496927,51.1097525],[71.6496224,51.1097401],[71.6496558,51.1096653],[71.6497261,51.1096777]]]},"properties":{"name":" ","functional":" ","purpose":"Здание"}},{"type":"Feature","id":"municipal-buildings-128685","geometry":{"type":"Polygon","coordinates":[[[71.6500425,51.1098866],[71.6499511,51.1098443],[71.6500035,51.1098057],[71.6500875,51.1098535],[71.6500425,51.1098866]]]},"properties":{"name":" ","functional":" ","purpose":"Здание"}},{"type":"Feature","id":"municipal-buildings-128686","geometry":{"type":"Polygon","coordinates":[[[71.6500076,51.1098748],[71.6498721,51.1099948],[71.6497482,51.1099389],[71.6498862,51.1098156],[71.6500076,51.1098748]]]},"properties":{"name":" ","functional":" ","purpose":"Здание"}},{"type":"Feature","id":"municipal-buildings-128687","geometry":{"type":"Polygon","coordinates":[[[71.6501368,51.109872],[71.6502292,51.1099214],[71.6501782,51.1099591],[71.6500425,51.1098866],[71.6500875,51.1098535],[71.6501368,51.109872]]]},"properties":{"name":" ","functional":" ","purpose":"Здание"}},{"type":"Feature","id":"municipal-buildings-128688","geometry":{"type":"Polygon","coordinates":[[[71.6490278,51.1093389],[71.6490048,51.1093176],[71.6489553,51.1093353],[71.6488377,51.1092095],[71.6488927,51.1091887],[71.6489078,51.1092035],[71.6490248,51.10916],[71.6491312,51.1092688],[71.6490755,51.1092903],[71.6490937,51.1093157],[71.6490278,51.1093389]]]},"properties":{"name":" ","functional":" ","purpose":"Здание"}},{"type":"Feature","id":"municipal-buildings-128689","geometry":{"type":"Polygon","coordinates":[[[71.6490436,51.109378],[71.6489957,51.1093965],[71.6489798,51.1093802],[71.6490277,51.1093617],[71.6490436,51.109378]]]},"properties":{"name":" ","functional":" ","purpose":"Здание"}},{"type":"Feature","id":"municipal-buildings-128690","geometry":{"type":"Polygon","coordinates":[[[71.6492873,51.1092292],[71.6491949,51.1091572],[71.649244,51.1091355],[71.6493283,51.1092111],[71.6492873,51.1092292]]]},"properties":{"name":" ","functional":" ","purpose":"Здание"}},{"type":"Feature","id":"municipal-buildings-128691","geometry":{"type":"Polygon","coordinates":[[[71.6493234,51.1092133],[71.6493403,51.1092284],[71.6493043,51.1092444],[71.6492873,51.1092292],[71.6493234,51.1092133]]]},"properties":{"name":" ","functional":" ","purpose":"Здание"}},{"type":"Feature","id":"municipal-buildings-128692","geometry":{"type":"Polygon","coordinates":[[[71.6487931,51.1093106],[71.6487362,51.1093294],[71.6486814,51.1092635],[71.6487384,51.1092448],[71.6487931,51.1093106]]]},"properties":{"name":" ","functional":" ","purpose":"Частный дом"}},{"type":"Feature","id":"municipal-buildings-128693","geometry":{"type":"Polygon","coordinates":[[[71.6482256,51.1096134],[71.6481403,51.1096417],[71.6480851,51.1095759],[71.6481704,51.1095475],[71.6482256,51.1096134]]]},"properties":{"name":" ","functional":" ","purpose":"Частный дом"}},{"type":"Feature","id":"municipal-buildings-128694","geometry":{"type":"Polygon","coordinates":[[[71.6478712,51.1090043],[71.647777,51.1090381],[71.6476818,51.1089331],[71.647776,51.1088992],[71.6478712,51.1090043]]]},"properties":{"name":" ","functional":" ","purpose":"Здание"}},{"type":"Feature","id":"municipal-buildings-128695","geometry":{"type":"Polygon","coordinates":[[[71.6476344,51.1092085],[71.6475244,51.1090833],[71.6476907,51.1090231],[71.6477289,51.1090659],[71.6477795,51.1090483],[71.6478477,51.1091259],[71.6477971,51.1091435],[71.6478103,51.1091585],[71.6476344,51.1092085]]]},"properties":{"name":" ","functional":" ","purpose":"Здание"}},{"type":"Feature","id":"municipal-buildings-128696","geometry":{"type":"Polygon","coordinates":[[[71.6474634,51.1096883],[71.647394,51.1097109],[71.6474063,51.1097245],[71.6473613,51.1097406],[71.647308,51.1096819],[71.6474256,51.1096388],[71.6474634,51.1096883]]]},"properties":{"name":" ","functional":" ","purpose":"Коттедж"}},{"type":"Feature","id":"municipal-buildings-128697","geometry":{"type":"Polygon","coordinates":[[[71.6471817,51.1097282],[71.6471119,51.1097528],[71.6470503,51.1096834],[71.6471201,51.1096589],[71.6471817,51.1097282]]]},"properties":{"name":" ","functional":" ","purpose":"Здание"}},{"type":"Feature","id":"municipal-buildings-128698","geometry":{"type":"Polygon","coordinates":[[[71.6468353,51.1097439],[71.6467617,51.1097722],[71.6467142,51.1097233],[71.6467878,51.109695],[71.6468353,51.1097439]]]},"properties":{"name":" ","functional":" ","purpose":"Здание"}},{"type":"Feature","id":"municipal-buildings-128699","geometry":{"type":"Polygon","coordinates":[[[71.6466143,51.1100203],[71.6465496,51.1100442],[71.6464585,51.1099467],[71.6465246,51.1099222],[71.6466143,51.1100203]]]},"properties":{"name":" ","functional":" ","purpose":"Частный дом"}},{"type":"Feature","id":"municipal-buildings-128700","geometry":{"type":"Polygon","coordinates":[[[71.6465245,51.1099223],[71.6464084,51.1097872],[71.6464551,51.1097708],[71.646667,51.1100054],[71.6466173,51.1100235],[71.6465245,51.1099223]]]},"properties":{"name":" ","functional":" ","purpose":"Частный дом"}},{"type":"Feature","id":"municipal-buildings-128701","geometry":{"type":"Polygon","coordinates":[[[71.6464633,51.1100448],[71.6463455,51.1100842],[71.6462958,51.1100253],[71.6464135,51.1099859],[71.6464633,51.1100448]]]},"properties":{"name":" ","functional":" ","purpose":"Здание"}},{"type":"Feature","id":"municipal-buildings-128702","geometry":{"type":"Polygon","coordinates":[[[71.646222,51.110117],[71.6461382,51.1101451],[71.6460518,51.1100449],[71.6461338,51.1100176],[71.646222,51.110117]]]},"properties":{"name":" ","functional":" ","purpose":"Здание"}},{"type":"Feature","id":"municipal-buildings-128703","geometry":{"type":"Polygon","coordinates":[[[71.6461357,51.1101638],[71.6460241,51.1102043],[71.6459021,51.110071],[71.6460136,51.1100306],[71.6461357,51.1101638]]]},"properties":{"name":" ","functional":" ","purpose":"Частный дом"}},{"type":"Feature","id":"municipal-buildings-128704","geometry":{"type":"Polygon","coordinates":[[[71.6456833,51.1102504],[71.645647,51.1102637],[71.6456092,51.1102231],[71.6456455,51.1102097],[71.6456833,51.1102504]]]},"properties":{"name":" ","functional":" ","purpose":"Здание"}},{"type":"Feature","id":"municipal-buildings-128705","geometry":{"type":"Polygon","coordinates":[[[71.6456989,51.1101217],[71.6456551,51.1101353],[71.6456145,51.1100836],[71.6456583,51.1100699],[71.6456989,51.1101217]]]},"properties":{"name":" ","functional":" ","purpose":"Здание"}},{"type":"Feature","id":"municipal-buildings-128706","geometry":{"type":"Polygon","coordinates":[[[71.6457991,51.1102763],[71.6457787,51.1102509],[71.6457423,51.110264],[71.6457025,51.1102175],[71.6457186,51.1102114],[71.645702,51.1101926],[71.6458621,51.1101476],[71.6459428,51.110253],[71.645904,51.1102651],[71.6458892,51.1102463],[71.6457991,51.1102763]]]},"properties":{"name":" ","functional":" ","purpose":"Частный дом"}},{"type":"Feature","id":"municipal-buildings-128707","geometry":{"type":"Polygon","coordinates":[[[71.6454644,51.1110454],[71.6452938,51.1110638],[71.6452843,51.1109998],[71.6454561,51.1109896],[71.6454644,51.1110454]]]},"properties":{"name":" ","functional":" ","purpose":"Здание"}},{"type":"Feature","id":"municipal-buildings-128708","geometry":{"type":"Polygon","coordinates":[[[71.6450175,51.1108397],[71.6450312,51.110914],[71.6449216,51.110922],[71.6449073,51.1108443],[71.6450175,51.1108397]]]},"properties":{"name":" ","functional":" ","purpose":"Частный дом"}},{"type":"Feature","id":"municipal-buildings-128709","geometry":{"type":"Polygon","coordinates":[[[71.6450073,51.1108299],[71.6449132,51.1108339],[71.6448985,51.1106954],[71.6449925,51.1106914],[71.6450073,51.1108299]]]},"properties":{"name":" ","functional":" ","purpose":"Частный дом"}},{"type":"Feature","id":"municipal-buildings-128710","geometry":{"type":"Polygon","coordinates":[[[71.6451341,51.1107966],[71.6451335,51.1108193],[71.6450541,51.1108253],[71.6450457,51.1107679],[71.6451228,51.1107622],[71.6451341,51.1107966]]]},"properties":{"name":" ","functional":"Частные дома","purpose":"Частный дом"}},{"type":"Feature","id":"municipal-buildings-128711","geometry":{"type":"Polygon","coordinates":[[[71.6448477,51.1111766],[71.6447653,51.1111801],[71.6447609,51.1111399],[71.6448433,51.1111363],[71.6448477,51.1111766]]]},"properties":{"name":" ","functional":" ","purpose":"Здание"}},{"type":"Feature","id":"municipal-buildings-128712","geometry":{"type":"Polygon","coordinates":[[[71.64509,51.1112075],[71.644997,51.1112186],[71.6449841,51.111176],[71.6450771,51.1111648],[71.64509,51.1112075]]]},"properties":{"name":" ","functional":" ","purpose":"Здание"}},{"type":"Feature","id":"municipal-buildings-128713","geometry":{"type":"Polygon","coordinates":[[[71.6450808,51.1113425],[71.6450019,51.1113479],[71.6449955,51.1113109],[71.6448807,51.1113236],[71.644877,51.1113029],[71.6448513,51.1113046],[71.6448462,51.1112764],[71.6448719,51.1112745],[71.6448694,51.1112605],[71.6449375,51.1112557],[71.6449403,51.1112715],[71.6450663,51.111259],[71.6450808,51.1113425]]]},"properties":{"name":" ","functional":" ","purpose":"Здание"}},{"type":"Feature","id":"municipal-buildings-128714","geometry":{"type":"Polygon","coordinates":[[[71.6450808,51.1113425],[71.6451266,51.1113393],[71.645135,51.1114235],[71.6449294,51.1114298],[71.6449195,51.1113505],[71.6450808,51.1113425]]]},"properties":{"name":" ","functional":" ","purpose":"Частный дом"}},{"type":"Feature","id":"municipal-buildings-128715","geometry":{"type":"Polygon","coordinates":[[[71.6451548,51.111503],[71.6451466,51.1115416],[71.6450001,51.1115293],[71.6450083,51.1114906],[71.6451548,51.111503]]]},"properties":{"name":" ","functional":" ","purpose":"Здание"}},{"type":"Feature","id":"municipal-buildings-128716","geometry":{"type":"Polygon","coordinates":[[[71.6453456,51.1115486],[71.6452546,51.1115488],[71.6452544,51.1115148],[71.6453454,51.1115146],[71.6453456,51.1115486]]]},"properties":{"name":" ","functional":" ","purpose":"Здание"}},{"type":"Feature","id":"municipal-buildings-128717","geometry":{"type":"Polygon","coordinates":[[[71.6454986,51.1115508],[71.6454173,51.1115557],[71.6454121,51.1115221],[71.6454934,51.1115171],[71.6454986,51.1115508]]]},"properties":{"name":" ","functional":" ","purpose":"Здание"}},{"type":"Feature","id":"municipal-buildings-128718","geometry":{"type":"Polygon","coordinates":[[[71.6454152,51.1116701],[71.6454175,51.1116877],[71.645345,51.1116916],[71.6453413,51.1116644],[71.6454139,51.1116606],[71.6454152,51.1116701]]]},"properties":{"name":" ","functional":" ","purpose":"Здание"}},{"type":"Feature","id":"municipal-buildings-128719","geometry":{"type":"Polygon","coordinates":[[[71.6455128,51.1116854],[71.6454402,51.1116904],[71.6454351,51.1116609],[71.6455076,51.1116559],[71.6455128,51.1116854]]]},"properties":{"name":" ","functional":" ","purpose":"Здание"}},{"type":"Feature","id":"municipal-buildings-128720","geometry":{"type":"Polygon","coordinates":[[[71.6455101,51.1116312],[71.6454277,51.1116326],[71.6454263,51.1116007],[71.6455087,51.1115993],[71.6455101,51.1116312]]]},"properties":{"name":" ","functional":" ","purpose":"Здание"}},{"type":"Feature","id":"municipal-buildings-128721","geometry":{"type":"Polygon","coordinates":[[[71.6450394,51.1115731],[71.6450295,51.1116048],[71.6449354,51.111593],[71.6449453,51.1115614],[71.6450394,51.1115731]]]},"properties":{"name":" ","functional":" ","purpose":"Здание"}},{"type":"Feature","id":"municipal-buildings-128722","geometry":{"type":"Polygon","coordinates":[[[71.6447213,51.1116704],[71.6446536,51.1116732],[71.6446402,51.1115464],[71.6447079,51.1115436],[71.6447213,51.1116704]]]},"properties":{"name":" ","functional":" ","purpose":"Здание"}},{"type":"Feature","id":"municipal-buildings-128723","geometry":{"type":"Polygon","coordinates":[[[71.6451503,51.1116814],[71.6451052,51.1116875],[71.6451089,51.1117107],[71.6450392,51.1117151],[71.6450218,51.1116073],[71.6450845,51.1116032],[71.6450874,51.1116208],[71.64514,51.1116174],[71.6451503,51.1116814]]]},"properties":{"name":" ","functional":" ","purpose":"Здание"}},{"type":"Feature","id":"municipal-buildings-128724","geometry":{"type":"Polygon","coordinates":[[[71.6440845,51.111736],[71.6441151,51.1117369],[71.6441073,51.1118347],[71.644011,51.1118317],[71.6440188,51.1117339],[71.6440845,51.111736]]]},"properties":{"name":" ","functional":" ","purpose":"Здание"}},{"type":"Feature","id":"municipal-buildings-128725","geometry":{"type":"Polygon","coordinates":[[[71.6443309,51.1116255],[71.6442488,51.11163],[71.64424,51.1115666],[71.6444411,51.1115556],[71.6444437,51.1115744],[71.6443253,51.1115815],[71.6443309,51.1116255]]]},"properties":{"name":" ","functional":" ","purpose":"Здание"}},{"type":"Feature","id":"municipal-buildings-128726","geometry":{"type":"Polygon","coordinates":[[[71.6560016,51.118511],[71.6559224,51.1185288],[71.6558928,51.1184769],[71.655972,51.1184591],[71.6560016,51.118511]]]},"properties":{"name":" ","functional":" ","purpose":"Здание"}},{"type":"Feature","id":"municipal-buildings-128727","geometry":{"type":"Polygon","coordinates":[[[71.6463168,51.1208462],[71.6462286,51.1207192],[71.646398,51.1206726],[71.6464885,51.1208098],[71.6463168,51.1208462]]]},"properties":{"name":" ","functional":" ","purpose":"Здание"}},{"type":"Feature","id":"municipal-buildings-129158","geometry":{"type":"Polygon","coordinates":[[[71.6427606,51.1154004],[71.6426586,51.1154524],[71.6425761,51.1153737],[71.642545,51.1153888],[71.6424566,51.1153298],[71.6425291,51.11529],[71.6425588,51.1153165],[71.6425345,51.1153262],[71.6426162,51.1153638],[71.6426644,51.1153333],[71.6426423,51.1153151],[71.642664,51.115299],[71.6427343,51.1153444],[71.642793,51.1153084],[71.6428488,51.1153405],[71.6427606,51.1154004]]]},"properties":{"name":" ","functional":" ","purpose":"Частный дом"}},{"type":"Feature","id":"municipal-buildings-129159","geometry":{"type":"Polygon","coordinates":[[[71.6445696,51.1137857],[71.6445955,51.1137995],[71.6445894,51.1138205],[71.6445634,51.113828],[71.644534,51.1138173],[71.6445342,51.1137959],[71.6445696,51.1137857]]]},"properties":{"name":" ","functional":" ","purpose":"Здание"}},{"type":"Feature","id":"municipal-buildings-129160","geometry":{"type":"Polygon","coordinates":[[[71.6446575,51.1108781],[71.6445951,51.1108808],[71.6445926,51.1108577],[71.644655,51.110855],[71.6446575,51.1108781]]]},"properties":{"name":" ","functional":" ","purpose":"Здание"}},{"type":"Feature","id":"municipal-buildings-129161","geometry":{"type":"Polygon","coordinates":[[[71.6491473,51.1155821],[71.6491931,51.1156025],[71.6491928,51.1156443],[71.6491351,51.1156651],[71.6490777,51.115644],[71.6490781,51.1156022],[71.6491473,51.1155821]]]},"properties":{"name":" ","functional":" ","purpose":"Здание"}},{"type":"Feature","id":"municipal-buildings-129756","geometry":{"type":"Polygon","coordinates":[[[71.6529176,51.1147586],[71.6521726,51.1149578],[71.6520777,51.1148622],[71.6520579,51.1147878],[71.6526148,51.1146389],[71.6524528,51.114395],[71.651755,51.1145812],[71.6515387,51.1143022],[71.6514408,51.1141339],[71.6522764,51.1139105],[71.6522632,51.1138895],[71.6523214,51.113875],[71.652341,51.1138994],[71.6525415,51.113853],[71.6525721,51.1138668],[71.6525976,51.1139072],[71.652817,51.1138498],[71.6528561,51.1138751],[71.6531028,51.1143381],[71.6527134,51.1144377],[71.652808,51.1145755],[71.6532151,51.1144676],[71.6533904,51.1147294],[71.6530383,51.1148228],[71.652982,51.1147689],[71.653082,51.1147423],[71.6530576,51.1147212],[71.6529176,51.1147586]]]},"properties":{"name":" ","purpose":"Спортивное сооружение"}}]}
