{"type":"FeatureCollection","source":"Astana municipal open geoportal","source_url":"https://gis.esaulet.kz/server/rest/services/dop_sloi_geoportal_otkr/MapServer/18","metadata":{"sourceId":"astana-municipal-buildings","source":"https://gis.esaulet.kz/server/rest/services/dop_sloi_geoportal_otkr/MapServer/18","retrievedAt":"2026-09-23T11:44:36.492584+00:00","publicationDate":null,"geometryStatus":"sourced","status":"unverified","license":null,"reuseTerms":"Not stated by public source service.","outputCrs":"EPSG:4326","coordinateDimensions":"Source Z discarded; longitude and latitude retained.","queryBbox":[71.220936,50.999912,71.728067,51.301212],"bboxClipped":false,"sourceFeatureCount":125832,"featureCount":619,"completeWithinQuery":false,"renderSampleCap":null,"selection":"Tile subset of complete city coverage; full features assigned once by bbox center.","generalizationToleranceDegrees":9e-06,"invalidGeneralizedFeaturesReplacedByRaw":0,"fields":"OBJECTID,NAME,NAME_OBJECT,NUMBER_STOREYS,FUNCTIONAL,PURPOSE","query":{"where":"1=1","geometry":"71.220936,50.999912,71.728067,51.301212","geometryType":"esriGeometryEnvelope","inSR":4326,"spatialRel":"esriSpatialRelIntersects","outFields":"OBJECTID,NAME,NAME_OBJECT,NUMBER_STOREYS,FUNCTIONAL,PURPOSE","outSR":4326,"f":"geojson","returnGeometry":"true","returnZ":"false","returnM":"false","geometryPrecision":7,"maxAllowableOffset":9e-06,"orderByFields":"OBJECTID","resultRecordCount":2000},"generator":"build_building_tiles.py","sourceMetadataFile":"buildings-source.json","schemaVersion":1,"coverageChecks":{"method":"Feature bboxes intersecting a 400m by400m WGS84-local rectangle centered on user-supplied anchor. No features generated from anchors.","featuresByAnchor":{"astana_1_station":61,"nurly_zhol_station":23,"astana_airport":1,"baiterek":29}},"tileId":"r3-c1","tileBbox":[71.356869,51.2257914,71.4648592,51.2902853],"gridBbox":[71.34771875,51.225887,71.4745015,51.301212],"completeCollectionWithinQuery":true},"features":[{"type":"Feature","id":"municipal-buildings-30279","geometry":{"type":"Polygon","coordinates":[[[71.3845415,51.2295144],[71.3844593,51.229709],[71.3836114,51.2295678],[71.3836995,51.2293593],[71.3845474,51.2295005],[71.3845415,51.2295144]]]},"properties":{"name":" ","functional":"Административные сооружения","purpose":"Административное здание"}},{"type":"Feature","id":"municipal-buildings-30280","geometry":{"type":"Polygon","coordinates":[[[71.3845327,51.229498],[71.384557,51.2294362],[71.3846574,51.2294517],[71.3846276,51.2295277],[71.3845415,51.2295144],[71.3845474,51.2295005],[71.3845327,51.229498]]]},"properties":{"name":" ","functional":"Известный по назначению","purpose":"Проходная, КПП"}},{"type":"Feature","id":"municipal-buildings-30281","geometry":{"type":"Polygon","coordinates":[[[71.3838461,51.2289127],[71.3838019,51.229024],[71.3835449,51.2289838],[71.383589,51.2288726],[71.3838461,51.2289127]]]},"properties":{"name":" ","functional":"Известный по назначению","purpose":"Склад"}},{"type":"Feature","id":"municipal-buildings-30282","geometry":{"type":"Polygon","coordinates":[[[71.3842101,51.2289686],[71.3841628,51.2290858],[71.3838567,51.229037],[71.383904,51.2289199],[71.3842101,51.2289686]]]},"properties":{"name":" ","functional":"Известный по назначению","purpose":"Склад"}},{"type":"Feature","id":"municipal-buildings-30283","geometry":{"type":"Polygon","coordinates":[[[71.3779534,51.2279179],[71.3779017,51.2280354],[71.3773953,51.2279475],[71.3774471,51.22783],[71.3779534,51.2279179]]]},"properties":{"name":" ","functional":"Известный по назначению","purpose":"Хозяйственный корпус"}},{"type":"Feature","id":"municipal-buildings-30284","geometry":{"type":"Polygon","coordinates":[[[71.3793835,51.2278299],[71.3793331,51.2279419],[71.3789855,51.2278802],[71.3790359,51.2277682],[71.3793835,51.2278299]]]},"properties":{"name":" ","functional":"Известный по назначению","purpose":"Хозяйственный корпус"}},{"type":"Feature","id":"municipal-buildings-30285","geometry":{"type":"Polygon","coordinates":[[[71.3817985,51.228628],[71.3817521,51.2287404],[71.3814891,51.2286976],[71.3815355,51.2285852],[71.3817985,51.228628]]]},"properties":{"name":" ","functional":"Известный по назначению","purpose":"Хозяйственный корпус"}},{"type":"Feature","id":"municipal-buildings-30286","geometry":{"type":"Polygon","coordinates":[[[71.3721289,51.2294368],[71.3722406,51.2296594],[71.3720583,51.2296958],[71.3719466,51.2294718],[71.3721289,51.2294368]]]},"properties":{"name":" ","functional":"Административные сооружения","purpose":"Административное здание"}},{"type":"Feature","id":"municipal-buildings-30287","geometry":{"type":"Polygon","coordinates":[[[71.3721289,51.2294368],[71.3719466,51.2294718],[71.3718446,51.2292625],[71.3720269,51.2292274],[71.3721289,51.2294368]]]},"properties":{"name":" ","functional":"Административные сооружения","purpose":"Административное здание"}},{"type":"Feature","id":"municipal-buildings-30288","geometry":{"type":"Polygon","coordinates":[[[71.3712888,51.2294074],[71.3714644,51.2297668],[71.3713018,51.2297981],[71.3711133,51.229412],[71.3712758,51.2293807],[71.3712888,51.2294074]]]},"properties":{"name":" ","functional":"Известный по назначению","purpose":"Сооружение"}},{"type":"Feature","id":"municipal-buildings-30289","geometry":{"type":"Polygon","coordinates":[[[71.3714424,51.2298302],[71.371486,51.2298498],[71.3715201,51.229918],[71.3714147,51.2299391],[71.3713805,51.2298583],[71.3714065,51.229835],[71.3714424,51.2298302]]]},"properties":{"name":" ","functional":"Известный по назначению","purpose":"Сооружение"}},{"type":"Feature","id":"municipal-buildings-30290","geometry":{"type":"Polygon","coordinates":[[[71.3709245,51.2298197],[71.3709298,51.2298307],[71.3707534,51.2298641],[71.3706741,51.2296995],[71.3708505,51.229666],[71.3709245,51.2298197]]]},"properties":{"name":" ","functional":"Известный по назначению","purpose":"Сооружение"}},{"type":"Feature","id":"municipal-buildings-30291","geometry":{"type":"Polygon","coordinates":[[[71.3699245,51.2305985],[71.3698434,51.2307036],[71.369679,51.2306536],[71.3697601,51.2305485],[71.3699245,51.2305985]]]},"properties":{"name":" ","functional":"Известный по назначению","purpose":"Хозяйственный корпус"}},{"type":"Feature","id":"municipal-buildings-30292","geometry":{"type":"Polygon","coordinates":[[[71.370912,51.2307909],[71.3708796,51.2309002],[71.3707973,51.23089],[71.3708319,51.2307809],[71.370912,51.2307909]]]},"properties":{"name":" ","functional":"Известный по назначению","purpose":"Хозяйственный корпус"}},{"type":"Feature","id":"municipal-buildings-30293","geometry":{"type":"Polygon","coordinates":[[[71.3718496,51.2301116],[71.3719052,51.2301279],[71.3718795,51.2301624],[71.3718197,51.2301449],[71.3718496,51.2301116]]]},"properties":{"name":" ","functional":"Известный по назначению","purpose":"Проходная, КПП"}},{"type":"Feature","id":"municipal-buildings-30294","geometry":{"type":"Polygon","coordinates":[[[71.368033,51.2298396],[71.3679747,51.2298502],[71.367956,51.2298097],[71.3680143,51.2297991],[71.368033,51.2298396]]]},"properties":{"name":" ","functional":"Известный по назначению","purpose":"Проходная, КПП"}},{"type":"Feature","id":"municipal-buildings-30295","geometry":{"type":"Polygon","coordinates":[[[71.3690326,51.2331773],[71.3688921,51.233081],[71.3694276,51.2327766],[71.3695681,51.232872],[71.3690326,51.2331773]]]},"properties":{"name":" ","functional":"Административные сооружения","purpose":"Административное здание"}},{"type":"Feature","id":"municipal-buildings-30296","geometry":{"type":"Polygon","coordinates":[[[71.368944,51.2332684],[71.3688943,51.2333058],[71.3688409,51.2332699],[71.3688972,51.2332369],[71.368944,51.2332684]]]},"properties":{"name":" ","functional":"Известный по назначению","purpose":"Проходная, КПП"}},{"type":"Feature","id":"municipal-buildings-30297","geometry":{"type":"Polygon","coordinates":[[[71.3713072,51.2305815],[71.3712655,51.2305903],[71.3712101,51.2304873],[71.3712517,51.2304785],[71.3713072,51.2305815]]]},"properties":{"name":" ","functional":"Известный по назначению","purpose":"Хозяйственный корпус"}},{"type":"Feature","id":"municipal-buildings-30298","geometry":{"type":"Polygon","coordinates":[[[71.3641642,51.2336742],[71.3640675,51.2337989],[71.3639774,51.2337737],[71.3640105,51.2337288],[71.3639391,51.233708],[71.3639966,51.23363],[71.3641642,51.2336742]]]},"properties":{"name":" ","functional":"Известный по назначению","purpose":"Хозяйственный корпус"}},{"type":"Feature","id":"municipal-buildings-30299","geometry":{"type":"Polygon","coordinates":[[[71.364544,51.2342943],[71.364756,51.2343595],[71.364707,51.2344223],[71.364495,51.2343571],[71.364544,51.2342943]]]},"properties":{"name":" ","functional":"Административные сооружения","purpose":"Административное здание"}},{"type":"Feature","id":"municipal-buildings-30300","geometry":{"type":"Polygon","coordinates":[[[71.364544,51.2342943],[71.364495,51.2343571],[71.3644737,51.234342],[71.3644717,51.2343182],[71.3644863,51.2343026],[71.364544,51.2342943]]]},"properties":{"name":" ","functional":"Административные сооружения","purpose":"Административное здание"}},{"type":"Feature","id":"municipal-buildings-30301","geometry":{"type":"Polygon","coordinates":[[[71.3646584,51.2344774],[71.3646156,51.234539],[71.3644792,51.2344874],[71.3645233,51.2344418],[71.3646584,51.2344774]]]},"properties":{"name":" ","functional":"Известный по назначению","purpose":"Сооружение"}},{"type":"Feature","id":"municipal-buildings-30302","geometry":{"type":"Polygon","coordinates":[[[71.3636325,51.2348206],[71.3637284,51.2349916],[71.3629799,51.2351572],[71.3628323,51.2348941],[71.3635808,51.2347286],[71.3636325,51.2348206]]]},"properties":{"name":" ","functional":"Административные сооружения","purpose":"Административное здание"}},{"type":"Feature","id":"municipal-buildings-30303","geometry":{"type":"Polygon","coordinates":[[[71.367932,51.235072],[71.3676646,51.2351248],[71.3673813,51.2345531],[71.3676308,51.2345036],[71.367658,51.2345575],[71.3676689,51.2345553],[71.367932,51.235072]]]},"properties":{"name":" ","functional":"Известный по назначению","purpose":"Производственный корпус"}},{"type":"Feature","id":"municipal-buildings-30304","geometry":{"type":"Polygon","coordinates":[[[71.3734913,51.2338051],[71.3734237,51.2338422],[71.373302,51.233757],[71.3733693,51.2337202],[71.3734913,51.2338051]]]},"properties":{"name":" ","functional":"Известный по назначению","purpose":"Сооружение"}},{"type":"Feature","id":"municipal-buildings-30305","geometry":{"type":"Polygon","coordinates":[[[71.3724666,51.2331923],[71.3724278,51.2332321],[71.3723675,51.2332089],[71.3724063,51.2331691],[71.3724666,51.2331923]]]},"properties":{"name":" ","functional":"Известный по назначению","purpose":"Сооружение"}},{"type":"Feature","id":"municipal-buildings-30306","geometry":{"type":"Polygon","coordinates":[[[71.3691939,51.2264642],[71.3691847,51.2266302],[71.3683336,51.2266073],[71.368345,51.2264413],[71.3691939,51.2264642]]]},"properties":{"name":" ","functional":"Известный по назначению","purpose":"Хозяйственный корпус"}},{"type":"Feature","id":"municipal-buildings-30307","geometry":{"type":"Polygon","coordinates":[[[71.3691939,51.2264642],[71.3694001,51.2264626],[71.3693888,51.2266402],[71.3691831,51.226635],[71.3691939,51.2264642]]]},"properties":{"name":" ","functional":"Административные сооружения","purpose":"Административное здание"}},{"type":"Feature","id":"municipal-buildings-30308","geometry":{"type":"Polygon","coordinates":[[[71.3681882,51.2266834],[71.3680878,51.2266836],[71.3680882,51.2266008],[71.3681897,51.2266],[71.3681882,51.2266834]]]},"properties":{"name":" ","functional":"Известный по назначению","purpose":"Сооружение"}},{"type":"Feature","id":"municipal-buildings-30321","geometry":{"type":"Polygon","coordinates":[[[71.385589,51.2284304],[71.3855325,51.228555],[71.3853431,51.2285212],[71.3853996,51.2283966],[71.385589,51.2284304]]]},"properties":{"name":" ","functional":"Административные сооружения","purpose":"Кафе, бар"}},{"type":"Feature","id":"municipal-buildings-30322","geometry":{"type":"Polygon","coordinates":[[[71.3688028,51.2348527],[71.3686148,51.2348914],[71.3683248,51.2343163],[71.3684932,51.2342816],[71.3688028,51.2348527]]]},"properties":{"name":" ","functional":"Известный по назначению","purpose":"Хозяйственный корпус"}},{"type":"Feature","id":"municipal-buildings-30323","geometry":{"type":"Polygon","coordinates":[[[71.3683217,51.2358041],[71.3680454,51.2358603],[71.3678093,51.2354024],[71.3680855,51.2353462],[71.3683217,51.2358041]]]},"properties":{"name":" ","functional":"Административные сооружения","purpose":"Административное здание"}},{"type":"Feature","id":"municipal-buildings-30324","geometry":{"type":"Polygon","coordinates":[[[71.3683768,51.2359657],[71.3683615,51.2359686],[71.3683868,51.2360182],[71.3681434,51.2360672],[71.3680703,51.2359241],[71.3683138,51.2358752],[71.3683768,51.2359657]]]},"properties":{"name":" ","functional":"Известный по назначению","purpose":"Строящееся здание"}},{"type":"Feature","id":"municipal-buildings-30325","geometry":{"type":"Polygon","coordinates":[[[71.3683607,51.2351572],[71.3682575,51.2351816],[71.3682135,51.2351085],[71.3683167,51.235084],[71.3683607,51.2351572]]]},"properties":{"name":" ","functional":"Известный по назначению","purpose":"Хозяйственный корпус"}},{"type":"Feature","id":"municipal-buildings-30326","geometry":{"type":"Polygon","coordinates":[[[71.3675298,51.2361503],[71.3671987,51.2362158],[71.3669386,51.2356969],[71.3672696,51.2356315],[71.3675298,51.2361503]]]},"properties":{"name":" ","functional":"Известный по назначению","purpose":"Хозяйственный корпус"}},{"type":"Feature","id":"municipal-buildings-30327","geometry":{"type":"Polygon","coordinates":[[[71.3665505,51.2355177],[71.3665826,51.2355701],[71.3663237,51.2356327],[71.366254,51.2355191],[71.366513,51.2354565],[71.3665505,51.2355177]]]},"properties":{"name":" ","functional":"Известный по назначению","purpose":"Хозяйственный корпус"}},{"type":"Feature","id":"municipal-buildings-30328","geometry":{"type":"Polygon","coordinates":[[[71.3665159,51.2354613],[71.3668899,51.2353709],[71.3669245,51.2354273],[71.3665505,51.2355177],[71.3665159,51.2354613]]]},"properties":{"name":" ","functional":"Известный по назначению","purpose":"Хозяйственный корпус"}},{"type":"Feature","id":"municipal-buildings-30329","geometry":{"type":"Polygon","coordinates":[[[71.3680037,51.2352012],[71.3680428,51.2352781],[71.3677814,51.2353305],[71.3677271,51.2352236],[71.3679885,51.2351713],[71.3680037,51.2352012]]]},"properties":{"name":" ","functional":"Известный по назначению","purpose":"Производственный корпус"}},{"type":"Feature","id":"municipal-buildings-30330","geometry":{"type":"Polygon","coordinates":[[[71.3687576,51.2352958],[71.3683764,51.2353773],[71.368305,51.2352459],[71.3686862,51.2351643],[71.3687576,51.2352958]]]},"properties":{"name":" ","functional":"Известный по назначению","purpose":"Хозяйственный корпус"}},{"type":"Feature","id":"municipal-buildings-30331","geometry":{"type":"Polygon","coordinates":[[[71.3691953,51.2357681],[71.3691181,51.235794],[71.3690771,51.2357461],[71.3691544,51.2357201],[71.3691953,51.2357681]]]},"properties":{"name":" ","functional":"Известный по назначению","purpose":"Проходная, КПП"}},{"type":"Feature","id":"municipal-buildings-30332","geometry":{"type":"Polygon","coordinates":[[[71.3692847,51.2357573],[71.3692187,51.2357789],[71.3687885,51.2352611],[71.3688545,51.2352395],[71.3692847,51.2357573]]]},"properties":{"name":" ","functional":"Известный по назначению","purpose":"Хозяйственный корпус"}},{"type":"Feature","id":"municipal-buildings-30333","geometry":{"type":"Polygon","coordinates":[[[71.3696857,51.2368972],[71.3694307,51.2369758],[71.3690844,51.2365332],[71.3693394,51.2364546],[71.3696857,51.2368972]]]},"properties":{"name":" ","functional":"Административные сооружения","purpose":"Административное здание"}},{"type":"Feature","id":"municipal-buildings-30334","geometry":{"type":"Polygon","coordinates":[[[71.3686605,51.2373379],[71.3685786,51.2372341],[71.3687785,51.237172],[71.3687604,51.237146],[71.3687219,51.2371575],[71.3687021,51.2371298],[71.3687757,51.2371042],[71.3684806,51.2367369],[71.3687422,51.2366571],[71.3688793,51.2368342],[71.3689021,51.2368274],[71.3689297,51.2368608],[71.3689056,51.2368681],[71.3690115,51.237005],[71.3689992,51.2370087],[71.3690552,51.237086],[71.3691459,51.2371917],[71.3686605,51.2373379]]]},"properties":{"name":" ","functional":"Известный по назначению","purpose":"Сооружение"}},{"type":"Feature","id":"municipal-buildings-30335","geometry":{"type":"Polygon","coordinates":[[[71.3677493,51.2368884],[71.367552,51.2369495],[71.3674743,51.2368506],[71.3676716,51.2367895],[71.3677493,51.2368884]]]},"properties":{"name":" ","functional":"Известный по назначению","purpose":"Сооружение"}},{"type":"Feature","id":"municipal-buildings-30336","geometry":{"type":"Polygon","coordinates":[[[71.3668835,51.2370014],[71.3667795,51.2370331],[71.3665914,51.2367905],[71.3666954,51.2367587],[71.3668835,51.2370014]]]},"properties":{"name":" ","functional":"Известный по назначению","purpose":"Сооружение"}},{"type":"Feature","id":"municipal-buildings-30337","geometry":{"type":"Polygon","coordinates":[[[71.3693171,51.2382027],[71.3691772,51.2382493],[71.3689565,51.2379884],[71.3690964,51.2379418],[71.3693171,51.2382027]]]},"properties":{"name":" ","functional":"Известный по назначению","purpose":"Сооружение"}},{"type":"Feature","id":"municipal-buildings-30338","geometry":{"type":"Polygon","coordinates":[[[71.3698097,51.2372825],[71.3696816,51.2373258],[71.3696404,51.2372777],[71.3697685,51.2372344],[71.3698097,51.2372825]]]},"properties":{"name":" ","functional":"Известный по назначению","purpose":"Сооружение"}},{"type":"Feature","id":"municipal-buildings-30339","geometry":{"type":"Polygon","coordinates":[[[71.3698274,51.23743],[71.3698059,51.2374368],[71.369736,51.23735],[71.3704057,51.2371355],[71.3704523,51.2371934],[71.3701446,51.2372881],[71.3701721,51.2373238],[71.3698274,51.23743]]]},"properties":{"name":" ","functional":"Административные сооружения","purpose":"Административное здание"}},{"type":"Feature","id":"municipal-buildings-30340","geometry":{"type":"Polygon","coordinates":[[[71.3706306,51.2371269],[71.370593,51.2370797],[71.3708696,51.2369884],[71.3709165,51.2370472],[71.3706306,51.2371269]]]},"properties":{"name":" ","functional":"Известный по назначению","purpose":"Сооружение"}},{"type":"Feature","id":"municipal-buildings-30341","geometry":{"type":"Polygon","coordinates":[[[71.3699004,51.2357672],[71.3699341,51.235802],[71.3698585,51.2358309],[71.3698223,51.2357935],[71.3699004,51.2357672]]]},"properties":{"name":" ","functional":"Известный по назначению","purpose":"Проходная, КПП"}},{"type":"Feature","id":"municipal-buildings-30342","geometry":{"type":"Polygon","coordinates":[[[71.3753021,51.2358697],[71.3752877,51.2358744],[71.3752952,51.2358835],[71.3750762,51.2359543],[71.3749888,51.2358477],[71.3749292,51.235867],[71.3748708,51.2357959],[71.3749304,51.2357766],[71.3748365,51.2356621],[71.3750554,51.2355913],[71.3752491,51.2358274],[71.3752635,51.2358227],[71.3753021,51.2358697]]]},"properties":{"name":" ","functional":"Известный по назначению","purpose":"Хозяйственный корпус"}},{"type":"Feature","id":"municipal-buildings-30343","geometry":{"type":"Polygon","coordinates":[[[71.3757776,51.2357987],[71.3758271,51.2358611],[71.3757492,51.2358855],[71.3756712,51.2357871],[71.3757491,51.2357627],[71.3757776,51.2357987]]]},"properties":{"name":" ","functional":"Известный по назначению","purpose":"Проходная, КПП"}},{"type":"Feature","id":"municipal-buildings-30344","geometry":{"type":"Polygon","coordinates":[[[71.3764134,51.2354763],[71.3766574,51.2357716],[71.3760576,51.235957],[71.3759609,51.2358265],[71.3763363,51.2357049],[71.3762041,51.2355375],[71.3764134,51.2354763]]]},"properties":{"name":" ","functional":"Известный по назначению","purpose":"Строящееся здание"}},{"type":"Feature","id":"municipal-buildings-30345","geometry":{"type":"Polygon","coordinates":[[[71.360772,51.2363856],[71.3606666,51.2365515],[71.3604797,51.2365047],[71.360585,51.2363388],[71.360772,51.2363856]]]},"properties":{"name":" ","functional":"Административные сооружения","purpose":"Административное здание"}},{"type":"Feature","id":"municipal-buildings-30346","geometry":{"type":"Polygon","coordinates":[[[71.360977,51.2359849],[71.3609115,51.2360908],[71.3607745,51.2360574],[71.36084,51.2359515],[71.360977,51.2359849]]]},"properties":{"name":" ","functional":"Известный по назначению","purpose":"Сооружение"}},{"type":"Feature","id":"municipal-buildings-30347","geometry":{"type":"Polygon","coordinates":[[[71.361285,51.2393442],[71.3611185,51.2396025],[71.3607171,51.2395028],[71.3608811,51.2392389],[71.361285,51.2393442]]]},"properties":{"name":" ","functional":"Известный по назначению","purpose":"Хозяйственный корпус"}},{"type":"Feature","id":"municipal-buildings-30348","geometry":{"type":"Polygon","coordinates":[[[71.3610984,51.2388658],[71.3609785,51.2388295],[71.3610806,51.2386989],[71.3610385,51.238686],[71.3610675,51.2386489],[71.3614136,51.2387572],[71.3613589,51.2388273],[71.3611763,51.2387707],[71.3610984,51.2388658]]]},"properties":{"name":" ","functional":"Известный по назначению","purpose":"Хозяйственный корпус"}},{"type":"Feature","id":"municipal-buildings-30349","geometry":{"type":"Polygon","coordinates":[[[71.3614891,51.2369448],[71.3613123,51.2369041],[71.3614354,51.236723],[71.3616205,51.2367595],[71.3614891,51.2369448]]]},"properties":{"name":" ","functional":"Частные дома","purpose":"Частный дом"}},{"type":"Feature","id":"municipal-buildings-30350","geometry":{"type":"Polygon","coordinates":[[[71.3610763,51.2374438],[71.3610095,51.2374263],[71.3610264,51.237401],[71.3609889,51.2373912],[71.3610369,51.2373159],[71.3610029,51.2373074],[71.3610192,51.2372817],[71.3610532,51.2372903],[71.3611474,51.2371514],[71.3612505,51.2371757],[71.3612342,51.2372025],[71.3612721,51.2372116],[71.3612188,51.2372941],[71.3612588,51.2373058],[71.3612449,51.2373284],[71.3612678,51.2373346],[71.3612382,51.2373785],[71.3612146,51.2373734],[71.3612036,51.237392],[71.3612319,51.2374],[71.3612203,51.2374182],[71.3611504,51.2373994],[71.3611308,51.2374284],[71.3610931,51.2374185],[71.3610763,51.2374438]]]},"properties":{"name":" ","functional":"Частные дома","purpose":"Частный дом"}},{"type":"Feature","id":"municipal-buildings-30351","geometry":{"type":"Polygon","coordinates":[[[71.3612542,51.2376764],[71.3611535,51.2376505],[71.3612041,51.2375729],[71.3613402,51.2376146],[71.3613155,51.2376525],[71.3612763,51.2376424],[71.3612542,51.2376764]]]},"properties":{"name":" ","functional":"Частные дома","purpose":"Частный дом"}},{"type":"Feature","id":"municipal-buildings-30352","geometry":{"type":"Polygon","coordinates":[[[71.3607254,51.2377653],[71.3606485,51.2377455],[71.3606577,51.2377314],[71.3606232,51.2377225],[71.3606333,51.237707],[71.3605704,51.2376909],[71.3605955,51.2376524],[71.3606584,51.2376685],[71.3607219,51.2375807],[71.3608544,51.2376147],[71.3607652,51.237759],[71.3607346,51.2377511],[71.3607254,51.2377653]]]},"properties":{"name":" ","functional":"Частные дома","purpose":"Частный дом"}},{"type":"Feature","id":"municipal-buildings-30353","geometry":{"type":"Polygon","coordinates":[[[71.3664844,51.2386699],[71.3662967,51.2387222],[71.3662548,51.2386629],[71.3664424,51.2386106],[71.3664844,51.2386699]]]},"properties":{"name":" ","functional":"Известный по назначению","purpose":"Хозяйственный корпус"}},{"type":"Feature","id":"municipal-buildings-30354","geometry":{"type":"Polygon","coordinates":[[[71.3653156,51.2383822],[71.3652783,51.2383934],[71.365229,51.2383805],[71.3651284,51.2382485],[71.3652304,51.2382172],[71.3653314,51.2383497],[71.3653156,51.2383822]]]},"properties":{"name":" ","functional":"Административные сооружения","purpose":"Административное здание"}},{"type":"Feature","id":"municipal-buildings-30355","geometry":{"type":"Polygon","coordinates":[[[71.3653998,51.2381854],[71.3653369,51.238202],[71.3653044,51.2381535],[71.3653673,51.2381369],[71.3653998,51.2381854]]]},"properties":{"name":" ","functional":"Известный по назначению","purpose":"Проходная, КПП"}},{"type":"Feature","id":"municipal-buildings-30356","geometry":{"type":"Polygon","coordinates":[[[71.3658469,51.238597],[71.3656537,51.2386581],[71.3656089,51.2386022],[71.3658022,51.2385411],[71.3658469,51.238597]]]},"properties":{"name":" ","functional":"Известный по назначению","purpose":"Хозяйственный корпус"}},{"type":"Feature","id":"municipal-buildings-30357","geometry":{"type":"Polygon","coordinates":[[[71.3606174,51.237985],[71.3605953,51.2380194],[71.360496,51.2379943],[71.3605045,51.237981],[71.3604636,51.2379707],[71.3605365,51.2378569],[71.3605992,51.2378727],[71.3606092,51.2378565],[71.3606878,51.2378752],[71.360642,51.2379467],[71.3606798,51.2379563],[71.3606602,51.2379867],[71.3606174,51.237985]]]},"properties":{"name":" ","functional":"Частные дома","purpose":"Частный дом"}},{"type":"Feature","id":"municipal-buildings-30358","geometry":{"type":"Polygon","coordinates":[[[71.3621912,51.2379615],[71.3623038,51.2379952],[71.3622336,51.2380876],[71.3620554,51.2380342],[71.3621256,51.2379419],[71.3621912,51.2379615]]]},"properties":{"name":" ","functional":"Частные дома","purpose":"Частный дом"}},{"type":"Feature","id":"municipal-buildings-30359","geometry":{"type":"Polygon","coordinates":[[[71.3625387,51.2370016],[71.3628791,51.2370912],[71.3628519,51.2371316],[71.3628792,51.2371393],[71.3628314,51.2372107],[71.3624328,51.2371058],[71.3625079,51.2369935],[71.3625387,51.2370016]]]},"properties":{"name":" ","functional":"Частные дома","purpose":"Частный дом"}},{"type":"Feature","id":"municipal-buildings-30360","geometry":{"type":"Polygon","coordinates":[[[71.3633043,51.237208],[71.363242,51.2372979],[71.3630739,51.237252],[71.3631363,51.2371621],[71.3633043,51.237208]]]},"properties":{"name":" ","functional":"Известный по назначению","purpose":"Сооружение"}},{"type":"Feature","id":"municipal-buildings-30361","geometry":{"type":"Polygon","coordinates":[[[71.3604156,51.2382981],[71.3603374,51.2382779],[71.3603477,51.2382623],[71.3602885,51.2382472],[71.3603822,51.2381067],[71.3605107,51.2381405],[71.3604156,51.2382981]]]},"properties":{"name":" ","functional":"Частные дома","purpose":"Частный дом"}},{"type":"Feature","id":"municipal-buildings-30362","geometry":{"type":"Polygon","coordinates":[[[71.3602343,51.238582],[71.3600889,51.238551],[71.3601592,51.2384495],[71.3601193,51.2384386],[71.3601559,51.2383858],[71.3603362,51.2384351],[71.3603221,51.2384554],[71.3603527,51.2384633],[71.3603318,51.2384949],[71.3603004,51.2384868],[71.3602343,51.238582]]]},"properties":{"name":" ","functional":"Частные дома","purpose":"Частный дом"}},{"type":"Feature","id":"municipal-buildings-30363","geometry":{"type":"Polygon","coordinates":[[[71.3602317,51.2393501],[71.3600935,51.2393218],[71.3600841,51.2393431],[71.3599571,51.2393182],[71.3600155,51.2392039],[71.3600617,51.2392145],[71.360096,51.2391485],[71.3603135,51.2391931],[71.3602317,51.2393501]]]},"properties":{"name":" ","functional":"Частные дома","purpose":"Коттедж"}},{"type":"Feature","id":"municipal-buildings-30364","geometry":{"type":"Polygon","coordinates":[[[71.3599309,51.2391181],[71.3598391,51.2392941],[71.3597632,51.2392785],[71.3598551,51.2391025],[71.3599309,51.2391181]]]},"properties":{"name":" ","functional":"Известный по назначению","purpose":"Хозяйственный корпус"}},{"type":"Feature","id":"municipal-buildings-30365","geometry":{"type":"Polygon","coordinates":[[[71.3614188,51.2390161],[71.3612868,51.2391038],[71.3611295,51.2390088],[71.3611988,51.2389638],[71.3612468,51.2389862],[71.3613061,51.2389476],[71.3614188,51.2390161]]]},"properties":{"name":" ","functional":"Известный по назначению","purpose":"Хозяйственный корпус"}},{"type":"Feature","id":"municipal-buildings-30366","geometry":{"type":"Polygon","coordinates":[[[71.3600465,51.2395457],[71.3603583,51.2396156],[71.3602458,51.2398135],[71.3597352,51.2396991],[71.3598477,51.2395012],[71.3600465,51.2395457]]]},"properties":{"name":" ","functional":"Известный по назначению","purpose":"Производственный корпус"}},{"type":"Feature","id":"municipal-buildings-30367","geometry":{"type":"Polygon","coordinates":[[[71.3593928,51.2402116],[71.3594927,51.2402345],[71.3595548,51.2402133],[71.3595311,51.2401858],[71.3597869,51.2400936],[71.3598298,51.240143],[71.3592523,51.2403499],[71.3590728,51.2403125],[71.3591565,51.2401576],[71.3593928,51.2402116]]]},"properties":{"name":" ","functional":"Известный по назначению","purpose":"Хозяйственный корпус"}},{"type":"Feature","id":"municipal-buildings-30368","geometry":{"type":"Polygon","coordinates":[[[71.3592063,51.240169],[71.3593645,51.2398845],[71.3595522,51.239926],[71.3593928,51.2402116],[71.3592063,51.240169]]]},"properties":{"name":" ","functional":"Известный по назначению","purpose":"Хозяйственный корпус"}},{"type":"Feature","id":"municipal-buildings-30369","geometry":{"type":"Polygon","coordinates":[[[71.3609593,51.2408033],[71.3608895,51.2403032],[71.3617348,51.2402545],[71.3617964,51.2407635],[71.3609593,51.2408033]]]},"properties":{"name":" ","functional":"Известный по назначению","purpose":"Производственный корпус"}},{"type":"Feature","id":"municipal-buildings-30370","geometry":{"type":"Polygon","coordinates":[[[71.3599026,51.2407737],[71.3595802,51.2413422],[71.3590636,51.2412232],[71.3593834,51.24068],[71.3594758,51.2407011],[71.3595341,51.240599],[71.3599491,51.2406922],[71.3599026,51.2407737]]]},"properties":{"name":" ","functional":"Известный по назначению","purpose":"Производственный корпус"}},{"type":"Feature","id":"municipal-buildings-30371","geometry":{"type":"Polygon","coordinates":[[[71.3622556,51.2398726],[71.362357,51.239939],[71.3622452,51.2400063],[71.3621438,51.2399399],[71.3621798,51.2399182],[71.3621554,51.2399023],[71.3622313,51.2398567],[71.3622556,51.2398726]]]},"properties":{"name":" ","functional":"Частные дома","purpose":"Частный дом"}},{"type":"Feature","id":"municipal-buildings-30372","geometry":{"type":"Polygon","coordinates":[[[71.3670414,51.2437873],[71.3671157,51.2437986],[71.3670418,51.2439899],[71.3668773,51.2439648],[71.3669511,51.2437736],[71.3670414,51.2437873]]]},"properties":{"name":" ","functional":"Известный по назначению","purpose":"Сооружение"}},{"type":"Feature","id":"municipal-buildings-30373","geometry":{"type":"Polygon","coordinates":[[[71.3664273,51.2439273],[71.3663841,51.2440402],[71.3661986,51.2440123],[71.3662419,51.2438993],[71.3664273,51.2439273]]]},"properties":{"name":" ","functional":"Административные сооружения","purpose":"Административное здание"}},{"type":"Feature","id":"municipal-buildings-30374","geometry":{"type":"Polygon","coordinates":[[[71.3664974,51.2441547],[71.3664871,51.24418],[71.3663993,51.2441659],[71.3664096,51.2441405],[71.3664974,51.2441547]]]},"properties":{"name":" ","functional":"Известный по назначению","purpose":"Проходная, КПП"}},{"type":"Feature","id":"municipal-buildings-30375","geometry":{"type":"Polygon","coordinates":[[[71.3679557,51.2465615],[71.3676887,51.2465221],[71.3679247,51.2458916],[71.3682817,51.2459442],[71.3682604,51.2460012],[71.3681704,51.2459879],[71.3679557,51.2465615]]]},"properties":{"name":" ","functional":"Известный по назначению","purpose":"Гараж"}},{"type":"Feature","id":"municipal-buildings-30376","geometry":{"type":"Polygon","coordinates":[[[71.3662796,51.2448996],[71.3663107,51.2449056],[71.366193,51.2451461],[71.3659988,51.2451086],[71.3661166,51.2448681],[71.3662796,51.2448996]]]},"properties":{"name":" ","functional":"Известный по назначению","purpose":"Хозяйственный корпус"}},{"type":"Feature","id":"municipal-buildings-30377","geometry":{"type":"Polygon","coordinates":[[[71.3669387,51.2446757],[71.3669192,51.2447165],[71.366858,51.244705],[71.3668775,51.2446642],[71.3669387,51.2446757]]]},"properties":{"name":" ","functional":"Известный по назначению","purpose":"Проходная, КПП"}},{"type":"Feature","id":"municipal-buildings-30378","geometry":{"type":"Polygon","coordinates":[[[71.3648163,51.2450013],[71.3648117,51.2450108],[71.3646923,51.2449881],[71.3647368,51.2448917],[71.3649258,51.2449263],[71.3648945,51.2449954],[71.364825,51.2449833],[71.3648163,51.2450013]]]},"properties":{"name":" ","functional":"Известный по назначению","purpose":"Сооружение"}},{"type":"Feature","id":"municipal-buildings-30379","geometry":{"type":"Polygon","coordinates":[[[71.3662732,51.2454643],[71.3662225,51.245568],[71.3658087,51.2454888],[71.3658626,51.245384],[71.3662732,51.2454643]]]},"properties":{"name":" ","functional":"Известный по назначению","purpose":"Сооружение"}},{"type":"Feature","id":"municipal-buildings-30380","geometry":{"type":"Polygon","coordinates":[[[71.3655165,51.2458424],[71.3655972,51.2458578],[71.3654966,51.2460655],[71.365407,51.2460484],[71.3655165,51.2458424]]]},"properties":{"name":" ","functional":"Известный по назначению","purpose":"Сооружение"}},{"type":"Feature","id":"municipal-buildings-30381","geometry":{"type":"Polygon","coordinates":[[[71.3659391,51.2460424],[71.3659229,51.246078],[71.3658317,51.2460617],[71.3658479,51.2460261],[71.3659391,51.2460424]]]},"properties":{"name":" ","functional":"Известный по назначению","purpose":"Сооружение"}},{"type":"Feature","id":"municipal-buildings-30382","geometry":{"type":"Polygon","coordinates":[[[71.3652852,51.2463357],[71.3651797,51.2465512],[71.3640237,51.2463284],[71.3641291,51.2461128],[71.3652852,51.2463357]]]},"properties":{"name":" ","functional":"Известный по назначению","purpose":"Гараж"}},{"type":"Feature","id":"municipal-buildings-30383","geometry":{"type":"Polygon","coordinates":[[[71.3658158,51.2466746],[71.3655511,51.2466228],[71.3657124,51.2462979],[71.3659771,51.2463497],[71.3659091,51.2464866],[71.3659621,51.246497],[71.3659361,51.2465492],[71.3658832,51.2465389],[71.3658158,51.2466746]]]},"properties":{"name":" ","functional":"Административные сооружения","purpose":"Административное здание"}},{"type":"Feature","id":"municipal-buildings-30384","geometry":{"type":"Polygon","coordinates":[[[71.3605901,51.2467513],[71.3604304,51.2470648],[71.3602998,51.2470386],[71.3604595,51.2467251],[71.3605901,51.2467513]]]},"properties":{"name":" ","functional":"Известный по назначению","purpose":"Хозяйственный корпус"}},{"type":"Feature","id":"municipal-buildings-30385","geometry":{"type":"Polygon","coordinates":[[[71.3612297,51.2467431],[71.3613725,51.2467707],[71.3612647,51.2469899],[71.3610369,51.2469458],[71.3611447,51.2467266],[71.3612297,51.2467431]]]},"properties":{"name":" ","functional":"Административные сооружения","purpose":"Административное здание"}},{"type":"Feature","id":"municipal-buildings-30386","geometry":{"type":"Polygon","coordinates":[[[71.359657,51.2477784],[71.3596341,51.2478431],[71.3594061,51.2477996],[71.3594367,51.2477364],[71.3595217,51.2477526],[71.3595379,51.2477189],[71.3596733,51.2477444],[71.359657,51.2477784]]]},"properties":{"name":" ","functional":"Известный по назначению","purpose":"Хозяйственный корпус"}},{"type":"Feature","id":"municipal-buildings-30387","geometry":{"type":"Polygon","coordinates":[[[71.3613761,51.2475566],[71.3612349,51.2475344],[71.3612564,51.247487],[71.3612955,51.2474915],[71.3613772,51.2472887],[71.3614774,51.2473039],[71.3613761,51.2475566]]]},"properties":{"name":" ","functional":"Известный по назначению","purpose":"Хозяйственный корпус"}},{"type":"Feature","id":"municipal-buildings-30388","geometry":{"type":"Polygon","coordinates":[[[71.3613774,51.2470782],[71.3613495,51.2471331],[71.3611979,51.2471028],[71.3612258,51.2470478],[71.3613774,51.2470782]]]},"properties":{"name":" ","functional":"Известный по назначению","purpose":"Хозяйственный корпус"}},{"type":"Feature","id":"municipal-buildings-30389","geometry":{"type":"Polygon","coordinates":[[[71.3573751,51.2459167],[71.3573408,51.2459867],[71.3570939,51.2459391],[71.3571282,51.2458691],[71.3573751,51.2459167]]]},"properties":{"name":" ","functional":"Известный по назначению","purpose":"Сооружение"}},{"type":"Feature","id":"municipal-buildings-30390","geometry":{"type":"Polygon","coordinates":[[[71.368366,51.2472667],[71.3683865,51.2472118],[71.3686182,51.2472459],[71.368573,51.2473669],[71.3683413,51.2473328],[71.368366,51.2472667]]]},"properties":{"name":" ","functional":"Административные сооружения","purpose":"Административное здание"}},{"type":"Feature","id":"municipal-buildings-30391","geometry":{"type":"Polygon","coordinates":[[[71.368366,51.2472667],[71.3683419,51.2473311],[71.3682734,51.247321],[71.3682975,51.2472567],[71.368366,51.2472667]]]},"properties":{"name":" ","functional":"Административные сооружения","purpose":"Административное здание"}},{"type":"Feature","id":"municipal-buildings-30392","geometry":{"type":"Polygon","coordinates":[[[71.3735495,51.245277],[71.3734939,51.245409],[71.3732625,51.2453706],[71.3732978,51.2452871],[71.3731651,51.245265],[71.3731852,51.2452172],[71.3733179,51.2452393],[71.3733784,51.2450958],[71.3736097,51.2451343],[71.3735495,51.245277]]]},"properties":{"name":" ","functional":"Административные сооружения","purpose":"Административное здание"}},{"type":"Feature","id":"municipal-buildings-30393","geometry":{"type":"Polygon","coordinates":[[[71.3730452,51.2450615],[71.372944,51.2452824],[71.3722406,51.2451455],[71.3723491,51.244926],[71.3730452,51.2450615]]]},"properties":{"name":" ","functional":"Известный по назначению","purpose":"Хозяйственный корпус"}},{"type":"Feature","id":"municipal-buildings-30394","geometry":{"type":"Polygon","coordinates":[[[71.3721567,51.2448309],[71.3720261,51.2451041],[71.3713237,51.2449668],[71.3714653,51.2446976],[71.3721567,51.2448309]]]},"properties":{"name":" ","functional":"Административные сооружения","purpose":"Административное здание"}},{"type":"Feature","id":"municipal-buildings-30395","geometry":{"type":"Polygon","coordinates":[[[71.3737546,51.2448017],[71.3736955,51.2449395],[71.3734635,51.2449003],[71.3735343,51.244735],[71.3734021,51.2447127],[71.3734229,51.2446642],[71.3735551,51.2446865],[71.3735815,51.2446247],[71.3738136,51.2446639],[71.3737546,51.2448017]]]},"properties":{"name":" ","functional":"Административные сооружения","purpose":"Административное здание"}},{"type":"Feature","id":"municipal-buildings-30396","geometry":{"type":"Polygon","coordinates":[[[71.3735507,51.244291],[71.3734332,51.2445653],[71.3725874,51.2444226],[71.3727049,51.2441483],[71.3735507,51.244291]]]},"properties":{"name":" ","functional":"Известный по назначению","purpose":"Хозяйственный корпус"}},{"type":"Feature","id":"municipal-buildings-30397","geometry":{"type":"Polygon","coordinates":[[[71.3725981,51.2441294],[71.3724785,51.2444049],[71.3716328,51.2442602],[71.3717524,51.2439847],[71.3725981,51.2441294]]]},"properties":{"name":" ","functional":"Известный по назначению","purpose":"Хозяйственный корпус"}},{"type":"Feature","id":"municipal-buildings-30398","geometry":{"type":"Polygon","coordinates":[[[71.3714077,51.249715],[71.3713126,51.2499354],[71.3707267,51.2498345],[71.3708194,51.2496159],[71.3714077,51.249715]]]},"properties":{"name":" ","functional":"Административные сооружения","purpose":"Административное здание"}},{"type":"Feature","id":"municipal-buildings-30399","geometry":{"type":"Polygon","coordinates":[[[71.3708179,51.2489177],[71.3713861,51.2490181],[71.3713342,51.2491335],[71.370742,51.2490284],[71.370794,51.2489134],[71.3708179,51.2489177]]]},"properties":{"name":" ","functional":"Известный по назначению","purpose":"Хозяйственный корпус"}},{"type":"Feature","id":"municipal-buildings-30400","geometry":{"type":"Polygon","coordinates":[[[71.3719654,51.2491206],[71.3718841,51.2493246],[71.3717156,51.2492937],[71.3717953,51.2490939],[71.3719654,51.2491206]]]},"properties":{"name":" ","functional":"Известный по назначению","purpose":"Хозяйственный корпус"}},{"type":"Feature","id":"municipal-buildings-30401","geometry":{"type":"Polygon","coordinates":[[[71.3692646,51.2489747],[71.3691497,51.2492383],[71.3689773,51.2492088],[71.3690968,51.2489433],[71.3690839,51.248941],[71.3691107,51.2488811],[71.3692993,51.2489142],[71.3692646,51.2489747]]]},"properties":{"name":" ","functional":"Известный по назначению","purpose":"Хозяйственный корпус"}},{"type":"Feature","id":"municipal-buildings-30402","geometry":{"type":"Polygon","coordinates":[[[71.3690014,51.2487562],[71.3689522,51.2488733],[71.3684362,51.2487841],[71.3684875,51.2486673],[71.3690014,51.2487562]]]},"properties":{"name":" ","functional":"Известный по назначению","purpose":"Хозяйственный корпус"}},{"type":"Feature","id":"municipal-buildings-30403","geometry":{"type":"Polygon","coordinates":[[[71.3687188,51.2489833],[71.3686862,51.2490737],[71.368347,51.2490142],[71.3683868,51.248925],[71.3687188,51.2489833]]]},"properties":{"name":" ","functional":"Известный по назначению","purpose":"Хозяйственный корпус"}},{"type":"Feature","id":"municipal-buildings-30404","geometry":{"type":"Polygon","coordinates":[[[71.3682467,51.251424],[71.3681555,51.2516328],[71.3678243,51.2515759],[71.3679155,51.251367],[71.3682467,51.251424]]]},"properties":{"name":" ","functional":"Известный по назначению","purpose":"Сооружение"}},{"type":"Feature","id":"municipal-buildings-30405","geometry":{"type":"Polygon","coordinates":[[[71.3674559,51.2512833],[71.3673856,51.2514424],[71.3669682,51.2513697],[71.3670385,51.2512106],[71.3674559,51.2512833]]]},"properties":{"name":" ","functional":"Известный по назначению","purpose":"Сооружение"}},{"type":"Feature","id":"municipal-buildings-30406","geometry":{"type":"Polygon","coordinates":[[[71.3669439,51.251426],[71.3668952,51.2515355],[71.3663135,51.2514334],[71.3663623,51.251324],[71.3669439,51.251426]]]},"properties":{"name":" ","functional":"Известный по назначению","purpose":"Сооружение"}},{"type":"Feature","id":"municipal-buildings-30407","geometry":{"type":"Polygon","coordinates":[[[71.3667909,51.2511659],[71.366763,51.2512284],[71.3664162,51.2511676],[71.3664441,51.251105],[71.3667909,51.2511659]]]},"properties":{"name":" ","functional":"Известный по назначению","purpose":"Сооружение"}},{"type":"Feature","id":"municipal-buildings-30408","geometry":{"type":"Polygon","coordinates":[[[71.375079,51.2477502],[71.3757018,51.2478649],[71.3755313,51.2482546],[71.374435,51.2480657],[71.3746055,51.2476759],[71.375079,51.2477502]]]},"properties":{"name":" ","functional":"Известный по назначению","purpose":"Производственный корпус"}},{"type":"Feature","id":"municipal-buildings-30409","geometry":{"type":"Polygon","coordinates":[[[71.3755778,51.2474903],[71.3754855,51.2477036],[71.3746399,51.2475596],[71.3747322,51.2473462],[71.3755778,51.2474903]]]},"properties":{"name":" ","functional":"Известный по назначению","purpose":"Производственный корпус"}},{"type":"Feature","id":"municipal-buildings-30410","geometry":{"type":"Polygon","coordinates":[[[71.3758681,51.2477887],[71.375735,51.2477657],[71.3757482,51.2477358],[71.3756873,51.2477253],[71.3759206,51.2471938],[71.3761331,51.2472306],[71.3758998,51.247762],[71.3758812,51.2477588],[71.3758681,51.2477887]]]},"properties":{"name":" ","functional":"Известный по назначению","purpose":"Производственный корпус"}},{"type":"Feature","id":"municipal-buildings-30411","geometry":{"type":"Polygon","coordinates":[[[71.3766052,51.2482413],[71.3764863,51.2485199],[71.3762942,51.2484876],[71.3764131,51.248209],[71.3766052,51.2482413]]]},"properties":{"name":" ","functional":"Известный по назначению","purpose":"Хозяйственный корпус"}},{"type":"Feature","id":"municipal-buildings-30412","geometry":{"type":"Polygon","coordinates":[[[71.3756182,51.2483632],[71.3755725,51.2484708],[71.3754317,51.2484472],[71.3754774,51.2483397],[71.3756182,51.2483632]]]},"properties":{"name":" ","functional":"Известный по назначению","purpose":"Хозяйственный корпус"}},{"type":"Feature","id":"municipal-buildings-30413","geometry":{"type":"Polygon","coordinates":[[[71.3752019,51.2482919],[71.3751613,51.2483846],[71.3749278,51.2483443],[71.3749684,51.2482516],[71.3752019,51.2482919]]]},"properties":{"name":" ","functional":"Известный по назначению","purpose":"Хозяйственный корпус"}},{"type":"Feature","id":"municipal-buildings-30414","geometry":{"type":"Polygon","coordinates":[[[71.375798,51.2496771],[71.3756833,51.2499422],[71.3753361,51.249883],[71.3754508,51.2496179],[71.375798,51.2496771]]]},"properties":{"name":" ","functional":"Известный по назначению","purpose":"Строящееся здание"}},{"type":"Feature","id":"municipal-buildings-30415","geometry":{"type":"Polygon","coordinates":[[[71.3744582,51.2497416],[71.3744384,51.2497939],[71.3740979,51.2497431],[71.3741988,51.2494767],[71.3745393,51.2495276],[71.3744582,51.2497416]]]},"properties":{"name":" ","functional":"Известный по назначению","purpose":"Строящееся здание"}},{"type":"Feature","id":"municipal-buildings-30416","geometry":{"type":"Polygon","coordinates":[[[71.3745393,51.2495276],[71.3747049,51.2495531],[71.3747374,51.2495402],[71.3747564,51.2495603],[71.3748794,51.2495784],[71.3747946,51.2497939],[71.3744539,51.249741],[71.3745393,51.2495276]]]},"properties":{"name":" ","functional":"Известный по назначению","purpose":"Строящееся здание"}},{"type":"Feature","id":"municipal-buildings-30417","geometry":{"type":"Polygon","coordinates":[[[71.3786888,51.2471378],[71.3785324,51.2475082],[71.3781796,51.2474495],[71.3783361,51.2470791],[71.3786888,51.2471378]]]},"properties":{"name":" ","functional":"Известный по назначению","purpose":"Хозяйственный корпус"}},{"type":"Feature","id":"municipal-buildings-30418","geometry":{"type":"Polygon","coordinates":[[[71.3779971,51.2489639],[71.3779478,51.2490798],[71.3775913,51.2490202],[71.3776406,51.2489042],[71.3779971,51.2489639]]]},"properties":{"name":" ","functional":"Административные сооружения","purpose":"Административное здание"}},{"type":"Feature","id":"municipal-buildings-30419","geometry":{"type":"Polygon","coordinates":[[[71.3787999,51.2489149],[71.3786792,51.2491994],[71.378477,51.2491656],[71.3785976,51.2488811],[71.3787999,51.2489149]]]},"properties":{"name":" ","functional":"Известный по назначению","purpose":"Хозяйственный корпус"}},{"type":"Feature","id":"municipal-buildings-30420","geometry":{"type":"Polygon","coordinates":[[[71.3790065,51.2484321],[71.378827,51.2488545],[71.3787038,51.2488339],[71.3788834,51.2484115],[71.3790065,51.2484321]]]},"properties":{"name":" ","functional":"Известный по назначению","purpose":"Хозяйственный корпус"}},{"type":"Feature","id":"municipal-buildings-30421","geometry":{"type":"Polygon","coordinates":[[[71.3813754,51.2477744],[71.3809622,51.2477027],[71.3810525,51.247487],[71.3814708,51.2475606],[71.3813754,51.2477744]]]},"properties":{"name":" ","functional":"Известный по назначению","purpose":"Производственный корпус"}},{"type":"Feature","id":"municipal-buildings-30422","geometry":{"type":"Polygon","coordinates":[[[71.3806431,51.2481507],[71.3805727,51.2483111],[71.3804249,51.2482856],[71.3804953,51.2481252],[71.3806431,51.2481507]]]},"properties":{"name":" ","functional":"Известный по назначению","purpose":"Хозяйственный корпус"}},{"type":"Feature","id":"municipal-buildings-30423","geometry":{"type":"Polygon","coordinates":[[[71.3808426,51.2481845],[71.3807726,51.2483444],[71.3806249,51.248319],[71.3806949,51.2481591],[71.3808426,51.2481845]]]},"properties":{"name":" ","functional":"Известный по назначению","purpose":"Хозяйственный корпус"}},{"type":"Feature","id":"municipal-buildings-30424","geometry":{"type":"Polygon","coordinates":[[[71.3810411,51.248219],[71.3809715,51.248379],[71.3808234,51.2483536],[71.380893,51.2481936],[71.3810411,51.248219]]]},"properties":{"name":" ","functional":"Известный по назначению","purpose":"Хозяйственный корпус"}},{"type":"Feature","id":"municipal-buildings-30425","geometry":{"type":"Polygon","coordinates":[[[71.3811969,51.2482451],[71.3812416,51.2482527],[71.3811722,51.248413],[71.3810246,51.2483874],[71.3810939,51.2482276],[71.3811969,51.2482451]]]},"properties":{"name":" ","functional":"Известный по назначению","purpose":"Хозяйственный корпус"}},{"type":"Feature","id":"municipal-buildings-30426","geometry":{"type":"Polygon","coordinates":[[[71.3807045,51.2484],[71.3806736,51.2484745],[71.3804664,51.2484396],[71.3804989,51.2483664],[71.3807045,51.2484]]]},"properties":{"name":" ","functional":"Административные сооружения","purpose":"Административное здание"}},{"type":"Feature","id":"municipal-buildings-30427","geometry":{"type":"Polygon","coordinates":[[[71.3809899,51.2487671],[71.3808929,51.248994],[71.380713,51.2489636],[71.38081,51.2487368],[71.3809899,51.2487671]]]},"properties":{"name":" ","functional":"Известный по назначению","purpose":"Строящееся здание"}},{"type":"Feature","id":"municipal-buildings-30428","geometry":{"type":"Polygon","coordinates":[[[71.3808044,51.2491683],[71.3806492,51.2495316],[71.3804728,51.2495019],[71.380628,51.2491386],[71.3808044,51.2491683]]]},"properties":{"name":" ","functional":"Известный по назначению","purpose":"Хозяйственный корпус"}},{"type":"Feature","id":"municipal-buildings-30429","geometry":{"type":"Polygon","coordinates":[[[71.3786002,51.2503525],[71.3786393,51.2502383],[71.3787931,51.2502624],[71.378748,51.2503757],[71.3786002,51.2503525]]]},"properties":{"name":" ","functional":"Частные дома","purpose":"Частный дом"}},{"type":"Feature","id":"municipal-buildings-30430","geometry":{"type":"Polygon","coordinates":[[[71.378709,51.2503696],[71.3786722,51.2504638],[71.3787755,51.2504835],[71.3787416,51.2505668],[71.3785264,51.2505304],[71.3786002,51.2503525],[71.378709,51.2503696]]]},"properties":{"name":" ","functional":"Административные сооружения","purpose":"Магазин"}},{"type":"Feature","id":"municipal-buildings-30431","geometry":{"type":"Polygon","coordinates":[[[71.3785114,51.2506328],[71.378476,51.2507063],[71.3784024,51.2506924],[71.3784378,51.2506188],[71.3785114,51.2506328]]]},"properties":{"name":" ","functional":"Административные сооружения","purpose":"Столовая"}},{"type":"Feature","id":"municipal-buildings-30432","geometry":{"type":"Polygon","coordinates":[[[71.3802766,51.2505111],[71.380462,51.2505431],[71.3803473,51.2508095],[71.3803197,51.2508316],[71.3802537,51.2508201],[71.3802514,51.250802],[71.3801559,51.2507863],[71.3801294,51.2507678],[71.3801125,51.2507254],[71.3801562,51.250696],[71.380097,51.2506597],[71.3800841,51.2506084],[71.3799833,51.2505907],[71.3800345,51.2504692],[71.3802766,51.2505111]]]},"properties":{"name":" ","functional":"Административные сооружения","purpose":"Административное здание"}},{"type":"Feature","id":"municipal-buildings-30433","geometry":{"type":"Polygon","coordinates":[[[71.3813732,51.2508447],[71.3811649,51.2508077],[71.3812112,51.2507144],[71.3813577,51.2507429],[71.3813406,51.2507774],[71.3813716,51.2507835],[71.3813629,51.2508009],[71.3813925,51.2508066],[71.3813732,51.2508447]]]},"properties":{"name":" ","functional":"Частные дома","purpose":"Коттедж"}},{"type":"Feature","id":"municipal-buildings-30434","geometry":{"type":"Polygon","coordinates":[[[71.3812957,51.2504657],[71.3814831,51.2504997],[71.3814331,51.2505989],[71.3812472,51.2505621],[71.3812957,51.2504657]]]},"properties":{"name":" ","functional":"Частные дома","purpose":"Коттедж"}},{"type":"Feature","id":"municipal-buildings-30435","geometry":{"type":"Polygon","coordinates":[[[71.3822073,51.2507213],[71.3821566,51.2508291],[71.3819737,51.2507953],[71.3820278,51.2506802],[71.3822073,51.2507213]]]},"properties":{"name":" ","functional":"Частные дома","purpose":"Коттедж"}},{"type":"Feature","id":"municipal-buildings-30436","geometry":{"type":"Polygon","coordinates":[[[71.3825266,51.2484347],[71.3824788,51.2485312],[71.3821097,51.2484591],[71.3821575,51.2483626],[71.3825266,51.2484347]]]},"properties":{"name":" ","functional":"Известный по назначению","purpose":"Сооружение"}},{"type":"Feature","id":"municipal-buildings-30437","geometry":{"type":"Polygon","coordinates":[[[71.3780235,51.2510721],[71.3778819,51.2513987],[71.3770337,51.2512538],[71.3771753,51.2509272],[71.3780235,51.2510721]]]},"properties":{"name":" ","functional":"Известный по назначению","purpose":"Автосервис"}},{"type":"Feature","id":"municipal-buildings-30438","geometry":{"type":"Polygon","coordinates":[[[71.3768076,51.2512112],[71.3766505,51.2511936],[71.3766539,51.2511847],[71.3765504,51.2511668],[71.3766583,51.2508777],[71.3766757,51.2508808],[71.3767361,51.2507314],[71.3768997,51.2507556],[71.3768942,51.2507702],[71.3769934,51.2507873],[71.3768076,51.2512112]]]},"properties":{"name":" ","functional":"Административные сооружения","purpose":"Административное здание"}},{"type":"Feature","id":"municipal-buildings-30439","geometry":{"type":"Polygon","coordinates":[[[71.3771718,51.2507635],[71.3771493,51.2508145],[71.3770673,51.2508003],[71.3770897,51.2507493],[71.3771718,51.2507635]]]},"properties":{"name":" ","functional":"Известный по назначению","purpose":"Проходная, КПП"}},{"type":"Feature","id":"municipal-buildings-30440","geometry":{"type":"Polygon","coordinates":[[[71.3777068,51.2514988],[71.3776225,51.251695],[71.3771436,51.251614],[71.3772279,51.2514177],[71.3777068,51.2514988]]]},"properties":{"name":" ","functional":"Известный по назначению","purpose":"Хозяйственный корпус"}},{"type":"Feature","id":"municipal-buildings-30441","geometry":{"type":"Polygon","coordinates":[[[71.3784981,51.25169],[71.378367,51.2519637],[71.3781955,51.2519314],[71.3783266,51.2516577],[71.3784981,51.25169]]]},"properties":{"name":" ","functional":"Известный по назначению","purpose":"Сооружение"}},{"type":"Feature","id":"municipal-buildings-30442","geometry":{"type":"Polygon","coordinates":[[[71.3786429,51.2519387],[71.3795564,51.2521068],[71.3794796,51.2522711],[71.3785598,51.2521018],[71.3786429,51.2519387]]]},"properties":{"name":" ","functional":"Известный по назначению","purpose":"Гараж"}},{"type":"Feature","id":"municipal-buildings-30443","geometry":{"type":"Polygon","coordinates":[[[71.3791373,51.2514217],[71.3796495,51.2515184],[71.3795942,51.2516339],[71.3790843,51.2515392],[71.3791373,51.2514217]]]},"properties":{"name":" ","functional":"Известный по назначению","purpose":"Производственный корпус"}},{"type":"Feature","id":"municipal-buildings-30444","geometry":{"type":"Polygon","coordinates":[[[71.3786549,51.2511324],[71.3788142,51.2511607],[71.3787585,51.251284],[71.3785069,51.2512392],[71.3785627,51.251116],[71.3786549,51.2511324]]]},"properties":{"name":" ","functional":"Административные сооружения","purpose":"Административное здание"}},{"type":"Feature","id":"municipal-buildings-30445","geometry":{"type":"Polygon","coordinates":[[[71.3790838,51.2512071],[71.3790613,51.2512561],[71.3789949,51.2512447],[71.3790176,51.2511951],[71.3790838,51.2512071]]]},"properties":{"name":" ","functional":"Известный по назначению","purpose":"Проходная, КПП"}},{"type":"Feature","id":"municipal-buildings-30446","geometry":{"type":"Polygon","coordinates":[[[71.3801589,51.2517979],[71.3800001,51.251769],[71.380081,51.2515948],[71.380285,51.2516321],[71.3802417,51.2517284],[71.3801933,51.2517206],[71.3801589,51.2517979]]]},"properties":{"name":" ","functional":"Известный по назначению","purpose":"Хозяйственный корпус"}},{"type":"Feature","id":"municipal-buildings-30447","geometry":{"type":"Polygon","coordinates":[[[71.3816789,51.2501144],[71.3815122,51.2500829],[71.3815676,51.2499638],[71.3817525,51.2499985],[71.3817224,51.2500628],[71.381705,51.2500596],[71.3816789,51.2501144]]]},"properties":{"name":" ","functional":"Частные дома","purpose":"Частный дом"}},{"type":"Feature","id":"municipal-buildings-30448","geometry":{"type":"Polygon","coordinates":[[[71.3825151,51.2512101],[71.3826295,51.2509596],[71.3828009,51.2509901],[71.3828197,51.25095],[71.3828711,51.2509539],[71.3828509,51.250999],[71.3830447,51.2510335],[71.3830305,51.2510604],[71.3830109,51.2510575],[71.3829505,51.2511816],[71.3827785,51.2511542],[71.3827395,51.2512529],[71.3825151,51.2512101]]]},"properties":{"name":" ","functional":"Административные сооружения","purpose":"Административное здание"}},{"type":"Feature","id":"municipal-buildings-30449","geometry":{"type":"Polygon","coordinates":[[[71.3827395,51.2512529],[71.3826809,51.2514101],[71.3824428,51.2513684],[71.3825151,51.2512101],[71.3827395,51.2512529]]]},"properties":{"name":" ","functional":"Административные сооружения","purpose":"Административное здание"}},{"type":"Feature","id":"municipal-buildings-30450","geometry":{"type":"Polygon","coordinates":[[[71.383338,51.2511532],[71.3832973,51.2512576],[71.3831025,51.2512255],[71.383086,51.2512196],[71.3830969,51.2511935],[71.3830736,51.2511894],[71.3831204,51.2510688],[71.3833139,51.2510993],[71.3832762,51.251176],[71.3832899,51.2511446],[71.383338,51.2511532]],[[71.3832719,51.2511945],[71.3832605,51.2512129],[71.3832164,51.2512119],[71.3832636,51.251216],[71.3832719,51.2511945]]]},"properties":{"name":" ","functional":"Частные дома","purpose":"Коттедж"}},{"type":"Feature","id":"municipal-buildings-30451","geometry":{"type":"Polygon","coordinates":[[[71.3818832,51.2497381],[71.3818308,51.2498448],[71.3816409,51.2498079],[71.3816594,51.2497678],[71.381615,51.2497596],[71.3816764,51.2496337],[71.3819126,51.2496784],[71.3818832,51.2497381]]]},"properties":{"name":" ","functional":"Частные дома","purpose":"Коттедж"}},{"type":"Feature","id":"municipal-buildings-30452","geometry":{"type":"Polygon","coordinates":[[[71.3819622,51.2494433],[71.382027,51.2494554],[71.3819926,51.2495278],[71.3820244,51.2495334],[71.3820008,51.2495865],[71.3819068,51.2495682],[71.3819236,51.2495259],[71.3817901,51.2495009],[71.3818293,51.2494184],[71.3819622,51.2494433]]]},"properties":{"name":" ","functional":"Частные дома","purpose":"Коттедж"}},{"type":"Feature","id":"municipal-buildings-30453","geometry":{"type":"Polygon","coordinates":[[[71.3815194,51.2503943],[71.3814317,51.2503804],[71.381466,51.2503117],[71.38143,51.2503049],[71.3814434,51.250277],[71.381477,51.2502833],[71.3815041,51.2502352],[71.3815784,51.2502498],[71.3815671,51.2502726],[71.381612,51.2502814],[71.3815724,51.2503656],[71.3815371,51.2503586],[71.3815194,51.2503943]]]},"properties":{"name":" ","functional":"Частные дома","purpose":"Частный дом"}},{"type":"Feature","id":"municipal-buildings-30454","geometry":{"type":"Polygon","coordinates":[[[71.3791373,51.2514217],[71.3790843,51.2515392],[71.378922,51.2515071],[71.3789773,51.2513915],[71.3791373,51.2514217]]]},"properties":{"name":" ","functional":"Административные сооружения","purpose":"Административное здание"}},{"type":"Feature","id":"municipal-buildings-30455","geometry":{"type":"Polygon","coordinates":[[[71.3797113,51.2462774],[71.379879,51.2463042],[71.3798311,51.2464221],[71.3793906,51.2463516],[71.3794385,51.2462337],[71.3797113,51.2462774]]]},"properties":{"name":" ","functional":"Известный по назначению","purpose":"Автомойка"}},{"type":"Feature","id":"municipal-buildings-30456","geometry":{"type":"Polygon","coordinates":[[[71.376146,51.2470851],[71.3761278,51.2471236],[71.3760648,51.2471119],[71.376083,51.2470733],[71.376146,51.2470851]]]},"properties":{"name":" ","functional":"Известный по назначению","purpose":"Проходная, КПП"}},{"type":"Feature","id":"municipal-buildings-30457","geometry":{"type":"Polygon","coordinates":[[[71.3746996,51.2488316],[71.3746482,51.248838],[71.3746423,51.2488115],[71.3746942,51.248807],[71.3746996,51.2488316]]]},"properties":{"name":" ","functional":"Известный по назначению","purpose":"АГЗС"}},{"type":"Feature","id":"municipal-buildings-30458","geometry":{"type":"Polygon","coordinates":[[[71.3739112,51.2484797],[71.3736931,51.2490045],[71.3735242,51.2489766],[71.3736966,51.2485602],[71.373447,51.2485248],[71.373487,51.2484168],[71.3739112,51.2484797]]]},"properties":{"name":" ","functional":"Известный по назначению","purpose":"Производственный корпус"}},{"type":"Feature","id":"municipal-buildings-30459","geometry":{"type":"Polygon","coordinates":[[[71.3756719,51.2461466],[71.3758743,51.2461866],[71.3758137,51.2463072],[71.375458,51.2462368],[71.3755185,51.2461162],[71.3756719,51.2461466]]]},"properties":{"name":" ","functional":"Известный по назначению","purpose":"Строящееся здание"}},{"type":"Feature","id":"municipal-buildings-30460","geometry":{"type":"Polygon","coordinates":[[[71.3748577,51.2462389],[71.3747455,51.2465072],[71.3745773,51.2464795],[71.3746896,51.2462112],[71.3748577,51.2462389]]]},"properties":{"name":" ","functional":"Известный по назначению","purpose":"Хозяйственный корпус"}},{"type":"Feature","id":"municipal-buildings-30461","geometry":{"type":"Polygon","coordinates":[[[71.3745949,51.2458541],[71.3747822,51.24589],[71.3747553,51.2459516],[71.3744815,51.2458974],[71.3745058,51.2458462],[71.3745949,51.2458541]]]},"properties":{"name":" ","functional":"Известный по назначению","purpose":"Сооружение"}},{"type":"Feature","id":"municipal-buildings-30462","geometry":{"type":"Polygon","coordinates":[[[71.3740285,51.2459339],[71.374055,51.2459382],[71.37403,51.2459988],[71.3739251,51.2459818],[71.37395,51.2459212],[71.3740285,51.2459339]]]},"properties":{"name":" ","functional":"Известный по назначению","purpose":"Сооружение"}},{"type":"Feature","id":"municipal-buildings-30463","geometry":{"type":"Polygon","coordinates":[[[71.3733633,51.2456789],[71.3733191,51.2457842],[71.3728133,51.2457007],[71.3728574,51.2455953],[71.3733633,51.2456789]]]},"properties":{"name":" ","functional":"Известный по назначению","purpose":"Строящееся здание"}},{"type":"Feature","id":"municipal-buildings-30464","geometry":{"type":"Polygon","coordinates":[[[71.3721229,51.2454116],[71.3721003,51.2454581],[71.372033,51.2454452],[71.3720556,51.2453987],[71.3721229,51.2454116]]]},"properties":{"name":" ","functional":"Известный по назначению","purpose":"Сооружение"}},{"type":"Feature","id":"municipal-buildings-30465","geometry":{"type":"Polygon","coordinates":[[[71.3757855,51.2426836],[71.3756446,51.2429994],[71.3753677,51.2429491],[71.3755054,51.2426328],[71.3757855,51.2426836]]]},"properties":{"name":" ","functional":"Известный по назначению","purpose":"Склад"}},{"type":"Feature","id":"municipal-buildings-30466","geometry":{"type":"Polygon","coordinates":[[[71.3786091,51.2417551],[71.3784754,51.2420746],[71.3781218,51.2420163],[71.3782555,51.2416968],[71.3786091,51.2417551]]]},"properties":{"name":" ","functional":"Известный по назначению","purpose":"Производственный корпус"}},{"type":"Feature","id":"municipal-buildings-30467","geometry":{"type":"Polygon","coordinates":[[[71.379022,51.2398584],[71.3789578,51.240015],[71.3771404,51.2397057],[71.3772032,51.2395471],[71.379022,51.2398584]]]},"properties":{"name":" ","functional":"Известный по назначению","purpose":"Хозяйственный корпус"}},{"type":"Feature","id":"municipal-buildings-30468","geometry":{"type":"Polygon","coordinates":[[[71.3793595,51.2398081],[71.3792438,51.2400719],[71.3790378,51.2400363],[71.3791535,51.2397725],[71.3793595,51.2398081]]]},"properties":{"name":" ","functional":"Административные сооружения","purpose":"Административное здание"}},{"type":"Feature","id":"municipal-buildings-30469","geometry":{"type":"Polygon","coordinates":[[[71.3832367,51.2373522],[71.3831843,51.2374754],[71.3828207,51.2374145],[71.382873,51.2372913],[71.3832367,51.2373522]]]},"properties":{"name":" ","functional":"Известный по назначению","purpose":"Строящееся здание"}},{"type":"Feature","id":"municipal-buildings-30470","geometry":{"type":"Polygon","coordinates":[[[71.3825853,51.2371828],[71.3825657,51.2372279],[71.3824983,51.2372163],[71.3825178,51.2371713],[71.3825853,51.2371828]]]},"properties":{"name":" ","functional":"Известный по назначению","purpose":"Проходная, КПП"}},{"type":"Feature","id":"municipal-buildings-30471","geometry":{"type":"Polygon","coordinates":[[[71.3573543,51.2480424],[71.3573436,51.2480547],[71.3575594,51.2481542],[71.3574677,51.2482469],[71.3573526,51.2482006],[71.3573614,51.2481899],[71.3571481,51.2480892],[71.3572388,51.2479977],[71.3573543,51.2480424]]]},"properties":{"name":" ","functional":"Известный по назначению","purpose":"Хозяйственный корпус"}},{"type":"Feature","id":"municipal-buildings-30472","geometry":{"type":"Polygon","coordinates":[[[71.3573335,51.2484065],[71.3574233,51.2484429],[71.3573142,51.2485488],[71.3572121,51.2485074],[71.3573212,51.2484015],[71.3573335,51.2484065]]]},"properties":{"name":" ","functional":"Известный по назначению","purpose":"Хозяйственный корпус"}},{"type":"Feature","id":"municipal-buildings-30473","geometry":{"type":"Polygon","coordinates":[[[71.3580063,51.2484431],[71.3578364,51.2483756],[71.357893,51.2483189],[71.3578613,51.2483065],[71.3579019,51.2482658],[71.3579351,51.2482768],[71.3579901,51.2482217],[71.3581625,51.2482905],[71.3581001,51.2483517],[71.3581092,51.2483557],[71.3580063,51.2484431]]]},"properties":{"name":" ","functional":"Административные сооружения","purpose":"Административное здание"}},{"type":"Feature","id":"municipal-buildings-30474","geometry":{"type":"Polygon","coordinates":[[[71.3579426,51.2485043],[71.358095,51.2485642],[71.3580181,51.2486412],[71.3577185,51.2485234],[71.3577954,51.2484464],[71.3579426,51.2485043]]]},"properties":{"name":" ","functional":"Известный по назначению","purpose":"Хозяйственный корпус"}},{"type":"Feature","id":"municipal-buildings-30475","geometry":{"type":"Polygon","coordinates":[[[71.3717454,51.2496071],[71.3717237,51.2496606],[71.3716411,51.2496471],[71.3716623,51.249593],[71.3717454,51.2496071]]]},"properties":{"name":" ","functional":"Известный по назначению","purpose":"Проходная, КПП"}},{"type":"Feature","id":"municipal-buildings-30476","geometry":{"type":"Polygon","coordinates":[[[71.3714077,51.249715],[71.3716764,51.2497614],[71.3715792,51.2499832],[71.3713126,51.2499354],[71.3714077,51.249715]]]},"properties":{"name":" ","functional":"Административные сооружения","purpose":"Административное здание"}},{"type":"Feature","id":"municipal-buildings-30477","geometry":{"type":"Polygon","coordinates":[[[71.366874,51.2492347],[71.3668043,51.2493999],[71.3666167,51.2493687],[71.3666864,51.2492035],[71.366874,51.2492347]]]},"properties":{"name":" ","functional":"Известный по назначению","purpose":"Хозяйственный корпус"}},{"type":"Feature","id":"municipal-buildings-30478","geometry":{"type":"Polygon","coordinates":[[[71.357241,51.251063],[71.3571434,51.2512678],[71.356925,51.2512246],[71.3570195,51.2510174],[71.357241,51.251063]]]},"properties":{"name":" ","functional":"Известный по назначению","purpose":"Жилой дом с административными помещениями"}},{"type":"Feature","id":"municipal-buildings-30479","geometry":{"type":"Polygon","coordinates":[[[71.3573373,51.2508132],[71.3572939,51.2509016],[71.3571597,51.2508748],[71.357224,51.2507398],[71.3572681,51.2507483],[71.3572935,51.2506962],[71.3573857,51.2507145],[71.3573373,51.2508132]]]},"properties":{"name":" ","functional":"Известный по назначению","purpose":"Хозяйственный корпус"}},{"type":"Feature","id":"municipal-buildings-30480","geometry":{"type":"Polygon","coordinates":[[[71.3573073,51.2515037],[71.3572366,51.2516505],[71.3568818,51.2515832],[71.3569525,51.2514364],[71.3573073,51.2515037]]]},"properties":{"name":" ","functional":"Административные сооружения","purpose":"Административное здание"}},{"type":"Feature","id":"municipal-buildings-30481","geometry":{"type":"Polygon","coordinates":[[[71.3584904,51.2509995],[71.3586332,51.2510282],[71.3584556,51.2513763],[71.3582351,51.251332],[71.3584128,51.2509839],[71.3584904,51.2509995]]]},"properties":{"name":" ","functional":"Известный по назначению","purpose":"Склад"}},{"type":"Feature","id":"municipal-buildings-30482","geometry":{"type":"Polygon","coordinates":[[[71.3580755,51.2514035],[71.3581478,51.2514181],[71.358117,51.2514782],[71.3579749,51.2514496],[71.3580056,51.2513894],[71.3580755,51.2514035]]]},"properties":{"name":" ","functional":"Известный по назначению","purpose":"Хозяйственный корпус"}},{"type":"Feature","id":"municipal-buildings-30483","geometry":{"type":"Polygon","coordinates":[[[71.3578204,51.2515876],[71.3577995,51.2516453],[71.3577462,51.2516385],[71.3577316,51.2516241],[71.3577475,51.2515905],[71.3577861,51.2515828],[71.3577927,51.251565],[71.3578258,51.2515702],[71.3578204,51.2515876]]]},"properties":{"name":" ","functional":"Известный по назначению","purpose":"Жилой дом с административными помещениями"}},{"type":"Feature","id":"municipal-buildings-30484","geometry":{"type":"Polygon","coordinates":[[[71.3580018,51.2516972],[71.3580622,51.251709],[71.3580428,51.2517484],[71.3579457,51.2517296],[71.3579651,51.2516901],[71.3580018,51.2516972]]]},"properties":{"name":" ","functional":"Известный по назначению","purpose":"Хозяйственный корпус"}},{"type":"Feature","id":"municipal-buildings-30485","geometry":{"type":"Polygon","coordinates":[[[71.3596143,51.2514609],[71.3593346,51.251409],[71.3593203,51.2514394],[71.3590402,51.2513849],[71.3591626,51.2511343],[71.3597159,51.2512411],[71.3596143,51.2514609]]]},"properties":{"name":" ","functional":"Известный по назначению","purpose":"Производственный корпус"}},{"type":"Feature","id":"municipal-buildings-30486","geometry":{"type":"Polygon","coordinates":[[[71.3594164,51.2516339],[71.3593642,51.2517478],[71.3591965,51.2517156],[71.3592507,51.2516026],[71.3594164,51.2516339]]]},"properties":{"name":" ","functional":"Известный по назначению","purpose":"Сооружение"}},{"type":"Feature","id":"municipal-buildings-30487","geometry":{"type":"Polygon","coordinates":[[[71.3598941,51.2515436],[71.3597985,51.2517411],[71.3597009,51.2517237],[71.3597946,51.2515249],[71.3598941,51.2515436]]]},"properties":{"name":" ","functional":"Известный по назначению","purpose":"Хозяйственный корпус"}},{"type":"Feature","id":"municipal-buildings-30488","geometry":{"type":"Polygon","coordinates":[[[71.3651443,51.2527471],[71.3649772,51.2527184],[71.3650074,51.2525971],[71.3652577,51.2526216],[71.3652275,51.2527429],[71.3651473,51.252735],[71.3651443,51.2527471]]]},"properties":{"name":" ","functional":"Административные сооружения","purpose":"Административное здание"}},{"type":"Feature","id":"municipal-buildings-30489","geometry":{"type":"Polygon","coordinates":[[[71.3646126,51.2528619],[71.3645943,51.2529097],[71.364519,51.2528983],[71.3645373,51.2528505],[71.3646126,51.2528619]]]},"properties":{"name":" ","functional":"Известный по назначению","purpose":"Проходная, КПП"}},{"type":"Feature","id":"municipal-buildings-30490","geometry":{"type":"Polygon","coordinates":[[[71.3635715,51.2521745],[71.3633696,51.2525976],[71.363019,51.2525318],[71.3632209,51.2521086],[71.3635715,51.2521745]]]},"properties":{"name":" ","functional":"Известный по назначению","purpose":"Хозяйственный корпус"}},{"type":"Feature","id":"municipal-buildings-30491","geometry":{"type":"Polygon","coordinates":[[[71.3626908,51.252619],[71.3627261,51.2526387],[71.3627171,51.2526605],[71.3626067,51.2526423],[71.362622,51.2526067],[71.3626908,51.252619]]]},"properties":{"name":" ","functional":"Известный по назначению","purpose":"Проходная, КПП"}},{"type":"Feature","id":"municipal-buildings-30492","geometry":{"type":"Polygon","coordinates":[[[71.3670511,51.256681],[71.3670291,51.2567333],[71.3668442,51.2567025],[71.3668662,51.2566503],[71.3670511,51.256681]]]},"properties":{"name":" ","functional":"Административные сооружения","purpose":"Административное здание"}},{"type":"Feature","id":"municipal-buildings-30493","geometry":{"type":"Polygon","coordinates":[[[71.3854687,51.2505779],[71.3854209,51.2506895],[71.3850367,51.2506247],[71.3850846,51.2505131],[71.3854687,51.2505779]]]},"properties":{"name":" ","functional":"Известный по назначению","purpose":"Хозяйственный корпус"}},{"type":"Feature","id":"municipal-buildings-30494","geometry":{"type":"Polygon","coordinates":[[[71.3855896,51.2502937],[71.385514,51.2504623],[71.3851317,51.2503982],[71.3852047,51.2502267],[71.3855896,51.2502937]]]},"properties":{"name":" ","functional":"Известный по назначению","purpose":"Хозяйственный корпус"}},{"type":"Feature","id":"municipal-buildings-30495","geometry":{"type":"Polygon","coordinates":[[[71.3845575,51.2504251],[71.3845482,51.2504529],[71.3841625,51.2503862],[71.384227,51.2502523],[71.384605,51.250319],[71.3845575,51.2504251]]]},"properties":{"name":" ","functional":"Известный по назначению","purpose":"Хозяйственный корпус"}},{"type":"Feature","id":"municipal-buildings-30496","geometry":{"type":"Polygon","coordinates":[[[71.3839179,51.2504999],[71.383974,51.2505078],[71.3839539,51.2505654],[71.3838794,51.2505548],[71.3839002,51.2504974],[71.3839179,51.2504999]]]},"properties":{"name":" ","functional":"Известный по назначению","purpose":"Проходная, КПП"}},{"type":"Feature","id":"municipal-buildings-30497","geometry":{"type":"Polygon","coordinates":[[[71.3836335,51.2502335],[71.3834191,51.250193],[71.3834385,51.2501478],[71.3834613,51.2501517],[71.3834942,51.2500752],[71.3836875,51.2501079],[71.3836707,51.250147],[71.3837049,51.2501572],[71.3836869,51.2502008],[71.3836488,51.2501978],[71.3836335,51.2502335]]]},"properties":{"name":" ","functional":"Частные дома","purpose":"Коттедж"}},{"type":"Feature","id":"municipal-buildings-30498","geometry":{"type":"Polygon","coordinates":[[[71.3834021,51.2504903],[71.3833816,51.2505448],[71.3833241,51.2505363],[71.3833445,51.2504818],[71.3834021,51.2504903]]]},"properties":{"name":" ","functional":"Частные дома","purpose":"Частный дом"}},{"type":"Feature","id":"municipal-buildings-30499","geometry":{"type":"Polygon","coordinates":[[[71.3831795,51.2504384],[71.3831481,51.2505119],[71.3829656,51.2504811],[71.382997,51.2504076],[71.3831795,51.2504384]]]},"properties":{"name":" ","functional":"Частные дома","purpose":"Частный дом"}},{"type":"Feature","id":"municipal-buildings-30500","geometry":{"type":"Polygon","coordinates":[[[71.3834315,51.2507069],[71.3834647,51.2507113],[71.3834508,51.2507429],[71.3834857,51.2507489],[71.3834723,51.2507795],[71.3834374,51.2507735],[71.3834175,51.2508188],[71.3832286,51.2507904],[71.3832342,51.2507681],[71.383199,51.2507626],[71.3832165,51.2507164],[71.3832694,51.2507242],[71.3832897,51.2506837],[71.3834315,51.2507069]]]},"properties":{"name":" ","functional":"Частные дома","purpose":"Частный дом"}},{"type":"Feature","id":"municipal-buildings-30501","geometry":{"type":"Polygon","coordinates":[[[71.3827486,51.2493134],[71.3827746,51.2493182],[71.3827148,51.2494461],[71.3825076,51.2494079],[71.3825675,51.24928],[71.3827486,51.2493134]]]},"properties":{"name":" ","functional":"Частные дома","purpose":"Частный дом"}},{"type":"Feature","id":"municipal-buildings-30502","geometry":{"type":"Polygon","coordinates":[[[71.3830346,51.2490665],[71.383043,51.2490431],[71.3829989,51.249035],[71.3829914,51.2490508],[71.3829108,51.2490359],[71.3829755,51.2488936],[71.3830467,51.2489073],[71.3830693,51.2488939],[71.3831887,51.2489173],[71.3831814,51.2489322],[71.3832294,51.2489415],[71.3831702,51.2490726],[71.3831264,51.2490648],[71.3830948,51.2491362],[71.3830067,51.2491194],[71.3830346,51.2490665]]]},"properties":{"name":" ","functional":"Частные дома","purpose":"Частный дом"}},{"type":"Feature","id":"municipal-buildings-30503","geometry":{"type":"Polygon","coordinates":[[[71.3836113,51.249122],[71.3836341,51.2491268],[71.3835375,51.2493063],[71.383377,51.2492717],[71.3834574,51.2490992],[71.3833771,51.249083],[71.3833934,51.2490484],[71.383446,51.2490582],[71.3834843,51.2489788],[71.3835057,51.2489832],[71.3835499,51.2489099],[71.3837012,51.248942],[71.3836113,51.249122]]]},"properties":{"name":" ","functional":"Частные дома","purpose":"Частный дом"}},{"type":"Feature","id":"municipal-buildings-30504","geometry":{"type":"Polygon","coordinates":[[[71.3840195,51.249193],[71.3840124,51.2492077],[71.3837496,51.2491695],[71.3838102,51.2490568],[71.3838631,51.2490657],[71.3838775,51.2490379],[71.3839221,51.2490455],[71.3839143,51.2490619],[71.3839873,51.2490746],[71.3839596,51.2491356],[71.3840412,51.2491495],[71.3840195,51.249193]]]},"properties":{"name":" ","functional":"Частные дома","purpose":"Частный дом"}},{"type":"Feature","id":"municipal-buildings-30505","geometry":{"type":"Polygon","coordinates":[[[71.3827883,51.2501936],[71.3826406,51.250167],[71.3826356,51.2501779],[71.3826057,51.2501725],[71.3826108,51.2501616],[71.3825706,51.2501543],[71.3826071,51.2500743],[71.3828285,51.2501141],[71.3827883,51.2501936]]]},"properties":{"name":" ","functional":"Известный по назначению","purpose":"Сооружение"}},{"type":"Feature","id":"municipal-buildings-30506","geometry":{"type":"Polygon","coordinates":[[[71.383794,51.2498161],[71.3836469,51.2497927],[71.3836557,51.2497692],[71.383619,51.2497638],[71.3836548,51.2496735],[71.3836937,51.2496792],[71.3837141,51.2496337],[71.3838612,51.249657],[71.3838403,51.2497079],[71.3838624,51.2497111],[71.3838401,51.2497688],[71.3838175,51.2497654],[71.383794,51.2498161]]]},"properties":{"name":" ","functional":"Частные дома","purpose":"Частный дом"}},{"type":"Feature","id":"municipal-buildings-30507","geometry":{"type":"Polygon","coordinates":[[[71.3823687,51.2487403],[71.3823042,51.2488857],[71.3821046,51.2488474],[71.3821802,51.2487122],[71.3823687,51.2487403]]]},"properties":{"name":" ","functional":"Частные дома","purpose":"Коттедж"}},{"type":"Feature","id":"municipal-buildings-30508","geometry":{"type":"Polygon","coordinates":[[[71.3821147,51.2492699],[71.3821484,51.2492763],[71.382124,51.2493271],[71.3818953,51.2492839],[71.381955,51.2491605],[71.3821497,51.2491975],[71.3821147,51.2492699]]]},"properties":{"name":" ","functional":"Частные дома","purpose":"Частный дом"}},{"type":"Feature","id":"municipal-buildings-30509","geometry":{"type":"Polygon","coordinates":[[[71.3670714,51.2541055],[71.3670407,51.2541576],[71.3669574,51.2541384],[71.366988,51.2540862],[71.3670714,51.2541055]]]},"properties":{"name":" ","functional":"Известный по назначению","purpose":"Сооружение"}},{"type":"Feature","id":"municipal-buildings-30510","geometry":{"type":"Polygon","coordinates":[[[71.3719707,51.236961],[71.3718999,51.236983],[71.3718827,51.236961],[71.3719534,51.2369391],[71.3719707,51.236961]]]},"properties":{"name":" ","functional":"Известный по назначению","purpose":"Хозяйственный корпус"}},{"type":"Feature","id":"municipal-buildings-30511","geometry":{"type":"Polygon","coordinates":[[[71.372122,51.2368643],[71.3719539,51.2369143],[71.3719393,51.2368949],[71.3721074,51.2368449],[71.372122,51.2368643]]]},"properties":{"name":" ","functional":"Известный по назначению","purpose":"Производственный корпус"}},{"type":"Feature","id":"municipal-buildings-30512","geometry":{"type":"Polygon","coordinates":[[[71.3636068,51.238312],[71.3635221,51.2382914],[71.3635755,51.2382051],[71.3636602,51.2382258],[71.3636416,51.2382557],[71.3636883,51.2382671],[71.3636731,51.2382917],[71.3636264,51.2382803],[71.3636068,51.238312]]]},"properties":{"name":" ","functional":"Частные дома","purpose":"Частный дом"}},{"type":"Feature","id":"municipal-buildings-30513","geometry":{"type":"Polygon","coordinates":[[[71.3640753,51.2383173],[71.3640539,51.2383532],[71.3639028,51.2383177],[71.3639243,51.2382818],[71.3640753,51.2383173]]]},"properties":{"name":" ","functional":"Частные дома","purpose":"Частный дом"}},{"type":"Feature","id":"municipal-buildings-30514","geometry":{"type":"Polygon","coordinates":[[[71.3826174,51.2586277],[71.3825342,51.2588323],[71.3823881,51.2588089],[71.3824713,51.2586043],[71.3826174,51.2586277]]]},"properties":{"name":" ","functional":"Известный по назначению","purpose":"Автосервис"}},{"type":"Feature","id":"municipal-buildings-30515","geometry":{"type":"Polygon","coordinates":[[[71.3824065,51.258911],[71.3823953,51.2589395],[71.3823492,51.2589324],[71.3823603,51.2589039],[71.3824065,51.258911]]]},"properties":{"name":" ","functional":"Известный по назначению","purpose":"Сооружение"}},{"type":"Feature","id":"municipal-buildings-30516","geometry":{"type":"Polygon","coordinates":[[[71.3812874,51.2593477],[71.3809399,51.2592969],[71.3810182,51.2591094],[71.3812867,51.2591536],[71.3812476,51.2592473],[71.3813241,51.2592599],[71.3812874,51.2593477]]]},"properties":{"name":" ","functional":"Административные сооружения","purpose":"Административное здание"}},{"type":"Feature","id":"municipal-buildings-30517","geometry":{"type":"Polygon","coordinates":[[[71.3811231,51.2595589],[71.3810454,51.2595578],[71.3809218,51.259527],[71.3809749,51.2594051],[71.3811729,51.2594391],[71.3811231,51.2595589]]]},"properties":{"name":" ","functional":"Административные сооружения","purpose":"Административное здание"}},{"type":"Feature","id":"municipal-buildings-30518","geometry":{"type":"Polygon","coordinates":[[[71.3973579,51.2619009],[71.3971609,51.2623779],[71.3964843,51.2622679],[71.3966813,51.2617909],[71.3973579,51.2619009]]]},"properties":{"name":" ","functional":"Известный по назначению","purpose":"Хозяйственный корпус"}},{"type":"Feature","id":"municipal-buildings-30519","geometry":{"type":"Polygon","coordinates":[[[71.3976024,51.2619436],[71.39746,51.2622857],[71.3975901,51.262307],[71.3974852,51.2625599],[71.3972228,51.2625171],[71.3974701,51.2619219],[71.3976024,51.2619436]]]},"properties":{"name":" ","functional":"Известный по назначению","purpose":"Хозяйственный корпус"}},{"type":"Feature","id":"municipal-buildings-30520","geometry":{"type":"Polygon","coordinates":[[[71.3964481,51.2615719],[71.3963909,51.2617157],[71.3962492,51.2616935],[71.3963065,51.2615497],[71.3964481,51.2615719]]]},"properties":{"name":" ","functional":"Известный по назначению","purpose":"Хозяйственный корпус"}},{"type":"Feature","id":"municipal-buildings-30521","geometry":{"type":"Polygon","coordinates":[[[71.3960665,51.2623695],[71.3960465,51.2624126],[71.3959527,51.2623954],[71.3959727,51.2623524],[71.3960665,51.2623695]]]},"properties":{"name":" ","functional":"Известный по назначению","purpose":"Проходная, КПП"}},{"type":"Feature","id":"municipal-buildings-30522","geometry":{"type":"Polygon","coordinates":[[[71.3964526,51.2624284],[71.3964331,51.262475],[71.3962931,51.2624519],[71.3963126,51.2624054],[71.3964526,51.2624284]]]},"properties":{"name":" ","functional":"Известный по назначению","purpose":"Хозяйственный корпус"}},{"type":"Feature","id":"municipal-buildings-30523","geometry":{"type":"Polygon","coordinates":[[[71.3954496,51.2608836],[71.3954087,51.2609995],[71.395298,51.2609841],[71.395339,51.2608682],[71.3954496,51.2608836]]]},"properties":{"name":" ","functional":"Административные сооружения","purpose":"Административное здание"}},{"type":"Feature","id":"municipal-buildings-30524","geometry":{"type":"Polygon","coordinates":[[[71.3922255,51.2599884],[71.3921561,51.259978],[71.392165,51.2599546],[71.3919709,51.2599254],[71.39202,51.2597964],[71.3922873,51.2598365],[71.3922255,51.2599884]]]},"properties":{"name":" ","functional":"Административные сооружения","purpose":"Кафе, бар"}},{"type":"Feature","id":"municipal-buildings-30525","geometry":{"type":"Polygon","coordinates":[[[71.3923473,51.2599526],[71.3923316,51.2599904],[71.3922871,51.2599831],[71.3923029,51.2599453],[71.3923473,51.2599526]]]},"properties":{"name":" ","functional":"Известный по назначению","purpose":"Хозяйственный корпус"}},{"type":"Feature","id":"municipal-buildings-30526","geometry":{"type":"Polygon","coordinates":[[[71.3920327,51.260228],[71.3919197,51.2602102],[71.3919754,51.2601162],[71.3919331,51.26011],[71.3919252,51.2601334],[71.3918747,51.2601268],[71.391908,51.2600607],[71.3919208,51.2600628],[71.3919614,51.2599594],[71.3921402,51.259987],[71.3921038,51.2600799],[71.3921521,51.2600869],[71.392133,51.2601387],[71.3921897,51.2601463],[71.3921801,51.2601775],[71.3920598,51.2601601],[71.3920327,51.260228]],[[71.3921318,51.2601302],[71.3921319,51.2601303],[71.3921319,51.2601298],[71.3921318,51.2601302]]]},"properties":{"name":" ","functional":"Известный по назначению","purpose":"Кафе, бар"}},{"type":"Feature","id":"municipal-buildings-30527","geometry":{"type":"Polygon","coordinates":[[[71.3923107,51.2600061],[71.3923226,51.2600079],[71.392296,51.2600804],[71.3921255,51.2600558],[71.3921522,51.2599832],[71.3923107,51.2600061]]]},"properties":{"name":" ","functional":"Известный по назначению","purpose":"Хозяйственный корпус"}},{"type":"Feature","id":"municipal-buildings-30528","geometry":{"type":"Polygon","coordinates":[[[71.392545,51.2603125],[71.3925339,51.2603409],[71.3923379,51.2603107],[71.3923696,51.2602295],[71.3924134,51.2602362],[71.3924355,51.2601795],[71.3925878,51.2602029],[71.392545,51.2603125]]]},"properties":{"name":" ","functional":"Административные сооружения","purpose":"Административное здание"}},{"type":"Feature","id":"municipal-buildings-30529","geometry":{"type":"Polygon","coordinates":[[[71.3924283,51.2604918],[71.3923426,51.2604784],[71.3923783,51.260388],[71.3923377,51.2603817],[71.3923527,51.2603437],[71.3925194,51.2603696],[71.3924767,51.2604776],[71.3924364,51.2604713],[71.3924283,51.2604918]]]},"properties":{"name":" ","functional":"Известный по назначению","purpose":"Хозяйственный корпус"}},{"type":"Feature","id":"municipal-buildings-30530","geometry":{"type":"Polygon","coordinates":[[[71.3920376,51.2603619],[71.391976,51.2605125],[71.3918212,51.2604876],[71.3918828,51.260337],[71.3920376,51.2603619]]]},"properties":{"name":" ","functional":"Известный по назначению","purpose":"Хозяйственный корпус"}},{"type":"Feature","id":"municipal-buildings-30531","geometry":{"type":"Polygon","coordinates":[[[71.368826,51.2613611],[71.3688466,51.2613646],[71.3687812,51.2615193],[71.368246,51.261421],[71.3682934,51.2612715],[71.368826,51.2613611]]]},"properties":{"name":" ","functional":"Административные сооружения","purpose":"Административное здание"}},{"type":"Feature","id":"municipal-buildings-30532","geometry":{"type":"Polygon","coordinates":[[[71.3688744,51.261246],[71.3686713,51.2612048],[71.3687558,51.2610028],[71.3689844,51.2610404],[71.3688973,51.2612497],[71.3688744,51.261246]]]},"properties":{"name":" ","functional":"Административные сооружения","purpose":"Административное здание"}},{"type":"Feature","id":"municipal-buildings-30533","geometry":{"type":"Polygon","coordinates":[[[71.3688744,51.261246],[71.3688261,51.261361],[71.3687781,51.2613531],[71.3688264,51.261238],[71.3688744,51.261246]]]},"properties":{"name":" ","functional":"Административные сооружения","purpose":"Административное здание"}},{"type":"Feature","id":"municipal-buildings-30534","geometry":{"type":"Polygon","coordinates":[[[71.3683874,51.2621851],[71.3680516,51.262129],[71.3681006,51.2620136],[71.3685333,51.2620858],[71.3684843,51.2622013],[71.3683874,51.2621851]]]},"properties":{"name":" ","functional":"Известный по назначению","purpose":"Хозяйственный корпус"}},{"type":"Feature","id":"municipal-buildings-30535","geometry":{"type":"Polygon","coordinates":[[[71.3680877,51.2624339],[71.3685908,51.2625181],[71.3685489,51.2626167],[71.3679742,51.2625205],[71.3680161,51.2624219],[71.3680877,51.2624339]]]},"properties":{"name":" ","functional":"Известный по назначению","purpose":"Автомойка"}},{"type":"Feature","id":"municipal-buildings-30536","geometry":{"type":"Polygon","coordinates":[[[71.3687505,51.2626324],[71.3689151,51.2626589],[71.3688977,51.2627073],[71.3688037,51.2626917],[71.3688119,51.2626694],[71.3687183,51.2626543],[71.3687288,51.2626289],[71.3687505,51.2626324]]]},"properties":{"name":" ","functional":"Известный по назначению","purpose":"Сооружение"}},{"type":"Feature","id":"municipal-buildings-30537","geometry":{"type":"Polygon","coordinates":[[[71.3701108,51.26568],[71.3700632,51.2657837],[71.3699646,51.2657659],[71.3700123,51.2656622],[71.3701108,51.26568]]]},"properties":{"name":" ","functional":"Административные сооружения","purpose":"Административное здание"}},{"type":"Feature","id":"municipal-buildings-30538","geometry":{"type":"Polygon","coordinates":[[[71.3702312,51.265688],[71.370242,51.2656896],[71.370218,51.2657531],[71.3701707,51.2657461],[71.3701948,51.2656826],[71.3702312,51.265688]]]},"properties":{"name":" ","functional":"Известный по назначению","purpose":"Проходная, КПП"}},{"type":"Feature","id":"municipal-buildings-30539","geometry":{"type":"Polygon","coordinates":[[[71.369955,51.2641341],[71.3699637,51.264156],[71.3698843,51.2641685],[71.369868,51.2641274],[71.3698224,51.2641202],[71.3698468,51.2640609],[71.3698909,51.2640678],[71.3699407,51.2640375],[71.3699981,51.2640747],[71.3699214,51.2640986],[71.3699237,51.2641228],[71.369955,51.2641341]]]},"properties":{"name":" ","functional":"Административные сооружения","purpose":"Пост ГИБДД"}},{"type":"Feature","id":"municipal-buildings-30540","geometry":{"type":"Polygon","coordinates":[[[71.3699764,51.2640879],[71.3699961,51.2641074],[71.3699814,51.2641288],[71.3699425,51.2641324],[71.3699185,51.2641151],[71.3699336,51.2640894],[71.3699764,51.2640879]]]},"properties":{"name":" ","functional":"Административные сооружения","purpose":"Пост ГИБДД"}},{"type":"Feature","id":"municipal-buildings-30541","geometry":{"type":"Polygon","coordinates":[[[71.3690367,51.2702207],[71.3690154,51.2702628],[71.3689609,51.2702519],[71.3689822,51.2702098],[71.3690367,51.2702207]]]},"properties":{"name":" ","functional":"Известный по назначению","purpose":"Хозяйственный корпус"}},{"type":"Feature","id":"municipal-buildings-30542","geometry":{"type":"Polygon","coordinates":[[[71.3698942,51.2684731],[71.369784,51.2684556],[71.3697915,51.2684381],[71.3698155,51.2684422],[71.3698565,51.268346],[71.3698324,51.268342],[71.3698401,51.2683235],[71.3699495,51.2683416],[71.3698942,51.2684731]]]},"properties":{"name":" ","functional":"Известный по назначению","purpose":"АЗС"}},{"type":"Feature","id":"municipal-buildings-30543","geometry":{"type":"Polygon","coordinates":[[[71.3999745,51.2606147],[71.399949,51.2606691],[71.3999067,51.2606613],[71.3999322,51.2606069],[71.3999745,51.2606147]]]},"properties":{"name":" ","functional":"Известный по назначению","purpose":"Проходная, КПП"}},{"type":"Feature","id":"municipal-buildings-30544","geometry":{"type":"Polygon","coordinates":[[[71.3699432,51.2680307],[71.3699364,51.2680574],[71.3698274,51.2680465],[71.3698342,51.2680198],[71.3699432,51.2680307]]]},"properties":{"name":" ","functional":"Известный по назначению","purpose":"АГЗС"}},{"type":"Feature","id":"municipal-buildings-30545","geometry":{"type":"Polygon","coordinates":[[[71.3696612,51.2262461],[71.3696553,51.2262889],[71.3696039,51.2262861],[71.3696098,51.2262433],[71.3696612,51.2262461]]]},"properties":{"name":" ","functional":"Известный по назначению","purpose":"Проходная, КПП"}},{"type":"Feature","id":"municipal-buildings-30546","geometry":{"type":"Polygon","coordinates":[[[71.3582579,51.2481601],[71.3583034,51.2481759],[71.3582533,51.2482328],[71.358133,51.248191],[71.3581831,51.2481341],[71.3582579,51.2481601]]]},"properties":{"name":" ","functional":"Известный по назначению","purpose":"Проходная, КПП"}},{"type":"Feature","id":"municipal-buildings-30547","geometry":{"type":"Polygon","coordinates":[[[71.3650391,51.2346861],[71.365027,51.2346891],[71.3649983,51.2346434],[71.3650592,51.2346283],[71.3650879,51.2346741],[71.3650391,51.2346861]]]},"properties":{"name":" ","functional":"Известный по назначению","purpose":"Проходная, КПП"}},{"type":"Feature","id":"municipal-buildings-30548","geometry":{"type":"Polygon","coordinates":[[[71.3641516,51.2377263],[71.3639919,51.23769],[71.3640347,51.2376246],[71.3641191,51.2376464],[71.3641048,51.2376682],[71.3641774,51.2376869],[71.3641516,51.2377263]]]},"properties":{"name":" ","functional":"Частные дома","purpose":"Частный дом"}},{"type":"Feature","id":"municipal-buildings-30549","geometry":{"type":"Polygon","coordinates":[[[71.367536,51.2487837],[71.3675097,51.2488446],[71.3674137,51.2488284],[71.3674399,51.2487674],[71.367536,51.2487837]]]},"properties":{"name":" ","functional":"Известный по назначению","purpose":"Хозяйственный корпус"}},{"type":"Feature","id":"municipal-buildings-30550","geometry":{"type":"Polygon","coordinates":[[[71.3706147,51.2493788],[71.3703839,51.2493579],[71.3703508,51.2493422],[71.3703409,51.2493169],[71.3703588,51.2492934],[71.3704069,51.2492822],[71.3706336,51.2493177],[71.3706147,51.2493788]]]},"properties":{"name":" ","functional":"Известный по назначению","purpose":"Хозяйственный корпус"}},{"type":"Feature","id":"municipal-buildings-30551","geometry":{"type":"Polygon","coordinates":[[[71.3848771,51.2282683],[71.3848527,51.2283265],[71.3847571,51.2283106],[71.3847815,51.2282525],[71.3848771,51.2282683]]]},"properties":{"name":" ","functional":"Известный по назначению","purpose":"Сооружение"}},{"type":"Feature","id":"municipal-buildings-30552","geometry":{"type":"Polygon","coordinates":[[[71.3839835,51.2483554],[71.3838873,51.2485524],[71.3838076,51.2485371],[71.3839039,51.24834],[71.3839835,51.2483554]]]},"properties":{"name":" ","functional":"Известный по назначению","purpose":"Хозяйственный корпус"}},{"type":"Feature","id":"municipal-buildings-30553","geometry":{"type":"Polygon","coordinates":[[[71.3666399,51.2563864],[71.3666242,51.2564231],[71.3665911,51.2564176],[71.3666068,51.2563808],[71.3666399,51.2563864]]]},"properties":{"name":" ","functional":"Известный по назначению","purpose":"Проходная, КПП"}},{"type":"Feature","id":"municipal-buildings-30554","geometry":{"type":"Polygon","coordinates":[[[71.3635025,51.238685],[71.3634768,51.2386764],[71.3634903,51.2386604],[71.3634265,51.2386391],[71.3634648,51.2385938],[71.3635584,51.238625],[71.3635413,51.2386453],[71.3635754,51.2386567],[71.3635542,51.2386818],[71.363516,51.238669],[71.3635025,51.238685]]]},"properties":{"name":" ","functional":"Частные дома","purpose":"Частный дом"}},{"type":"Feature","id":"municipal-buildings-30555","geometry":{"type":"Polygon","coordinates":[[[71.3600591,51.2372522],[71.3600092,51.2372402],[71.3601083,51.2370784],[71.360199,51.2371003],[71.3601227,51.237225],[71.3600818,51.2372151],[71.3600591,51.2372522]]]},"properties":{"name":" ","functional":"Известный по назначению","purpose":"Сооружение"}},{"type":"Feature","id":"municipal-buildings-30556","geometry":{"type":"Polygon","coordinates":[[[71.3733902,51.2476517],[71.3737297,51.2477134],[71.373677,51.2478279],[71.3732476,51.24775],[71.3733003,51.2476354],[71.3733902,51.2476517]]]},"properties":{"name":" ","functional":"Известный по назначению","purpose":"Хозяйственный корпус"}},{"type":"Feature","id":"municipal-buildings-30558","geometry":{"type":"Polygon","coordinates":[[[71.3695174,51.2580976],[71.3695165,51.2581258],[71.3694914,51.2581255],[71.3694922,51.2580973],[71.3695174,51.2580976]]]},"properties":{"name":" ","functional":"Киоски","purpose":"Киоск"}},{"type":"Feature","id":"municipal-buildings-30559","geometry":{"type":"Polygon","coordinates":[[[71.3683874,51.2621851],[71.368383,51.2621954],[71.3684743,51.2622107],[71.3684681,51.2622253],[71.3684854,51.2622282],[71.3684038,51.2624207],[71.3683822,51.262428],[71.3682766,51.2624104],[71.3682719,51.2624213],[71.3680219,51.2623679],[71.3680265,51.2623571],[71.3680069,51.2623538],[71.3680345,51.2622888],[71.3679767,51.2622795],[71.3680019,51.2622191],[71.3680601,51.2622284],[71.36809,51.2621579],[71.3681141,51.2621505],[71.3683874,51.2621851]]]},"properties":{"name":" ","functional":"Известный по назначению","purpose":"Автосервис"}},{"type":"Feature","id":"municipal-buildings-30560","geometry":{"type":"Polygon","coordinates":[[[71.3660412,51.2527142],[71.3659967,51.252824],[71.3655909,51.2527559],[71.3656354,51.2526461],[71.3660412,51.2527142]]]},"properties":{"name":" ","functional":"Известный по назначению","purpose":"Гараж"}},{"type":"Feature","id":"municipal-buildings-30561","geometry":{"type":"Polygon","coordinates":[[[71.3580641,51.24802],[71.3580195,51.2480721],[71.3575533,51.247915],[71.357598,51.2478628],[71.3580641,51.24802]]]},"properties":{"name":" ","functional":"Известный по назначению","purpose":"Хозяйственный корпус"}},{"type":"Feature","id":"municipal-buildings-30562","geometry":{"type":"Polygon","coordinates":[[[71.3739792,51.2475324],[71.3738959,51.2477554],[71.3738399,51.2477472],[71.3739232,51.2475242],[71.3739792,51.2475324]]]},"properties":{"name":" ","functional":"Известный по назначению","purpose":"Хозяйственный корпус"}},{"type":"Feature","id":"municipal-buildings-30563","geometry":{"type":"Polygon","coordinates":[[[71.3830779,51.2324004],[71.3830618,51.2324397],[71.3830054,51.2324306],[71.3830215,51.2323913],[71.3830779,51.2324004]]]},"properties":{"name":" ","functional":"Известный по назначению","purpose":"Проходная, КПП"}},{"type":"Feature","id":"municipal-buildings-30564","geometry":{"type":"Polygon","coordinates":[[[71.3833549,51.2288667],[71.3833094,51.228973],[71.3831299,51.2289427],[71.3831754,51.2288364],[71.3833549,51.2288667]]]},"properties":{"name":" ","functional":" ","purpose":"Здание"}},{"type":"Feature","id":"municipal-buildings-30565","geometry":{"type":"Polygon","coordinates":[[[71.3846192,51.2292865],[71.3846067,51.2293164],[71.3845618,51.229309],[71.3845743,51.2292792],[71.3846192,51.2292865]]]},"properties":{"name":" ","functional":" ","purpose":"Здание"}},{"type":"Feature","id":"municipal-buildings-30566","geometry":{"type":"Polygon","coordinates":[[[71.3706542,51.2305998],[71.3705798,51.2306136],[71.3705646,51.2305815],[71.3706391,51.2305677],[71.3706542,51.2305998]]]},"properties":{"name":" ","functional":" ","purpose":"Здание"}},{"type":"Feature","id":"municipal-buildings-30567","geometry":{"type":"Polygon","coordinates":[[[71.3643234,51.2340289],[71.3642358,51.234144],[71.3641495,51.2341181],[71.3642371,51.234003],[71.3643234,51.2340289]]]},"properties":{"name":" ","functional":" ","purpose":"Здание"}},{"type":"Feature","id":"municipal-buildings-30568","geometry":{"type":"Polygon","coordinates":[[[71.3642777,51.2343325],[71.3642536,51.2343597],[71.3640903,51.2343027],[71.3641144,51.2342755],[71.3642777,51.2343325]]]},"properties":{"name":" ","functional":" ","purpose":"Здание"}},{"type":"Feature","id":"municipal-buildings-30581","geometry":{"type":"Polygon","coordinates":[[[71.375362,51.2326781],[71.3753385,51.2327294],[71.3751892,51.2327024],[71.3752127,51.2326512],[71.375362,51.2326781]]]},"properties":{"name":" ","functional":" ","purpose":"Здание"}},{"type":"Feature","id":"municipal-buildings-30582","geometry":{"type":"Polygon","coordinates":[[[71.378533,51.2276276],[71.3785297,51.227638],[71.3784836,51.2276285],[71.3784913,51.2276048],[71.3785384,51.2276108],[71.378533,51.2276276]]]},"properties":{"name":" ","functional":" ","purpose":"Здание"}},{"type":"Feature","id":"municipal-buildings-30583","geometry":{"type":"Polygon","coordinates":[[[71.3783717,51.2276032],[71.3783669,51.2276142],[71.3783425,51.2276026],[71.3783118,51.2276087],[71.3783246,51.2275797],[71.378378,51.227589],[71.3783717,51.2276032]]]},"properties":{"name":" ","functional":" ","purpose":"Здание"}},{"type":"Feature","id":"municipal-buildings-30584","geometry":{"type":"Polygon","coordinates":[[[71.369597,51.2345124],[71.3694185,51.2345704],[71.3692143,51.234323],[71.3693928,51.2342649],[71.369597,51.2345124]]]},"properties":{"name":" ","functional":" ","purpose":"Здание"}},{"type":"Feature","id":"municipal-buildings-30585","geometry":{"type":"Polygon","coordinates":[[[71.3678831,51.236833],[71.3678337,51.2368454],[71.3677976,51.2367891],[71.367847,51.2367766],[71.3678831,51.236833]]]},"properties":{"name":" ","functional":" ","purpose":"Здание"}},{"type":"Feature","id":"municipal-buildings-30586","geometry":{"type":"Polygon","coordinates":[[[71.3670217,51.2371715],[71.3667771,51.2372451],[71.3667417,51.2371988],[71.3669863,51.2371252],[71.3670217,51.2371715]]]},"properties":{"name":" ","functional":" ","purpose":"Здание"}},{"type":"Feature","id":"municipal-buildings-30587","geometry":{"type":"Polygon","coordinates":[[[71.367506,51.2377672],[71.3673401,51.237817],[71.3671138,51.23752],[71.3672798,51.2374701],[71.367506,51.2377672]]]},"properties":{"name":" ","functional":" ","purpose":"Здание"}},{"type":"Feature","id":"municipal-buildings-30588","geometry":{"type":"Polygon","coordinates":[[[71.3670805,51.2375666],[71.3670293,51.2375822],[71.3669887,51.2375296],[71.3670399,51.237514],[71.3670805,51.2375666]]]},"properties":{"name":" ","functional":" ","purpose":"Здание"}},{"type":"Feature","id":"municipal-buildings-30589","geometry":{"type":"Polygon","coordinates":[[[71.3699966,51.2369962],[71.369918,51.2370208],[71.3698821,51.2369754],[71.3699607,51.2369508],[71.3699966,51.2369962]]]},"properties":{"name":" ","functional":" ","purpose":"Здание"}},{"type":"Feature","id":"municipal-buildings-30590","geometry":{"type":"Polygon","coordinates":[[[71.370726,51.237803],[71.3706434,51.2378268],[71.3705988,51.2377659],[71.3706814,51.2377421],[71.370726,51.237803]]]},"properties":{"name":" ","functional":" ","purpose":"Здание"}},{"type":"Feature","id":"municipal-buildings-30591","geometry":{"type":"Polygon","coordinates":[[[71.3702156,51.2377713],[71.370172,51.2377847],[71.3701404,51.2377441],[71.370184,51.2377307],[71.3702156,51.2377713]]]},"properties":{"name":" ","functional":" ","purpose":"Здание"}},{"type":"Feature","id":"municipal-buildings-30592","geometry":{"type":"Polygon","coordinates":[[[71.3702932,51.2376074],[71.3702114,51.2376339],[71.370186,51.237603],[71.3702678,51.2375765],[71.3702932,51.2376074]]]},"properties":{"name":" ","functional":" ","purpose":"Здание"}},{"type":"Feature","id":"municipal-buildings-30593","geometry":{"type":"Polygon","coordinates":[[[71.3756296,51.2356121],[71.3755574,51.2356343],[71.3754934,51.2355522],[71.3755656,51.23553],[71.3756296,51.2356121]]]},"properties":{"name":" ","functional":" ","purpose":"Здание"}},{"type":"Feature","id":"municipal-buildings-30594","geometry":{"type":"Polygon","coordinates":[[[71.3755601,51.2355265],[71.3755149,51.2355415],[71.375493,51.2355154],[71.3755381,51.2355004],[71.3755601,51.2355265]]]},"properties":{"name":" ","functional":" ","purpose":"Здание"}},{"type":"Feature","id":"municipal-buildings-30595","geometry":{"type":"Polygon","coordinates":[[[71.3762393,51.2351813],[71.3761807,51.2351991],[71.3761527,51.2351627],[71.3762113,51.2351449],[71.3762393,51.2351813]]]},"properties":{"name":" ","functional":" ","purpose":"Здание"}},{"type":"Feature","id":"municipal-buildings-30596","geometry":{"type":"Polygon","coordinates":[[[71.3608907,51.2362288],[71.3608729,51.2362554],[71.3607891,51.2362333],[71.3608069,51.2362067],[71.3608907,51.2362288]]]},"properties":{"name":" ","functional":" ","purpose":"Здание"}},{"type":"Feature","id":"municipal-buildings-30597","geometry":{"type":"Polygon","coordinates":[[[71.3616898,51.2369578],[71.3617587,51.2368561],[71.3618437,51.2368788],[71.3618077,51.2369319],[71.3618423,51.2369411],[71.3618096,51.2369894],[71.3616898,51.2369578]]]},"properties":{"name":" ","functional":" ","purpose":"Здание"}},{"type":"Feature","id":"municipal-buildings-30598","geometry":{"type":"Polygon","coordinates":[[[71.361775,51.2369802],[71.3617583,51.2370048],[71.3616733,51.2369821],[71.3616898,51.2369578],[71.361775,51.2369802]]]},"properties":{"name":" ","functional":" ","purpose":"Здание"}},{"type":"Feature","id":"municipal-buildings-30599","geometry":{"type":"Polygon","coordinates":[[[71.3615729,51.2370562],[71.3615422,51.2371063],[71.361464,51.2370875],[71.3614947,51.2370373],[71.3615729,51.2370562]]]},"properties":{"name":" ","functional":" ","purpose":"Здание"}},{"type":"Feature","id":"municipal-buildings-30600","geometry":{"type":"Polygon","coordinates":[[[71.3613752,51.237005],[71.361344,51.2370569],[71.3612273,51.2370293],[71.3612584,51.2369774],[71.3613752,51.237005]]]},"properties":{"name":" ","functional":" ","purpose":"Здание"}},{"type":"Feature","id":"municipal-buildings-30601","geometry":{"type":"Polygon","coordinates":[[[71.3612726,51.2375088],[71.3611853,51.2374882],[71.3611952,51.2374739],[71.3611408,51.2374592],[71.3611727,51.2374128],[71.361278,51.2374413],[71.3612617,51.237465],[71.3612963,51.2374744],[71.3612726,51.2375088]]]},"properties":{"name":" ","functional":" ","purpose":"Здание"}},{"type":"Feature","id":"municipal-buildings-30602","geometry":{"type":"Polygon","coordinates":[[[71.3614365,51.2376004],[71.3614118,51.2375938],[71.3614208,51.2375806],[71.3613726,51.2375678],[71.3614078,51.2375156],[71.3615207,51.2375456],[71.3614856,51.2375978],[71.3614454,51.2375871],[71.3614365,51.2376004]]]},"properties":{"name":" ","functional":" ","purpose":"Здание"}},{"type":"Feature","id":"municipal-buildings-30603","geometry":{"type":"Polygon","coordinates":[[[71.3611535,51.2376552],[71.3611341,51.2376834],[71.3610778,51.2376682],[71.3610972,51.2376399],[71.3611535,51.2376552]]]},"properties":{"name":" ","functional":" ","purpose":"Здание"}},{"type":"Feature","id":"municipal-buildings-30604","geometry":{"type":"Polygon","coordinates":[[[71.361396,51.2377193],[71.3613762,51.2377488],[71.3614958,51.2377804],[71.3614578,51.237837],[71.3612313,51.2377771],[71.3612891,51.237691],[71.361396,51.2377193]]]},"properties":{"name":" ","functional":" ","purpose":"Здание"}},{"type":"Feature","id":"municipal-buildings-30605","geometry":{"type":"Polygon","coordinates":[[[71.3616965,51.2376419],[71.3616539,51.2376336],[71.3616639,51.2376135],[71.3616257,51.237606],[71.3616435,51.2375701],[71.3617333,51.2375849],[71.3616965,51.2376419]]]},"properties":{"name":" ","functional":" ","purpose":"Здание"}},{"type":"Feature","id":"municipal-buildings-30606","geometry":{"type":"Polygon","coordinates":[[[71.361262,51.2379015],[71.3613025,51.2379218],[71.3611931,51.238052],[71.3610931,51.2380193],[71.3612021,51.2378816],[71.361262,51.2379015]]]},"properties":{"name":" ","functional":" ","purpose":"Здание"}},{"type":"Feature","id":"municipal-buildings-30607","geometry":{"type":"Polygon","coordinates":[[[71.3612287,51.2380879],[71.3611985,51.2381272],[71.3610451,51.2380807],[71.3610753,51.2380414],[71.3612287,51.2380879]]]},"properties":{"name":" ","functional":" ","purpose":"Здание"}},{"type":"Feature","id":"municipal-buildings-30608","geometry":{"type":"Polygon","coordinates":[[[71.3614041,51.2380099],[71.3613732,51.2380494],[71.3613304,51.2380362],[71.3613613,51.2379967],[71.3614041,51.2380099]]]},"properties":{"name":" ","functional":" ","purpose":"Здание"}},{"type":"Feature","id":"municipal-buildings-30609","geometry":{"type":"Polygon","coordinates":[[[71.3618557,51.2379296],[71.3617864,51.2379859],[71.3617351,51.237961],[71.3618044,51.2379047],[71.3618557,51.2379296]]]},"properties":{"name":" ","functional":" ","purpose":"Здание"}},{"type":"Feature","id":"municipal-buildings-30610","geometry":{"type":"Polygon","coordinates":[[[71.362507,51.2368585],[71.3624758,51.2369268],[71.362411,51.2369152],[71.3624422,51.2368468],[71.362507,51.2368585]]]},"properties":{"name":" ","functional":" ","purpose":"Здание"}},{"type":"Feature","id":"municipal-buildings-30611","geometry":{"type":"Polygon","coordinates":[[[71.3631151,51.2369766],[71.3630785,51.2370283],[71.3630352,51.2370162],[71.3630718,51.2369645],[71.3631151,51.2369766]]]},"properties":{"name":" ","functional":" ","purpose":"Здание"}},{"type":"Feature","id":"municipal-buildings-30612","geometry":{"type":"Polygon","coordinates":[[[71.3631044,51.237064],[71.3630858,51.2370925],[71.3630444,51.2370818],[71.363063,51.2370534],[71.3631044,51.237064]]]},"properties":{"name":" ","functional":" ","purpose":"Здание"}},{"type":"Feature","id":"municipal-buildings-30613","geometry":{"type":"Polygon","coordinates":[[[71.362662,51.2372586],[71.362626,51.2373121],[71.3624611,51.2372684],[71.362497,51.2372149],[71.362662,51.2372586]]]},"properties":{"name":" ","functional":" ","purpose":"Здание"}},{"type":"Feature","id":"municipal-buildings-30614","geometry":{"type":"Polygon","coordinates":[[[71.3601559,51.2383858],[71.3602029,51.2383066],[71.3603727,51.2383547],[71.3603185,51.2384302],[71.3601559,51.2383858]]]},"properties":{"name":" ","functional":"Частные дома","purpose":"Здание"}},{"type":"Feature","id":"municipal-buildings-30615","geometry":{"type":"Polygon","coordinates":[[[71.3602343,51.238582],[71.3602624,51.2385895],[71.360235,51.2386298],[71.360065,51.2385879],[71.3600889,51.238551],[71.3602343,51.238582]]]},"properties":{"name":" ","functional":"Частные дома","purpose":"Здание"}},{"type":"Feature","id":"municipal-buildings-30616","geometry":{"type":"Polygon","coordinates":[[[71.3594215,51.2397466],[71.3594409,51.2397504],[71.3594144,51.2398026],[71.3593798,51.2397957],[71.3594062,51.2397435],[71.3594215,51.2397466]]]},"properties":{"name":" ","functional":" ","purpose":"Здание"}},{"type":"Feature","id":"municipal-buildings-30617","geometry":{"type":"Polygon","coordinates":[[[71.3610574,51.2381602],[71.3610244,51.2382101],[71.3610616,51.2382217],[71.3609916,51.2383133],[71.360884,51.2382797],[71.3609921,51.2381376],[71.3610574,51.2381602]]]},"properties":{"name":" ","functional":" ","purpose":"Здание"}},{"type":"Feature","id":"municipal-buildings-30618","geometry":{"type":"Polygon","coordinates":[[[71.3609542,51.238315],[71.3609273,51.238349],[71.3608508,51.2383251],[71.3608778,51.2382911],[71.3609542,51.238315]]]},"properties":{"name":" ","functional":" ","purpose":"Здание"}},{"type":"Feature","id":"municipal-buildings-30619","geometry":{"type":"Polygon","coordinates":[[[71.3602551,51.2414707],[71.3604208,51.241558],[71.3602887,51.2416568],[71.3601081,51.2415616],[71.3602402,51.2414629],[71.3602551,51.2414707]]]},"properties":{"name":" ","functional":" ","purpose":"Здание"}},{"type":"Feature","id":"municipal-buildings-30620","geometry":{"type":"Polygon","coordinates":[[[71.3604633,51.2410431],[71.3603231,51.2410491],[71.3603175,51.2409975],[71.3604577,51.2409915],[71.3604633,51.2410431]]]},"properties":{"name":" ","functional":" ","purpose":"Здание"}},{"type":"Feature","id":"municipal-buildings-30621","geometry":{"type":"Polygon","coordinates":[[[71.3605357,51.2410517],[71.3604878,51.2410571],[71.3604806,51.2410317],[71.3605285,51.2410263],[71.3605357,51.2410517]]]},"properties":{"name":" ","functional":" ","purpose":"Здание"}},{"type":"Feature","id":"municipal-buildings-30622","geometry":{"type":"Polygon","coordinates":[[[71.3603583,51.2411079],[71.360324,51.2411131],[71.3603118,51.2410813],[71.3603461,51.2410761],[71.3603583,51.2411079]]]},"properties":{"name":" ","functional":" ","purpose":"Здание"}},{"type":"Feature","id":"municipal-buildings-30623","geometry":{"type":"Polygon","coordinates":[[[71.3607081,51.2410981],[71.360701,51.2411157],[71.3606519,51.2411079],[71.360659,51.2410903],[71.3607081,51.2410981]]]},"properties":{"name":" ","functional":" ","purpose":"Здание"}},{"type":"Feature","id":"municipal-buildings-30624","geometry":{"type":"Polygon","coordinates":[[[71.3674876,51.2425232],[71.3674345,51.2426593],[71.3672718,51.2426343],[71.3673248,51.2424982],[71.3674876,51.2425232]]]},"properties":{"name":" ","functional":" ","purpose":"Здание"}},{"type":"Feature","id":"municipal-buildings-30625","geometry":{"type":"Polygon","coordinates":[[[71.3662872,51.2437911],[71.3662766,51.2438163],[71.366244,51.2438109],[71.3662546,51.2437857],[71.3662872,51.2437911]]]},"properties":{"name":" ","functional":" ","purpose":"Здание"}},{"type":"Feature","id":"municipal-buildings-30626","geometry":{"type":"Polygon","coordinates":[[[71.3661972,51.2436798],[71.3662639,51.2436928],[71.3662437,51.2437337],[71.3661548,51.2437164],[71.366175,51.2436755],[71.3661972,51.2436798]]]},"properties":{"name":" ","functional":" ","purpose":"Здание"}},{"type":"Feature","id":"municipal-buildings-30627","geometry":{"type":"Polygon","coordinates":[[[71.3648782,51.2443484],[71.36486,51.2443872],[71.3647984,51.2443759],[71.3648165,51.244337],[71.3648782,51.2443484]]]},"properties":{"name":" ","functional":" ","purpose":"Здание"}},{"type":"Feature","id":"municipal-buildings-30628","geometry":{"type":"Polygon","coordinates":[[[71.365409,51.246009],[71.3653899,51.2460493],[71.365326,51.2460374],[71.365345,51.2459971],[71.365409,51.246009]]]},"properties":{"name":" ","functional":" ","purpose":"Здание"}},{"type":"Feature","id":"municipal-buildings-30629","geometry":{"type":"Polygon","coordinates":[[[71.3655246,51.2465723],[71.3655059,51.2466123],[71.3654406,51.2466002],[71.3654593,51.2465602],[71.3655246,51.2465723]]]},"properties":{"name":" ","functional":" ","purpose":"Здание"}},{"type":"Feature","id":"municipal-buildings-30630","geometry":{"type":"Polygon","coordinates":[[[71.3601169,51.2479063],[71.3600992,51.2479447],[71.3600145,51.2479294],[71.3600322,51.2478909],[71.3601169,51.2479063]]]},"properties":{"name":" ","functional":" ","purpose":"Здание"}},{"type":"Feature","id":"municipal-buildings-30631","geometry":{"type":"Polygon","coordinates":[[[71.360276,51.2478516],[71.3602643,51.2478733],[71.3602207,51.2478641],[71.3602323,51.2478424],[71.360276,51.2478516]]]},"properties":{"name":" ","functional":" ","purpose":"Здание"}},{"type":"Feature","id":"municipal-buildings-30632","geometry":{"type":"Polygon","coordinates":[[[71.3602487,51.2478946],[71.3602428,51.2479066],[71.3602164,51.2479015],[71.3602222,51.2478895],[71.3602487,51.2478946]]]},"properties":{"name":" ","functional":" ","purpose":"Здание"}},{"type":"Feature","id":"municipal-buildings-30633","geometry":{"type":"Polygon","coordinates":[[[71.3668966,51.2477296],[71.3667558,51.2480488],[71.3666533,51.248031],[71.3667941,51.2477118],[71.3668966,51.2477296]]]},"properties":{"name":" ","functional":" ","purpose":"Здание"}},{"type":"Feature","id":"municipal-buildings-30634","geometry":{"type":"Polygon","coordinates":[[[71.3638415,51.2462819],[71.3638151,51.2463359],[71.3637137,51.2463163],[71.3637401,51.2462624],[71.3638415,51.2462819]]]},"properties":{"name":" ","functional":" ","purpose":"Здание"}},{"type":"Feature","id":"municipal-buildings-30635","geometry":{"type":"Polygon","coordinates":[[[71.3690942,51.2461178],[71.3689096,51.2466443],[71.3686327,51.2466061],[71.3688173,51.2460796],[71.3690942,51.2461178]]]},"properties":{"name":" ","functional":" ","purpose":"Здание"}},{"type":"Feature","id":"municipal-buildings-30636","geometry":{"type":"Polygon","coordinates":[[[71.3680849,51.247293],[71.3680692,51.2473203],[71.3680181,51.2473088],[71.3680338,51.2472815],[71.3680849,51.247293]]]},"properties":{"name":" ","functional":" ","purpose":"Здание"}},{"type":"Feature","id":"municipal-buildings-30637","geometry":{"type":"Polygon","coordinates":[[[71.3700178,51.2489767],[71.3697236,51.2496549],[71.3695556,51.2496262],[71.3698498,51.248948],[71.3700178,51.2489767]]]},"properties":{"name":" ","functional":" ","purpose":"Здание"}},{"type":"Feature","id":"municipal-buildings-30638","geometry":{"type":"Polygon","coordinates":[[[71.3744437,51.2482374],[71.3744284,51.2482762],[71.3743637,51.2482661],[71.374379,51.2482274],[71.3744437,51.2482374]]]},"properties":{"name":" ","functional":" ","purpose":"Здание"}},{"type":"Feature","id":"municipal-buildings-30639","geometry":{"type":"Polygon","coordinates":[[[71.3807869,51.2484756],[71.3807774,51.2484985],[71.3806927,51.2484848],[71.3807022,51.2484618],[71.3807869,51.2484756]]]},"properties":{"name":" ","functional":" ","purpose":"Здание"}},{"type":"Feature","id":"municipal-buildings-30640","geometry":{"type":"Polygon","coordinates":[[[71.3798739,51.2503924],[71.3798239,51.2504617],[71.3797069,51.2504417],[71.3797388,51.2503677],[71.3798739,51.2503924]]]},"properties":{"name":" ","functional":" ","purpose":"Здание"}},{"type":"Feature","id":"municipal-buildings-30641","geometry":{"type":"Polygon","coordinates":[[[71.3811309,51.2503058],[71.3810662,51.2504558],[71.3807436,51.2504009],[71.3808083,51.250251],[71.3811309,51.2503058]]]},"properties":{"name":" ","functional":" ","purpose":"Здание"}},{"type":"Feature","id":"municipal-buildings-30642","geometry":{"type":"Polygon","coordinates":[[[71.3810676,51.2506293],[71.3811616,51.2506484],[71.3810993,51.2507692],[71.380994,51.2507478],[71.3810562,51.250627],[71.3810676,51.2506293]]]},"properties":{"name":" ","functional":" ","purpose":"Здание"}},{"type":"Feature","id":"municipal-buildings-30643","geometry":{"type":"Polygon","coordinates":[[[71.3812555,51.2505637],[71.3812363,51.2505614],[71.381227,51.2505821],[71.3811396,51.2505652],[71.3811958,51.2504463],[71.3812957,51.2504657],[71.3812555,51.2505637]]]},"properties":{"name":" ","functional":"Частные дома","purpose":"Коттедж"}},{"type":"Feature","id":"municipal-buildings-30644","geometry":{"type":"Polygon","coordinates":[[[71.382543,51.2485502],[71.3825191,51.2485969],[71.3823509,51.2485631],[71.3823748,51.2485164],[71.382543,51.2485502]]]},"properties":{"name":" ","functional":" ","purpose":"Здание"}},{"type":"Feature","id":"municipal-buildings-30645","geometry":{"type":"Polygon","coordinates":[[[71.3769968,51.2515739],[71.3769584,51.2516669],[71.3767265,51.2516292],[71.3767649,51.2515362],[71.3769968,51.2515739]]]},"properties":{"name":" ","functional":" ","purpose":"Здание"}},{"type":"Feature","id":"municipal-buildings-30646","geometry":{"type":"Polygon","coordinates":[[[71.3817621,51.250134],[71.3817761,51.2501366],[71.3817573,51.2501757],[71.3814752,51.2501158],[71.3814903,51.2500846],[71.3817621,51.250134]]]},"properties":{"name":" ","functional":" ","purpose":"Частный дом"}},{"type":"Feature","id":"municipal-buildings-30647","geometry":{"type":"Polygon","coordinates":[[[71.3818671,51.2496206],[71.3820088,51.2496481],[71.3819564,51.2497521],[71.3818832,51.2497381],[71.3819126,51.2496784],[71.3818249,51.2496618],[71.3818471,51.2496168],[71.3818671,51.2496206]]]},"properties":{"name":" ","functional":" ","purpose":"Здание"}},{"type":"Feature","id":"municipal-buildings-30648","geometry":{"type":"Polygon","coordinates":[[[71.381442,51.2501437],[71.3814121,51.2502143],[71.3809665,51.2501398],[71.38099,51.2500821],[71.3812742,51.2501315],[71.3812813,51.2501177],[71.381442,51.2501437]]]},"properties":{"name":" ","functional":" ","purpose":"Здание"}},{"type":"Feature","id":"municipal-buildings-30649","geometry":{"type":"Polygon","coordinates":[[[71.3814464,51.2501076],[71.381435,51.250135],[71.3813758,51.2501252],[71.3813872,51.2500979],[71.3814464,51.2501076]]]},"properties":{"name":" ","functional":" ","purpose":"Здание"}},{"type":"Feature","id":"municipal-buildings-30650","geometry":{"type":"Polygon","coordinates":[[[71.3809376,51.2505363],[71.380913,51.2505901],[71.3808779,51.2505838],[71.3809021,51.2505294],[71.3809376,51.2505363]]]},"properties":{"name":" ","functional":" ","purpose":"Здание"}},{"type":"Feature","id":"municipal-buildings-30651","geometry":{"type":"Polygon","coordinates":[[[71.3820484,51.2505892],[71.3820142,51.2506443],[71.3819159,51.2506279],[71.3819122,51.250617],[71.381934,51.2505699],[71.3820484,51.2505892]]]},"properties":{"name":" ","functional":" ","purpose":"Здание"}},{"type":"Feature","id":"municipal-buildings-30652","geometry":{"type":"Polygon","coordinates":[[[71.3822073,51.2507213],[71.3822643,51.2507327],[71.3822482,51.2507679],[71.3822719,51.2507719],[71.3822222,51.2508745],[71.3821224,51.2508571],[71.382136,51.2508253],[71.3821566,51.2508291],[71.3822073,51.2507213]]]},"properties":{"name":" ","functional":" ","purpose":"Здание"}},{"type":"Feature","id":"municipal-buildings-30653","geometry":{"type":"Polygon","coordinates":[[[71.3824463,51.2509535],[71.3824257,51.2510014],[71.3823623,51.2509906],[71.3823829,51.2509428],[71.3824463,51.2509535]]]},"properties":{"name":" ","functional":" ","purpose":"Здание"}},{"type":"Feature","id":"municipal-buildings-30654","geometry":{"type":"Polygon","coordinates":[[[71.3826664,51.2506992],[71.3826368,51.2507696],[71.3825513,51.250757],[71.3825801,51.2506856],[71.3826664,51.2506992]]]},"properties":{"name":" ","functional":" ","purpose":"Здание"}},{"type":"Feature","id":"municipal-buildings-30655","geometry":{"type":"Polygon","coordinates":[[[71.3824078,51.2506526],[71.3823965,51.2506779],[71.3823269,51.2506656],[71.3823382,51.2506404],[71.3824078,51.2506526]]]},"properties":{"name":" ","functional":" ","purpose":"Здание"}},{"type":"Feature","id":"municipal-buildings-30656","geometry":{"type":"Polygon","coordinates":[[[71.3795663,51.2462542],[71.3796302,51.2460969],[71.3797752,51.2461201],[71.3797113,51.2462774],[71.3795663,51.2462542]]]},"properties":{"name":" ","functional":" ","purpose":"Здание"}},{"type":"Feature","id":"municipal-buildings-30657","geometry":{"type":"Polygon","coordinates":[[[71.3795183,51.2461607],[71.3795028,51.2461962],[71.3794716,51.2461909],[71.3794871,51.2461553],[71.3795183,51.2461607]]]},"properties":{"name":" ","functional":" ","purpose":"Здание"}},{"type":"Feature","id":"municipal-buildings-30658","geometry":{"type":"Polygon","coordinates":[[[71.3753515,51.2472709],[71.3752489,51.2472571],[71.3752762,51.2471966],[71.3753769,51.2472146],[71.3753515,51.2472709]]]},"properties":{"name":" ","functional":" ","purpose":"Здание"}},{"type":"Feature","id":"municipal-buildings-30659","geometry":{"type":"Polygon","coordinates":[[[71.375369,51.2472322],[71.3754023,51.2472381],[71.3753848,51.2472768],[71.3753515,51.2472709],[71.375369,51.2472322]]]},"properties":{"name":" ","functional":" ","purpose":"Здание"}},{"type":"Feature","id":"municipal-buildings-30660","geometry":{"type":"Polygon","coordinates":[[[71.3754599,51.2472357],[71.3754519,51.2472556],[71.3754114,51.2472492],[71.3754194,51.2472293],[71.3754599,51.2472357]]]},"properties":{"name":" ","functional":" ","purpose":"Здание"}},{"type":"Feature","id":"municipal-buildings-30661","geometry":{"type":"Polygon","coordinates":[[[71.3740846,51.2483553],[71.3740702,51.2484101],[71.3739973,51.2484025],[71.3740117,51.2483477],[71.3740846,51.2483553]]]},"properties":{"name":" ","functional":" ","purpose":"Здание"}},{"type":"Feature","id":"municipal-buildings-30662","geometry":{"type":"Polygon","coordinates":[[[71.3764628,51.2462127],[71.3764363,51.2462657],[71.3763592,51.2462505],[71.3763857,51.2461975],[71.3764628,51.2462127]]]},"properties":{"name":" ","functional":" ","purpose":"Здание"}},{"type":"Feature","id":"municipal-buildings-30663","geometry":{"type":"Polygon","coordinates":[[[71.3741287,51.2459402],[71.374049,51.2459257],[71.3741023,51.2458168],[71.3743442,51.2458611],[71.374324,51.2459088],[71.3741589,51.2458798],[71.3741287,51.2459402]]]},"properties":{"name":" ","functional":" ","purpose":"Здание"}},{"type":"Feature","id":"municipal-buildings-30664","geometry":{"type":"Polygon","coordinates":[[[71.3738509,51.246276],[71.3737835,51.2464424],[71.3737183,51.246432],[71.3737857,51.2462656],[71.3738509,51.246276]]]},"properties":{"name":" ","functional":" ","purpose":"Здание"}},{"type":"Feature","id":"municipal-buildings-30665","geometry":{"type":"Polygon","coordinates":[[[71.3733866,51.2458309],[71.37336,51.2458871],[71.3733205,51.2458797],[71.3733471,51.2458235],[71.3733866,51.2458309]]]},"properties":{"name":" ","functional":" ","purpose":"Здание"}},{"type":"Feature","id":"municipal-buildings-30666","geometry":{"type":"Polygon","coordinates":[[[71.3834232,51.2375102],[71.3834131,51.2375356],[71.3833314,51.2375228],[71.3833415,51.2374974],[71.3834232,51.2375102]]]},"properties":{"name":" ","functional":" ","purpose":"Здание"}},{"type":"Feature","id":"municipal-buildings-30667","geometry":{"type":"Polygon","coordinates":[[[71.3570917,51.2484684],[71.3570713,51.2484907],[71.3570434,51.2484807],[71.3570639,51.2484584],[71.3570917,51.2484684]]]},"properties":{"name":" ","functional":" ","purpose":"Здание"}},{"type":"Feature","id":"municipal-buildings-30668","geometry":{"type":"Polygon","coordinates":[[[71.3682036,51.2491423],[71.3681915,51.2491711],[71.3681497,51.2491619],[71.3681607,51.2491353],[71.3682036,51.2491423]]]},"properties":{"name":" ","functional":" ","purpose":"Здание"}},{"type":"Feature","id":"municipal-buildings-30669","geometry":{"type":"Polygon","coordinates":[[[71.368333,51.2492154],[71.368295,51.2492084],[71.3683034,51.2491864],[71.3683418,51.2491922],[71.368333,51.2492154]]]},"properties":{"name":" ","functional":" ","purpose":"Здание"}},{"type":"Feature","id":"municipal-buildings-30670","geometry":{"type":"Polygon","coordinates":[[[71.36844,51.2492299],[71.3684022,51.2492275],[71.3684129,51.2492016],[71.3684534,51.2492082],[71.36844,51.2492299]]]},"properties":{"name":" ","functional":" ","purpose":"Здание"}},{"type":"Feature","id":"municipal-buildings-30671","geometry":{"type":"Polygon","coordinates":[[[71.3678562,51.2496036],[71.3678078,51.2497473],[71.3677162,51.2497351],[71.3677646,51.2495914],[71.3678562,51.2496036]]]},"properties":{"name":" ","functional":" ","purpose":"Здание"}},{"type":"Feature","id":"municipal-buildings-30672","geometry":{"type":"MultiPolygon","coordinates":[[[[71.3832899,51.2511446],[71.383284,51.251144],[71.383284,51.2511438],[71.3832899,51.2511446]]],[[[71.3832899,51.2511446],[71.3833109,51.2511073],[71.3833822,51.2511189],[71.3833658,51.2511574],[71.3832899,51.2511446]]]]},"properties":{"name":" ","functional":" ","purpose":"Здание"}},{"type":"Feature","id":"municipal-buildings-30673","geometry":{"type":"Polygon","coordinates":[[[71.3833114,51.2510493],[71.3832991,51.2510775],[71.3831575,51.2510534],[71.3831962,51.2509638],[71.3833379,51.250988],[71.3833114,51.2510493]]]},"properties":{"name":" ","functional":" ","purpose":"Здание"}},{"type":"Feature","id":"municipal-buildings-30674","geometry":{"type":"Polygon","coordinates":[[[71.3833379,51.250988],[71.3833725,51.2509939],[71.3833459,51.2510552],[71.3833114,51.2510493],[71.3833379,51.250988]]]},"properties":{"name":" ","functional":" ","purpose":"Здание"}},{"type":"Feature","id":"municipal-buildings-30675","geometry":{"type":"Polygon","coordinates":[[[71.3834471,51.2510291],[71.3834206,51.2510972],[71.3833752,51.2510902],[71.3834017,51.2510222],[71.3834471,51.2510291]]]},"properties":{"name":" ","functional":" ","purpose":"Здание"}},{"type":"Feature","id":"municipal-buildings-30676","geometry":{"type":"Polygon","coordinates":[[[71.3853771,51.2508458],[71.3853335,51.2509319],[71.3851462,51.2508881],[71.3851913,51.2508001],[71.3853771,51.2508458]]]},"properties":{"name":" ","functional":" ","purpose":"Здание"}},{"type":"Feature","id":"municipal-buildings-30677","geometry":{"type":"Polygon","coordinates":[[[71.3841631,51.2500502],[71.3840509,51.2503642],[71.3839604,51.2503512],[71.3840747,51.2500375],[71.3841631,51.2500502]]]},"properties":{"name":" ","functional":" ","purpose":"Здание"}},{"type":"Feature","id":"municipal-buildings-30678","geometry":{"type":"Polygon","coordinates":[[[71.3840275,51.2505253],[71.3840128,51.2505804],[71.3839753,51.2505754],[71.3839923,51.2505208],[71.3840275,51.2505253]]]},"properties":{"name":" ","functional":" ","purpose":"Здание"}},{"type":"Feature","id":"municipal-buildings-30679","geometry":{"type":"Polygon","coordinates":[[[71.3837727,51.2499932],[71.3837384,51.250073],[71.383445,51.2500234],[71.3834793,51.2499436],[71.3837727,51.2499932]]]},"properties":{"name":" ","functional":" ","purpose":"Здание"}},{"type":"Feature","id":"municipal-buildings-30680","geometry":{"type":"Polygon","coordinates":[[[71.3834419,51.2500123],[71.3834335,51.2500359],[71.3834077,51.2500323],[71.3834161,51.2500087],[71.3834419,51.2500123]]]},"properties":{"name":" ","functional":" ","purpose":"Здание"}},{"type":"Feature","id":"municipal-buildings-30681","geometry":{"type":"Polygon","coordinates":[[[71.3834575,51.2502445],[71.38344,51.2502413],[71.3834555,51.2502082],[71.3836452,51.250243],[71.3836297,51.2502762],[71.3834575,51.2502445]]]},"properties":{"name":" ","functional":" ","purpose":"Коттедж"}},{"type":"Feature","id":"municipal-buildings-30682","geometry":{"type":"Polygon","coordinates":[[[71.3836084,51.2502723],[71.3835851,51.2503222],[71.3834341,51.2502945],[71.3834575,51.2502445],[71.3836084,51.2502723]]]},"properties":{"name":" ","functional":" ","purpose":"Коттедж"}},{"type":"Feature","id":"municipal-buildings-30683","geometry":{"type":"Polygon","coordinates":[[[71.3831795,51.2504384],[71.3832885,51.2504568],[71.3832571,51.2505302],[71.3831481,51.2505119],[71.3831795,51.2504384]]]},"properties":{"name":" ","functional":"Частные дома","purpose":"Частный дом"}},{"type":"Feature","id":"municipal-buildings-30684","geometry":{"type":"Polygon","coordinates":[[[71.3829959,51.2504103],[71.3829735,51.2504626],[71.3828732,51.2504457],[71.3828946,51.2503957],[71.3829959,51.2504103]]]},"properties":{"name":" ","functional":"Частные дома","purpose":"Частный дом"}},{"type":"Feature","id":"municipal-buildings-30685","geometry":{"type":"Polygon","coordinates":[[[71.3829409,51.2504571],[71.3829306,51.2504813],[71.3828628,51.2504699],[71.3828732,51.2504457],[71.3829409,51.2504571]]]},"properties":{"name":" ","functional":" ","purpose":"Частный дом"}},{"type":"Feature","id":"municipal-buildings-30686","geometry":{"type":"Polygon","coordinates":[[[71.3834315,51.2507069],[71.383289,51.2506854],[71.3833111,51.2506353],[71.3834522,51.2506598],[71.3834315,51.2507069]]]},"properties":{"name":" ","functional":" ","purpose":"Здание"}},{"type":"Feature","id":"municipal-buildings-30687","geometry":{"type":"Polygon","coordinates":[[[71.3834175,51.2508188],[71.3834075,51.2508434],[71.3833823,51.2508401],[71.3833703,51.2508694],[71.3832188,51.2508459],[71.383239,51.2507923],[71.3834175,51.2508188]]]},"properties":{"name":" ","functional":" ","purpose":"Здание"}},{"type":"Feature","id":"municipal-buildings-30688","geometry":{"type":"Polygon","coordinates":[[[71.3833321,51.2509121],[71.3833504,51.2509153],[71.383339,51.2509414],[71.3831656,51.2509116],[71.383177,51.2508855],[71.3833321,51.2509121]]]},"properties":{"name":" ","functional":" ","purpose":"Здание"}},{"type":"Feature","id":"municipal-buildings-30689","geometry":{"type":"Polygon","coordinates":[[[71.3833065,51.25088],[71.3832952,51.2509058],[71.3832151,51.250892],[71.3832279,51.2508626],[71.3833065,51.25088]]]},"properties":{"name":" ","functional":" ","purpose":"Здание"}},{"type":"Feature","id":"municipal-buildings-30690","geometry":{"type":"Polygon","coordinates":[[[71.3833065,51.25088],[71.3833434,51.2508863],[71.3833321,51.2509121],[71.3832952,51.2509058],[71.3833065,51.25088]]]},"properties":{"name":" ","functional":" ","purpose":"Здание"}},{"type":"Feature","id":"municipal-buildings-30691","geometry":{"type":"Polygon","coordinates":[[[71.3835103,51.250873],[71.3834789,51.250954],[71.3834324,51.250947],[71.3834638,51.2508659],[71.3835103,51.250873]]]},"properties":{"name":" ","functional":" ","purpose":"Здание"}},{"type":"Feature","id":"municipal-buildings-30692","geometry":{"type":"Polygon","coordinates":[[[71.3825818,51.2490402],[71.3827065,51.2487602],[71.3828208,51.2487817],[71.3826883,51.2490602],[71.3825818,51.2490402]]]},"properties":{"name":" ","functional":" ","purpose":"Здание"}},{"type":"Feature","id":"municipal-buildings-30693","geometry":{"type":"Polygon","coordinates":[[[71.38268,51.2490586],[71.3826652,51.2490897],[71.382567,51.2490713],[71.3825818,51.2490402],[71.38268,51.2490586]]]},"properties":{"name":" ","functional":" ","purpose":"Здание"}},{"type":"Feature","id":"municipal-buildings-30694","geometry":{"type":"Polygon","coordinates":[[[71.3828313,51.2491761],[71.3827904,51.2492596],[71.3824964,51.2492029],[71.3825372,51.2491194],[71.3828313,51.2491761]]]},"properties":{"name":" ","functional":" ","purpose":"Здание"}},{"type":"Feature","id":"municipal-buildings-30695","geometry":{"type":"Polygon","coordinates":[[[71.3827763,51.2492569],[71.3827486,51.2493134],[71.3824766,51.2492635],[71.3825054,51.2492046],[71.3827763,51.2492569]]]},"properties":{"name":" ","functional":" ","purpose":"Здание"}},{"type":"Feature","id":"municipal-buildings-30696","geometry":{"type":"Polygon","coordinates":[[[71.3828428,51.2492669],[71.3827904,51.2492596],[71.3828313,51.2491761],[71.3828825,51.249186],[71.3828428,51.2492669]]]},"properties":{"name":" ","functional":" ","purpose":"Здание"}},{"type":"Feature","id":"municipal-buildings-30697","geometry":{"type":"Polygon","coordinates":[[[71.3829884,51.2491437],[71.3829228,51.2492817],[71.3828428,51.2492669],[71.3829062,51.2491281],[71.3829884,51.2491437]]]},"properties":{"name":" ","functional":" ","purpose":"Здание"}},{"type":"Feature","id":"municipal-buildings-30698","geometry":{"type":"Polygon","coordinates":[[[71.3830067,51.2491194],[71.3829935,51.2491446],[71.3829125,51.2491293],[71.3829525,51.249051],[71.3830346,51.2490665],[71.3830067,51.2491194]]]},"properties":{"name":" ","functional":" ","purpose":"Здание"}},{"type":"Feature","id":"municipal-buildings-30699","geometry":{"type":"Polygon","coordinates":[[[71.3840626,51.2491069],[71.3840412,51.2491495],[71.3839596,51.2491356],[71.3839813,51.2490878],[71.3840626,51.2491069]]]},"properties":{"name":" ","functional":" ","purpose":"Здание"}},{"type":"Feature","id":"municipal-buildings-30700","geometry":{"type":"Polygon","coordinates":[[[71.3840626,51.2491069],[71.3841197,51.2491181],[71.3840767,51.2492043],[71.3840195,51.249193],[71.3840626,51.2491069]]]},"properties":{"name":" ","functional":" ","purpose":"Здание"}},{"type":"Feature","id":"municipal-buildings-30701","geometry":{"type":"Polygon","coordinates":[[[71.3838819,51.2492051],[71.3838501,51.249258],[71.3837953,51.2492464],[71.3838257,51.2491897],[71.3838819,51.2492051]]]},"properties":{"name":" ","functional":" ","purpose":"Частный дом"}},{"type":"Feature","id":"municipal-buildings-30702","geometry":{"type":"Polygon","coordinates":[[[71.383909,51.2492418],[71.3838931,51.2492682],[71.3838501,51.249258],[71.3838819,51.2492051],[71.383925,51.2492153],[71.383909,51.2492418]]]},"properties":{"name":" ","functional":" ","purpose":"Частный дом"}},{"type":"Feature","id":"municipal-buildings-30703","geometry":{"type":"Polygon","coordinates":[[[71.383909,51.2492418],[71.3839516,51.2492519],[71.3839354,51.2492783],[71.3838931,51.2492682],[71.383909,51.2492418]]]},"properties":{"name":" ","functional":" ","purpose":"Здание"}},{"type":"Feature","id":"municipal-buildings-30704","geometry":{"type":"Polygon","coordinates":[[[71.3840709,51.2492986],[71.3840985,51.2492255],[71.384145,51.2492324],[71.3841165,51.249308],[71.3840709,51.2492986]]]},"properties":{"name":" ","functional":" ","purpose":"Здание"}},{"type":"Feature","id":"municipal-buildings-30705","geometry":{"type":"Polygon","coordinates":[[[71.3840639,51.2492207],[71.3840507,51.2492608],[71.3840061,51.2492551],[71.3840193,51.2492149],[71.3840639,51.2492207]]]},"properties":{"name":" ","functional":" ","purpose":"Здание"}},{"type":"Feature","id":"municipal-buildings-30706","geometry":{"type":"Polygon","coordinates":[[[71.3840124,51.2492077],[71.384013,51.2492143],[71.3839064,51.2491946],[71.3840124,51.2492077]]]},"properties":{"name":" ","functional":"Частные дома","purpose":"Частный дом"}},{"type":"Feature","id":"municipal-buildings-30707","geometry":{"type":"Polygon","coordinates":[[[71.3841165,51.249308],[71.3841111,51.2493239],[71.3839947,51.2493081],[71.3840012,51.2492891],[71.3841165,51.249308]]]},"properties":{"name":" ","functional":" ","purpose":"Здание"}},{"type":"Feature","id":"municipal-buildings-30708","geometry":{"type":"Polygon","coordinates":[[[71.382867,51.2502618],[71.382914,51.2501339],[71.3829965,51.2501469],[71.3829478,51.250274],[71.382867,51.2502618]]]},"properties":{"name":" ","functional":" ","purpose":"Здание"}},{"type":"Feature","id":"municipal-buildings-30709","geometry":{"type":"Polygon","coordinates":[[[71.3829342,51.2502719],[71.3829167,51.2503222],[71.3828457,51.2503117],[71.382867,51.2502618],[71.3829342,51.2502719]]]},"properties":{"name":" ","functional":" ","purpose":"Здание"}},{"type":"Feature","id":"municipal-buildings-30710","geometry":{"type":"Polygon","coordinates":[[[71.3831799,51.2495539],[71.3830404,51.2495293],[71.3831274,51.2493335],[71.3831909,51.2493453],[71.3831841,51.2493652],[71.3833111,51.2493881],[71.3832327,51.2495604],[71.3831799,51.2495539]]]},"properties":{"name":" ","functional":" ","purpose":"Здание"}},{"type":"Feature","id":"municipal-buildings-30711","geometry":{"type":"Polygon","coordinates":[[[71.3829506,51.2494071],[71.3829964,51.2493072],[71.3831212,51.2493297],[71.3830754,51.2494296],[71.3829506,51.2494071]]]},"properties":{"name":" ","functional":" ","purpose":"Здание"}},{"type":"Feature","id":"municipal-buildings-30712","geometry":{"type":"Polygon","coordinates":[[[71.3832327,51.2495604],[71.3832658,51.2495669],[71.3832138,51.2496712],[71.3831297,51.2496547],[71.3831816,51.2495504],[71.3832327,51.2495604]]]},"properties":{"name":" ","functional":" ","purpose":"Здание"}},{"type":"Feature","id":"municipal-buildings-30713","geometry":{"type":"Polygon","coordinates":[[[71.3828233,51.2495986],[71.3828549,51.2495343],[71.3830147,51.2495653],[71.382983,51.2496296],[71.3828233,51.2495986]]]},"properties":{"name":" ","functional":" ","purpose":"Здание"}},{"type":"Feature","id":"municipal-buildings-30714","geometry":{"type":"Polygon","coordinates":[[[71.3829032,51.2496141],[71.3828887,51.2496433],[71.3828089,51.2496279],[71.3828233,51.2495986],[71.3829032,51.2496141]]]},"properties":{"name":" ","functional":" ","purpose":"Здание"}},{"type":"Feature","id":"municipal-buildings-30715","geometry":{"type":"Polygon","coordinates":[[[71.3823283,51.2489687],[71.382279,51.2490713],[71.3822066,51.2490576],[71.382256,51.248955],[71.3823283,51.2489687]]]},"properties":{"name":" ","functional":" ","purpose":"Здание"}},{"type":"Feature","id":"municipal-buildings-30716","geometry":{"type":"Polygon","coordinates":[[[71.3813923,51.2497975],[71.3813741,51.2498383],[71.3810555,51.249782],[71.3810793,51.249729],[71.3813978,51.2497852],[71.3813923,51.2497975]]]},"properties":{"name":" ","functional":" ","purpose":"Здание"}},{"type":"Feature","id":"municipal-buildings-30717","geometry":{"type":"Polygon","coordinates":[[[71.3812305,51.2495463],[71.3811529,51.2497109],[71.3810859,51.2496985],[71.3811712,51.2495176],[71.3812382,51.24953],[71.3812305,51.2495463]]]},"properties":{"name":" ","functional":" ","purpose":"Здание"}},{"type":"Feature","id":"municipal-buildings-30718","geometry":{"type":"Polygon","coordinates":[[[71.3811682,51.249524],[71.3810997,51.2496692],[71.3810386,51.2496579],[71.3811071,51.2495126],[71.3811682,51.249524]]]},"properties":{"name":" ","functional":" ","purpose":"Здание"}},{"type":"Feature","id":"municipal-buildings-30719","geometry":{"type":"Polygon","coordinates":[[[71.3812305,51.2495463],[71.3812839,51.2495562],[71.3812063,51.2497208],[71.3811529,51.2497109],[71.3812305,51.2495463]]]},"properties":{"name":" ","functional":" ","purpose":"Здание"}},{"type":"Feature","id":"municipal-buildings-30720","geometry":{"type":"Polygon","coordinates":[[[71.3813923,51.2497975],[71.3815958,51.2498369],[71.3815854,51.2498577],[71.3816639,51.2498736],[71.3816547,51.2498943],[71.3813741,51.2498383],[71.3813923,51.2497975]]]},"properties":{"name":" ","functional":" ","purpose":"Здание"}},{"type":"Feature","id":"municipal-buildings-30721","geometry":{"type":"Polygon","coordinates":[[[71.381504,51.2498998],[71.3814263,51.2498898],[71.3814438,51.2498512],[71.3815184,51.2498682],[71.381504,51.2498998]]]},"properties":{"name":" ","functional":" ","purpose":"Здание"}},{"type":"Feature","id":"municipal-buildings-30722","geometry":{"type":"Polygon","coordinates":[[[71.381504,51.2498998],[71.3814889,51.2499452],[71.381407,51.2499321],[71.3814245,51.2498871],[71.381504,51.2498998]]]},"properties":{"name":" ","functional":" ","purpose":"Здание"}},{"type":"Feature","id":"municipal-buildings-30723","geometry":{"type":"Polygon","coordinates":[[[71.3816197,51.2486042],[71.3816713,51.2486227],[71.3815921,51.2487464],[71.3815027,51.2487281],[71.3815724,51.2486],[71.3816197,51.2486042]]]},"properties":{"name":" ","functional":" ","purpose":"Здание"}},{"type":"Feature","id":"municipal-buildings-30724","geometry":{"type":"Polygon","coordinates":[[[71.3814725,51.24858],[71.3814146,51.2486621],[71.3813472,51.2486434],[71.3814052,51.2485613],[71.3814725,51.24858]]]},"properties":{"name":" ","functional":" ","purpose":"Здание"}},{"type":"Feature","id":"municipal-buildings-30725","geometry":{"type":"Polygon","coordinates":[[[71.3773807,51.2337784],[71.3765895,51.2340196],[71.376503,51.2339079],[71.3772942,51.2336667],[71.3773807,51.2337784]]]},"properties":{"name":" ","functional":" ","purpose":"Здание"}},{"type":"Feature","id":"municipal-buildings-30726","geometry":{"type":"Polygon","coordinates":[[[71.3641628,51.23804],[71.3641033,51.2381256],[71.3640266,51.238106],[71.3640869,51.2380192],[71.3641628,51.23804]]]},"properties":{"name":" ","functional":" ","purpose":"Здание"}},{"type":"Feature","id":"municipal-buildings-30727","geometry":{"type":"Polygon","coordinates":[[[71.363959,51.2378636],[71.3640228,51.2378802],[71.363983,51.2379408],[71.3638554,51.2379078],[71.3638952,51.2378471],[71.363959,51.2378636]]]},"properties":{"name":" ","functional":" ","purpose":"Здание"}},{"type":"Feature","id":"municipal-buildings-30728","geometry":{"type":"Polygon","coordinates":[[[71.363983,51.2379408],[71.3639605,51.237975],[71.3638329,51.237942],[71.3638554,51.2379078],[71.363983,51.2379408]]]},"properties":{"name":" ","functional":" ","purpose":"Здание"}},{"type":"Feature","id":"municipal-buildings-30729","geometry":{"type":"Polygon","coordinates":[[[71.3638952,51.2378471],[71.363907,51.2378292],[71.3639708,51.2378457],[71.363959,51.2378636],[71.3638952,51.2378471]]]},"properties":{"name":" ","functional":" ","purpose":"Здание"}},{"type":"Feature","id":"municipal-buildings-30730","geometry":{"type":"Polygon","coordinates":[[[71.382515,51.2589238],[71.3825056,51.2589487],[71.382464,51.2589425],[71.3824734,51.2589176],[71.382515,51.2589238]]]},"properties":{"name":" ","functional":" ","purpose":"Здание"}},{"type":"Feature","id":"municipal-buildings-30731","geometry":{"type":"Polygon","coordinates":[[[71.3923028,51.2599456],[71.3922634,51.2599395],[71.3923064,51.2598308],[71.3923904,51.2598438],[71.3923473,51.2599526],[71.3923028,51.2599456]]]},"properties":{"name":" ","functional":" ","purpose":"Здание"}},{"type":"Feature","id":"municipal-buildings-30732","geometry":{"type":"Polygon","coordinates":[[[71.3893979,51.2590984],[71.3893601,51.2592011],[71.3888698,51.25913],[71.3889076,51.2590274],[71.3893979,51.2590984]]]},"properties":{"name":" ","functional":" ","purpose":"Здание"}},{"type":"Feature","id":"municipal-buildings-30733","geometry":{"type":"Polygon","coordinates":[[[71.3898614,51.2591662],[71.3898231,51.2592691],[71.3894494,51.2592144],[71.3894877,51.2591115],[71.3898614,51.2591662]]]},"properties":{"name":" ","functional":" ","purpose":"Здание"}},{"type":"Feature","id":"municipal-buildings-30734","geometry":{"type":"Polygon","coordinates":[[[71.3687335,51.2612369],[71.3687991,51.2612477],[71.3687805,51.2612921],[71.3686393,51.2612687],[71.3686579,51.2612244],[71.3686847,51.2612288],[71.3686901,51.2612146],[71.3687381,51.2612227],[71.3687335,51.2612369]]]},"properties":{"name":" ","functional":" ","purpose":"Административное здание"}},{"type":"Feature","id":"municipal-buildings-30735","geometry":{"type":"Polygon","coordinates":[[[71.3686291,51.2612186],[71.3686184,51.2612447],[71.3685387,51.2612319],[71.3685494,51.2612058],[71.3686291,51.2612186]]]},"properties":{"name":" ","functional":" ","purpose":"Административное здание"}},{"type":"Feature","id":"municipal-buildings-30736","geometry":{"type":"Polygon","coordinates":[[[71.3692737,51.2374658],[71.3691995,51.2374859],[71.3691717,51.2374455],[71.3692458,51.2374253],[71.3692737,51.2374658]]]},"properties":{"functional":" ","purpose":"Здание"}},{"type":"Feature","id":"municipal-buildings-30737","geometry":{"type":"Polygon","coordinates":[[[71.3581171,51.2480464],[71.3580942,51.2480792],[71.3580411,51.2480646],[71.358064,51.2480318],[71.3581171,51.2480464]]]},"properties":{"functional":" ","purpose":"Здание"}},{"type":"Feature","id":"municipal-buildings-30738","geometry":{"type":"Polygon","coordinates":[[[71.3650834,51.2346752],[71.3651024,51.2347053],[71.3650581,51.2347163],[71.3650391,51.2346861],[71.3650834,51.2346752]]]},"properties":{"functional":" ","purpose":"Здание"}},{"type":"Feature","id":"municipal-buildings-30739","geometry":{"type":"Polygon","coordinates":[[[71.3642536,51.2374495],[71.3642083,51.2375171],[71.3641298,51.2374963],[71.3641751,51.2374288],[71.3642536,51.2374495]]]},"properties":{"functional":" ","purpose":"Здание"}},{"type":"Feature","id":"municipal-buildings-30740","geometry":{"type":"Polygon","coordinates":[[[71.3781957,51.2476236],[71.3781692,51.2476855],[71.3781003,51.2476739],[71.3781267,51.247612],[71.3781957,51.2476236]]]},"properties":{"functional":" ","purpose":"Здание"}},{"type":"Feature","id":"municipal-buildings-30741","geometry":{"type":"Polygon","coordinates":[[[71.3576732,51.2501314],[71.3577112,51.2501564],[71.357708,51.2501756],[71.3576716,51.2501974],[71.3576082,51.2501513],[71.3576418,51.2501298],[71.3576732,51.2501314]]]},"properties":{"functional":" ","purpose":"Здание"}},{"type":"Feature","id":"municipal-buildings-30743","geometry":{"type":"Polygon","coordinates":[[[71.3758773,51.2360472],[71.3758043,51.2360696],[71.3757717,51.2360278],[71.3758447,51.2360053],[71.3758773,51.2360472]]]},"properties":{"functional":" ","purpose":"Здание"}},{"type":"Feature","id":"municipal-buildings-30744","geometry":{"type":"Polygon","coordinates":[[[71.3611957,51.2369136],[71.3611608,51.2369671],[71.3611176,51.236956],[71.3611524,51.2369025],[71.3611957,51.2369136]]]},"properties":{"name":" ","functional":" ","purpose":"Здание"}},{"type":"Feature","id":"municipal-buildings-30745","geometry":{"type":"Polygon","coordinates":[[[71.3598639,51.2375652],[71.3598469,51.2375943],[71.3597684,51.2375763],[71.3597853,51.2375471],[71.3598639,51.2375652]]]},"properties":{"name":" ","functional":" ","purpose":"Здание"}},{"type":"Feature","id":"municipal-buildings-30747","geometry":{"type":"Polygon","coordinates":[[[71.3692917,51.229645],[71.3692404,51.2296557],[71.3692207,51.2296185],[71.369272,51.2296078],[71.3692917,51.229645]]]},"properties":{"name":" ","functional":" ","purpose":"Здание"}},{"type":"Feature","id":"municipal-buildings-30748","geometry":{"type":"Polygon","coordinates":[[[71.3771174,51.2276758],[71.3771052,51.2277046],[71.3770597,51.227697],[71.3770718,51.2276682],[71.3771174,51.2276758]]]},"properties":{"name":" ","functional":" ","purpose":"Здание"}},{"type":"Feature","id":"municipal-buildings-30749","geometry":{"type":"Polygon","coordinates":[[[71.3771083,51.2271744],[71.3770882,51.2272137],[71.3770416,51.2272043],[71.3770617,51.227165],[71.3771083,51.2271744]]]},"properties":{"name":" ","functional":" ","purpose":"Здание"}},{"type":"Feature","id":"municipal-buildings-30750","geometry":{"type":"Polygon","coordinates":[[[71.3714452,51.2264322],[71.3717422,51.2264394],[71.3717351,51.226556],[71.3713481,51.2265467],[71.3713552,51.2264301],[71.3714452,51.2264322]]]},"properties":{"name":" ","functional":" ","purpose":"Здание"}},{"type":"Feature","id":"municipal-buildings-30751","geometry":{"type":"Polygon","coordinates":[[[71.3723944,51.2264582],[71.3723913,51.2265737],[71.3722507,51.2265722],[71.3722539,51.2264567],[71.3723944,51.2264582]]]},"properties":{"name":" ","functional":" ","purpose":"Здание"}},{"type":"Feature","id":"municipal-buildings-30752","geometry":{"type":"Polygon","coordinates":[[[71.3640353,51.2305846],[71.3640194,51.2306133],[71.3639466,51.2305974],[71.3639624,51.2305687],[71.3640353,51.2305846]]]},"properties":{"name":" ","functional":" ","purpose":"Здание"}},{"type":"Feature","id":"municipal-buildings-30753","geometry":{"type":"Polygon","coordinates":[[[71.3824797,51.2321789],[71.3824738,51.2321933],[71.3825146,51.2322002],[71.3824968,51.2322352],[71.3824311,51.2322235],[71.3824507,51.2321749],[71.3824797,51.2321789]]]},"properties":{"name":" ","functional":" ","purpose":"Здание"}},{"type":"Feature","id":"municipal-buildings-30754","geometry":{"type":"Polygon","coordinates":[[[71.3823422,51.2284261],[71.3823548,51.2284371],[71.3823456,51.2284666],[71.3822469,51.228453],[71.3822568,51.2284226],[71.3822735,51.2284169],[71.3823422,51.2284261]]]},"properties":{"name":" ","functional":" ","purpose":"Здание"}},{"type":"Feature","id":"municipal-buildings-30757","geometry":{"type":"Polygon","coordinates":[[[71.3817634,51.2287514],[71.3817533,51.2287739],[71.3816948,51.2287635],[71.3817049,51.228741],[71.3817634,51.2287514]]]},"properties":{"name":" ","functional":" ","purpose":"Здание"}},{"type":"Feature","id":"municipal-buildings-30758","geometry":{"type":"Polygon","coordinates":[[[71.3693778,51.2704869],[71.3693526,51.2704898],[71.3693492,51.2704781],[71.3693744,51.2704752],[71.3693778,51.2704869]]]},"properties":{"name":" ","functional":" ","purpose":"Здание"}},{"type":"Feature","id":"municipal-buildings-30759","geometry":{"type":"Polygon","coordinates":[[[71.3698934,51.2685081],[71.3698839,51.268527],[71.3698474,51.2685198],[71.3698568,51.2685009],[71.3698934,51.2685081]]]},"properties":{"name":" ","functional":" ","purpose":"Здание"}},{"type":"Feature","id":"municipal-buildings-30760","geometry":{"type":"Polygon","coordinates":[[[71.3692276,51.2655753],[71.3692241,51.2655879],[71.3691845,51.2655836],[71.3691879,51.265571],[71.3692276,51.2655753]]]},"properties":{"name":" ","functional":" ","purpose":"Здание"}},{"type":"Feature","id":"municipal-buildings-30761","geometry":{"type":"Polygon","coordinates":[[[71.3692711,51.2636007],[71.3692705,51.2636223],[71.3692494,51.2636185],[71.3692585,51.2635985],[71.3692711,51.2636007]]]},"properties":{"name":" ","functional":" ","purpose":"Здание"}},{"type":"Feature","id":"municipal-buildings-30762","geometry":{"type":"Polygon","coordinates":[[[71.3693977,51.2635677],[71.3693888,51.2635855],[71.3693428,51.2635764],[71.3693517,51.2635587],[71.3693977,51.2635677]]]},"properties":{"name":" ","functional":" ","purpose":"Здание"}},{"type":"Feature","id":"municipal-buildings-30763","geometry":{"type":"Polygon","coordinates":[[[71.3732856,51.2618081],[71.3732796,51.2618299],[71.3732364,51.2618253],[71.3732424,51.2618034],[71.3732856,51.2618081]]]},"properties":{"name":" ","functional":" ","purpose":"Здание"}},{"type":"Feature","id":"municipal-buildings-30764","geometry":{"type":"Polygon","coordinates":[[[71.369182,51.2626027],[71.3691745,51.2626164],[71.369133,51.2626075],[71.3691404,51.2625938],[71.369182,51.2626027]]]},"properties":{"name":" ","functional":" ","purpose":"Здание"}},{"type":"Feature","id":"municipal-buildings-30765","geometry":{"type":"Polygon","coordinates":[[[71.3699952,51.2621959],[71.3699914,51.2622117],[71.3699574,51.2622084],[71.3699612,51.2621927],[71.3699952,51.2621959]]]},"properties":{"name":" ","functional":" ","purpose":"Здание"}},{"type":"Feature","id":"municipal-buildings-30766","geometry":{"type":"Polygon","coordinates":[[[71.3679018,51.2614991],[71.3678911,51.2615218],[71.3678446,51.2615132],[71.3678553,51.2614905],[71.3679018,51.2614991]]]},"properties":{"name":" ","functional":" ","purpose":"Здание"}},{"type":"Feature","id":"municipal-buildings-30767","geometry":{"type":"Polygon","coordinates":[[[71.3795106,51.2561633],[71.3794746,51.2562127],[71.3793903,51.2561886],[71.3794263,51.2561391],[71.3795106,51.2561633]]]},"properties":{"name":" ","functional":" ","purpose":"Здание"}},{"type":"Feature","id":"municipal-buildings-30768","geometry":{"type":"Polygon","coordinates":[[[71.365852,51.2508418],[71.3658309,51.250895],[71.3657463,51.2508818],[71.3657674,51.2508286],[71.365852,51.2508418]]]},"properties":{"name":" ","functional":" ","purpose":"Здание"}},{"type":"Feature","id":"municipal-buildings-30769","geometry":{"type":"Polygon","coordinates":[[[71.3676685,51.2513146],[71.36764,51.2513803],[71.3675508,51.2513651],[71.3675793,51.2512994],[71.3676685,51.2513146]]]},"properties":{"name":" ","functional":" ","purpose":"Здание"}},{"type":"Feature","id":"municipal-buildings-30770","geometry":{"type":"Polygon","coordinates":[[[71.3665838,51.2489911],[71.3665779,51.2490222],[71.3665075,51.2490169],[71.3665134,51.2489859],[71.3665838,51.2489911]]]},"properties":{"name":" ","functional":" ","purpose":"Здание"}},{"type":"Feature","id":"municipal-buildings-30771","geometry":{"type":"Polygon","coordinates":[[[71.3682125,51.250025],[71.3681888,51.2500798],[71.3681365,51.2500708],[71.3681603,51.2500161],[71.3682125,51.250025]]]},"properties":{"name":" ","functional":" ","purpose":"Здание"}},{"type":"Feature","id":"municipal-buildings-30772","geometry":{"type":"Polygon","coordinates":[[[71.3583082,51.2480995],[71.3582646,51.2481524],[71.3581319,51.2481094],[71.3581754,51.2480565],[71.3583082,51.2480995]]]},"properties":{"name":" ","functional":" ","purpose":"Здание"}},{"type":"Feature","id":"municipal-buildings-30773","geometry":{"type":"Polygon","coordinates":[[[71.3608894,51.2465303],[71.360873,51.2465702],[71.3608116,51.2465603],[71.360828,51.2465204],[71.3608894,51.2465303]]]},"properties":{"name":" ","functional":" ","purpose":"Здание"}},{"type":"Feature","id":"municipal-buildings-30774","geometry":{"type":"Polygon","coordinates":[[[71.3593177,51.2459756],[71.3592008,51.2459544],[71.3591939,51.2459721],[71.3591566,51.2459662],[71.3591801,51.2459124],[71.3592093,51.2459183],[71.3592167,51.2459006],[71.3593421,51.2459234],[71.3593177,51.2459756]]]},"properties":{"name":" ","functional":" ","purpose":"Здание"}},{"type":"Feature","id":"municipal-buildings-30775","geometry":{"type":"Polygon","coordinates":[[[71.3593597,51.2460054],[71.3593499,51.2460281],[71.3593124,51.2460217],[71.3593222,51.2459991],[71.3593597,51.2460054]]]},"properties":{"name":" ","functional":" ","purpose":"Здание"}},{"type":"Feature","id":"municipal-buildings-30776","geometry":{"type":"Polygon","coordinates":[[[71.3591782,51.245795],[71.3591639,51.2458127],[71.3591375,51.2458043],[71.3591517,51.2457866],[71.3591782,51.245795]]]},"properties":{"name":" ","functional":" ","purpose":"Здание"}},{"type":"Feature","id":"municipal-buildings-30777","geometry":{"type":"Polygon","coordinates":[[[71.3592766,51.2457989],[71.3592519,51.2458486],[71.3592182,51.245842],[71.3592428,51.2457923],[71.3592766,51.2457989]]]},"properties":{"name":" ","functional":" ","purpose":"Здание"}},{"type":"Feature","id":"municipal-buildings-30778","geometry":{"type":"Polygon","coordinates":[[[71.3593126,51.2440134],[71.3593274,51.243984],[71.3597028,51.2440589],[71.3596579,51.2441476],[71.3592825,51.2440726],[71.3593126,51.2440134]]]},"properties":{"name":" ","functional":" ","purpose":"Здание"}},{"type":"Feature","id":"municipal-buildings-30779","geometry":{"type":"Polygon","coordinates":[[[71.3593126,51.2440134],[71.3592825,51.2440726],[71.3591983,51.2440558],[71.3592283,51.2439966],[71.3593126,51.2440134]]]},"properties":{"name":" ","functional":" ","purpose":"Здание"}},{"type":"Feature","id":"municipal-buildings-30780","geometry":{"type":"Polygon","coordinates":[[[71.3737988,51.2480302],[71.3737562,51.2480331],[71.3737453,51.2479703],[71.373788,51.2479674],[71.3737988,51.2480302]]]},"properties":{"name":" ","functional":" ","purpose":"Здание"}},{"type":"Feature","id":"municipal-buildings-30781","geometry":{"type":"Polygon","coordinates":[[[71.3815715,51.2484244],[71.3815451,51.2484711],[71.3814905,51.2484589],[71.3815169,51.2484122],[71.3815715,51.2484244]]]},"properties":{"name":" ","functional":" ","purpose":"Здание"}},{"type":"Feature","id":"municipal-buildings-30782","geometry":{"type":"Polygon","coordinates":[[[71.3835664,51.2487513],[71.3835342,51.2488038],[71.3834819,51.2487912],[71.3835141,51.2487386],[71.3835664,51.2487513]]]},"properties":{"name":" ","functional":" ","purpose":"Здание"}},{"type":"Feature","id":"municipal-buildings-30783","geometry":{"type":"Polygon","coordinates":[[[71.3821423,51.2493672],[71.3821297,51.2493972],[71.3820685,51.249387],[71.3820811,51.249357],[71.3821423,51.2493672]]]},"properties":{"name":" ","functional":" ","purpose":"Здание"}},{"type":"Feature","id":"municipal-buildings-30784","geometry":{"type":"Polygon","coordinates":[[[71.3817931,51.249336],[71.381779,51.2493672],[71.3817055,51.2493541],[71.3817197,51.2493229],[71.3817931,51.249336]]]},"properties":{"name":" ","functional":" ","purpose":"Здание"}},{"type":"Feature","id":"municipal-buildings-30785","geometry":{"type":"Polygon","coordinates":[[[71.3814296,51.2492736],[71.3814187,51.2492957],[71.3813715,51.2492866],[71.3813824,51.2492644],[71.3814296,51.2492736]]]},"properties":{"name":" ","functional":" ","purpose":"Здание"}},{"type":"Feature","id":"municipal-buildings-30786","geometry":{"type":"Polygon","coordinates":[[[71.3816506,51.2492004],[71.3816884,51.2492064],[71.3816725,51.2492461],[71.3815482,51.2492264],[71.3815641,51.2491867],[71.3816506,51.2492004]]]},"properties":{"name":" ","functional":" ","purpose":"Здание"}},{"type":"Feature","id":"municipal-buildings-30787","geometry":{"type":"Polygon","coordinates":[[[71.3816171,51.2491951],[71.381622,51.2491829],[71.3816555,51.2491881],[71.3816506,51.2492004],[71.3816171,51.2491951]]]},"properties":{"name":" ","functional":" ","purpose":"Здание"}},{"type":"Feature","id":"municipal-buildings-30788","geometry":{"type":"Polygon","coordinates":[[[71.3818467,51.2496175],[71.381766,51.249605],[71.3817791,51.2495717],[71.3818802,51.2495874],[71.3818671,51.2496206],[71.3818467,51.2496175]]]},"properties":{"name":" ","functional":" ","purpose":"Здание"}},{"type":"Feature","id":"municipal-buildings-30789","geometry":{"type":"Polygon","coordinates":[[[71.3816468,51.2496218],[71.381635,51.2496453],[71.3815796,51.2496345],[71.3815998,51.2495941],[71.3816552,51.249605],[71.3816468,51.2496218]]]},"properties":{"name":" ","functional":" ","purpose":"Здание"}},{"type":"Feature","id":"municipal-buildings-30790","geometry":{"type":"Polygon","coordinates":[[[71.3816552,51.249605],[71.3816647,51.2495859],[71.3817049,51.2495938],[71.381687,51.2496297],[71.3816468,51.2496218],[71.3816552,51.249605]]]},"properties":{"name":" ","functional":" ","purpose":"Здание"}},{"type":"Feature","id":"municipal-buildings-30791","geometry":{"type":"Polygon","coordinates":[[[71.3777233,51.2517891],[71.3776844,51.2518774],[71.3776215,51.2518665],[71.3776605,51.2517782],[71.3777233,51.2517891]]]},"properties":{"name":" ","functional":" ","purpose":"Здание"}},{"type":"Feature","id":"municipal-buildings-30792","geometry":{"type":"Polygon","coordinates":[[[71.3739251,51.2460696],[71.3739119,51.2460985],[71.3738698,51.2460909],[71.373883,51.2460621],[71.3739251,51.2460696]]]},"properties":{"name":" ","functional":" ","purpose":"Здание"}},{"type":"Feature","id":"municipal-buildings-30793","geometry":{"type":"Polygon","coordinates":[[[71.3739317,51.2460177],[71.3739209,51.2460446],[71.3738935,51.2460403],[71.3739043,51.2460134],[71.3739317,51.2460177]]]},"properties":{"name":" ","functional":" ","purpose":"Здание"}},{"type":"Feature","id":"municipal-buildings-30794","geometry":{"type":"Polygon","coordinates":[[[71.3739026,51.2461237],[71.3738743,51.2461836],[71.3738317,51.2461757],[71.37386,51.2461158],[71.3739026,51.2461237]]]},"properties":{"name":" ","functional":" ","purpose":"Здание"}},{"type":"Feature","id":"municipal-buildings-30795","geometry":{"type":"Polygon","coordinates":[[[71.3761463,51.2430161],[71.3761385,51.2430427],[71.3761127,51.2430397],[71.3761205,51.2430131],[71.3761463,51.2430161]]]},"properties":{"name":" ","functional":" ","purpose":"Здание"}},{"type":"Feature","id":"municipal-buildings-30796","geometry":{"type":"Polygon","coordinates":[[[71.3680332,51.2366219],[71.3679836,51.2366371],[71.3679414,51.2365831],[71.367991,51.2365678],[71.3680332,51.2366219]]]},"properties":{"name":" ","functional":" ","purpose":"Здание"}},{"type":"Feature","id":"municipal-buildings-30797","geometry":{"type":"Polygon","coordinates":[[[71.3670659,51.2365343],[71.3670068,51.2365497],[71.366984,51.2365155],[71.3670431,51.2365],[71.3670659,51.2365343]]]},"properties":{"name":" ","functional":" ","purpose":"Здание"}},{"type":"Feature","id":"municipal-buildings-30798","geometry":{"type":"Polygon","coordinates":[[[71.3599454,51.2416692],[71.3599204,51.2416873],[71.359857,51.2416527],[71.359882,51.2416346],[71.3599454,51.2416692]]]},"properties":{"name":" ","functional":" ","purpose":"Здание"}},{"type":"Feature","id":"municipal-buildings-30799","geometry":{"type":"Polygon","coordinates":[[[71.3590677,51.2401115],[71.3591031,51.2401193],[71.3590697,51.2401787],[71.3590248,51.2401688],[71.3590677,51.2401115]]]},"properties":{"name":" ","functional":" ","purpose":"Здание"}},{"type":"Feature","id":"municipal-buildings-30800","geometry":{"type":"Polygon","coordinates":[[[71.3699311,51.2372609],[71.3698884,51.237277],[71.3698713,51.237259],[71.3699139,51.237243],[71.3699311,51.2372609]]]},"properties":{"name":" ","functional":" ","purpose":"Здание"}},{"type":"Feature","id":"municipal-buildings-30801","geometry":{"type":"Polygon","coordinates":[[[71.372556,51.2354998],[71.3725188,51.2355116],[71.3725022,51.235491],[71.3725395,51.2354792],[71.372556,51.2354998]]]},"properties":{"name":" ","functional":" ","purpose":"Здание"}},{"type":"Feature","id":"municipal-buildings-30802","geometry":{"type":"Polygon","coordinates":[[[71.3747137,51.2356387],[71.3746636,51.235654],[71.374646,51.2356314],[71.3746961,51.2356161],[71.3747137,51.2356387]]]},"properties":{"name":" ","functional":" ","purpose":"Здание"}},{"type":"Feature","id":"municipal-buildings-30803","geometry":{"type":"Polygon","coordinates":[[[71.3747796,51.2356932],[71.3748029,51.2357286],[71.3747741,51.235763],[71.3747456,51.2357704],[71.3746898,51.2356975],[71.3747465,51.2356823],[71.3747796,51.2356932]]]},"properties":{"name":" ","functional":" ","purpose":"Хозяйственный корпус"}},{"type":"Feature","id":"municipal-buildings-30804","geometry":{"type":"Polygon","coordinates":[[[71.3761388,51.235249],[71.3758761,51.2353443],[71.375837,51.2353018],[71.3760996,51.2352065],[71.3761388,51.235249]]]},"properties":{"name":" ","functional":" ","purpose":"Здание"}},{"type":"Feature","id":"municipal-buildings-30805","geometry":{"type":"Polygon","coordinates":[[[71.375688,51.235696],[71.3755937,51.2357038],[71.3755717,51.2356755],[71.3756096,51.235663],[71.375591,51.2356383],[71.3756334,51.2356264],[71.375688,51.235696]]]},"properties":{"name":" ","functional":" ","purpose":"Здание"}},{"type":"Feature","id":"municipal-buildings-30806","geometry":{"type":"Polygon","coordinates":[[[71.3720902,51.2368008],[71.3718578,51.2368761],[71.3718031,51.2368095],[71.3720355,51.2367342],[71.3720902,51.2368008]]]},"properties":{"name":" ","functional":" ","purpose":"Здание"}},{"type":"Feature","id":"municipal-buildings-30807","geometry":{"type":"Polygon","coordinates":[[[71.3830067,51.2494172],[71.3829929,51.2494475],[71.3829368,51.2494374],[71.3829506,51.2494071],[71.3830067,51.2494172]]]},"properties":{"name":" ","functional":" ","purpose":"Здание"}},{"type":"Feature","id":"municipal-buildings-30808","geometry":{"type":"Polygon","coordinates":[[[71.3835207,51.2487402],[71.3835296,51.2487256],[71.3835753,51.2487367],[71.3835664,51.2487513],[71.3835207,51.2487402]]]},"properties":{"name":" ","functional":" ","purpose":"Здание"}},{"type":"Feature","id":"municipal-buildings-30809","geometry":{"type":"Polygon","coordinates":[[[71.3764869,51.2329353],[71.376435,51.2329537],[71.3763911,51.2329051],[71.376443,51.2328866],[71.3764869,51.2329353]]]},"properties":{"name":" ","functional":" ","purpose":"Здание"}},{"type":"Feature","id":"municipal-buildings-30810","geometry":{"type":"Polygon","coordinates":[[[71.3764656,51.2329968],[71.3764551,51.2330309],[71.3763852,51.2330224],[71.3763957,51.2329883],[71.3764656,51.2329968]]]},"properties":{"name":" ","functional":" ","purpose":"Здание"}},{"type":"Feature","id":"municipal-buildings-32757","geometry":{"type":"Polygon","coordinates":[[[71.391672,51.2266797],[71.3915932,51.226685],[71.3915841,51.2266307],[71.3916629,51.2266255],[71.391672,51.2266797]]]},"properties":{"name":" ","functional":" ","purpose":"Здание"}},{"type":"Feature","id":"municipal-buildings-32758","geometry":{"type":"Polygon","coordinates":[[[71.3918042,51.2607905],[71.3917729,51.2608626],[71.3917125,51.2608523],[71.3917438,51.2607802],[71.3918042,51.2607905]]]},"properties":{"name":" ","functional":" ","purpose":"Здание"}},{"type":"Feature","id":"municipal-buildings-32759","geometry":{"type":"Polygon","coordinates":[[[71.3890106,51.257844],[71.3890027,51.2578626],[71.3889595,51.2578554],[71.3889674,51.2578368],[71.3890106,51.257844]]]},"properties":{"name":" ","functional":" ","purpose":"АЗС"}},{"type":"Feature","id":"municipal-buildings-39641","geometry":{"type":"Polygon","coordinates":[[[71.3692155,51.2700433],[71.3692267,51.2700453],[71.3692204,51.2700588],[71.3691864,51.2700527],[71.3691925,51.2700392],[71.3692155,51.2700433]]]},"properties":{"name":" ","functional":" ","purpose":"Здание"}},{"type":"Feature","id":"municipal-buildings-39642","geometry":{"type":"Polygon","coordinates":[[[71.3690864,51.2700062],[71.3691068,51.2700098],[71.3690951,51.2700358],[71.3690661,51.2700306],[71.3690864,51.2700062]]]},"properties":{"name":" ","functional":" ","purpose":"Здание"}},{"type":"Feature","id":"municipal-buildings-39643","geometry":{"type":"Polygon","coordinates":[[[71.3569159,51.2512382],[71.3569036,51.2512601],[71.356869,51.2512525],[71.3568813,51.2512306],[71.3569159,51.2512382]]]},"properties":{"name":" ","functional":" ","purpose":"Здание"}},{"type":"Feature","id":"municipal-buildings-39644","geometry":{"type":"Polygon","coordinates":[[[71.3575201,51.2516504],[71.3575358,51.2516533],[71.3575198,51.2516876],[71.3574902,51.2516822],[71.3575062,51.2516479],[71.3575201,51.2516504]]]},"properties":{"name":" ","functional":" ","purpose":"Здание"}},{"type":"Feature","id":"municipal-buildings-39645","geometry":{"type":"Polygon","coordinates":[[[71.3573871,51.2516754],[71.3573807,51.2516893],[71.3573603,51.2516857],[71.3573666,51.2516717],[71.3573871,51.2516754]]]},"properties":{"name":" ","functional":" ","purpose":"Здание"}},{"type":"Feature","id":"municipal-buildings-39646","geometry":{"type":"Polygon","coordinates":[[[71.3787484,51.247039],[71.3787403,51.2470671],[71.3786274,51.2470543],[71.3786354,51.2470262],[71.3787484,51.247039]]]},"properties":{"name":" ","functional":" ","purpose":"Здание"}},{"type":"Feature","id":"municipal-buildings-39647","geometry":{"type":"Polygon","coordinates":[[[71.3801231,51.2522668],[71.3801128,51.2522918],[71.3800628,51.2522838],[71.3800731,51.2522587],[71.3801231,51.2522668]]]},"properties":{"name":" ","functional":" ","purpose":"Здание"}},{"type":"Feature","id":"municipal-buildings-39648","geometry":{"type":"Polygon","coordinates":[[[71.3840124,51.2495873],[71.3839943,51.2496354],[71.383958,51.2496301],[71.3839761,51.2495819],[71.3840124,51.2495873]]]},"properties":{"name":" ","functional":" ","purpose":"Здание"}},{"type":"Feature","id":"municipal-buildings-39649","geometry":{"type":"Polygon","coordinates":[[[71.3714116,51.2499524],[71.3713869,51.2500088],[71.3712604,51.2499869],[71.3712795,51.2499297],[71.3714116,51.2499524]]]},"properties":{"name":" ","functional":"Административные сооружения","purpose":"Административное здание"}},{"type":"Feature","id":"municipal-buildings-39650","geometry":{"type":"Polygon","coordinates":[[[71.3940344,51.2597263],[71.3940256,51.2597504],[71.393941,51.2597382],[71.3939498,51.2597142],[71.3940344,51.2597263]]]},"properties":{"name":" ","functional":" ","purpose":"Здание"}},{"type":"Feature","id":"municipal-buildings-39651","geometry":{"type":"Polygon","coordinates":[[[71.3995998,51.2620895],[71.3995842,51.2621254],[71.3994886,51.262109],[71.3995041,51.2620732],[71.3995998,51.2620895]]]},"properties":{"name":" ","functional":" ","purpose":"Здание"}},{"type":"Feature","id":"municipal-buildings-39652","geometry":{"type":"Polygon","coordinates":[[[71.3981661,51.2618509],[71.3981505,51.2618876],[71.3980954,51.2618784],[71.398111,51.2618417],[71.3981661,51.2618509]]]},"properties":{"name":" ","functional":" ","purpose":"Здание"}},{"type":"Feature","id":"municipal-buildings-39653","geometry":{"type":"Polygon","coordinates":[[[71.3992781,51.2628591],[71.3992632,51.2628931],[71.3991666,51.2628765],[71.3991815,51.2628425],[71.3992781,51.2628591]]]},"properties":{"name":" ","functional":" ","purpose":"Здание"}},{"type":"Feature","id":"municipal-buildings-39654","geometry":{"type":"Polygon","coordinates":[[[71.3981351,51.260331],[71.3981108,51.260389],[71.3980683,51.2603816],[71.3980922,51.2603241],[71.3981351,51.260331]]]},"properties":{"name":" ","functional":"Известный по назначению","purpose":"Проходная, КПП"}},{"type":"Feature","id":"municipal-buildings-39655","geometry":{"type":"Polygon","coordinates":[[[71.3612326,51.2378516],[71.3612686,51.2378006],[71.3613348,51.2378189],[71.3612988,51.2378699],[71.3612326,51.2378516]]]},"properties":{"name":" ","functional":" ","purpose":"Здание"}},{"type":"Feature","id":"municipal-buildings-39656","geometry":{"type":"Polygon","coordinates":[[[71.3612866,51.2378666],[71.361262,51.2379015],[71.3611721,51.2378794],[71.3611835,51.237861],[71.3612179,51.2378694],[71.3612294,51.2378507],[71.3612866,51.2378666]]]},"properties":{"name":" ","functional":" ","purpose":"Здание"}},{"type":"Feature","id":"municipal-buildings-45994","geometry":{"type":"Polygon","coordinates":[[[71.3592429,51.2893505],[71.3591906,51.2894657],[71.3590585,51.2894422],[71.3591108,51.2893269],[71.3592429,51.2893505]]]},"properties":{"name":" ","functional":" ","purpose":"Здание"}},{"type":"Feature","id":"municipal-buildings-45995","geometry":{"type":"Polygon","coordinates":[[[71.3594794,51.2889674],[71.3594329,51.289083],[71.3591801,51.2890429],[71.3592266,51.2889274],[71.3594794,51.2889674]]]},"properties":{"name":" ","functional":" ","purpose":"Здание"}},{"type":"Feature","id":"municipal-buildings-45996","geometry":{"type":"Polygon","coordinates":[[[71.359364,51.289083],[71.3592672,51.2892977],[71.3591459,51.2892762],[71.3592427,51.2890615],[71.359364,51.289083]]]},"properties":{"name":" ","functional":" ","purpose":"Здание"}},{"type":"Feature","id":"municipal-buildings-45997","geometry":{"type":"Polygon","coordinates":[[[71.3605752,51.2901786],[71.3604985,51.2902067],[71.3605402,51.2902515],[71.3604479,51.2902853],[71.3603466,51.2901764],[71.3605157,51.2901146],[71.3605752,51.2901786]]]},"properties":{"name":" ","functional":" ","purpose":"Кафе, бар"}},{"type":"Feature","id":"municipal-buildings-46021","geometry":{"type":"Polygon","coordinates":[[[71.4278075,51.2603955],[71.4278172,51.2603968],[71.4278114,51.2604594],[71.4278371,51.2604617],[71.4278366,51.2604945],[71.4276921,51.2604954],[71.4276865,51.2604534],[71.4277027,51.2603934],[71.4278075,51.2603955]]]},"properties":{"name":" ","functional":" ","purpose":"Здание"}},{"type":"Feature","id":"municipal-buildings-46022","geometry":{"type":"Polygon","coordinates":[[[71.43849,51.2608043],[71.4383674,51.260813],[71.438362,51.2607831],[71.438026,51.2607835],[71.4380281,51.2606521],[71.4384886,51.2606525],[71.43849,51.2608043]]]},"properties":{"name":" ","functional":" ","purpose":"Здание"}},{"type":"Feature","id":"municipal-buildings-46023","geometry":{"type":"Polygon","coordinates":[[[71.4411228,51.2608273],[71.4411037,51.2608272],[71.4411149,51.2605761],[71.4413375,51.2605796],[71.4413347,51.2608278],[71.4411228,51.2608273]]]},"properties":{"name":" ","functional":" ","purpose":"Здание"}},{"type":"Feature","id":"municipal-buildings-46024","geometry":{"type":"Polygon","coordinates":[[[71.441514,51.2610366],[71.441412,51.2610341],[71.4414136,51.2609355],[71.4415143,51.2609359],[71.441514,51.2610366]]]},"properties":{"name":" ","functional":" ","purpose":"Здание"}},{"type":"Feature","id":"municipal-buildings-46025","geometry":{"type":"Polygon","coordinates":[[[71.4413152,51.2608277],[71.4413137,51.2608822],[71.4411203,51.2608819],[71.4411228,51.2608273],[71.4413152,51.2608277]]]},"properties":{"name":" ","functional":" ","purpose":"Здание"}},{"type":"Feature","id":"municipal-buildings-46026","geometry":{"type":"Polygon","coordinates":[[[71.4559476,51.2581665],[71.4557147,51.258237],[71.4554703,51.2578928],[71.4557028,51.2578423],[71.4559476,51.2581665]]]},"properties":{"name":" ","functional":" ","purpose":"Здание"}},{"type":"Feature","id":"municipal-buildings-46027","geometry":{"type":"Polygon","coordinates":[[[71.4550646,51.2583354],[71.4548983,51.2583741],[71.4546898,51.257934],[71.454987,51.2578763],[71.4550757,51.2580591],[71.4551028,51.2580566],[71.4551365,51.2581473],[71.4550555,51.2581642],[71.4551185,51.2583228],[71.4550646,51.2583354]]]},"properties":{"name":" ","functional":" ","purpose":"Здание"}},{"type":"Feature","id":"municipal-buildings-46028","geometry":{"type":"Polygon","coordinates":[[[71.4551185,51.2583228],[71.4551621,51.2583153],[71.4552067,51.2584105],[71.4552473,51.2584048],[71.4552784,51.2584765],[71.4551356,51.2585014],[71.4550646,51.2583354],[71.4551185,51.2583228]]]},"properties":{"name":" ","functional":" ","purpose":"Частный дом"}},{"type":"Feature","id":"municipal-buildings-46029","geometry":{"type":"Polygon","coordinates":[[[71.4559283,51.2583317],[71.4556247,51.2583993],[71.4555924,51.2583441],[71.4558521,51.258288],[71.4558126,51.2582234],[71.4558518,51.2582125],[71.4559283,51.2583317]]]},"properties":{"name":" ","functional":" ","purpose":"Здание"}},{"type":"Feature","id":"municipal-buildings-46030","geometry":{"type":"Polygon","coordinates":[[[71.4536241,51.261137],[71.4543446,51.2610469],[71.4543834,51.2611508],[71.4536593,51.2612457],[71.4536241,51.261137]]]},"properties":{"name":" ","functional":" ","purpose":"Здание"}},{"type":"Feature","id":"municipal-buildings-46031","geometry":{"type":"Polygon","coordinates":[[[71.4536593,51.2612457],[71.4535839,51.2612539],[71.4535487,51.2611463],[71.4536241,51.261137],[71.4536593,51.2612457]]]},"properties":{"name":" ","functional":" ","purpose":"Здание"}},{"type":"Feature","id":"municipal-buildings-46032","geometry":{"type":"Polygon","coordinates":[[[71.4648208,51.2626478],[71.4648592,51.2626755],[71.4647927,51.2627263],[71.4646854,51.2626703],[71.4647577,51.2626218],[71.4648208,51.2626478]]]},"properties":{"name":" ","functional":" ","purpose":"Здание"}},{"type":"Feature","id":"municipal-buildings-46033","geometry":{"type":"Polygon","coordinates":[[[71.4639636,51.2626144],[71.4639352,51.2625963],[71.4642538,51.262489],[71.4644123,51.2625809],[71.4643738,51.2626067],[71.4642468,51.2625362],[71.4639804,51.2626251],[71.4639636,51.2626144]]]},"properties":{"name":" ","functional":" ","purpose":"Здание"}},{"type":"Feature","id":"municipal-buildings-46034","geometry":{"type":"Polygon","coordinates":[[[71.4639804,51.2626251],[71.4640694,51.2626755],[71.4639336,51.2627783],[71.4637464,51.2626829],[71.4638764,51.2625963],[71.4639399,51.2626301],[71.4639636,51.2626144],[71.4639804,51.2626251]]]},"properties":{"name":" ","functional":" ","purpose":"Здание"}},{"type":"Feature","id":"municipal-buildings-46035","geometry":{"type":"Polygon","coordinates":[[[71.4645689,51.2627072],[71.4646386,51.2626986],[71.4646682,51.262773],[71.4645985,51.2627828],[71.4645689,51.2627072]]]},"properties":{"name":" ","functional":" ","purpose":"Здание"}},{"type":"Feature","id":"municipal-buildings-46036","geometry":{"type":"Polygon","coordinates":[[[71.4645985,51.2627828],[71.4646905,51.2630128],[71.4644767,51.2630578],[71.4644141,51.2630126],[71.4644224,51.2629864],[71.4643982,51.262969],[71.4644025,51.2629429],[71.4643271,51.2629177],[71.4643037,51.2628732],[71.4641808,51.2628205],[71.4642516,51.2627294],[71.4644241,51.2626979],[71.4644683,51.2626531],[71.4645528,51.2626802],[71.4645985,51.2627828]]]},"properties":{"name":" ","functional":" ","purpose":"Административное здание"}},{"type":"Feature","id":"municipal-buildings-46906","geometry":{"type":"Polygon","coordinates":[[[71.4584325,51.2576629],[71.4584111,51.2576785],[71.4583749,51.2576591],[71.4583963,51.2576434],[71.4584325,51.2576629]]]},"properties":{"name":" ","functional":" ","purpose":"Здание"}},{"type":"Feature","id":"municipal-buildings-46959","geometry":{"type":"Polygon","coordinates":[[[71.4636552,51.2636457],[71.4641524,51.2638855],[71.463243,51.2647032],[71.462329,51.2643322],[71.4632405,51.2634607],[71.4636552,51.2636457]]]},"properties":{"name":" ","functional":" ","purpose":"Здание"}},{"type":"Feature","id":"municipal-buildings-97828","geometry":{"type":"Polygon","coordinates":[[[71.3872716,51.2299295],[71.3871769,51.2301455],[71.3870102,51.2301166],[71.3871049,51.2299007],[71.3872716,51.2299295]]]},"properties":{"functional":"Здание","purpose":"Здание"}},{"type":"Feature","id":"municipal-buildings-97931","geometry":{"type":"Polygon","coordinates":[[[71.3922207,51.2308651],[71.3921734,51.2309743],[71.3918645,51.2309216],[71.3919118,51.2308124],[71.3922207,51.2308651]]]},"properties":{"name":" ","functional":" ","purpose":"Здание"}},{"type":"Feature","id":"municipal-buildings-97981","geometry":{"type":"Polygon","coordinates":[[[71.3730718,51.2463587],[71.3729779,51.2465727],[71.3728046,51.2465428],[71.3728985,51.2463288],[71.3730718,51.2463587]]]},"properties":{"name":" ","functional":"Известный по назначению","purpose":"Строящееся здание"}},{"type":"Feature","id":"municipal-buildings-99626","geometry":{"type":"Polygon","coordinates":[[[71.3857177,51.2300724],[71.3856872,51.2301464],[71.385522,51.2301168],[71.3856318,51.22986],[71.3857954,51.2298888],[71.3857177,51.2300724]]]},"properties":{"name":" ","functional":"Административные сооружения","purpose":"Административное здание"}},{"type":"Feature","id":"municipal-buildings-99627","geometry":{"type":"Polygon","coordinates":[[[71.3861614,51.2297117],[71.3861113,51.2298234],[71.38577,51.2297644],[71.3857806,51.2297314],[71.3857348,51.2297246],[71.3857675,51.229643],[71.3861614,51.2297117]]]},"properties":{"name":" ","functional":"Известный по назначению","purpose":"Строящееся здание"}},{"type":"Feature","id":"municipal-buildings-99628","geometry":{"type":"Polygon","coordinates":[[[71.3911606,51.2310071],[71.3910903,51.2311703],[71.3905837,51.2310843],[71.390654,51.230921],[71.3911606,51.2310071]]]},"properties":{"name":" ","functional":"Известный по назначению","purpose":"Хозяйственный корпус"}},{"type":"Feature","id":"municipal-buildings-99629","geometry":{"type":"Polygon","coordinates":[[[71.3862838,51.2291791],[71.3862621,51.2292297],[71.386059,51.2291953],[71.3860808,51.2291447],[71.3862838,51.2291791]]]},"properties":{"name":" ","functional":"Известный по назначению","purpose":"Хозяйственный корпус"}},{"type":"Feature","id":"municipal-buildings-99630","geometry":{"type":"Polygon","coordinates":[[[71.3868738,51.2292191],[71.3868264,51.2293245],[71.3866496,51.2292932],[71.386697,51.2291878],[71.3868738,51.2292191]]]},"properties":{"name":" ","functional":"Известный по назначению","purpose":"Хозяйственный корпус"}},{"type":"Feature","id":"municipal-buildings-99631","geometry":{"type":"Polygon","coordinates":[[[71.3873733,51.229045],[71.3873147,51.2291636],[71.3871964,51.2291403],[71.3872498,51.2290229],[71.3873733,51.229045]]]},"properties":{"name":" ","functional":"Известный по назначению","purpose":"Хозяйственный корпус"}},{"type":"Feature","id":"municipal-buildings-99632","geometry":{"type":"Polygon","coordinates":[[[71.3887758,51.2270743],[71.3890283,51.2271397],[71.388943,51.2272689],[71.3884626,51.2271435],[71.388547,51.2270151],[71.3887758,51.2270743]]]},"properties":{"name":" ","functional":"Известный по назначению","purpose":"Строящееся здание"}},{"type":"Feature","id":"municipal-buildings-99633","geometry":{"type":"Polygon","coordinates":[[[71.3896005,51.2269636],[71.3891363,51.2269787],[71.3891244,51.2268355],[71.3893268,51.2268289],[71.3893255,51.2268131],[71.3894072,51.2268104],[71.3894085,51.2268262],[71.3895886,51.2268203],[71.3896005,51.2269636]]]},"properties":{"name":" ","functional":"Известный по назначению","purpose":"Строящееся здание"}},{"type":"Feature","id":"municipal-buildings-99634","geometry":{"type":"Polygon","coordinates":[[[71.3896298,51.2273968],[71.3894335,51.2274032],[71.3894025,51.2270247],[71.3895988,51.2270184],[71.3896298,51.2273968]]]},"properties":{"name":" ","functional":"Известный по назначению","purpose":"Строящееся здание"}},{"type":"Feature","id":"municipal-buildings-99635","geometry":{"type":"Polygon","coordinates":[[[71.3900706,51.2274542],[71.3898038,51.2274634],[71.3897705,51.2270829],[71.3900372,51.2270737],[71.3900706,51.2274542]]]},"properties":{"name":" ","functional":"Административные сооружения","purpose":"Административное здание"}},{"type":"Feature","id":"municipal-buildings-99636","geometry":{"type":"Polygon","coordinates":[[[71.3903713,51.2269327],[71.3897584,51.2269538],[71.3897436,51.2267843],[71.3903565,51.2267632],[71.3903713,51.2269327]]]},"properties":{"name":" ","functional":"Административные сооружения","purpose":"Административное здание"}},{"type":"Feature","id":"municipal-buildings-99637","geometry":{"type":"Polygon","coordinates":[[[71.3908009,51.2268662],[71.3905603,51.2268739],[71.3905504,51.2267528],[71.390791,51.2267451],[71.3908009,51.2268662]]]},"properties":{"name":" ","functional":"Административные сооружения","purpose":"Административное здание"}},{"type":"Feature","id":"municipal-buildings-99638","geometry":{"type":"Polygon","coordinates":[[[71.391213,51.2273183],[71.3912163,51.2273832],[71.3909619,51.2273884],[71.3909388,51.2269427],[71.3911932,51.2269375],[71.391213,51.2273183]]]},"properties":{"name":" ","functional":"Известный по назначению","purpose":"Хозяйственный корпус"}},{"type":"Feature","id":"municipal-buildings-99639","geometry":{"type":"Polygon","coordinates":[[[71.3914171,51.2275116],[71.3909712,51.2275293],[71.3909601,51.2274191],[71.391406,51.2274014],[71.3914171,51.2275116]]]},"properties":{"name":" ","functional":"Известный по назначению","purpose":"Хозяйственный корпус"}},{"type":"Feature","id":"municipal-buildings-99640","geometry":{"type":"Polygon","coordinates":[[[71.3908605,51.2276039],[71.3907606,51.2277563],[71.3901948,51.2276101],[71.3902947,51.2274577],[71.3908605,51.2276039]]]},"properties":{"name":" ","functional":"Известный по назначению","purpose":"Хозяйственный корпус"}},{"type":"Feature","id":"municipal-buildings-99641","geometry":{"type":"Polygon","coordinates":[[[71.3927954,51.2275071],[71.392797,51.2275295],[71.392759,51.2275305],[71.3927644,51.2276063],[71.3926001,51.2276109],[71.3925916,51.2274902],[71.3927558,51.2274856],[71.3927567,51.2274978],[71.3927947,51.2274968],[71.3927954,51.2275071]]]},"properties":{"name":" ","functional":"Административные сооружения","purpose":"Административное здание"}},{"type":"Feature","id":"municipal-buildings-99642","geometry":{"type":"Polygon","coordinates":[[[71.3942187,51.2284763],[71.3940415,51.2284796],[71.3940311,51.2282571],[71.3942083,51.2282538],[71.3942187,51.2284763]]]},"properties":{"name":" ","functional":"Известный по назначению","purpose":"Хозяйственный корпус"}},{"type":"Feature","id":"municipal-buildings-99643","geometry":{"type":"Polygon","coordinates":[[[71.3940194,51.2286245],[71.3939517,51.2286263],[71.3939473,51.228558],[71.3940149,51.2285562],[71.3940194,51.2286245]]]},"properties":{"name":" ","functional":"Известный по назначению","purpose":"Проходная, КПП"}},{"type":"Feature","id":"municipal-buildings-99644","geometry":{"type":"Polygon","coordinates":[[[71.3939929,51.2275856],[71.3939367,51.227587],[71.3939274,51.2274419],[71.3939836,51.2274405],[71.3939929,51.2275856]]]},"properties":{"name":" ","functional":"Известный по назначению","purpose":"Хозяйственный корпус"}},{"type":"Feature","id":"municipal-buildings-99645","geometry":{"type":"Polygon","coordinates":[[[71.3949696,51.2274779],[71.3949963,51.2278095],[71.3944523,51.2278267],[71.3944067,51.2272589],[71.3949507,51.2272417],[71.3949696,51.2274779]]]},"properties":{"name":" ","functional":"Известный по назначению","purpose":"Производственный корпус"}},{"type":"Feature","id":"municipal-buildings-99646","geometry":{"type":"Polygon","coordinates":[[[71.3961103,51.2277475],[71.3951768,51.2277791],[71.395157,51.2275493],[71.3960905,51.2275177],[71.3961103,51.2277475]]]},"properties":{"name":" ","functional":"Известный по назначению","purpose":"Строящееся здание"}},{"type":"Feature","id":"municipal-buildings-99647","geometry":{"type":"Polygon","coordinates":[[[71.3958448,51.2275136],[71.3957481,51.2275168],[71.3957454,51.2274848],[71.3956957,51.2274865],[71.3956568,51.2270286],[71.3960426,51.2270157],[71.3960816,51.2274736],[71.3958421,51.2274816],[71.3958448,51.2275136]]]},"properties":{"name":" ","functional":"Известный по назначению","purpose":"Производственный корпус"}},{"type":"Feature","id":"municipal-buildings-99648","geometry":{"type":"Polygon","coordinates":[[[71.3944053,51.2265256],[71.3939379,51.2265428],[71.3939254,51.2264123],[71.3943936,51.2263967],[71.3944053,51.2265256]]]},"properties":{"name":" ","functional":"Административные сооружения","purpose":"Административное здание"}},{"type":"Feature","id":"municipal-buildings-99649","geometry":{"type":"Polygon","coordinates":[[[71.3938842,51.226648],[71.3938861,51.22667],[71.393814,51.2266724],[71.393809,51.2266138],[71.3938811,51.2266114],[71.3938842,51.226648]]]},"properties":{"name":" ","functional":"Известный по назначению","purpose":"Проходная, КПП"}},{"type":"Feature","id":"municipal-buildings-99650","geometry":{"type":"Polygon","coordinates":[[[71.396751,51.2284334],[71.3963459,51.2284448],[71.3963248,51.2281526],[71.3969595,51.2281346],[71.3969805,51.2284268],[71.396751,51.2284334]]]},"properties":{"name":" ","functional":"Известный по назначению","purpose":"Производственный корпус"}},{"type":"Feature","id":"municipal-buildings-99651","geometry":{"type":"Polygon","coordinates":[[[71.3969595,51.2281346],[71.3966677,51.2281429],[71.3966596,51.2280302],[71.3969514,51.2280219],[71.3969595,51.2281346]]]},"properties":{"name":" ","functional":"Известный по назначению","purpose":"Строящееся здание"}},{"type":"Feature","id":"municipal-buildings-99652","geometry":{"type":"Polygon","coordinates":[[[71.3969202,51.2284286],[71.3969342,51.2286222],[71.396765,51.228627],[71.396751,51.2284334],[71.3969202,51.2284286]]]},"properties":{"name":" ","functional":"Известный по назначению","purpose":"Сооружение"}},{"type":"Feature","id":"municipal-buildings-99653","geometry":{"type":"Polygon","coordinates":[[[71.3964876,51.2287679],[71.3963763,51.2287712],[71.3963653,51.2286251],[71.3964766,51.2286218],[71.3964876,51.2287679]]]},"properties":{"name":" ","functional":"Известный по назначению","purpose":"Хозяйственный корпус"}},{"type":"Feature","id":"municipal-buildings-99654","geometry":{"type":"Polygon","coordinates":[[[71.3982005,51.2276523],[71.3978487,51.2276641],[71.3977699,51.2267329],[71.3981217,51.2267211],[71.3982005,51.2276523]]]},"properties":{"name":" ","functional":"Известный по назначению","purpose":"Производственный корпус"}},{"type":"Feature","id":"municipal-buildings-99655","geometry":{"type":"Polygon","coordinates":[[[71.398842,51.2276358],[71.3983678,51.2276509],[71.3983148,51.2269976],[71.3987891,51.2269825],[71.398842,51.2276358]]]},"properties":{"name":" ","functional":"Известный по назначению","purpose":"Строящееся здание"}},{"type":"Feature","id":"municipal-buildings-99656","geometry":{"type":"Polygon","coordinates":[[[71.3990758,51.2268729],[71.3983911,51.2268898],[71.3983813,51.2267337],[71.399066,51.2267168],[71.3990758,51.2268729]]]},"properties":{"name":" ","functional":"Известный по назначению","purpose":"Хозяйственный корпус"}},{"type":"Feature","id":"municipal-buildings-99657","geometry":{"type":"Polygon","coordinates":[[[71.3992423,51.2266304],[71.3991515,51.2266302],[71.3991519,51.2265788],[71.3992427,51.2265765],[71.3992423,51.2266304]]]},"properties":{"name":" ","functional":"Известный по назначению","purpose":"Сооружение"}},{"type":"Feature","id":"municipal-buildings-99658","geometry":{"type":"Polygon","coordinates":[[[71.3998658,51.2267706],[71.3996683,51.2267765],[71.3996574,51.2266329],[71.3998549,51.226627],[71.3998658,51.2267706]]]},"properties":{"name":" ","functional":"Известный по назначению","purpose":"Автосервис"}},{"type":"Feature","id":"municipal-buildings-99659","geometry":{"type":"Polygon","coordinates":[[[71.4001665,51.2268131],[71.3999717,51.2268178],[71.3999565,51.2266236],[71.4001529,51.2266181],[71.4001552,51.2266721],[71.4001234,51.226673],[71.4001278,51.2267589],[71.4001624,51.2267578],[71.4001665,51.2268131]]]},"properties":{"name":" ","functional":"Известный по назначению","purpose":"АЗС"}},{"type":"Feature","id":"municipal-buildings-99660","geometry":{"type":"Polygon","coordinates":[[[71.3996474,51.2269533],[71.399649,51.2269843],[71.3995604,51.2269861],[71.3995587,51.2269537],[71.3996474,51.2269533]]]},"properties":{"name":" ","functional":"Известный по назначению","purpose":"Хозяйственный корпус"}},{"type":"Feature","id":"municipal-buildings-99661","geometry":{"type":"Polygon","coordinates":[[[71.3980385,51.2267042],[71.3978578,51.2267122],[71.3978471,51.2266173],[71.3980279,51.2266093],[71.3980385,51.2267042]]]},"properties":{"name":" ","functional":"Административные сооружения","purpose":"Административное здание"}},{"type":"Feature","id":"municipal-buildings-99662","geometry":{"type":"Polygon","coordinates":[[[71.3976039,51.2265441],[71.397591,51.2266527],[71.3975068,51.2266487],[71.3975197,51.2265402],[71.3976039,51.2265441]]]},"properties":{"name":" ","functional":"Известный по назначению","purpose":"Проходная, КПП"}},{"type":"Feature","id":"municipal-buildings-99664","geometry":{"type":"Polygon","coordinates":[[[71.3912985,51.2258385],[71.3912799,51.2258904],[71.3912006,51.2258783],[71.3911943,51.2258937],[71.3912268,51.2258992],[71.3911369,51.2261116],[71.3909185,51.2261209],[71.390915,51.2260995],[71.3910438,51.2257914],[71.3912985,51.2258385]]]},"properties":{"name":" ","functional":"Административные сооружения","purpose":"Административное здание"}},{"type":"Feature","id":"municipal-buildings-99841","geometry":{"type":"Polygon","coordinates":[[[71.3997227,51.2285493],[71.3991175,51.2285736],[71.3991034,51.2284352],[71.3997086,51.2284109],[71.3997227,51.2285493]]]},"properties":{"name":" ","functional":"Известный по назначению","purpose":"Строящееся здание"}},{"type":"Feature","id":"municipal-buildings-99842","geometry":{"type":"Polygon","coordinates":[[[71.3997844,51.2287553],[71.3996617,51.2287664],[71.3996358,51.2286536],[71.3997585,51.2286425],[71.3997844,51.2287553]]]},"properties":{"name":" ","functional":"Известный по назначению","purpose":"Сооружение"}},{"type":"Feature","id":"municipal-buildings-99846","geometry":{"type":"Polygon","coordinates":[[[71.3926149,51.2269676],[71.3925211,51.2269867],[71.3924989,51.226944],[71.3925927,51.2269248],[71.3926149,51.2269676]]]},"properties":{"name":" ","functional":"Киоски","purpose":"Киоск"}},{"type":"Feature","id":"municipal-buildings-99858","geometry":{"type":"Polygon","coordinates":[[[71.3932579,51.2281503],[71.3928726,51.2281643],[71.3928539,51.228113],[71.3928258,51.2281124],[71.3928218,51.2280148],[71.3928612,51.2280154],[71.3928354,51.2276752],[71.3932193,51.2276589],[71.3932579,51.2281503]]]},"properties":{"name":" ","functional":"Известный по назначению","purpose":"Хозяйственный корпус"}},{"type":"Feature","id":"municipal-buildings-99859","geometry":{"type":"Polygon","coordinates":[[[71.3925817,51.2271852],[71.3924614,51.2271728],[71.3924525,51.2271171],[71.3926411,51.2271224],[71.3926335,51.227178],[71.3925817,51.2271852]]]},"properties":{"name":" ","functional":"Известный по назначению","purpose":"Хозяйственный корпус"}},{"type":"Feature","id":"municipal-buildings-99860","geometry":{"type":"Polygon","coordinates":[[[71.4023669,51.2267239],[71.4021533,51.2267314],[71.4021375,51.2265544],[71.402351,51.2265469],[71.4023669,51.2267239]]]},"properties":{"name":" ","functional":"Известный по назначению","purpose":"Строящееся здание"}},{"type":"Feature","id":"municipal-buildings-99861","geometry":{"type":"Polygon","coordinates":[[[71.402402,51.2271869],[71.4021888,51.2271933],[71.4021687,51.2269264],[71.4023819,51.2269201],[71.402402,51.2271869]]]},"properties":{"name":" ","functional":"Известный по назначению","purpose":"Строящееся здание"}},{"type":"Feature","id":"municipal-buildings-99862","geometry":{"type":"Polygon","coordinates":[[[71.4025165,51.2274018],[71.4022324,51.2274098],[71.4022227,51.2272756],[71.4025069,51.2272675],[71.4025165,51.2274018]]]},"properties":{"name":" ","functional":"Известный по назначению","purpose":"Строящееся здание"}},{"type":"Feature","id":"municipal-buildings-100520","geometry":{"type":"Polygon","coordinates":[[[71.3857177,51.2300724],[71.3861163,51.2301398],[71.3860805,51.2302167],[71.3856872,51.2301464],[71.3857177,51.2300724]]]},"properties":{"name":" ","functional":"Известный по назначению","purpose":"Хозяйственный корпус"}},{"type":"Feature","id":"municipal-buildings-103347","geometry":{"type":"Polygon","coordinates":[[[71.387575,51.2286862],[71.3874512,51.2289607],[71.38726,51.2289266],[71.3873766,51.2286529],[71.387575,51.2286862]]]},"properties":{"name":" ","functional":" ","purpose":"Здание"}},{"type":"Feature","id":"municipal-buildings-103348","geometry":{"type":"Polygon","coordinates":[[[71.3933306,51.2275395],[71.3933314,51.2275737],[71.3932647,51.2275761],[71.3932604,51.22753],[71.3933295,51.2275275],[71.3933306,51.2275395]]]},"properties":{"name":" ","functional":" ","purpose":"Здание"}},{"type":"Feature","id":"municipal-buildings-103349","geometry":{"type":"Polygon","coordinates":[[[71.3931829,51.227164],[71.3928138,51.2271777],[71.3928029,51.2270623],[71.393172,51.2270486],[71.3931829,51.227164]]]},"properties":{"name":" ","functional":" ","purpose":"Здание"}},{"type":"Feature","id":"municipal-buildings-103350","geometry":{"type":"Polygon","coordinates":[[[71.3952385,51.2288497],[71.3949767,51.2288584],[71.394949,51.2285296],[71.3952108,51.2285209],[71.3952385,51.2288497]]]},"properties":{"name":" ","functional":" ","purpose":"Здание"}},{"type":"Feature","id":"municipal-buildings-103351","geometry":{"type":"Polygon","coordinates":[[[71.3944928,51.2266633],[71.3943957,51.2266669],[71.3943925,51.2266333],[71.3944896,51.2266297],[71.3944928,51.2266633]]]},"properties":{"name":" ","functional":" ","purpose":"Здание"}},{"type":"Feature","id":"municipal-buildings-103352","geometry":{"type":"Polygon","coordinates":[[[71.3964226,51.2285778],[71.3963701,51.2285791],[71.3963674,51.2285363],[71.3964199,51.228535],[71.3964226,51.2285778]]]},"properties":{"name":" ","functional":" ","purpose":"Здание"}},{"type":"Feature","id":"municipal-buildings-103353","geometry":{"type":"Polygon","coordinates":[[[71.3907612,51.2261231],[71.3905814,51.2261285],[71.3905798,51.2261028],[71.3906297,51.2261018],[71.3906291,51.2260885],[71.3906596,51.2260877],[71.3906603,51.2261004],[71.3907593,51.2260976],[71.3907612,51.2261231]]]},"properties":{"name":" ","functional":" ","purpose":"Здание"}},{"type":"Feature","id":"municipal-buildings-103417","geometry":{"type":"Polygon","coordinates":[[[71.3850762,51.2324573],[71.3850365,51.2325522],[71.3849649,51.2325404],[71.3850066,51.2324458],[71.3850762,51.2324573]]]},"properties":{"name":" ","functional":" ","purpose":"Здание"}},{"type":"Feature","id":"municipal-buildings-103418","geometry":{"type":"Polygon","coordinates":[[[71.3858734,51.2309917],[71.3858582,51.2310275],[71.3857343,51.2310067],[71.3857495,51.2309709],[71.3858734,51.2309917]]]},"properties":{"name":" ","functional":" ","purpose":"Здание"}},{"type":"Feature","id":"municipal-buildings-103420","geometry":{"type":"Polygon","coordinates":[[[71.3970289,51.227794],[71.3969434,51.227796],[71.396942,51.2277723],[71.3970274,51.2277703],[71.3970289,51.227794]]]},"properties":{"name":" ","functional":" ","purpose":"Здание"}},{"type":"Feature","id":"municipal-buildings-103444","geometry":{"type":"Polygon","coordinates":[[[71.3923765,51.2274846],[71.3925379,51.2274819],[71.3925479,51.22759],[71.3923893,51.2275949],[71.3923765,51.2274846]]]},"properties":{"name":" ","functional":" ","purpose":"Здание"}},{"type":"Feature","id":"municipal-buildings-103445","geometry":{"type":"Polygon","coordinates":[[[71.3923889,51.2275913],[71.3922972,51.2275959],[71.392293,51.2275719],[71.3923863,51.2275695],[71.3923889,51.2275913]]]},"properties":{"name":" ","functional":" ","purpose":"Здание"}},{"type":"Feature","id":"municipal-buildings-103446","geometry":{"type":"Polygon","coordinates":[[[71.3922972,51.2275959],[71.3922625,51.2275989],[71.3922622,51.2275828],[71.3921376,51.2275891],[71.3921304,51.2274946],[71.3922754,51.2274879],[71.3922808,51.2275507],[71.3923839,51.227548],[71.3923863,51.2275695],[71.392293,51.2275719],[71.3922972,51.2275959]]]},"properties":{"name":" ","functional":" ","purpose":"Здание"}},{"type":"Feature","id":"municipal-buildings-103447","geometry":{"type":"Polygon","coordinates":[[[71.3923839,51.227548],[71.3922808,51.2275507],[71.3922754,51.2274879],[71.3923765,51.2274846],[71.3923839,51.227548]]]},"properties":{"name":" ","functional":" ","purpose":"Здание"}},{"type":"Feature","id":"municipal-buildings-103448","geometry":{"type":"Polygon","coordinates":[[[71.3964404,51.2292605],[71.3964267,51.2292823],[71.3963591,51.2292656],[71.3963744,51.2292412],[71.3964404,51.2292605]]]},"properties":{"name":" ","functional":" ","purpose":"Здание"}},{"type":"Feature","id":"municipal-buildings-103449","geometry":{"type":"Polygon","coordinates":[[[71.3966179,51.2293044],[71.3966042,51.2293262],[71.3964267,51.2292823],[71.3964404,51.2292605],[71.3966179,51.2293044]]]},"properties":{"name":" ","functional":" ","purpose":"Здание"}},{"type":"Feature","id":"municipal-buildings-103450","geometry":{"type":"Polygon","coordinates":[[[71.3966179,51.2293044],[71.3968147,51.2293531],[71.3967992,51.2293778],[71.3966024,51.2293291],[71.3966179,51.2293044]]]},"properties":{"name":" ","functional":" ","purpose":"Здание"}},{"type":"Feature","id":"municipal-buildings-103451","geometry":{"type":"Polygon","coordinates":[[[71.4028899,51.227918],[71.4028082,51.2279447],[71.4027641,51.2278978],[71.4028579,51.2278738],[71.4028899,51.227918]]]},"properties":{"name":" ","functional":" ","purpose":"Здание"}},{"type":"Feature","id":"municipal-buildings-103452","geometry":{"type":"Polygon","coordinates":[[[71.4030151,51.2277679],[71.402974,51.227782],[71.4029534,51.227757],[71.4029966,51.2277439],[71.4030151,51.2277679]]]},"properties":{"name":" ","functional":" ","purpose":"Здание"}},{"type":"Feature","id":"municipal-buildings-103453","geometry":{"type":"Polygon","coordinates":[[[71.402571,51.2279565],[71.4025375,51.2279668],[71.4025246,51.2279505],[71.4025582,51.2279401],[71.402571,51.2279565]]]},"properties":{"name":" ","functional":" ","purpose":"Здание"}},{"type":"Feature","id":"municipal-buildings-103454","geometry":{"type":"Polygon","coordinates":[[[71.4024919,51.2280451],[71.4024617,51.2280543],[71.4024366,51.2280219],[71.4024669,51.2280127],[71.4024919,51.2280451]]]},"properties":{"name":" ","functional":" ","purpose":"Здание"}},{"type":"Feature","id":"municipal-buildings-103469","geometry":{"type":"Polygon","coordinates":[[[71.3871868,51.2292805],[71.3871535,51.2293345],[71.3870889,51.2293188],[71.3871222,51.2292648],[71.3871868,51.2292805]]]},"properties":{"name":" ","functional":" ","purpose":"Здание"}},{"type":"Feature","id":"municipal-buildings-103470","geometry":{"type":"Polygon","coordinates":[[[71.3873385,51.2292982],[71.3872988,51.2294035],[71.3872571,51.2293973],[71.3872969,51.229292],[71.3873385,51.2292982]]]},"properties":{"name":" ","functional":" ","purpose":"Здание"}},{"type":"Feature","id":"municipal-buildings-103471","geometry":{"type":"Polygon","coordinates":[[[71.3874378,51.2292754],[71.3873952,51.2293783],[71.3873547,51.2293717],[71.3873972,51.2292688],[71.3874378,51.2292754]]]},"properties":{"name":" ","functional":" ","purpose":"Здание"}},{"type":"Feature","id":"municipal-buildings-103472","geometry":{"type":"Polygon","coordinates":[[[71.3867253,51.2301623],[71.3868236,51.230198],[71.3868018,51.2302216],[71.3866908,51.2301813],[71.3867127,51.2301577],[71.3867253,51.2301623]]]},"properties":{"name":" ","functional":" ","purpose":"Здание"}}]}
