{"type":"FeatureCollection","features":[{"type":"Feature","id":"municipal-green-1","geometry":{"type":"Polygon","coordinates":[[[71.4318893,51.1512358],[71.4318903,51.1511554],[71.4319675,51.1510965],[71.4320071,51.1511326],[71.4319851,51.1511614],[71.4320039,51.1511882],[71.4320538,51.1512001],[71.4321005,51.151182],[71.4321058,51.1511493],[71.4320469,51.1511244],[71.432041,51.15108],[71.4321868,51.151107],[71.4322519,51.1511871],[71.4322078,51.1512727],[71.4320965,51.1513124],[71.4319708,51.1512978],[71.4318893,51.1512358]]]},"properties":{"OBJECTID":1,"kind":"park","name":"Озеленение","source":"Astana municipal open geoportal","source_url":"https://gis.esaulet.kz/server/rest/services/Sloi_geoportala_otkrytiy_kontur_0702/MapServer/26","sourceId":"astana-municipal-green"}},{"type":"Feature","id":"municipal-green-5","geometry":{"type":"Polygon","coordinates":[[[71.4078123,51.1183875],[71.4078293,51.1184311],[71.4077955,51.1184374],[71.4077826,51.1183868],[71.4078236,51.1183325],[71.4078779,51.1182926],[71.4079271,51.1183019],[71.4078781,51.1183777],[71.4078123,51.1183875]]]},"properties":{"OBJECTID":5,"kind":"park","name":"Озеленение","source":"Astana municipal open geoportal","source_url":"https://gis.esaulet.kz/server/rest/services/Sloi_geoportala_otkrytiy_kontur_0702/MapServer/26","sourceId":"astana-municipal-green"}},{"type":"Feature","id":"municipal-green-6","geometry":{"type":"Polygon","coordinates":[[[71.432787,51.1641865],[71.4327967,51.1641526],[71.4328489,51.1641584],[71.4328394,51.1641921],[71.432787,51.1641865]]]},"properties":{"OBJECTID":6,"kind":"park","name":"Озеленение","source":"Astana municipal open geoportal","source_url":"https://gis.esaulet.kz/server/rest/services/Sloi_geoportala_otkrytiy_kontur_0702/MapServer/26","sourceId":"astana-municipal-green"}},{"type":"Feature","id":"municipal-green-9","geometry":{"type":"Polygon","coordinates":[[[71.4544771,51.1182563],[71.4544996,51.1182544],[71.4545199,51.1183757],[71.4544806,51.1183783],[71.4544601,51.1182574],[71.4544771,51.1182563]]]},"properties":{"OBJECTID":9,"kind":"park","name":"Озеленение","source":"Astana municipal open geoportal","source_url":"https://gis.esaulet.kz/server/rest/services/Sloi_geoportala_otkrytiy_kontur_0702/MapServer/26","sourceId":"astana-municipal-green"}},{"type":"Feature","id":"municipal-green-10","geometry":{"type":"Polygon","coordinates":[[[71.4553095,51.1184481],[71.4553155,51.1184662],[71.4551495,51.1184949],[71.4551377,51.1184655],[71.4553095,51.1184481]]]},"properties":{"OBJECTID":10,"kind":"park","name":"Озеленение","source":"Astana municipal open geoportal","source_url":"https://gis.esaulet.kz/server/rest/services/Sloi_geoportala_otkrytiy_kontur_0702/MapServer/26","sourceId":"astana-municipal-green"}},{"type":"Feature","id":"municipal-green-11","geometry":{"type":"Polygon","coordinates":[[[71.4557418,51.1179299],[71.4557812,51.1179483],[71.4557944,51.1179942],[71.4557732,51.1180798],[71.4557418,51.1179299]]]},"properties":{"OBJECTID":11,"kind":"park","name":"Озеленение","source":"Astana municipal open geoportal","source_url":"https://gis.esaulet.kz/server/rest/services/Sloi_geoportala_otkrytiy_kontur_0702/MapServer/26","sourceId":"astana-municipal-green"}},{"type":"Feature","id":"municipal-green-12","geometry":{"type":"Polygon","coordinates":[[[71.4550079,51.1181414],[71.4549214,51.1180824],[71.4550062,51.1181064],[71.4550335,51.1181394],[71.4550079,51.1181414]]]},"properties":{"OBJECTID":12,"kind":"park","name":"Озеленение","source":"Astana municipal open geoportal","source_url":"https://gis.esaulet.kz/server/rest/services/Sloi_geoportala_otkrytiy_kontur_0702/MapServer/26","sourceId":"astana-municipal-green"}},{"type":"Feature","id":"municipal-green-13","geometry":{"type":"Polygon","coordinates":[[[71.4651032,51.1687643],[71.4651542,51.1687492],[71.4651759,51.1687782],[71.465124,51.1687931],[71.4651032,51.1687643]]]},"properties":{"OBJECTID":13,"kind":"park","name":"Озеленение","source":"Astana municipal open geoportal","source_url":"https://gis.esaulet.kz/server/rest/services/Sloi_geoportala_otkrytiy_kontur_0702/MapServer/26","sourceId":"astana-municipal-green"}},{"type":"Feature","id":"municipal-green-14","geometry":{"type":"Polygon","coordinates":[[[71.4659444,51.169638],[71.4659934,51.1696699],[71.4659438,51.169684],[71.4659107,51.1696432],[71.4659444,51.169638]]]},"properties":{"OBJECTID":14,"kind":"park","name":"Озеленение","source":"Astana municipal open geoportal","source_url":"https://gis.esaulet.kz/server/rest/services/Sloi_geoportala_otkrytiy_kontur_0702/MapServer/26","sourceId":"astana-municipal-green"}},{"type":"Feature","id":"municipal-green-15","geometry":{"type":"Polygon","coordinates":[[[71.4078036,51.118459],[71.407838,51.1184545],[71.40787,51.1185406],[71.407836,51.1185457],[71.4078036,51.118459]]]},"properties":{"OBJECTID":15,"kind":"park","name":"Озеленение","source":"Astana municipal open geoportal","source_url":"https://gis.esaulet.kz/server/rest/services/Sloi_geoportala_otkrytiy_kontur_0702/MapServer/26","sourceId":"astana-municipal-green"}},{"type":"Feature","id":"municipal-green-16","geometry":{"type":"Polygon","coordinates":[[[71.4078415,51.1185604],[71.4079521,51.1185667],[71.4081016,51.1186111],[71.4078849,51.1186406],[71.4078415,51.1185604]]]},"properties":{"OBJECTID":16,"kind":"park","name":"Озеленение","source":"Astana municipal open geoportal","source_url":"https://gis.esaulet.kz/server/rest/services/Sloi_geoportala_otkrytiy_kontur_0702/MapServer/26","sourceId":"astana-municipal-green"}},{"type":"Feature","id":"municipal-green-18","geometry":{"type":"Polygon","coordinates":[[[71.4081657,51.1181681],[71.4080405,51.1181821],[71.4080265,51.1180955],[71.4080772,51.1180522],[71.4081523,51.1180451],[71.408233,51.1182681],[71.4082047,51.1182721],[71.4081657,51.1181681]]]},"properties":{"OBJECTID":18,"kind":"park","name":"Озеленение","source":"Astana municipal open geoportal","source_url":"https://gis.esaulet.kz/server/rest/services/Sloi_geoportala_otkrytiy_kontur_0702/MapServer/26","sourceId":"astana-municipal-green"}},{"type":"Feature","id":"municipal-green-25","geometry":{"type":"Polygon","coordinates":[[[71.4671441,51.1370007],[71.4679699,51.1372422],[71.4678244,51.1372702],[71.4671004,51.1370639],[71.4671441,51.1370007]]]},"properties":{"OBJECTID":25,"kind":"park","name":"Озеленение","source":"Astana municipal open geoportal","source_url":"https://gis.esaulet.kz/server/rest/services/Sloi_geoportala_otkrytiy_kontur_0702/MapServer/26","sourceId":"astana-municipal-green"}},{"type":"Feature","id":"municipal-green-34","geometry":{"type":"Polygon","coordinates":[[[71.4078439,51.1202558],[71.407898,51.120389],[71.4075027,51.1204667],[71.4074075,51.1202401],[71.4076917,51.1201947],[71.4077222,51.120275],[71.4078439,51.1202558]]]},"properties":{"OBJECTID":34,"kind":"park","name":"Озеленение","source":"Astana municipal open geoportal","source_url":"https://gis.esaulet.kz/server/rest/services/Sloi_geoportala_otkrytiy_kontur_0702/MapServer/26","sourceId":"astana-municipal-green"}},{"type":"Feature","id":"municipal-green-45","geometry":{"type":"Polygon","coordinates":[[[71.4096376,51.1412737],[71.4097269,51.1412748],[71.4097905,51.1414629],[71.4094778,51.1415078],[71.4094716,51.1414823],[71.4096407,51.1414661],[71.4096376,51.1412737]]]},"properties":{"OBJECTID":45,"kind":"park","name":"Озеленение","source":"Astana municipal open geoportal","source_url":"https://gis.esaulet.kz/server/rest/services/Sloi_geoportala_otkrytiy_kontur_0702/MapServer/26","sourceId":"astana-municipal-green"}},{"type":"Feature","id":"municipal-green-54","geometry":{"type":"Polygon","coordinates":[[[71.4394594,51.1302939],[71.4396106,51.1307802],[71.4395756,51.13104],[71.4394613,51.1312705],[71.4394208,51.1312263],[71.4393923,51.1311356],[71.4395019,51.1310663],[71.4394869,51.1309727],[71.4394598,51.1309024],[71.4394092,51.1308801],[71.4393207,51.1306598],[71.439355,51.1306292],[71.439283,51.1304368],[71.4391796,51.13044],[71.4391316,51.1303882],[71.4391861,51.1303391],[71.4394594,51.1302939]]]},"properties":{"OBJECTID":54,"kind":"park","name":"Озеленение","source":"Astana municipal open geoportal","source_url":"https://gis.esaulet.kz/server/rest/services/Sloi_geoportala_otkrytiy_kontur_0702/MapServer/26","sourceId":"astana-municipal-green"}},{"type":"Feature","id":"municipal-green-55","geometry":{"type":"Polygon","coordinates":[[[71.4095617,51.141071],[71.4096447,51.1410713],[71.4097111,51.1412351],[71.409638,51.1412354],[71.4096386,51.1412001],[71.4095492,51.1411913],[71.4095809,51.1411372],[71.4095429,51.1410971],[71.4095617,51.141071]]]},"properties":{"OBJECTID":55,"kind":"park","name":"Озеленение","source":"Astana municipal open geoportal","source_url":"https://gis.esaulet.kz/server/rest/services/Sloi_geoportala_otkrytiy_kontur_0702/MapServer/26","sourceId":"astana-municipal-green"}},{"type":"Feature","id":"municipal-green-67","geometry":{"type":"Polygon","coordinates":[[[71.4153342,51.1700758],[71.4155131,51.1695262],[71.4155964,51.1695402],[71.415422,51.1700845],[71.4153342,51.1700758]]]},"properties":{"OBJECTID":67,"kind":"park","name":"Озеленение","source":"Astana municipal open geoportal","source_url":"https://gis.esaulet.kz/server/rest/services/Sloi_geoportala_otkrytiy_kontur_0702/MapServer/26","sourceId":"astana-municipal-green"}},{"type":"Feature","id":"municipal-green-68","geometry":{"type":"Polygon","coordinates":[[[71.4158022,51.1697019],[71.4158248,51.1696348],[71.4157647,51.1696273],[71.4157742,51.1695994],[71.4158718,51.1696289],[71.4158505,51.1696963],[71.4158022,51.1697019]]]},"properties":{"OBJECTID":68,"kind":"park","name":"Озеленение","source":"Astana municipal open geoportal","source_url":"https://gis.esaulet.kz/server/rest/services/Sloi_geoportala_otkrytiy_kontur_0702/MapServer/26","sourceId":"astana-municipal-green"}},{"type":"Feature","id":"municipal-green-69","geometry":{"type":"Polygon","coordinates":[[[71.4156624,51.1701158],[71.4156843,51.1700507],[71.4157251,51.1700613],[71.4157051,51.1701215],[71.4156624,51.1701158]]]},"properties":{"OBJECTID":69,"kind":"park","name":"Озеленение","source":"Astana municipal open geoportal","source_url":"https://gis.esaulet.kz/server/rest/services/Sloi_geoportala_otkrytiy_kontur_0702/MapServer/26","sourceId":"astana-municipal-green"}},{"type":"Feature","id":"municipal-green-70","geometry":{"type":"Polygon","coordinates":[[[71.4271131,51.1596495],[71.4271596,51.1596546],[71.4270169,51.1601729],[71.4271178,51.1601852],[71.4271098,51.1602106],[71.4269625,51.1601961],[71.4271131,51.1596495]]]},"properties":{"OBJECTID":70,"kind":"park","name":"Озеленение","source":"Astana municipal open geoportal","source_url":"https://gis.esaulet.kz/server/rest/services/Sloi_geoportala_otkrytiy_kontur_0702/MapServer/26","sourceId":"astana-municipal-green"}},{"type":"Feature","id":"municipal-green-71","geometry":{"type":"Polygon","coordinates":[[[71.4271459,51.1601886],[71.4274807,51.1602293],[71.4274754,51.1602465],[71.4271383,51.1602134],[71.4271459,51.1601886]]]},"properties":{"OBJECTID":71,"kind":"park","name":"Озеленение","source":"Astana municipal open geoportal","source_url":"https://gis.esaulet.kz/server/rest/services/Sloi_geoportala_otkrytiy_kontur_0702/MapServer/26","sourceId":"astana-municipal-green"}},{"type":"Feature","id":"municipal-green-76","geometry":{"type":"Polygon","coordinates":[[[71.4157484,51.1698612],[71.4157976,51.1697155],[71.4158226,51.1697188],[71.4158385,51.1697322],[71.4158025,51.1698379],[71.4157885,51.1698602],[71.4157484,51.1698612]]]},"properties":{"OBJECTID":76,"kind":"park","name":"Озеленение","source":"Astana municipal open geoportal","source_url":"https://gis.esaulet.kz/server/rest/services/Sloi_geoportala_otkrytiy_kontur_0702/MapServer/26","sourceId":"astana-municipal-green"}},{"type":"Feature","id":"municipal-green-79","geometry":{"type":"Polygon","coordinates":[[[71.4323335,51.1641379],[71.4323443,51.1641014],[71.4325346,51.1641231],[71.4325246,51.1641583],[71.4323335,51.1641379]]]},"properties":{"OBJECTID":79,"kind":"park","name":"Озеленение","source":"Astana municipal open geoportal","source_url":"https://gis.esaulet.kz/server/rest/services/Sloi_geoportala_otkrytiy_kontur_0702/MapServer/26","sourceId":"astana-municipal-green"}},{"type":"Feature","id":"municipal-green-80","geometry":{"type":"Polygon","coordinates":[[[71.4326023,51.1641667],[71.4326122,51.1641318],[71.4326577,51.1641368],[71.4326479,51.1641716],[71.4326023,51.1641667]]]},"properties":{"OBJECTID":80,"kind":"park","name":"Озеленение","source":"Astana municipal open geoportal","source_url":"https://gis.esaulet.kz/server/rest/services/Sloi_geoportala_otkrytiy_kontur_0702/MapServer/26","sourceId":"astana-municipal-green"}},{"type":"Feature","id":"municipal-green-82","geometry":{"type":"Polygon","coordinates":[[[71.4016183,51.1674337],[71.4016764,51.1674292],[71.401665,51.1674684],[71.4016102,51.1674622],[71.4016183,51.1674337]]]},"properties":{"OBJECTID":82,"kind":"park","name":"Озеленение","source":"Astana municipal open geoportal","source_url":"https://gis.esaulet.kz/server/rest/services/Sloi_geoportala_otkrytiy_kontur_0702/MapServer/26","sourceId":"astana-municipal-green"}},{"type":"Feature","id":"municipal-green-83","geometry":{"type":"Polygon","coordinates":[[[71.4009251,51.1673503],[71.4010875,51.1673697],[71.4010791,51.1673973],[71.4009165,51.1673788],[71.4009251,51.1673503]]]},"properties":{"OBJECTID":83,"kind":"park","name":"Озеленение","source":"Astana municipal open geoportal","source_url":"https://gis.esaulet.kz/server/rest/services/Sloi_geoportala_otkrytiy_kontur_0702/MapServer/26","sourceId":"astana-municipal-green"}},{"type":"Feature","id":"municipal-green-90","geometry":{"type":"Polygon","coordinates":[[[71.4089866,51.1396064],[71.40907,51.139614],[71.4091829,51.1398991],[71.4091039,51.1398952],[71.4089866,51.1396064]]]},"properties":{"OBJECTID":90,"kind":"park","name":"Озеленение","source":"Astana municipal open geoportal","source_url":"https://gis.esaulet.kz/server/rest/services/Sloi_geoportala_otkrytiy_kontur_0702/MapServer/26","sourceId":"astana-municipal-green"}},{"type":"Feature","id":"municipal-green-91","geometry":{"type":"Polygon","coordinates":[[[71.4082109,51.1182884],[71.4082388,51.1182845],[71.4082879,51.1184218],[71.4082624,51.1184254],[71.4082109,51.1182884]]]},"properties":{"OBJECTID":91,"kind":"park","name":"Озеленение","source":"Astana municipal open geoportal","source_url":"https://gis.esaulet.kz/server/rest/services/Sloi_geoportala_otkrytiy_kontur_0702/MapServer/26","sourceId":"astana-municipal-green"}},{"type":"Feature","id":"municipal-green-98","geometry":{"type":"Polygon","coordinates":[[[71.4545217,51.118251],[71.4545528,51.1182483],[71.4545742,51.1183729],[71.4545432,51.118375],[71.4545217,51.118251]]]},"properties":{"OBJECTID":98,"kind":"park","name":"Озеленение","source":"Astana municipal open geoportal","source_url":"https://gis.esaulet.kz/server/rest/services/Sloi_geoportala_otkrytiy_kontur_0702/MapServer/26","sourceId":"astana-municipal-green"}},{"type":"Feature","id":"municipal-green-99","geometry":{"type":"Polygon","coordinates":[[[71.4553769,51.1181136],[71.4554028,51.1181115],[71.4554225,51.118207],[71.4553823,51.1182101],[71.4553769,51.1181136]]]},"properties":{"OBJECTID":99,"kind":"park","name":"Озеленение","source":"Astana municipal open geoportal","source_url":"https://gis.esaulet.kz/server/rest/services/Sloi_geoportala_otkrytiy_kontur_0702/MapServer/26","sourceId":"astana-municipal-green"}},{"type":"Feature","id":"municipal-green-129","geometry":{"type":"Polygon","coordinates":[[[71.4655265,51.1693697],[71.465621,51.1693402],[71.4656906,51.1694254],[71.4655956,51.1694562],[71.4655265,51.1693697]]]},"properties":{"OBJECTID":129,"kind":"park","name":"Озеленение","source":"Astana municipal open geoportal","source_url":"https://gis.esaulet.kz/server/rest/services/Sloi_geoportala_otkrytiy_kontur_0702/MapServer/26","sourceId":"astana-municipal-green"}},{"type":"Feature","id":"municipal-green-130","geometry":{"type":"Polygon","coordinates":[[[71.4658112,51.1697254],[71.4657797,51.1696856],[71.4658778,51.1696554],[71.4659091,51.1696939],[71.4658112,51.1697254]]]},"properties":{"OBJECTID":130,"kind":"park","name":"Озеленение","source":"Astana municipal open geoportal","source_url":"https://gis.esaulet.kz/server/rest/services/Sloi_geoportala_otkrytiy_kontur_0702/MapServer/26","sourceId":"astana-municipal-green"}},{"type":"Feature","id":"municipal-green-131","geometry":{"type":"Polygon","coordinates":[[[71.4653032,51.1690849],[71.4653952,51.1690566],[71.4655119,51.1692062],[71.4654199,51.1692345],[71.4653032,51.1690849]]]},"properties":{"OBJECTID":131,"kind":"park","name":"Озеленение","source":"Astana municipal open geoportal","source_url":"https://gis.esaulet.kz/server/rest/services/Sloi_geoportala_otkrytiy_kontur_0702/MapServer/26","sourceId":"astana-municipal-green"}},{"type":"Feature","id":"municipal-green-134","geometry":{"type":"Polygon","coordinates":[[[71.4550885,51.1179612],[71.4551351,51.1179717],[71.4551251,51.1180259],[71.4551514,51.118041],[71.4551312,51.1180602],[71.4551642,51.1181098],[71.4551455,51.118129],[71.4551723,51.118144],[71.4551531,51.1181639],[71.4551801,51.1181792],[71.4551609,51.1181978],[71.4551941,51.1182469],[71.4551758,51.1182662],[71.4552584,51.1183018],[71.4552387,51.1183366],[71.4551488,51.1183085],[71.4550885,51.1179612]]]},"properties":{"OBJECTID":134,"kind":"park","name":"Озеленение","source":"Astana municipal open geoportal","source_url":"https://gis.esaulet.kz/server/rest/services/Sloi_geoportala_otkrytiy_kontur_0702/MapServer/26","sourceId":"astana-municipal-green"}},{"type":"Feature","id":"municipal-green-136","geometry":{"type":"Polygon","coordinates":[[[71.4685588,51.1528619],[71.4684891,51.1529624],[71.46839,51.1529347],[71.4684664,51.1528361],[71.4685588,51.1528619]]]},"properties":{"OBJECTID":136,"kind":"park","name":"Озеленение","source":"Astana municipal open geoportal","source_url":"https://gis.esaulet.kz/server/rest/services/Sloi_geoportala_otkrytiy_kontur_0702/MapServer/26","sourceId":"astana-municipal-green"}},{"type":"Feature","id":"municipal-green-140","geometry":{"type":"Polygon","coordinates":[[[71.4652461,51.1695544],[71.465254,51.1695864],[71.4652284,51.1696165],[71.4650533,51.1696681],[71.4649852,51.1695869],[71.4652124,51.1695167],[71.4652461,51.1695544]]]},"properties":{"OBJECTID":140,"kind":"park","name":"Озеленение","source":"Astana municipal open geoportal","source_url":"https://gis.esaulet.kz/server/rest/services/Sloi_geoportala_otkrytiy_kontur_0702/MapServer/26","sourceId":"astana-municipal-green"}},{"type":"Feature","id":"municipal-green-141","geometry":{"type":"Polygon","coordinates":[[[71.4544776,51.1181265],[71.4544887,51.1181974],[71.4544496,51.1181993],[71.4544394,51.1181284],[71.4544776,51.1181265]]]},"properties":{"OBJECTID":141,"kind":"park","name":"Озеленение","source":"Astana municipal open geoportal","source_url":"https://gis.esaulet.kz/server/rest/services/Sloi_geoportala_otkrytiy_kontur_0702/MapServer/26","sourceId":"astana-municipal-green"}},{"type":"Feature","id":"municipal-green-151","geometry":{"type":"Polygon","coordinates":[[[71.4683727,51.1529901],[71.4684513,51.1530141],[71.46834,51.1531623],[71.4682378,51.1531317],[71.4683521,51.1529839],[71.4683727,51.1529901]]]},"properties":{"OBJECTID":151,"kind":"park","name":"Озеленение","source":"Astana municipal open geoportal","source_url":"https://gis.esaulet.kz/server/rest/services/Sloi_geoportala_otkrytiy_kontur_0702/MapServer/26","sourceId":"astana-municipal-green"}},{"type":"Feature","id":"municipal-green-157","geometry":{"type":"Polygon","coordinates":[[[71.454899,51.1180999],[71.4548051,51.1181547],[71.4548433,51.1181018],[71.4548971,51.1180836],[71.454899,51.1180999]]]},"properties":{"OBJECTID":157,"kind":"park","name":"Озеленение","source":"Astana municipal open geoportal","source_url":"https://gis.esaulet.kz/server/rest/services/Sloi_geoportala_otkrytiy_kontur_0702/MapServer/26","sourceId":"astana-municipal-green"}},{"type":"Feature","id":"municipal-green-158","geometry":{"type":"Polygon","coordinates":[[[71.4545086,51.1184351],[71.45453,51.1184337],[71.4545566,51.1185047],[71.4545026,51.1185071],[71.4544906,51.1184364],[71.4545086,51.1184351]]]},"properties":{"OBJECTID":158,"kind":"park","name":"Озеленение","source":"Astana municipal open geoportal","source_url":"https://gis.esaulet.kz/server/rest/services/Sloi_geoportala_otkrytiy_kontur_0702/MapServer/26","sourceId":"astana-municipal-green"}},{"type":"Feature","id":"municipal-green-176","geometry":{"type":"Polygon","coordinates":[[[71.3979727,51.1509538],[71.3979039,51.1509568],[71.3978636,51.1505747],[71.3979345,51.1505546],[71.3980187,51.1506057],[71.3980213,51.1506302],[71.3979551,51.1506634],[71.397887,51.150666],[71.3979058,51.1508366],[71.3979727,51.1509538]]]},"properties":{"OBJECTID":176,"kind":"park","name":"Озеленение","source":"Astana municipal open geoportal","source_url":"https://gis.esaulet.kz/server/rest/services/Sloi_geoportala_otkrytiy_kontur_0702/MapServer/26","sourceId":"astana-municipal-green"}},{"type":"Feature","id":"municipal-green-205","geometry":{"type":"Polygon","coordinates":[[[71.4174737,51.1155],[71.4171839,51.115541],[71.4171906,51.1155599],[71.4157379,51.1157645],[71.4157081,51.11568],[71.4157343,51.1156496],[71.4174393,51.1154081],[71.4174737,51.1155]]]},"properties":{"OBJECTID":205,"kind":"park","name":"Озеленение","source":"Astana municipal open geoportal","source_url":"https://gis.esaulet.kz/server/rest/services/Sloi_geoportala_otkrytiy_kontur_0702/MapServer/26","sourceId":"astana-municipal-green"}},{"type":"Feature","id":"municipal-green-206","geometry":{"type":"Polygon","coordinates":[[[71.4078624,51.1338683],[71.4079041,51.1339726],[71.4076788,51.1340071],[71.4076381,51.133903],[71.4078624,51.1338683]]]},"properties":{"OBJECTID":206,"kind":"park","name":"Озеленение","source":"Astana municipal open geoportal","source_url":"https://gis.esaulet.kz/server/rest/services/Sloi_geoportala_otkrytiy_kontur_0702/MapServer/26","sourceId":"astana-municipal-green"}},{"type":"Feature","id":"municipal-green-207","geometry":{"type":"Polygon","coordinates":[[[71.4580213,51.14953],[71.4580576,51.149523],[71.4580467,51.1495375],[71.4580213,51.14953]]]},"properties":{"OBJECTID":207,"kind":"park","name":"Озеленение","source":"Astana municipal open geoportal","source_url":"https://gis.esaulet.kz/server/rest/services/Sloi_geoportala_otkrytiy_kontur_0702/MapServer/26","sourceId":"astana-municipal-green"}},{"type":"Feature","id":"municipal-green-208","geometry":{"type":"Polygon","coordinates":[[[71.4579772,51.1495947],[71.458013,51.1495863],[71.4580013,51.1496019],[71.4579772,51.1495947]]]},"properties":{"OBJECTID":208,"kind":"park","name":"Озеленение","source":"Astana municipal open geoportal","source_url":"https://gis.esaulet.kz/server/rest/services/Sloi_geoportala_otkrytiy_kontur_0702/MapServer/26","sourceId":"astana-municipal-green"}},{"type":"Feature","id":"municipal-green-229","geometry":{"type":"Polygon","coordinates":[[[71.455365,51.1180562],[71.4553302,51.1179382],[71.455372,51.1179358],[71.455387,51.1180544],[71.455365,51.1180562]]]},"properties":{"OBJECTID":229,"kind":"park","name":"Озеленение","source":"Astana municipal open geoportal","source_url":"https://gis.esaulet.kz/server/rest/services/Sloi_geoportala_otkrytiy_kontur_0702/MapServer/26","sourceId":"astana-municipal-green"}},{"type":"Feature","id":"municipal-green-230","geometry":{"type":"Polygon","coordinates":[[[71.4656801,51.169563],[71.4657775,51.1695311],[71.4658523,51.1696234],[71.4657545,51.1696538],[71.4656801,51.169563]]]},"properties":{"OBJECTID":230,"kind":"park","name":"Озеленение","source":"Astana municipal open geoportal","source_url":"https://gis.esaulet.kz/server/rest/services/Sloi_geoportala_otkrytiy_kontur_0702/MapServer/26","sourceId":"astana-municipal-green"}},{"type":"Feature","id":"municipal-green-257","geometry":{"type":"Polygon","coordinates":[[[71.4549083,51.1179973],[71.4550378,51.1179862],[71.4549876,51.1180237],[71.4550361,51.1180349],[71.4550529,51.1179945],[71.4550687,51.1180542],[71.4550288,51.1180867],[71.4549785,51.1180236],[71.4549083,51.1179973]]]},"properties":{"OBJECTID":257,"kind":"park","name":"Озеленение","source":"Astana municipal open geoportal","source_url":"https://gis.esaulet.kz/server/rest/services/Sloi_geoportala_otkrytiy_kontur_0702/MapServer/26","sourceId":"astana-municipal-green"}},{"type":"Feature","id":"municipal-green-261","geometry":{"type":"Polygon","coordinates":[[[71.454649,51.1185164],[71.4547473,51.1185228],[71.4547566,51.1185528],[71.4546471,51.1185679],[71.4546324,51.1185349],[71.454649,51.1185164]]]},"properties":{"OBJECTID":261,"kind":"park","name":"Озеленение","source":"Astana municipal open geoportal","source_url":"https://gis.esaulet.kz/server/rest/services/Sloi_geoportala_otkrytiy_kontur_0702/MapServer/26","sourceId":"astana-municipal-green"}},{"type":"Feature","id":"municipal-green-264","geometry":{"type":"Polygon","coordinates":[[[71.4548883,51.1180224],[71.4548952,51.1180695],[71.4548027,51.1181103],[71.4548883,51.1180224]]]},"properties":{"OBJECTID":264,"kind":"park","name":"Озеленение","source":"Astana municipal open geoportal","source_url":"https://gis.esaulet.kz/server/rest/services/Sloi_geoportala_otkrytiy_kontur_0702/MapServer/26","sourceId":"astana-municipal-green"}},{"type":"Feature","id":"municipal-green-275","geometry":{"type":"Polygon","coordinates":[[[71.4552104,51.1183525],[71.4551727,51.1183657],[71.4550976,51.1183376],[71.4551198,51.1183237],[71.4552104,51.1183525]]]},"properties":{"OBJECTID":275,"kind":"park","name":"Озеленение","source":"Astana municipal open geoportal","source_url":"https://gis.esaulet.kz/server/rest/services/Sloi_geoportala_otkrytiy_kontur_0702/MapServer/26","sourceId":"astana-municipal-green"}},{"type":"Feature","id":"municipal-green-276","geometry":{"type":"Polygon","coordinates":[[[71.4652519,51.1688833],[71.4653002,51.168945],[71.4652109,51.1689726],[71.4651788,51.1689059],[71.4652519,51.1688833]]]},"properties":{"OBJECTID":276,"kind":"park","name":"Озеленение","source":"Astana municipal open geoportal","source_url":"https://gis.esaulet.kz/server/rest/services/Sloi_geoportala_otkrytiy_kontur_0702/MapServer/26","sourceId":"astana-municipal-green"}},{"type":"Feature","id":"municipal-green-277","geometry":{"type":"Polygon","coordinates":[[[71.4697736,51.150567],[71.469701,51.1505441],[71.4700009,51.1501356],[71.470391,51.1502473],[71.4703243,51.1503372],[71.4702184,51.1504136],[71.4701595,51.1504212],[71.4701165,51.1504053],[71.4702622,51.1502223],[71.4700909,51.1501683],[71.4697736,51.150567]]]},"properties":{"OBJECTID":277,"kind":"park","name":"Озеленение","source":"Astana municipal open geoportal","source_url":"https://gis.esaulet.kz/server/rest/services/Sloi_geoportala_otkrytiy_kontur_0702/MapServer/26","sourceId":"astana-municipal-green"}},{"type":"Feature","id":"municipal-green-287","geometry":{"type":"Polygon","coordinates":[[[71.465325,51.1688787],[71.4653742,51.1688944],[71.4653174,51.1689108],[71.4652948,51.1688812],[71.465325,51.1688787]]]},"properties":{"OBJECTID":287,"kind":"park","name":"Озеленение","source":"Astana municipal open geoportal","source_url":"https://gis.esaulet.kz/server/rest/services/Sloi_geoportala_otkrytiy_kontur_0702/MapServer/26","sourceId":"astana-municipal-green"}},{"type":"Feature","id":"municipal-green-289","geometry":{"type":"Polygon","coordinates":[[[71.4687187,51.1526718],[71.4686054,51.1528216],[71.4685015,51.1527904],[71.4686177,51.1526405],[71.4687187,51.1526718]]]},"properties":{"OBJECTID":289,"kind":"park","name":"Озеленение","source":"Astana municipal open geoportal","source_url":"https://gis.esaulet.kz/server/rest/services/Sloi_geoportala_otkrytiy_kontur_0702/MapServer/26","sourceId":"astana-municipal-green"}},{"type":"Feature","id":"municipal-green-309","geometry":{"type":"Polygon","coordinates":[[[71.4553274,51.1182167],[71.4553079,51.1181194],[71.4553412,51.1181166],[71.4553614,51.1182141],[71.4553274,51.1182167]]]},"properties":{"OBJECTID":309,"kind":"park","name":"Озеленение","source":"Astana municipal open geoportal","source_url":"https://gis.esaulet.kz/server/rest/services/Sloi_geoportala_otkrytiy_kontur_0702/MapServer/26","sourceId":"astana-municipal-green"}},{"type":"Feature","id":"municipal-green-326","geometry":{"type":"Polygon","coordinates":[[[71.4069479,51.1189937],[71.4070151,51.1189837],[71.4070367,51.1190392],[71.4072529,51.1190058],[71.407203,51.1188777],[71.4072546,51.1188699],[71.4073007,51.1188789],[71.4073466,51.1190001],[71.4069828,51.1190535],[71.4069606,51.1190458],[71.4069479,51.1189937]]]},"properties":{"OBJECTID":326,"kind":"park","name":"Озеленение","source":"Astana municipal open geoportal","source_url":"https://gis.esaulet.kz/server/rest/services/Sloi_geoportala_otkrytiy_kontur_0702/MapServer/26","sourceId":"astana-municipal-green"}},{"type":"Feature","id":"municipal-green-328","geometry":{"type":"Polygon","coordinates":[[[71.4072671,51.1186778],[71.4073074,51.1188003],[71.4071914,51.1188481],[71.4071331,51.1186984],[71.4072671,51.1186778]]]},"properties":{"OBJECTID":328,"kind":"park","name":"Озеленение","source":"Astana municipal open geoportal","source_url":"https://gis.esaulet.kz/server/rest/services/Sloi_geoportala_otkrytiy_kontur_0702/MapServer/26","sourceId":"astana-municipal-green"}},{"type":"Feature","id":"municipal-green-329","geometry":{"type":"Polygon","coordinates":[[[71.4077707,51.1200575],[71.4076466,51.1200763],[71.407676,51.1201534],[71.4073965,51.120192],[71.4073061,51.1199475],[71.4077017,51.1198858],[71.4077707,51.1200575]]]},"properties":{"OBJECTID":329,"kind":"park","name":"Озеленение","source":"Astana municipal open geoportal","source_url":"https://gis.esaulet.kz/server/rest/services/Sloi_geoportala_otkrytiy_kontur_0702/MapServer/26","sourceId":"astana-municipal-green"}},{"type":"Feature","id":"municipal-green-330","geometry":{"type":"Polygon","coordinates":[[[71.4073433,51.11869],[71.4073652,51.1186867],[71.4074147,51.1188137],[71.4073664,51.1188211],[71.4073202,51.1186935],[71.4073433,51.11869]]]},"properties":{"OBJECTID":330,"kind":"park","name":"Озеленение","source":"Astana municipal open geoportal","source_url":"https://gis.esaulet.kz/server/rest/services/Sloi_geoportala_otkrytiy_kontur_0702/MapServer/26","sourceId":"astana-municipal-green"}},{"type":"Feature","id":"municipal-green-331","geometry":{"type":"Polygon","coordinates":[[[71.4057669,51.1179164],[71.4057674,51.1178358],[71.4058074,51.1177496],[71.4061356,51.1174125],[71.40623,51.1173851],[71.4061975,51.1174958],[71.4057669,51.1179164]]]},"properties":{"OBJECTID":331,"kind":"park","name":"Озеленение","source":"Astana municipal open geoportal","source_url":"https://gis.esaulet.kz/server/rest/services/Sloi_geoportala_otkrytiy_kontur_0702/MapServer/26","sourceId":"astana-municipal-green"}},{"type":"Feature","id":"municipal-green-332","geometry":{"type":"Polygon","coordinates":[[[71.4310378,51.1054702],[71.430997,51.1054833],[71.4309603,51.1054613],[71.4309715,51.1053903],[71.4310057,51.1053795],[71.4310378,51.1054702]]]},"properties":{"OBJECTID":332,"kind":"park","name":"Озеленение","source":"Astana municipal open geoportal","source_url":"https://gis.esaulet.kz/server/rest/services/Sloi_geoportala_otkrytiy_kontur_0702/MapServer/26","sourceId":"astana-municipal-green"}},{"type":"Feature","id":"municipal-green-339","geometry":{"type":"Polygon","coordinates":[[[71.454912,51.1180204],[71.4550257,51.1180971],[71.4549189,51.1180675],[71.454912,51.1180204]]]},"properties":{"OBJECTID":339,"kind":"park","name":"Озеленение","source":"Astana municipal open geoportal","source_url":"https://gis.esaulet.kz/server/rest/services/Sloi_geoportala_otkrytiy_kontur_0702/MapServer/26","sourceId":"astana-municipal-green"}},{"type":"Feature","id":"municipal-green-341","geometry":{"type":"Polygon","coordinates":[[[71.4656212,51.1694883],[71.4657174,51.1694573],[71.4657649,51.1695162],[71.4656676,51.1695472],[71.4656212,51.1694883]]]},"properties":{"OBJECTID":341,"kind":"park","name":"Озеленение","source":"Astana municipal open geoportal","source_url":"https://gis.esaulet.kz/server/rest/services/Sloi_geoportala_otkrytiy_kontur_0702/MapServer/26","sourceId":"astana-municipal-green"}},{"type":"Feature","id":"municipal-green-342","geometry":{"type":"Polygon","coordinates":[[[71.4696779,51.1506451],[71.4696329,51.1506322],[71.4696894,51.1505612],[71.4697604,51.1505836],[71.4696779,51.1506451]]]},"properties":{"OBJECTID":342,"kind":"park","name":"Озеленение","source":"Astana municipal open geoportal","source_url":"https://gis.esaulet.kz/server/rest/services/Sloi_geoportala_otkrytiy_kontur_0702/MapServer/26","sourceId":"astana-municipal-green"}},{"type":"Feature","id":"municipal-green-344","geometry":{"type":"Polygon","coordinates":[[[71.3935562,51.1237942],[71.3935663,51.1238247],[71.3935426,51.1238282],[71.3935189,51.1237625],[71.3939472,51.123705],[71.3939537,51.1237656],[71.3939243,51.1237696],[71.3939123,51.1237351],[71.3935562,51.1237942]]]},"properties":{"OBJECTID":344,"kind":"park","name":"Озеленение","source":"Astana municipal open geoportal","source_url":"https://gis.esaulet.kz/server/rest/services/Sloi_geoportala_otkrytiy_kontur_0702/MapServer/26","sourceId":"astana-municipal-green"}},{"type":"Feature","id":"municipal-green-346","geometry":{"type":"Polygon","coordinates":[[[71.454585,51.1184301],[71.4546063,51.1184758],[71.4545781,51.118488],[71.4545538,51.1184321],[71.454585,51.1184301]]]},"properties":{"OBJECTID":346,"kind":"park","name":"Озеленение","source":"Astana municipal open geoportal","source_url":"https://gis.esaulet.kz/server/rest/services/Sloi_geoportala_otkrytiy_kontur_0702/MapServer/26","sourceId":"astana-municipal-green"}},{"type":"Feature","id":"municipal-green-361","geometry":{"type":"Polygon","coordinates":[[[71.4655146,51.1693539],[71.4654458,51.1692665],[71.4655368,51.1692373],[71.465609,51.169325],[71.4655146,51.1693539]]]},"properties":{"OBJECTID":361,"kind":"park","name":"Озеленение","source":"Astana municipal open geoportal","source_url":"https://gis.esaulet.kz/server/rest/services/Sloi_geoportala_otkrytiy_kontur_0702/MapServer/26","sourceId":"astana-municipal-green"}},{"type":"Feature","id":"municipal-green-363","geometry":{"type":"Polygon","coordinates":[[[71.4548347,51.1181679],[71.4549432,51.1182253],[71.4548481,51.11821],[71.4548081,51.1181696],[71.4548347,51.1181679]]]},"properties":{"OBJECTID":363,"kind":"park","name":"Озеленение","source":"Astana municipal open geoportal","source_url":"https://gis.esaulet.kz/server/rest/services/Sloi_geoportala_otkrytiy_kontur_0702/MapServer/26","sourceId":"astana-municipal-green"}},{"type":"Feature","id":"municipal-green-373","geometry":{"type":"Polygon","coordinates":[[[71.4546599,51.118502],[71.4547309,51.1184894],[71.4547345,51.1185086],[71.4546599,51.118502]]]},"properties":{"OBJECTID":373,"kind":"park","name":"Озеленение","source":"Astana municipal open geoportal","source_url":"https://gis.esaulet.kz/server/rest/services/Sloi_geoportala_otkrytiy_kontur_0702/MapServer/26","sourceId":"astana-municipal-green"}},{"type":"Feature","id":"municipal-green-374","geometry":{"type":"Polygon","coordinates":[[[71.4551279,51.1416223],[71.4550062,51.1418149],[71.4549847,51.1418087],[71.455107,51.141617],[71.4551279,51.1416223]]]},"properties":{"OBJECTID":374,"kind":"park","name":"Озеленение","source":"Astana municipal open geoportal","source_url":"https://gis.esaulet.kz/server/rest/services/Sloi_geoportala_otkrytiy_kontur_0702/MapServer/26","sourceId":"astana-municipal-green"}},{"type":"Feature","id":"municipal-green-375","geometry":{"type":"Polygon","coordinates":[[[71.4682255,51.1531879],[71.4682892,51.1532064],[71.4682159,51.1533135],[71.4681198,51.1532841],[71.4682004,51.1531802],[71.4682255,51.1531879]]]},"properties":{"OBJECTID":375,"kind":"park","name":"Озеленение","source":"Astana municipal open geoportal","source_url":"https://gis.esaulet.kz/server/rest/services/Sloi_geoportala_otkrytiy_kontur_0702/MapServer/26","sourceId":"astana-municipal-green"}},{"type":"Feature","id":"municipal-green-422","geometry":{"type":"Polygon","coordinates":[[[71.4845808,51.1525013],[71.4847227,51.1525137],[71.484674,51.1525098],[71.4845953,51.1526199],[71.4849568,51.1527221],[71.4850355,51.1526119],[71.4849833,51.1525972],[71.4850077,51.1525595],[71.4850487,51.1525577],[71.4851101,51.1526231],[71.4849961,51.1527487],[71.484491,51.1526148],[71.4845808,51.1525013]]]},"properties":{"OBJECTID":422,"kind":"park","name":"Озеленение","source":"Astana municipal open geoportal","source_url":"https://gis.esaulet.kz/server/rest/services/Sloi_geoportala_otkrytiy_kontur_0702/MapServer/26","sourceId":"astana-municipal-green"}},{"type":"Feature","id":"municipal-green-423","geometry":{"type":"Polygon","coordinates":[[[71.4743799,51.1221561],[71.4745176,51.1222469],[71.474474,51.1223223],[71.4744407,51.1223364],[71.4743666,51.1221461],[71.4743799,51.1221561]]]},"properties":{"OBJECTID":423,"kind":"park","name":"Озеленение","source":"Astana municipal open geoportal","source_url":"https://gis.esaulet.kz/server/rest/services/Sloi_geoportala_otkrytiy_kontur_0702/MapServer/26","sourceId":"astana-municipal-green"}},{"type":"Feature","id":"municipal-green-424","geometry":{"type":"Polygon","coordinates":[[[71.3970868,51.1416764],[71.3969797,51.1418006],[71.3969192,51.1417954],[71.3967438,51.1418421],[71.3967052,51.1418298],[71.3966332,51.1419186],[71.3966606,51.1419287],[71.3966381,51.1419403],[71.396573,51.1419507],[71.3965366,51.1418983],[71.3967583,51.14166],[71.3970868,51.1416764]]]},"properties":{"OBJECTID":424,"kind":"park","name":"Озеленение","source":"Astana municipal open geoportal","source_url":"https://gis.esaulet.kz/server/rest/services/Sloi_geoportala_otkrytiy_kontur_0702/MapServer/26","sourceId":"astana-municipal-green"}},{"type":"Feature","id":"municipal-green-425","geometry":{"type":"Polygon","coordinates":[[[71.4386737,51.1654004],[71.4388335,51.1654184],[71.438823,51.1654539],[71.4387934,51.1654619],[71.4386731,51.1654455],[71.4386737,51.1654004]]]},"properties":{"OBJECTID":425,"kind":"park","name":"Озеленение","source":"Astana municipal open geoportal","source_url":"https://gis.esaulet.kz/server/rest/services/Sloi_geoportala_otkrytiy_kontur_0702/MapServer/26","sourceId":"astana-municipal-green"}},{"type":"Feature","id":"municipal-green-430","geometry":{"type":"Polygon","coordinates":[[[71.4101863,51.1406646],[71.4101373,51.1405407],[71.4102893,51.1405176],[71.410314,51.1405836],[71.4102267,51.1406588],[71.4101863,51.1406646]]]},"properties":{"OBJECTID":430,"kind":"park","name":"Озеленение","source":"Astana municipal open geoportal","source_url":"https://gis.esaulet.kz/server/rest/services/Sloi_geoportala_otkrytiy_kontur_0702/MapServer/26","sourceId":"astana-municipal-green"}},{"type":"Feature","id":"municipal-green-431","geometry":{"type":"Polygon","coordinates":[[[71.4102375,51.1406672],[71.41032,51.1405955],[71.4103612,51.1406989],[71.4102375,51.1406672]]]},"properties":{"OBJECTID":431,"kind":"park","name":"Озеленение","source":"Astana municipal open geoportal","source_url":"https://gis.esaulet.kz/server/rest/services/Sloi_geoportala_otkrytiy_kontur_0702/MapServer/26","sourceId":"astana-municipal-green"}},{"type":"Feature","id":"municipal-green-432","geometry":{"type":"Polygon","coordinates":[[[71.4646031,51.1575333],[71.4646288,51.1575118],[71.4656788,51.1580132],[71.4656581,51.1580335],[71.4646031,51.1575333]]]},"properties":{"OBJECTID":432,"kind":"park","name":"Озеленение","source":"Astana municipal open geoportal","source_url":"https://gis.esaulet.kz/server/rest/services/Sloi_geoportala_otkrytiy_kontur_0702/MapServer/26","sourceId":"astana-municipal-green"}},{"type":"Feature","id":"municipal-green-435","geometry":{"type":"Polygon","coordinates":[[[71.4357966,51.1695742],[71.4356756,51.1695608],[71.4357155,51.169516],[71.4358099,51.1695273],[71.4357966,51.1695742]]]},"properties":{"OBJECTID":435,"kind":"park","name":"Озеленение","source":"Astana municipal open geoportal","source_url":"https://gis.esaulet.kz/server/rest/services/Sloi_geoportala_otkrytiy_kontur_0702/MapServer/26","sourceId":"astana-municipal-green"}},{"type":"Feature","id":"municipal-green-438","geometry":{"type":"Polygon","coordinates":[[[71.4073903,51.1189951],[71.4073458,51.1188752],[71.4073772,51.1188491],[71.4074256,51.1188417],[71.4074463,51.118895],[71.4076218,51.1188679],[71.4076116,51.1188417],[71.4078063,51.1188142],[71.4078402,51.1189067],[71.4078198,51.1189311],[71.4073903,51.1189951]]]},"properties":{"OBJECTID":438,"kind":"park","name":"Озеленение","source":"Astana municipal open geoportal","source_url":"https://gis.esaulet.kz/server/rest/services/Sloi_geoportala_otkrytiy_kontur_0702/MapServer/26","sourceId":"astana-municipal-green"}},{"type":"Feature","id":"municipal-green-439","geometry":{"type":"Polygon","coordinates":[[[71.4071514,51.1184295],[71.4071818,51.1184249],[71.4071931,51.1184555],[71.4071514,51.1184295]]]},"properties":{"OBJECTID":439,"kind":"park","name":"Озеленение","source":"Astana municipal open geoportal","source_url":"https://gis.esaulet.kz/server/rest/services/Sloi_geoportala_otkrytiy_kontur_0702/MapServer/26","sourceId":"astana-municipal-green"}},{"type":"Feature","id":"municipal-green-440","geometry":{"type":"Polygon","coordinates":[[[71.4077595,51.1190426],[71.4078823,51.1190155],[71.4079602,51.1192256],[71.4077962,51.1192498],[71.4077734,51.1191885],[71.4075171,51.1192262],[71.4075007,51.1191813],[71.4077906,51.1191234],[71.4077595,51.1190426]]]},"properties":{"OBJECTID":440,"kind":"park","name":"Озеленение","source":"Astana municipal open geoportal","source_url":"https://gis.esaulet.kz/server/rest/services/Sloi_geoportala_otkrytiy_kontur_0702/MapServer/26","sourceId":"astana-municipal-green"}},{"type":"Feature","id":"municipal-green-441","geometry":{"type":"Polygon","coordinates":[[[71.4800933,51.1487718],[71.4800679,51.1488068],[71.4794283,51.1486256],[71.4794522,51.1485922],[71.4800933,51.1487718]]]},"properties":{"OBJECTID":441,"kind":"park","name":"Озеленение","source":"Astana municipal open geoportal","source_url":"https://gis.esaulet.kz/server/rest/services/Sloi_geoportala_otkrytiy_kontur_0702/MapServer/26","sourceId":"astana-municipal-green"}},{"type":"Feature","id":"municipal-green-442","geometry":{"type":"Polygon","coordinates":[[[71.4634924,51.146011],[71.4634136,51.1460562],[71.4634151,51.1460099],[71.4634924,51.146011]]]},"properties":{"OBJECTID":442,"kind":"park","name":"Озеленение","source":"Astana municipal open geoportal","source_url":"https://gis.esaulet.kz/server/rest/services/Sloi_geoportala_otkrytiy_kontur_0702/MapServer/26","sourceId":"astana-municipal-green"}},{"type":"Feature","id":"municipal-green-443","geometry":{"type":"Polygon","coordinates":[[[71.4604745,51.1460129],[71.460502,51.1459742],[71.4606524,51.1460148],[71.4604745,51.1460129]]]},"properties":{"OBJECTID":443,"kind":"park","name":"Озеленение","source":"Astana municipal open geoportal","source_url":"https://gis.esaulet.kz/server/rest/services/Sloi_geoportala_otkrytiy_kontur_0702/MapServer/26","sourceId":"astana-municipal-green"}},{"type":"Feature","id":"municipal-green-444","geometry":{"type":"Polygon","coordinates":[[[71.4604624,51.1460301],[71.4606925,51.1460307],[71.4605466,51.1460693],[71.4604491,51.1460488],[71.4604624,51.1460301]]]},"properties":{"OBJECTID":444,"kind":"park","name":"Озеленение","source":"Astana municipal open geoportal","source_url":"https://gis.esaulet.kz/server/rest/services/Sloi_geoportala_otkrytiy_kontur_0702/MapServer/26","sourceId":"astana-municipal-green"}},{"type":"Feature","id":"municipal-green-445","geometry":{"type":"Polygon","coordinates":[[[71.4283551,51.1671835],[71.4285001,51.1672019],[71.4285179,51.1672538],[71.4283734,51.1672319],[71.4283453,51.1672151],[71.4283551,51.1671835]]]},"properties":{"OBJECTID":445,"kind":"park","name":"Озеленение","source":"Astana municipal open geoportal","source_url":"https://gis.esaulet.kz/server/rest/services/Sloi_geoportala_otkrytiy_kontur_0702/MapServer/26","sourceId":"astana-municipal-green"}},{"type":"Feature","id":"municipal-green-447","geometry":{"type":"Polygon","coordinates":[[[71.4082948,51.1201084],[71.4083583,51.1202961],[71.4079615,51.1203725],[71.4079121,51.120245],[71.4080332,51.1202259],[71.4080098,51.1201516],[71.4082948,51.1201084]]]},"properties":{"OBJECTID":447,"kind":"park","name":"Озеленение","source":"Astana municipal open geoportal","source_url":"https://gis.esaulet.kz/server/rest/services/Sloi_geoportala_otkrytiy_kontur_0702/MapServer/26","sourceId":"astana-municipal-green"}},{"type":"Feature","id":"municipal-green-448","geometry":{"type":"Polygon","coordinates":[[[71.4078401,51.1200471],[71.4077836,51.1198761],[71.4081772,51.119813],[71.4082769,51.1200612],[71.4079962,51.1201082],[71.4079652,51.1200283],[71.4078401,51.1200471]]]},"properties":{"OBJECTID":448,"kind":"park","name":"Озеленение","source":"Astana municipal open geoportal","source_url":"https://gis.esaulet.kz/server/rest/services/Sloi_geoportala_otkrytiy_kontur_0702/MapServer/26","sourceId":"astana-municipal-green"}},{"type":"Feature","id":"municipal-green-449","geometry":{"type":"Polygon","coordinates":[[[71.4076205,51.1180293],[71.4076575,51.1180236],[71.407695,51.1181288],[71.4079108,51.1180986],[71.407868,51.1179776],[71.4080594,51.1177944],[71.4080894,51.1178944],[71.4078967,51.1181274],[71.4076625,51.1181379],[71.4076205,51.1180293]]]},"properties":{"OBJECTID":449,"kind":"park","name":"Озеленение","source":"Astana municipal open geoportal","source_url":"https://gis.esaulet.kz/server/rest/services/Sloi_geoportala_otkrytiy_kontur_0702/MapServer/26","sourceId":"astana-municipal-green"}},{"type":"Feature","id":"municipal-green-450","geometry":{"type":"Polygon","coordinates":[[[71.4062193,51.1176148],[71.4063511,51.117396],[71.4063911,51.1173669],[71.4064255,51.117471],[71.4063581,51.1174885],[71.4065033,51.1176019],[71.4065624,51.1176219],[71.406599,51.1175845],[71.4066225,51.1175961],[71.4066237,51.1177135],[71.4065532,51.1176878],[71.4065369,51.1177054],[71.4062678,51.1176073],[71.40625,51.1176266],[71.4062193,51.1176148]]]},"properties":{"OBJECTID":450,"kind":"park","name":"Озеленение","source":"Astana municipal open geoportal","source_url":"https://gis.esaulet.kz/server/rest/services/Sloi_geoportala_otkrytiy_kontur_0702/MapServer/26","sourceId":"astana-municipal-green"}},{"type":"Feature","id":"municipal-green-451","geometry":{"type":"Polygon","coordinates":[[[71.4067582,51.1183136],[71.4068159,51.118469],[71.4070688,51.1184318],[71.4070732,51.1184674],[71.4067618,51.1185131],[71.406678,51.1183366],[71.4067582,51.1183136]]]},"properties":{"OBJECTID":451,"kind":"park","name":"Озеленение","source":"Astana municipal open geoportal","source_url":"https://gis.esaulet.kz/server/rest/services/Sloi_geoportala_otkrytiy_kontur_0702/MapServer/26","sourceId":"astana-municipal-green"}},{"type":"Feature","id":"municipal-green-452","geometry":{"type":"Polygon","coordinates":[[[71.4074391,51.119519],[71.4078734,51.1194573],[71.407812,51.1192923],[71.4079772,51.1192673],[71.4080439,51.1194374],[71.4071511,51.1195667],[71.4074391,51.119519]]]},"properties":{"OBJECTID":452,"kind":"park","name":"Озеленение","source":"Astana municipal open geoportal","source_url":"https://gis.esaulet.kz/server/rest/services/Sloi_geoportala_otkrytiy_kontur_0702/MapServer/26","sourceId":"astana-municipal-green"}},{"type":"Feature","id":"municipal-green-453","geometry":{"type":"Polygon","coordinates":[[[71.4284938,51.1674115],[71.4284892,51.1674267],[71.4286368,51.1674516],[71.4286376,51.1675099],[71.4282899,51.1674744],[71.4283123,51.167403],[71.4284938,51.1674115]]]},"properties":{"OBJECTID":453,"kind":"park","name":"Озеленение","source":"Astana municipal open geoportal","source_url":"https://gis.esaulet.kz/server/rest/services/Sloi_geoportala_otkrytiy_kontur_0702/MapServer/26","sourceId":"astana-municipal-green"}},{"type":"Feature","id":"municipal-green-454","geometry":{"type":"Polygon","coordinates":[[[71.4303152,51.167886],[71.4303055,51.1679187],[71.4302035,51.1679064],[71.4302133,51.167874],[71.4303152,51.167886]]]},"properties":{"OBJECTID":454,"kind":"park","name":"Озеленение","source":"Astana municipal open geoportal","source_url":"https://gis.esaulet.kz/server/rest/services/Sloi_geoportala_otkrytiy_kontur_0702/MapServer/26","sourceId":"astana-municipal-green"}},{"type":"Feature","id":"municipal-green-455","geometry":{"type":"Polygon","coordinates":[[[71.3977017,51.1418123],[71.3976174,51.1418255],[71.3976476,51.1417922],[71.3977017,51.1418123]]]},"properties":{"OBJECTID":455,"kind":"park","name":"Озеленение","source":"Astana municipal open geoportal","source_url":"https://gis.esaulet.kz/server/rest/services/Sloi_geoportala_otkrytiy_kontur_0702/MapServer/26","sourceId":"astana-municipal-green"}},{"type":"Feature","id":"municipal-green-456","geometry":{"type":"Polygon","coordinates":[[[71.4070185,51.1175234],[71.4070751,51.117548],[71.4071431,51.1174754],[71.4071656,51.1174136],[71.4071661,51.1173713],[71.4070925,51.1173719],[71.4070447,51.117274],[71.4071969,51.117247],[71.4073517,51.1172874],[71.4073155,51.1173279],[71.4076372,51.1174569],[71.4075652,51.1175323],[71.4075209,51.1175143],[71.4074954,51.1175385],[71.4073821,51.1174934],[71.4073565,51.1175188],[71.4073156,51.1175025],[71.4072137,51.1176038],[71.407181,51.1175857],[71.4071378,51.1176303],[71.4070207,51.1175726],[71.4070185,51.1175234]]]},"properties":{"OBJECTID":456,"kind":"park","name":"Озеленение","source":"Astana municipal open geoportal","source_url":"https://gis.esaulet.kz/server/rest/services/Sloi_geoportala_otkrytiy_kontur_0702/MapServer/26","sourceId":"astana-municipal-green"}},{"type":"Feature","id":"municipal-green-457","geometry":{"type":"Polygon","coordinates":[[[71.4803675,51.1487954],[71.4803798,51.1488295],[71.4803434,51.1488845],[71.4800825,51.148811],[71.4801078,51.1487758],[71.4801997,51.1487459],[71.4803675,51.1487954]]]},"properties":{"OBJECTID":457,"kind":"park","name":"Озеленение","source":"Astana municipal open geoportal","source_url":"https://gis.esaulet.kz/server/rest/services/Sloi_geoportala_otkrytiy_kontur_0702/MapServer/26","sourceId":"astana-municipal-green"}},{"type":"Feature","id":"municipal-green-458","geometry":{"type":"Polygon","coordinates":[[[71.4289549,51.1675509],[71.4287097,51.1675178],[71.4287536,51.1674631],[71.4289445,51.1674846],[71.4290346,51.167226],[71.4290603,51.1672292],[71.4289549,51.1675509]]]},"properties":{"OBJECTID":458,"kind":"park","name":"Озеленение","source":"Astana municipal open geoportal","source_url":"https://gis.esaulet.kz/server/rest/services/Sloi_geoportala_otkrytiy_kontur_0702/MapServer/26","sourceId":"astana-municipal-green"}},{"type":"Feature","id":"municipal-green-459","geometry":{"type":"Polygon","coordinates":[[[71.3984754,51.1420333],[71.3984574,51.1421704],[71.3984239,51.1421942],[71.3983853,51.1421928],[71.398271,51.1420714],[71.3983327,51.1420199],[71.3984785,51.1420029],[71.3984754,51.1420333]]]},"properties":{"OBJECTID":459,"kind":"park","name":"Озеленение","source":"Astana municipal open geoportal","source_url":"https://gis.esaulet.kz/server/rest/services/Sloi_geoportala_otkrytiy_kontur_0702/MapServer/26","sourceId":"astana-municipal-green"}},{"type":"Feature","id":"municipal-green-460","geometry":{"type":"Polygon","coordinates":[[[71.3984877,51.1419141],[71.3984797,51.1419909],[71.3983311,51.1420072],[71.3982726,51.1419543],[71.3984094,51.1418104],[71.3983704,51.1417702],[71.3983793,51.1417415],[71.3984945,51.1417637],[71.3984877,51.1419141]]]},"properties":{"OBJECTID":460,"kind":"park","name":"Озеленение","source":"Astana municipal open geoportal","source_url":"https://gis.esaulet.kz/server/rest/services/Sloi_geoportala_otkrytiy_kontur_0702/MapServer/26","sourceId":"astana-municipal-green"}},{"type":"Feature","id":"municipal-green-461","geometry":{"type":"Polygon","coordinates":[[[71.3965257,51.1419124],[71.3965515,51.141943],[71.3965106,51.1419262],[71.3965257,51.1419124]]]},"properties":{"OBJECTID":461,"kind":"park","name":"Озеленение","source":"Astana municipal open geoportal","source_url":"https://gis.esaulet.kz/server/rest/services/Sloi_geoportala_otkrytiy_kontur_0702/MapServer/26","sourceId":"astana-municipal-green"}},{"type":"Feature","id":"municipal-green-462","geometry":{"type":"Polygon","coordinates":[[[71.3967586,51.1418897],[71.3966982,51.1419134],[71.3966763,51.1418909],[71.3966961,51.1418678],[71.3967586,51.1418897]]]},"properties":{"OBJECTID":462,"kind":"park","name":"Озеленение","source":"Astana municipal open geoportal","source_url":"https://gis.esaulet.kz/server/rest/services/Sloi_geoportala_otkrytiy_kontur_0702/MapServer/26","sourceId":"astana-municipal-green"}},{"type":"Feature","id":"municipal-green-463","geometry":{"type":"Polygon","coordinates":[[[71.3969503,51.1418124],[71.396967,51.1418144],[71.3969534,51.1418291],[71.3969084,51.1418151],[71.3969503,51.1418124]]]},"properties":{"OBJECTID":463,"kind":"park","name":"Озеленение","source":"Astana municipal open geoportal","source_url":"https://gis.esaulet.kz/server/rest/services/Sloi_geoportala_otkrytiy_kontur_0702/MapServer/26","sourceId":"astana-municipal-green"}},{"type":"Feature","id":"municipal-green-464","geometry":{"type":"Polygon","coordinates":[[[71.3980518,51.1425662],[71.3980617,51.142582],[71.3979631,51.1426904],[71.3979419,51.1426822],[71.3980518,51.1425662]]]},"properties":{"OBJECTID":464,"kind":"park","name":"Озеленение","source":"Astana municipal open geoportal","source_url":"https://gis.esaulet.kz/server/rest/services/Sloi_geoportala_otkrytiy_kontur_0702/MapServer/26","sourceId":"astana-municipal-green"}},{"type":"Feature","id":"municipal-green-465","geometry":{"type":"Polygon","coordinates":[[[71.3983097,51.1418509],[71.3982175,51.1419498],[71.3981891,51.1419533],[71.3982893,51.1418432],[71.3983097,51.1418509]]]},"properties":{"OBJECTID":465,"kind":"park","name":"Озеленение","source":"Astana municipal open geoportal","source_url":"https://gis.esaulet.kz/server/rest/services/Sloi_geoportala_otkrytiy_kontur_0702/MapServer/26","sourceId":"astana-municipal-green"}},{"type":"Feature","id":"municipal-green-466","geometry":{"type":"Polygon","coordinates":[[[71.3978271,51.1419379],[71.397728,51.1420558],[71.3977108,51.1420496],[71.3978271,51.1419379]]]},"properties":{"OBJECTID":466,"kind":"park","name":"Озеленение","source":"Astana municipal open geoportal","source_url":"https://gis.esaulet.kz/server/rest/services/Sloi_geoportala_otkrytiy_kontur_0702/MapServer/26","sourceId":"astana-municipal-green"}},{"type":"Feature","id":"municipal-green-470","geometry":{"type":"Polygon","coordinates":[[[71.454501,51.1181237],[71.4545313,51.1181221],[71.4545426,51.1181938],[71.4545128,51.1181956],[71.454501,51.1181237]]]},"properties":{"OBJECTID":470,"kind":"park","name":"Озеленение","source":"Astana municipal open geoportal","source_url":"https://gis.esaulet.kz/server/rest/services/Sloi_geoportala_otkrytiy_kontur_0702/MapServer/26","sourceId":"astana-municipal-green"}},{"type":"Feature","id":"municipal-green-472","geometry":{"type":"Polygon","coordinates":[[[71.4651357,51.1688094],[71.465188,51.1687945],[71.4652301,51.1688509],[71.4651779,51.1688673],[71.4651357,51.1688094]]]},"properties":{"OBJECTID":472,"kind":"park","name":"Озеленение","source":"Astana municipal open geoportal","source_url":"https://gis.esaulet.kz/server/rest/services/Sloi_geoportala_otkrytiy_kontur_0702/MapServer/26","sourceId":"astana-municipal-green"}},{"type":"Feature","id":"municipal-green-473","geometry":{"type":"Polygon","coordinates":[[[71.4649163,51.168791],[71.4648943,51.1687661],[71.4649967,51.1687332],[71.4650196,51.1687586],[71.4649163,51.168791]]]},"properties":{"OBJECTID":473,"kind":"park","name":"Озеленение","source":"Astana municipal open geoportal","source_url":"https://gis.esaulet.kz/server/rest/services/Sloi_geoportala_otkrytiy_kontur_0702/MapServer/26","sourceId":"astana-municipal-green"}},{"type":"Feature","id":"municipal-green-476","geometry":{"type":"Polygon","coordinates":[[[71.3975495,51.1421535],[71.3971996,51.1421314],[71.3973428,51.1420093],[71.3975042,51.1420666],[71.3977022,51.1418623],[71.3977742,51.1418838],[71.3977724,51.1419106],[71.3975495,51.1421535]]]},"properties":{"OBJECTID":476,"kind":"park","name":"Озеленение","source":"Astana municipal open geoportal","source_url":"https://gis.esaulet.kz/server/rest/services/Sloi_geoportala_otkrytiy_kontur_0702/MapServer/26","sourceId":"astana-municipal-green"}},{"type":"Feature","id":"municipal-green-477","geometry":{"type":"Polygon","coordinates":[[[71.3965281,51.1419662],[71.3964736,51.141966],[71.3964874,51.1419512],[71.3965281,51.1419662]]]},"properties":{"OBJECTID":477,"kind":"park","name":"Озеленение","source":"Astana municipal open geoportal","source_url":"https://gis.esaulet.kz/server/rest/services/Sloi_geoportala_otkrytiy_kontur_0702/MapServer/26","sourceId":"astana-municipal-green"}},{"type":"Feature","id":"municipal-green-478","geometry":{"type":"Polygon","coordinates":[[[71.39826,51.1423745],[71.3981365,51.1424819],[71.3982388,51.142367],[71.39826,51.1423745]]]},"properties":{"OBJECTID":478,"kind":"park","name":"Озеленение","source":"Astana municipal open geoportal","source_url":"https://gis.esaulet.kz/server/rest/services/Sloi_geoportala_otkrytiy_kontur_0702/MapServer/26","sourceId":"astana-municipal-green"}},{"type":"Feature","id":"municipal-green-479","geometry":{"type":"Polygon","coordinates":[[[71.3968591,51.1420188],[71.3968375,51.1420109],[71.3969602,51.1419043],[71.3968591,51.1420188]]]},"properties":{"OBJECTID":479,"kind":"park","name":"Озеленение","source":"Astana municipal open geoportal","source_url":"https://gis.esaulet.kz/server/rest/services/Sloi_geoportala_otkrytiy_kontur_0702/MapServer/26","sourceId":"astana-municipal-green"}},{"type":"Feature","id":"municipal-green-480","geometry":{"type":"Polygon","coordinates":[[[71.4291223,51.1670284],[71.4291358,51.1670506],[71.4290899,51.1671889],[71.4290563,51.1671847],[71.4290684,51.1670767],[71.4289954,51.1670677],[71.4290032,51.167043],[71.4288728,51.1670268],[71.428865,51.1670515],[71.4287935,51.1670426],[71.4287733,51.1671069],[71.4287315,51.1671294],[71.4287596,51.1670373],[71.4287245,51.1670282],[71.4287918,51.1669789],[71.4290698,51.1670042],[71.4291223,51.1670284]]]},"properties":{"OBJECTID":480,"kind":"park","name":"Озеленение","source":"Astana municipal open geoportal","source_url":"https://gis.esaulet.kz/server/rest/services/Sloi_geoportala_otkrytiy_kontur_0702/MapServer/26","sourceId":"astana-municipal-green"}},{"type":"Feature","id":"municipal-green-498","geometry":{"type":"Polygon","coordinates":[[[71.4090725,51.167526],[71.4090591,51.1675135],[71.4090903,51.167409],[71.4092007,51.1674297],[71.4091716,51.16753],[71.4090725,51.167526]]]},"properties":{"OBJECTID":498,"kind":"park","name":"Озеленение","source":"Astana municipal open geoportal","source_url":"https://gis.esaulet.kz/server/rest/services/Sloi_geoportala_otkrytiy_kontur_0702/MapServer/26","sourceId":"astana-municipal-green"}},{"type":"Feature","id":"municipal-green-500","geometry":{"type":"Polygon","coordinates":[[[71.4546221,51.141851],[71.4546085,51.14187],[71.4547865,51.141913],[71.4548025,51.141944],[71.4541117,51.1417697],[71.4541407,51.1417273],[71.4546221,51.141851]]]},"properties":{"OBJECTID":500,"kind":"park","name":"Озеленение","source":"Astana municipal open geoportal","source_url":"https://gis.esaulet.kz/server/rest/services/Sloi_geoportala_otkrytiy_kontur_0702/MapServer/26","sourceId":"astana-municipal-green"}},{"type":"Feature","id":"municipal-green-506","geometry":{"type":"Polygon","coordinates":[[[71.4738841,51.1236777],[71.4737227,51.1237038],[71.4736839,51.1236083],[71.4738453,51.1235825],[71.4738841,51.1236777]]]},"properties":{"OBJECTID":506,"kind":"park","name":"Озеленение","source":"Astana municipal open geoportal","source_url":"https://gis.esaulet.kz/server/rest/services/Sloi_geoportala_otkrytiy_kontur_0702/MapServer/26","sourceId":"astana-municipal-green"}},{"type":"Feature","id":"municipal-green-507","geometry":{"type":"Polygon","coordinates":[[[71.4736734,51.123711],[71.473512,51.1237372],[71.4734722,51.123642],[71.4736347,51.1236159],[71.4736734,51.123711]]]},"properties":{"OBJECTID":507,"kind":"park","name":"Озеленение","source":"Astana municipal open geoportal","source_url":"https://gis.esaulet.kz/server/rest/services/Sloi_geoportala_otkrytiy_kontur_0702/MapServer/26","sourceId":"astana-municipal-green"}},{"type":"Feature","id":"municipal-green-514","geometry":{"type":"Polygon","coordinates":[[[71.396683,51.1421112],[71.3963571,51.1420944],[71.3964624,51.141978],[71.3966119,51.1419695],[71.3966936,51.1419393],[71.3967259,51.1419512],[71.3968017,51.1418618],[71.3967721,51.1418516],[71.396866,51.1418282],[71.3969044,51.1418819],[71.396683,51.1421112]]]},"properties":{"OBJECTID":514,"kind":"park","name":"Озеленение","source":"Astana municipal open geoportal","source_url":"https://gis.esaulet.kz/server/rest/services/Sloi_geoportala_otkrytiy_kontur_0702/MapServer/26","sourceId":"astana-municipal-green"}},{"type":"Feature","id":"municipal-green-515","geometry":{"type":"Polygon","coordinates":[[[71.3958437,51.1420697],[71.3953911,51.1420425],[71.3954874,51.1419433],[71.395544,51.1419173],[71.3957895,51.142005],[71.3958283,51.1419649],[71.3957678,51.1419429],[71.3959493,51.1417461],[71.3960725,51.141792],[71.3960626,51.1418319],[71.3958437,51.1420697]]]},"properties":{"OBJECTID":515,"kind":"park","name":"Озеленение","source":"Astana municipal open geoportal","source_url":"https://gis.esaulet.kz/server/rest/services/Sloi_geoportala_otkrytiy_kontur_0702/MapServer/26","sourceId":"astana-municipal-green"}},{"type":"Feature","id":"municipal-green-520","geometry":{"type":"Polygon","coordinates":[[[71.474203,51.12249],[71.4743239,51.1225329],[71.4743458,51.1225778],[71.4743297,51.1226231],[71.474215,51.122672],[71.4740873,51.1226378],[71.4740567,51.1225904],[71.4740719,51.1225396],[71.4741258,51.1225032],[71.474203,51.12249]]]},"properties":{"OBJECTID":520,"kind":"park","name":"Озеленение","source":"Astana municipal open geoportal","source_url":"https://gis.esaulet.kz/server/rest/services/Sloi_geoportala_otkrytiy_kontur_0702/MapServer/26","sourceId":"astana-municipal-green"}},{"type":"Feature","id":"municipal-green-533","geometry":{"type":"Polygon","coordinates":[[[71.4666567,51.1371583],[71.4667317,51.1370525],[71.4668143,51.1370749],[71.4667393,51.1371832],[71.4666567,51.1371583]]]},"properties":{"OBJECTID":533,"kind":"park","name":"Озеленение","source":"Astana municipal open geoportal","source_url":"https://gis.esaulet.kz/server/rest/services/Sloi_geoportala_otkrytiy_kontur_0702/MapServer/26","sourceId":"astana-municipal-green"}},{"type":"Feature","id":"municipal-green-538","geometry":{"type":"Polygon","coordinates":[[[71.4136671,51.1679398],[71.4136111,51.1679329],[71.4136125,51.1679065],[71.4136231,51.1678747],[71.413653,51.1678778],[71.4136792,51.1677896],[71.4138391,51.1678079],[71.4137245,51.1678046],[71.4136671,51.1679398]]]},"properties":{"OBJECTID":538,"kind":"park","name":"Озеленение","source":"Astana municipal open geoportal","source_url":"https://gis.esaulet.kz/server/rest/services/Sloi_geoportala_otkrytiy_kontur_0702/MapServer/26","sourceId":"astana-municipal-green"}},{"type":"Feature","id":"municipal-green-542","geometry":{"type":"Polygon","coordinates":[[[71.4359232,51.1671026],[71.4359757,51.1670706],[71.436105,51.167079],[71.4360969,51.1671171],[71.4359232,51.1671026]]]},"properties":{"OBJECTID":542,"kind":"park","name":"Озеленение","source":"Astana municipal open geoportal","source_url":"https://gis.esaulet.kz/server/rest/services/Sloi_geoportala_otkrytiy_kontur_0702/MapServer/26","sourceId":"astana-municipal-green"}},{"type":"Feature","id":"municipal-green-543","geometry":{"type":"Polygon","coordinates":[[[71.3947016,51.1508385],[71.394663,51.1508212],[71.394712,51.1508295],[71.3947016,51.1508385]]]},"properties":{"OBJECTID":543,"kind":"park","name":"Озеленение","source":"Astana municipal open geoportal","source_url":"https://gis.esaulet.kz/server/rest/services/Sloi_geoportala_otkrytiy_kontur_0702/MapServer/26","sourceId":"astana-municipal-green"}},{"type":"Feature","id":"municipal-green-544","geometry":{"type":"Polygon","coordinates":[[[71.3944322,51.1508818],[71.3943867,51.1508614],[71.3944193,51.1508327],[71.3944445,51.150844],[71.3944211,51.150865],[71.3944322,51.1508818]]]},"properties":{"OBJECTID":544,"kind":"park","name":"Озеленение","source":"Astana municipal open geoportal","source_url":"https://gis.esaulet.kz/server/rest/services/Sloi_geoportala_otkrytiy_kontur_0702/MapServer/26","sourceId":"astana-municipal-green"}},{"type":"Feature","id":"municipal-green-547","geometry":{"type":"Polygon","coordinates":[[[71.4259328,51.1676648],[71.4259656,51.1675635],[71.4259952,51.1675667],[71.4259801,51.1676167],[71.426028,51.1676298],[71.4259328,51.1676648]]]},"properties":{"OBJECTID":547,"kind":"park","name":"Озеленение","source":"Astana municipal open geoportal","source_url":"https://gis.esaulet.kz/server/rest/services/Sloi_geoportala_otkrytiy_kontur_0702/MapServer/26","sourceId":"astana-municipal-green"}},{"type":"Feature","id":"municipal-green-548","geometry":{"type":"Polygon","coordinates":[[[71.4252354,51.1676316],[71.4256634,51.1676766],[71.4256467,51.1677306],[71.4251521,51.1676819],[71.4251717,51.1676471],[71.4252354,51.1676316]]]},"properties":{"OBJECTID":548,"kind":"park","name":"Озеленение","source":"Astana municipal open geoportal","source_url":"https://gis.esaulet.kz/server/rest/services/Sloi_geoportala_otkrytiy_kontur_0702/MapServer/26","sourceId":"astana-municipal-green"}},{"type":"Feature","id":"municipal-green-549","geometry":{"type":"Polygon","coordinates":[[[71.4327075,51.1642531],[71.4327359,51.1642705],[71.4327275,51.1643073],[71.432169,51.1642445],[71.4321822,51.1641914],[71.4327075,51.1642531]]]},"properties":{"OBJECTID":549,"kind":"park","name":"Озеленение","source":"Astana municipal open geoportal","source_url":"https://gis.esaulet.kz/server/rest/services/Sloi_geoportala_otkrytiy_kontur_0702/MapServer/26","sourceId":"astana-municipal-green"}},{"type":"Feature","id":"municipal-green-550","geometry":{"type":"Polygon","coordinates":[[[71.4340968,51.1644141],[71.4346038,51.1644717],[71.4345889,51.1645229],[71.4340416,51.1644611],[71.4340558,51.1644262],[71.4340968,51.1644141]]]},"properties":{"OBJECTID":550,"kind":"park","name":"Озеленение","source":"Astana municipal open geoportal","source_url":"https://gis.esaulet.kz/server/rest/services/Sloi_geoportala_otkrytiy_kontur_0702/MapServer/26","sourceId":"astana-municipal-green"}},{"type":"Feature","id":"municipal-green-551","geometry":{"type":"Polygon","coordinates":[[[71.4331931,51.16423],[71.433202,51.1641986],[71.4332547,51.1642045],[71.4332459,51.1642358],[71.4331931,51.16423]]]},"properties":{"OBJECTID":551,"kind":"park","name":"Озеленение","source":"Astana municipal open geoportal","source_url":"https://gis.esaulet.kz/server/rest/services/Sloi_geoportala_otkrytiy_kontur_0702/MapServer/26","sourceId":"astana-municipal-green"}},{"type":"Feature","id":"municipal-green-552","geometry":{"type":"Polygon","coordinates":[[[71.4229857,51.1147636],[71.4222084,51.1148748],[71.4221758,51.1147749],[71.4222341,51.1147261],[71.4229354,51.1146258],[71.4229857,51.1147636]]]},"properties":{"OBJECTID":552,"kind":"park","name":"Озеленение","source":"Astana municipal open geoportal","source_url":"https://gis.esaulet.kz/server/rest/services/Sloi_geoportala_otkrytiy_kontur_0702/MapServer/26","sourceId":"astana-municipal-green"}},{"type":"Feature","id":"municipal-green-553","geometry":{"type":"Polygon","coordinates":[[[71.4329299,51.11287],[71.4328891,51.1129388],[71.4328055,51.1129782],[71.4327696,51.1128778],[71.4329299,51.11287]]]},"properties":{"OBJECTID":553,"kind":"park","name":"Озеленение","source":"Astana municipal open geoportal","source_url":"https://gis.esaulet.kz/server/rest/services/Sloi_geoportala_otkrytiy_kontur_0702/MapServer/26","sourceId":"astana-municipal-green"}},{"type":"Feature","id":"municipal-green-554","geometry":{"type":"Polygon","coordinates":[[[71.4330007,51.1132595],[71.4330733,51.113295],[71.4330904,51.1133278],[71.4329347,51.11335],[71.4328994,51.1132504],[71.4330007,51.1132595]]]},"properties":{"OBJECTID":554,"kind":"park","name":"Озеленение","source":"Astana municipal open geoportal","source_url":"https://gis.esaulet.kz/server/rest/services/Sloi_geoportala_otkrytiy_kontur_0702/MapServer/26","sourceId":"astana-municipal-green"}},{"type":"Feature","id":"municipal-green-555","geometry":{"type":"Polygon","coordinates":[[[71.4328772,51.1133582],[71.4323181,51.113438],[71.4322745,51.1133335],[71.4325546,51.11326],[71.4328304,51.1132206],[71.4328772,51.1133582]]]},"properties":{"OBJECTID":555,"kind":"park","name":"Озеленение","source":"Astana municipal open geoportal","source_url":"https://gis.esaulet.kz/server/rest/services/Sloi_geoportala_otkrytiy_kontur_0702/MapServer/26","sourceId":"astana-municipal-green"}},{"type":"Feature","id":"municipal-green-556","geometry":{"type":"Polygon","coordinates":[[[71.4322858,51.1134425],[71.4319316,51.1134926],[71.4318993,51.1134033],[71.4320142,51.1133866],[71.4320266,51.1134229],[71.4321497,51.1134059],[71.4321338,51.1133701],[71.4322484,51.1133544],[71.4322858,51.1134425]]]},"properties":{"OBJECTID":556,"kind":"park","name":"Озеленение","source":"Astana municipal open geoportal","source_url":"https://gis.esaulet.kz/server/rest/services/Sloi_geoportala_otkrytiy_kontur_0702/MapServer/26","sourceId":"astana-municipal-green"}},{"type":"Feature","id":"municipal-green-557","geometry":{"type":"Polygon","coordinates":[[[71.4312111,51.1134519],[71.431266,51.1134777],[71.4313025,51.1135825],[71.4296555,51.1138159],[71.4296168,51.113721],[71.4296642,51.1136701],[71.4312111,51.1134519]]]},"properties":{"OBJECTID":557,"kind":"park","name":"Озеленение","source":"Astana municipal open geoportal","source_url":"https://gis.esaulet.kz/server/rest/services/Sloi_geoportala_otkrytiy_kontur_0702/MapServer/26","sourceId":"astana-municipal-green"}},{"type":"Feature","id":"municipal-green-566","geometry":{"type":"Polygon","coordinates":[[[71.4740361,51.1226883],[71.474011,51.1229513],[71.4739068,51.1231394],[71.4737134,51.1233131],[71.4734453,51.123451],[71.4734332,51.1234876],[71.4734736,51.1235842],[71.4732759,51.1236151],[71.4732685,51.1235976],[71.4734368,51.1235709],[71.4734022,51.1234865],[71.4734203,51.1234385],[71.4736994,51.1232904],[71.4738671,51.1231389],[71.4739477,51.1230238],[71.4739935,51.1229068],[71.4740054,51.1227642],[71.4739812,51.1226863],[71.4740361,51.1226883]]]},"properties":{"OBJECTID":566,"kind":"park","name":"Озеленение","source":"Astana municipal open geoportal","source_url":"https://gis.esaulet.kz/server/rest/services/Sloi_geoportala_otkrytiy_kontur_0702/MapServer/26","sourceId":"astana-municipal-green"}},{"type":"Feature","id":"municipal-green-568","geometry":{"type":"Polygon","coordinates":[[[71.4847904,51.1525427],[71.4848404,51.152499],[71.4849413,51.1525395],[71.4849097,51.1525764],[71.4847904,51.1525427]]]},"properties":{"OBJECTID":568,"kind":"park","name":"Озеленение","source":"Astana municipal open geoportal","source_url":"https://gis.esaulet.kz/server/rest/services/Sloi_geoportala_otkrytiy_kontur_0702/MapServer/26","sourceId":"astana-municipal-green"}},{"type":"Feature","id":"municipal-green-572","geometry":{"type":"Polygon","coordinates":[[[71.4729957,51.1230436],[71.4727873,51.1231064],[71.4725772,51.123104],[71.4723857,51.1230381],[71.4722662,51.122923],[71.4723963,51.123029],[71.4725693,51.1230856],[71.472779,51.1230844],[71.4729548,51.1230324],[71.4730698,51.1229297],[71.4730974,51.1227996],[71.4730319,51.1226852],[71.4728736,51.1226025],[71.4726446,51.1225769],[71.4723867,51.1226531],[71.4722968,51.1227264],[71.4722516,51.1228862],[71.4722499,51.1227591],[71.4723527,51.1226401],[71.4725404,51.1225664],[71.4727384,51.1225473],[71.4729286,51.1225862],[71.4730823,51.1226843],[71.4731482,51.1228067],[71.4731175,51.1229373],[71.4729957,51.1230436]]]},"properties":{"OBJECTID":572,"kind":"park","name":"Озеленение","source":"Astana municipal open geoportal","source_url":"https://gis.esaulet.kz/server/rest/services/Sloi_geoportala_otkrytiy_kontur_0702/MapServer/26","sourceId":"astana-municipal-green"}},{"type":"Feature","id":"municipal-green-574","geometry":{"type":"Polygon","coordinates":[[[71.4525394,51.1602066],[71.4526296,51.1601675],[71.4526521,51.1601695],[71.4525394,51.1602066]]]},"properties":{"OBJECTID":574,"kind":"park","name":"Озеленение","source":"Astana municipal open geoportal","source_url":"https://gis.esaulet.kz/server/rest/services/Sloi_geoportala_otkrytiy_kontur_0702/MapServer/26","sourceId":"astana-municipal-green"}},{"type":"Feature","id":"municipal-green-575","geometry":{"type":"Polygon","coordinates":[[[71.452382,51.1602587],[71.4523897,51.1602461],[71.4524957,51.1602213],[71.452382,51.1602587]]]},"properties":{"OBJECTID":575,"kind":"park","name":"Озеленение","source":"Astana municipal open geoportal","source_url":"https://gis.esaulet.kz/server/rest/services/Sloi_geoportala_otkrytiy_kontur_0702/MapServer/26","sourceId":"astana-municipal-green"}},{"type":"Feature","id":"municipal-green-576","geometry":{"type":"Polygon","coordinates":[[[71.4522254,51.160311],[71.4522332,51.1602986],[71.4523347,51.1602751],[71.4522254,51.160311]]]},"properties":{"OBJECTID":576,"kind":"park","name":"Озеленение","source":"Astana municipal open geoportal","source_url":"https://gis.esaulet.kz/server/rest/services/Sloi_geoportala_otkrytiy_kontur_0702/MapServer/26","sourceId":"astana-municipal-green"}},{"type":"Feature","id":"municipal-green-577","geometry":{"type":"Polygon","coordinates":[[[71.4740954,51.1236447],[71.4739327,51.1236703],[71.4738941,51.1235751],[71.4740562,51.12355],[71.4740954,51.1236447]]]},"properties":{"OBJECTID":577,"kind":"park","name":"Озеленение","source":"Astana municipal open geoportal","source_url":"https://gis.esaulet.kz/server/rest/services/Sloi_geoportala_otkrytiy_kontur_0702/MapServer/26","sourceId":"astana-municipal-green"}},{"type":"Feature","id":"municipal-green-578","geometry":{"type":"Polygon","coordinates":[[[71.4734626,51.1237443],[71.4733001,51.1237697],[71.4732629,51.1236743],[71.4734251,51.123649],[71.4734626,51.1237443]]]},"properties":{"OBJECTID":578,"kind":"park","name":"Озеленение","source":"Astana municipal open geoportal","source_url":"https://gis.esaulet.kz/server/rest/services/Sloi_geoportala_otkrytiy_kontur_0702/MapServer/26","sourceId":"astana-municipal-green"}},{"type":"Feature","id":"municipal-green-579","geometry":{"type":"Polygon","coordinates":[[[71.4519921,51.1603787],[71.4520131,51.1603807],[71.45191,51.1604146],[71.4519921,51.1603787]]]},"properties":{"OBJECTID":579,"kind":"park","name":"Озеленение","source":"Astana municipal open geoportal","source_url":"https://gis.esaulet.kz/server/rest/services/Sloi_geoportala_otkrytiy_kontur_0702/MapServer/26","sourceId":"astana-municipal-green"}},{"type":"Feature","id":"municipal-green-580","geometry":{"type":"Polygon","coordinates":[[[71.4517519,51.1604676],[71.4517586,51.1604555],[71.4518533,51.1604342],[71.4517519,51.1604676]]]},"properties":{"OBJECTID":580,"kind":"park","name":"Озеленение","source":"Astana municipal open geoportal","source_url":"https://gis.esaulet.kz/server/rest/services/Sloi_geoportala_otkrytiy_kontur_0702/MapServer/26","sourceId":"astana-municipal-green"}},{"type":"Feature","id":"municipal-green-581","geometry":{"type":"Polygon","coordinates":[[[71.4516806,51.1604749],[71.4515802,51.1605086],[71.4515827,51.1604962],[71.4516806,51.1604749]]]},"properties":{"OBJECTID":581,"kind":"park","name":"Озеленение","source":"Astana municipal open geoportal","source_url":"https://gis.esaulet.kz/server/rest/services/Sloi_geoportala_otkrytiy_kontur_0702/MapServer/26","sourceId":"astana-municipal-green"}},{"type":"Feature","id":"municipal-green-582","geometry":{"type":"Polygon","coordinates":[[[71.451504,51.1605784],[71.4515202,51.1605737],[71.4514796,51.1606576],[71.451504,51.1605784]]]},"properties":{"OBJECTID":582,"kind":"park","name":"Озеленение","source":"Astana municipal open geoportal","source_url":"https://gis.esaulet.kz/server/rest/services/Sloi_geoportala_otkrytiy_kontur_0702/MapServer/26","sourceId":"astana-municipal-green"}},{"type":"Feature","id":"municipal-green-585","geometry":{"type":"Polygon","coordinates":[[[71.4624831,51.1448683],[71.4624809,51.1447199],[71.4624335,51.144722],[71.4624324,51.1444353],[71.4623749,51.1444199],[71.4623723,51.1443646],[71.4625672,51.144365],[71.4625715,51.1448672],[71.4626282,51.144869],[71.4624831,51.1448683]]]},"properties":{"OBJECTID":585,"kind":"park","name":"Озеленение","source":"Astana municipal open geoportal","source_url":"https://gis.esaulet.kz/server/rest/services/Sloi_geoportala_otkrytiy_kontur_0702/MapServer/26","sourceId":"astana-municipal-green"}},{"type":"Feature","id":"municipal-green-586","geometry":{"type":"Polygon","coordinates":[[[71.4619019,51.1510584],[71.4617637,51.1512318],[71.4615883,51.1511801],[71.4616693,51.1511296],[71.4617892,51.1509524],[71.4619541,51.151015],[71.4619324,51.1510644],[71.4619019,51.1510584]]]},"properties":{"OBJECTID":586,"kind":"park","name":"Озеленение","source":"Astana municipal open geoportal","source_url":"https://gis.esaulet.kz/server/rest/services/Sloi_geoportala_otkrytiy_kontur_0702/MapServer/26","sourceId":"astana-municipal-green"}},{"type":"Feature","id":"municipal-green-587","geometry":{"type":"Polygon","coordinates":[[[71.4614718,51.151064],[71.4615201,51.1510654],[71.4615587,51.1510105],[71.4615918,51.1510197],[71.4616184,51.1509818],[71.4615852,51.1509726],[71.4616163,51.1509282],[71.4617149,51.1508859],[71.4615322,51.1511641],[71.4613422,51.1511084],[71.4613871,51.1510405],[71.4614718,51.151064]]]},"properties":{"OBJECTID":587,"kind":"park","name":"Озеленение","source":"Astana municipal open geoportal","source_url":"https://gis.esaulet.kz/server/rest/services/Sloi_geoportala_otkrytiy_kontur_0702/MapServer/26","sourceId":"astana-municipal-green"}},{"type":"Feature","id":"municipal-green-588","geometry":{"type":"Polygon","coordinates":[[[71.4395547,51.1622928],[71.439679,51.1623283],[71.4396688,51.1623599],[71.4395797,51.1623502],[71.4395447,51.162323],[71.4395946,51.1621625],[71.4395547,51.1622928]]]},"properties":{"OBJECTID":588,"kind":"park","name":"Озеленение","source":"Astana municipal open geoportal","source_url":"https://gis.esaulet.kz/server/rest/services/Sloi_geoportala_otkrytiy_kontur_0702/MapServer/26","sourceId":"astana-municipal-green"}},{"type":"Feature","id":"municipal-green-589","geometry":{"type":"Polygon","coordinates":[[[71.4408102,51.1623136],[71.440966,51.1629768],[71.4409,51.1629369],[71.4407503,51.1623561],[71.4407652,51.1623268],[71.4408102,51.1623136]]]},"properties":{"OBJECTID":589,"kind":"park","name":"Озеленение","source":"Astana municipal open geoportal","source_url":"https://gis.esaulet.kz/server/rest/services/Sloi_geoportala_otkrytiy_kontur_0702/MapServer/26","sourceId":"astana-municipal-green"}},{"type":"Feature","id":"municipal-green-590","geometry":{"type":"Polygon","coordinates":[[[71.4155617,51.1156752],[71.415601,51.1156922],[71.4156255,51.1157577],[71.4150843,51.1158338],[71.4150659,51.1157781],[71.4155617,51.1156752]]]},"properties":{"OBJECTID":590,"kind":"park","name":"Озеленение","source":"Astana municipal open geoportal","source_url":"https://gis.esaulet.kz/server/rest/services/Sloi_geoportala_otkrytiy_kontur_0702/MapServer/26","sourceId":"astana-municipal-green"}},{"type":"Feature","id":"municipal-green-591","geometry":{"type":"Polygon","coordinates":[[[71.4146973,51.1158888],[71.4135508,51.1160487],[71.4135288,51.1159839],[71.4135812,51.1159543],[71.4144323,51.1158328],[71.414644,51.1158346],[71.4146593,51.1158858],[71.4146973,51.1158888]]]},"properties":{"OBJECTID":591,"kind":"park","name":"Озеленение","source":"Astana municipal open geoportal","source_url":"https://gis.esaulet.kz/server/rest/services/Sloi_geoportala_otkrytiy_kontur_0702/MapServer/26","sourceId":"astana-municipal-green"}},{"type":"Feature","id":"municipal-green-592","geometry":{"type":"Polygon","coordinates":[[[71.4743275,51.1227401],[71.4740689,51.1227913],[71.4740688,51.1227419],[71.4743275,51.1227401]]]},"properties":{"OBJECTID":592,"kind":"park","name":"Озеленение","source":"Astana municipal open geoportal","source_url":"https://gis.esaulet.kz/server/rest/services/Sloi_geoportala_otkrytiy_kontur_0702/MapServer/26","sourceId":"astana-municipal-green"}},{"type":"Feature","id":"municipal-green-593","geometry":{"type":"Polygon","coordinates":[[[71.4266562,51.1142499],[71.4260562,51.1143328],[71.4260219,51.114223],[71.4262063,51.114162],[71.4265691,51.1141112],[71.4266562,51.1142499]]]},"properties":{"OBJECTID":593,"kind":"park","name":"Озеленение","source":"Astana municipal open geoportal","source_url":"https://gis.esaulet.kz/server/rest/services/Sloi_geoportala_otkrytiy_kontur_0702/MapServer/26","sourceId":"astana-municipal-green"}},{"type":"Feature","id":"municipal-green-594","geometry":{"type":"Polygon","coordinates":[[[71.4260285,51.1143367],[71.4256866,51.1143839],[71.4256539,51.1142902],[71.4257732,51.1142735],[71.425785,51.1143074],[71.4259186,51.1142884],[71.4259071,51.1142545],[71.4259956,51.1142426],[71.4260285,51.1143367]]]},"properties":{"OBJECTID":594,"kind":"park","name":"Озеленение","source":"Astana municipal open geoportal","source_url":"https://gis.esaulet.kz/server/rest/services/Sloi_geoportala_otkrytiy_kontur_0702/MapServer/26","sourceId":"astana-municipal-green"}},{"type":"Feature","id":"municipal-green-602","geometry":{"type":"Polygon","coordinates":[[[71.411332,51.1431666],[71.4113297,51.1431863],[71.4112172,51.1432039],[71.4111758,51.1431724],[71.4113247,51.1431482],[71.411332,51.1431666]]]},"properties":{"OBJECTID":602,"kind":"park","name":"Озеленение","source":"Astana municipal open geoportal","source_url":"https://gis.esaulet.kz/server/rest/services/Sloi_geoportala_otkrytiy_kontur_0702/MapServer/26","sourceId":"astana-municipal-green"}},{"type":"Feature","id":"municipal-green-603","geometry":{"type":"Polygon","coordinates":[[[71.4102458,51.140815],[71.4101929,51.1406812],[71.4103666,51.1407129],[71.410398,51.1407923],[71.4102458,51.140815]]]},"properties":{"OBJECTID":603,"kind":"park","name":"Озеленение","source":"Astana municipal open geoportal","source_url":"https://gis.esaulet.kz/server/rest/services/Sloi_geoportala_otkrytiy_kontur_0702/MapServer/26","sourceId":"astana-municipal-green"}},{"type":"Feature","id":"municipal-green-604","geometry":{"type":"Polygon","coordinates":[[[71.4659522,51.1581744],[71.4659766,51.1581532],[71.4667972,51.1585428],[71.4667675,51.1585598],[71.4659522,51.1581744]]]},"properties":{"OBJECTID":604,"kind":"park","name":"Озеленение","source":"Astana municipal open geoportal","source_url":"https://gis.esaulet.kz/server/rest/services/Sloi_geoportala_otkrytiy_kontur_0702/MapServer/26","sourceId":"astana-municipal-green"}},{"type":"Feature","id":"municipal-green-607","geometry":{"type":"Polygon","coordinates":[[[71.4388723,51.1654228],[71.4390533,51.1654432],[71.4390438,51.1654744],[71.4389964,51.1654841],[71.4388673,51.1654681],[71.4388723,51.1654228]]]},"properties":{"OBJECTID":607,"kind":"park","name":"Озеленение","source":"Astana municipal open geoportal","source_url":"https://gis.esaulet.kz/server/rest/services/Sloi_geoportala_otkrytiy_kontur_0702/MapServer/26","sourceId":"astana-municipal-green"}},{"type":"Feature","id":"municipal-green-608","geometry":{"type":"Polygon","coordinates":[[[71.4393277,51.1654743],[71.4394412,51.1654869],[71.4394002,51.1655348],[71.4393212,51.165521],[71.4393277,51.1654743]]]},"properties":{"OBJECTID":608,"kind":"park","name":"Озеленение","source":"Astana municipal open geoportal","source_url":"https://gis.esaulet.kz/server/rest/services/Sloi_geoportala_otkrytiy_kontur_0702/MapServer/26","sourceId":"astana-municipal-green"}},{"type":"Feature","id":"municipal-green-619","geometry":{"type":"Polygon","coordinates":[[[71.4134379,51.1428742],[71.4133429,51.1429068],[71.4128469,51.1429713],[71.4128593,51.1429523],[71.4134379,51.1428742]]]},"properties":{"OBJECTID":619,"kind":"park","name":"Озеленение","source":"Astana municipal open geoportal","source_url":"https://gis.esaulet.kz/server/rest/services/Sloi_geoportala_otkrytiy_kontur_0702/MapServer/26","sourceId":"astana-municipal-green"}},{"type":"Feature","id":"municipal-green-645","geometry":{"type":"Polygon","coordinates":[[[71.4811532,51.1491758],[71.4811629,51.1491878],[71.4811416,51.1491883],[71.4811532,51.1491758]]]},"properties":{"OBJECTID":645,"kind":"park","name":"Озеленение","source":"Astana municipal open geoportal","source_url":"https://gis.esaulet.kz/server/rest/services/Sloi_geoportala_otkrytiy_kontur_0702/MapServer/26","sourceId":"astana-municipal-green"}},{"type":"Feature","id":"municipal-green-646","geometry":{"type":"Polygon","coordinates":[[[71.4404089,51.1547044],[71.4403625,51.154649],[71.4407449,51.1545236],[71.4406178,51.1546347],[71.4404089,51.1547044]]]},"properties":{"OBJECTID":646,"kind":"park","name":"Озеленение","source":"Astana municipal open geoportal","source_url":"https://gis.esaulet.kz/server/rest/services/Sloi_geoportala_otkrytiy_kontur_0702/MapServer/26","sourceId":"astana-municipal-green"}},{"type":"Feature","id":"municipal-green-653","geometry":{"type":"Polygon","coordinates":[[[71.4807203,51.1490549],[71.4807301,51.1490669],[71.4807087,51.1490674],[71.4807203,51.1490549]]]},"properties":{"OBJECTID":653,"kind":"park","name":"Озеленение","source":"Astana municipal open geoportal","source_url":"https://gis.esaulet.kz/server/rest/services/Sloi_geoportala_otkrytiy_kontur_0702/MapServer/26","sourceId":"astana-municipal-green"}},{"type":"Feature","id":"municipal-green-667","geometry":{"type":"Polygon","coordinates":[[[71.4843564,51.1527785],[71.4843771,51.1527505],[71.4844551,51.1527744],[71.4844573,51.1527947],[71.4844175,51.1528374],[71.4843376,51.1528038],[71.4843564,51.1527785]]]},"properties":{"OBJECTID":667,"kind":"park","name":"Озеленение","source":"Astana municipal open geoportal","source_url":"https://gis.esaulet.kz/server/rest/services/Sloi_geoportala_otkrytiy_kontur_0702/MapServer/26","sourceId":"astana-municipal-green"}},{"type":"Feature","id":"municipal-green-669","geometry":{"type":"Polygon","coordinates":[[[71.4456798,51.1687243],[71.4456554,51.1688147],[71.4456292,51.1688118],[71.4456512,51.1687208],[71.4456798,51.1687243]]]},"properties":{"OBJECTID":669,"kind":"park","name":"Озеленение","source":"Astana municipal open geoportal","source_url":"https://gis.esaulet.kz/server/rest/services/Sloi_geoportala_otkrytiy_kontur_0702/MapServer/26","sourceId":"astana-municipal-green"}},{"type":"Feature","id":"municipal-green-670","geometry":{"type":"Polygon","coordinates":[[[71.4457152,51.1689518],[71.4457072,51.1689857],[71.445666,51.1689821],[71.4456812,51.1689177],[71.4457233,51.1689227],[71.4457152,51.1689518]]]},"properties":{"OBJECTID":670,"kind":"park","name":"Озеленение","source":"Astana municipal open geoportal","source_url":"https://gis.esaulet.kz/server/rest/services/Sloi_geoportala_otkrytiy_kontur_0702/MapServer/26","sourceId":"astana-municipal-green"}},{"type":"Feature","id":"municipal-green-671","geometry":{"type":"Polygon","coordinates":[[[71.4456276,51.1689281],[71.445605,51.1690179],[71.4455804,51.1690155],[71.4456015,51.1689255],[71.4456276,51.1689281]]]},"properties":{"OBJECTID":671,"kind":"park","name":"Озеленение","source":"Astana municipal open geoportal","source_url":"https://gis.esaulet.kz/server/rest/services/Sloi_geoportala_otkrytiy_kontur_0702/MapServer/26","sourceId":"astana-municipal-green"}},{"type":"Feature","id":"municipal-green-672","geometry":{"type":"Polygon","coordinates":[[[71.4459876,51.1690103],[71.4459751,51.1690606],[71.4459307,51.1690559],[71.4459413,51.1690064],[71.4459876,51.1690103]]]},"properties":{"OBJECTID":672,"kind":"park","name":"Озеленение","source":"Astana municipal open geoportal","source_url":"https://gis.esaulet.kz/server/rest/services/Sloi_geoportala_otkrytiy_kontur_0702/MapServer/26","sourceId":"astana-municipal-green"}},{"type":"Feature","id":"municipal-green-673","geometry":{"type":"Polygon","coordinates":[[[71.4455826,51.1691111],[71.4455584,51.1692174],[71.4455341,51.1692151],[71.4455591,51.1691094],[71.4455826,51.1691111]]]},"properties":{"OBJECTID":673,"kind":"park","name":"Озеленение","source":"Astana municipal open geoportal","source_url":"https://gis.esaulet.kz/server/rest/services/Sloi_geoportala_otkrytiy_kontur_0702/MapServer/26","sourceId":"astana-municipal-green"}},{"type":"Feature","id":"municipal-green-674","geometry":{"type":"Polygon","coordinates":[[[71.4456403,51.1688455],[71.445725,51.1688633],[71.4457301,51.1689128],[71.4456071,51.1689016],[71.4456208,51.1688434],[71.4456403,51.1688455]]]},"properties":{"OBJECTID":674,"kind":"park","name":"Озеленение","source":"Astana municipal open geoportal","source_url":"https://gis.esaulet.kz/server/rest/services/Sloi_geoportala_otkrytiy_kontur_0702/MapServer/26","sourceId":"astana-municipal-green"}},{"type":"Feature","id":"municipal-green-676","geometry":{"type":"Polygon","coordinates":[[[71.4326846,51.1617018],[71.4326805,51.1617614],[71.4327045,51.1617645],[71.4326771,51.1618055],[71.4326933,51.1618072],[71.4326781,51.1618653],[71.4326383,51.1618612],[71.4326846,51.1617018]]]},"properties":{"OBJECTID":676,"kind":"park","name":"Озеленение","source":"Astana municipal open geoportal","source_url":"https://gis.esaulet.kz/server/rest/services/Sloi_geoportala_otkrytiy_kontur_0702/MapServer/26","sourceId":"astana-municipal-green"}},{"type":"Feature","id":"municipal-green-677","geometry":{"type":"Polygon","coordinates":[[[71.4850347,51.1527612],[71.4851352,51.1526498],[71.4852017,51.152726],[71.4851864,51.1527597],[71.4851252,51.1527785],[71.4850347,51.1527612]]]},"properties":{"OBJECTID":677,"kind":"park","name":"Озеленение","source":"Astana municipal open geoportal","source_url":"https://gis.esaulet.kz/server/rest/services/Sloi_geoportala_otkrytiy_kontur_0702/MapServer/26","sourceId":"astana-municipal-green"}},{"type":"Feature","id":"municipal-green-678","geometry":{"type":"Polygon","coordinates":[[[71.4844955,51.1524541],[71.4844382,51.1524353],[71.4844922,51.1523601],[71.4845597,51.1523774],[71.4845232,51.152448],[71.4844955,51.1524541]]]},"properties":{"OBJECTID":678,"kind":"park","name":"Озеленение","source":"Astana municipal open geoportal","source_url":"https://gis.esaulet.kz/server/rest/services/Sloi_geoportala_otkrytiy_kontur_0702/MapServer/26","sourceId":"astana-municipal-green"}},{"type":"Feature","id":"municipal-green-679","geometry":{"type":"Polygon","coordinates":[[[71.4687593,51.162458],[71.4686844,51.1625335],[71.4686652,51.1625262],[71.4686853,51.1625053],[71.4685041,51.1624366],[71.4684818,51.1624561],[71.468423,51.1624309],[71.4683733,51.1624],[71.4684003,51.1623837],[71.4682525,51.1622864],[71.4682256,51.1623006],[71.4681829,51.1622767],[71.4681513,51.1622409],[71.4681836,51.1622296],[71.4680652,51.1620939],[71.4680369,51.1621038],[71.4679796,51.1620341],[71.4678037,51.1619629],[71.4678633,51.1618783],[71.4683823,51.1622758],[71.4687593,51.162458]]]},"properties":{"OBJECTID":679,"kind":"park","name":"Озеленение","source":"Astana municipal open geoportal","source_url":"https://gis.esaulet.kz/server/rest/services/Sloi_geoportala_otkrytiy_kontur_0702/MapServer/26","sourceId":"astana-municipal-green"}},{"type":"Feature","id":"municipal-green-680","geometry":{"type":"Polygon","coordinates":[[[71.445662,51.1691553],[71.4456535,51.1691908],[71.4456144,51.1691865],[71.4456297,51.1691161],[71.4456691,51.1691258],[71.445662,51.1691553]]]},"properties":{"OBJECTID":680,"kind":"park","name":"Озеленение","source":"Astana municipal open geoportal","source_url":"https://gis.esaulet.kz/server/rest/services/Sloi_geoportala_otkrytiy_kontur_0702/MapServer/26","sourceId":"astana-municipal-green"}},{"type":"Feature","id":"municipal-green-682","geometry":{"type":"Polygon","coordinates":[[[71.4503366,51.149636],[71.4504108,51.1496122],[71.4508939,51.1497449],[71.4508834,51.149775],[71.4504522,51.1496619],[71.4504202,51.1497089],[71.4503071,51.1496766],[71.4503366,51.149636]]]},"properties":{"OBJECTID":682,"kind":"park","name":"Озеленение","source":"Astana municipal open geoportal","source_url":"https://gis.esaulet.kz/server/rest/services/Sloi_geoportala_otkrytiy_kontur_0702/MapServer/26","sourceId":"astana-municipal-green"}},{"type":"Feature","id":"municipal-green-683","geometry":{"type":"Polygon","coordinates":[[[71.4743022,51.1216783],[71.4742455,51.1218442],[71.4741746,51.1216691],[71.4742925,51.12165],[71.4743022,51.1216783]]]},"properties":{"OBJECTID":683,"kind":"park","name":"Озеленение","source":"Astana municipal open geoportal","source_url":"https://gis.esaulet.kz/server/rest/services/Sloi_geoportala_otkrytiy_kontur_0702/MapServer/26","sourceId":"astana-municipal-green"}},{"type":"Feature","id":"municipal-green-684","geometry":{"type":"Polygon","coordinates":[[[71.474198,51.1231179],[71.47424,51.1232219],[71.4740918,51.1231361],[71.4740775,51.1231015],[71.474198,51.1231179]]]},"properties":{"OBJECTID":684,"kind":"park","name":"Озеленение","source":"Astana municipal open geoportal","source_url":"https://gis.esaulet.kz/server/rest/services/Sloi_geoportala_otkrytiy_kontur_0702/MapServer/26","sourceId":"astana-municipal-green"}},{"type":"Feature","id":"municipal-green-685","geometry":{"type":"Polygon","coordinates":[[[71.4740028,51.1231672],[71.4740203,51.1231826],[71.4739747,51.1232472],[71.473904,51.1232592],[71.4739663,51.1232267],[71.4740028,51.1231672]]]},"properties":{"OBJECTID":685,"kind":"park","name":"Озеленение","source":"Astana municipal open geoportal","source_url":"https://gis.esaulet.kz/server/rest/services/Sloi_geoportala_otkrytiy_kontur_0702/MapServer/26","sourceId":"astana-municipal-green"}},{"type":"Feature","id":"municipal-green-686","geometry":{"type":"Polygon","coordinates":[[[71.4737271,51.1234025],[71.4736685,51.1234817],[71.4735444,51.1235006],[71.4735242,51.1234815],[71.4737239,51.1233865],[71.4737271,51.1234025]]]},"properties":{"OBJECTID":686,"kind":"park","name":"Озеленение","source":"Astana municipal open geoportal","source_url":"https://gis.esaulet.kz/server/rest/services/Sloi_geoportala_otkrytiy_kontur_0702/MapServer/26","sourceId":"astana-municipal-green"}},{"type":"Feature","id":"municipal-green-687","geometry":{"type":"Polygon","coordinates":[[[71.4743063,51.123612],[71.4741443,51.1236376],[71.4741048,51.1235425],[71.4742671,51.1235172],[71.4743063,51.123612]]]},"properties":{"OBJECTID":687,"kind":"park","name":"Озеленение","source":"Astana municipal open geoportal","source_url":"https://gis.esaulet.kz/server/rest/services/Sloi_geoportala_otkrytiy_kontur_0702/MapServer/26","sourceId":"astana-municipal-green"}},{"type":"Feature","id":"municipal-green-689","geometry":{"type":"Polygon","coordinates":[[[71.4370442,51.1126233],[71.4371061,51.1126511],[71.4371441,51.1127525],[71.4353304,51.1130118],[71.4352931,51.1129111],[71.4353082,51.1128777],[71.4353498,51.1128612],[71.4370442,51.1126233]]]},"properties":{"OBJECTID":689,"kind":"park","name":"Озеленение","source":"Astana municipal open geoportal","source_url":"https://gis.esaulet.kz/server/rest/services/Sloi_geoportala_otkrytiy_kontur_0702/MapServer/26","sourceId":"astana-municipal-green"}},{"type":"Feature","id":"municipal-green-690","geometry":{"type":"Polygon","coordinates":[[[71.435132,51.1128964],[71.4351882,51.1129239],[71.4352284,51.1130272],[71.4337246,51.113238],[71.4336731,51.1131011],[71.435132,51.1128964]]]},"properties":{"OBJECTID":690,"kind":"park","name":"Озеленение","source":"Astana municipal open geoportal","source_url":"https://gis.esaulet.kz/server/rest/services/Sloi_geoportala_otkrytiy_kontur_0702/MapServer/26","sourceId":"astana-municipal-green"}},{"type":"Feature","id":"municipal-green-691","geometry":{"type":"Polygon","coordinates":[[[71.4379055,51.1126436],[71.4375574,51.1126933],[71.4375238,51.1126045],[71.4376012,51.1125934],[71.4376151,51.1126285],[71.4378074,51.1126001],[71.4377946,51.1125652],[71.4378723,51.1125539],[71.4379055,51.1126436]]]},"properties":{"OBJECTID":691,"kind":"park","name":"Озеленение","source":"Astana municipal open geoportal","source_url":"https://gis.esaulet.kz/server/rest/services/Sloi_geoportala_otkrytiy_kontur_0702/MapServer/26","sourceId":"astana-municipal-green"}},{"type":"Feature","id":"municipal-green-692","geometry":{"type":"Polygon","coordinates":[[[71.4211812,51.1148774],[71.4212441,51.1149054],[71.4212821,51.1150069],[71.4208412,51.1150701],[71.4208045,51.1149643],[71.4210157,51.1148992],[71.4211812,51.1148774]]]},"properties":{"OBJECTID":692,"kind":"park","name":"Озеленение","source":"Astana municipal open geoportal","source_url":"https://gis.esaulet.kz/server/rest/services/Sloi_geoportala_otkrytiy_kontur_0702/MapServer/26","sourceId":"astana-municipal-green"}},{"type":"Feature","id":"municipal-green-693","geometry":{"type":"Polygon","coordinates":[[[71.420807,51.1150749],[71.4204514,51.1151254],[71.420421,51.1150339],[71.4205652,51.1150145],[71.4205786,51.1150547],[71.4207003,51.1150372],[71.4206857,51.1149972],[71.4207743,51.1149844],[71.420807,51.1150749]]]},"properties":{"OBJECTID":693,"kind":"park","name":"Озеленение","source":"Astana municipal open geoportal","source_url":"https://gis.esaulet.kz/server/rest/services/Sloi_geoportala_otkrytiy_kontur_0702/MapServer/26","sourceId":"astana-municipal-green"}},{"type":"Feature","id":"municipal-green-694","geometry":{"type":"Polygon","coordinates":[[[71.3946568,51.1506153],[71.394679,51.1505969],[71.3948973,51.1506912],[71.3949107,51.1507175],[71.3946568,51.1506153]]]},"properties":{"OBJECTID":694,"kind":"park","name":"Озеленение","source":"Astana municipal open geoportal","source_url":"https://gis.esaulet.kz/server/rest/services/Sloi_geoportala_otkrytiy_kontur_0702/MapServer/26","sourceId":"astana-municipal-green"}},{"type":"Feature","id":"municipal-green-695","geometry":{"type":"Polygon","coordinates":[[[71.4693105,51.1621205],[71.4698532,51.1624246],[71.4698553,51.1624435],[71.4698114,51.1624752],[71.4692633,51.1621468],[71.4693105,51.1621205]]]},"properties":{"OBJECTID":695,"kind":"park","name":"Озеленение","source":"Astana municipal open geoportal","source_url":"https://gis.esaulet.kz/server/rest/services/Sloi_geoportala_otkrytiy_kontur_0702/MapServer/26","sourceId":"astana-municipal-green"}},{"type":"Feature","id":"municipal-green-696","geometry":{"type":"Polygon","coordinates":[[[71.4697831,51.1624934],[71.4696352,51.1625908],[71.4691006,51.1623561],[71.4690688,51.1623022],[71.4692108,51.16215],[71.4697831,51.1624934]]]},"properties":{"OBJECTID":696,"kind":"park","name":"Озеленение","source":"Astana municipal open geoportal","source_url":"https://gis.esaulet.kz/server/rest/services/Sloi_geoportala_otkrytiy_kontur_0702/MapServer/26","sourceId":"astana-municipal-green"}},{"type":"Feature","id":"municipal-green-697","geometry":{"type":"Polygon","coordinates":[[[71.4702709,51.1626544],[71.4701499,51.1627519],[71.4698166,51.1625876],[71.4699822,51.162495],[71.4702709,51.1626544]]]},"properties":{"OBJECTID":697,"kind":"park","name":"Озеленение","source":"Astana municipal open geoportal","source_url":"https://gis.esaulet.kz/server/rest/services/Sloi_geoportala_otkrytiy_kontur_0702/MapServer/26","sourceId":"astana-municipal-green"}},{"type":"Feature","id":"municipal-green-698","geometry":{"type":"Polygon","coordinates":[[[71.4682278,51.1620771],[71.4688444,51.1623691],[71.4687781,51.1624371],[71.468517,51.1623146],[71.4681927,51.162101],[71.4681041,51.1619968],[71.4682278,51.1620771]]]},"properties":{"OBJECTID":698,"kind":"park","name":"Озеленение","source":"Astana municipal open geoportal","source_url":"https://gis.esaulet.kz/server/rest/services/Sloi_geoportala_otkrytiy_kontur_0702/MapServer/26","sourceId":"astana-municipal-green"}},{"type":"Feature","id":"municipal-green-703","geometry":{"type":"Polygon","coordinates":[[[71.4329171,51.1642005],[71.4329266,51.1641671],[71.4331109,51.1641872],[71.4331015,51.1642202],[71.4329171,51.1642005]]]},"properties":{"OBJECTID":703,"kind":"park","name":"Озеленение","source":"Astana municipal open geoportal","source_url":"https://gis.esaulet.kz/server/rest/services/Sloi_geoportala_otkrytiy_kontur_0702/MapServer/26","sourceId":"astana-municipal-green"}},{"type":"Feature","id":"municipal-green-704","geometry":{"type":"Polygon","coordinates":[[[71.4220179,51.1147587],[71.4220634,51.1147741],[71.4220765,51.114809],[71.4216307,51.114884],[71.4216365,51.1149562],[71.4213783,51.1149928],[71.4213456,51.1148969],[71.4213985,51.1148446],[71.4220179,51.1147587]]]},"properties":{"OBJECTID":704,"kind":"park","name":"Озеленение","source":"Astana municipal open geoportal","source_url":"https://gis.esaulet.kz/server/rest/services/Sloi_geoportala_otkrytiy_kontur_0702/MapServer/26","sourceId":"astana-municipal-green"}},{"type":"Feature","id":"municipal-green-705","geometry":{"type":"Polygon","coordinates":[[[71.4294578,51.1137021],[71.4295176,51.1137292],[71.4295589,51.1138301],[71.4282511,51.1140169],[71.4282159,51.1139123],[71.4282604,51.1138702],[71.4294578,51.1137021]]]},"properties":{"OBJECTID":705,"kind":"park","name":"Озеленение","source":"Astana municipal open geoportal","source_url":"https://gis.esaulet.kz/server/rest/services/Sloi_geoportala_otkrytiy_kontur_0702/MapServer/26","sourceId":"astana-municipal-green"}},{"type":"Feature","id":"municipal-green-708","geometry":{"type":"Polygon","coordinates":[[[71.4255854,51.1679845],[71.4255051,51.168052],[71.4253614,51.1680374],[71.4253198,51.1679644],[71.4255854,51.1679845]]]},"properties":{"OBJECTID":708,"kind":"park","name":"Озеленение","source":"Astana municipal open geoportal","source_url":"https://gis.esaulet.kz/server/rest/services/Sloi_geoportala_otkrytiy_kontur_0702/MapServer/26","sourceId":"astana-municipal-green"}},{"type":"Feature","id":"municipal-green-709","geometry":{"type":"Polygon","coordinates":[[[71.4255425,51.1680572],[71.4256176,51.1680007],[71.4256611,51.1680708],[71.4255425,51.1680572]]]},"properties":{"OBJECTID":709,"kind":"park","name":"Озеленение","source":"Astana municipal open geoportal","source_url":"https://gis.esaulet.kz/server/rest/services/Sloi_geoportala_otkrytiy_kontur_0702/MapServer/26","sourceId":"astana-municipal-green"}},{"type":"Feature","id":"municipal-green-710","geometry":{"type":"Polygon","coordinates":[[[71.4521514,51.1603275],[71.4521728,51.16033],[71.452063,51.1603661],[71.4521514,51.1603275]]]},"properties":{"OBJECTID":710,"kind":"park","name":"Озеленение","source":"Astana municipal open geoportal","source_url":"https://gis.esaulet.kz/server/rest/services/Sloi_geoportala_otkrytiy_kontur_0702/MapServer/26","sourceId":"astana-municipal-green"}},{"type":"Feature","id":"municipal-green-712","geometry":{"type":"Polygon","coordinates":[[[71.4259136,51.1677546],[71.4256891,51.1677348],[71.4257025,51.1676807],[71.4259286,51.1677055],[71.4259136,51.1677546]]]},"properties":{"OBJECTID":712,"kind":"park","name":"Озеленение","source":"Astana municipal open geoportal","source_url":"https://gis.esaulet.kz/server/rest/services/Sloi_geoportala_otkrytiy_kontur_0702/MapServer/26","sourceId":"astana-municipal-green"}},{"type":"Feature","id":"municipal-green-713","geometry":{"type":"Polygon","coordinates":[[[71.4362553,51.1668002],[71.4362657,51.1667537],[71.4364699,51.1667756],[71.4364576,51.166818],[71.4362553,51.1668002]]]},"properties":{"OBJECTID":713,"kind":"park","name":"Озеленение","source":"Astana municipal open geoportal","source_url":"https://gis.esaulet.kz/server/rest/services/Sloi_geoportala_otkrytiy_kontur_0702/MapServer/26","sourceId":"astana-municipal-green"}},{"type":"Feature","id":"municipal-green-715","geometry":{"type":"Polygon","coordinates":[[[71.4404996,51.1624302],[71.440515,51.1624887],[71.4404519,51.1624788],[71.4404205,51.1624444],[71.440425,51.1624217],[71.4404996,51.1624302]]]},"properties":{"OBJECTID":715,"kind":"park","name":"Озеленение","source":"Astana municipal open geoportal","source_url":"https://gis.esaulet.kz/server/rest/services/Sloi_geoportala_otkrytiy_kontur_0702/MapServer/26","sourceId":"astana-municipal-green"}},{"type":"Feature","id":"municipal-green-716","geometry":{"type":"Polygon","coordinates":[[[71.4406079,51.1628425],[71.4406177,51.1628798],[71.4404525,51.162859],[71.4403997,51.1628195],[71.4406079,51.1628425]]]},"properties":{"OBJECTID":716,"kind":"park","name":"Озеленение","source":"Astana municipal open geoportal","source_url":"https://gis.esaulet.kz/server/rest/services/Sloi_geoportala_otkrytiy_kontur_0702/MapServer/26","sourceId":"astana-municipal-green"}},{"type":"Feature","id":"municipal-green-719","geometry":{"type":"Polygon","coordinates":[[[71.4400688,51.1624905],[71.4400403,51.1624875],[71.4400634,51.1624021],[71.440135,51.1624084],[71.440143,51.1623736],[71.4401609,51.1623753],[71.4400688,51.1624905]]]},"properties":{"OBJECTID":719,"kind":"park","name":"Озеленение","source":"Astana municipal open geoportal","source_url":"https://gis.esaulet.kz/server/rest/services/Sloi_geoportala_otkrytiy_kontur_0702/MapServer/26","sourceId":"astana-municipal-green"}},{"type":"Feature","id":"municipal-green-720","geometry":{"type":"Polygon","coordinates":[[[71.4403837,51.1628065],[71.4404036,51.1627338],[71.4404359,51.1627373],[71.4405846,51.162754],[71.4406048,51.1628309],[71.4403837,51.1628065]]]},"properties":{"OBJECTID":720,"kind":"park","name":"Озеленение","source":"Astana municipal open geoportal","source_url":"https://gis.esaulet.kz/server/rest/services/Sloi_geoportala_otkrytiy_kontur_0702/MapServer/26","sourceId":"astana-municipal-green"}},{"type":"Feature","id":"municipal-green-721","geometry":{"type":"Polygon","coordinates":[[[71.4404734,51.1630403],[71.4405118,51.162885],[71.4406223,51.1628976],[71.4406461,51.1629882],[71.4404734,51.1630403]]]},"properties":{"OBJECTID":721,"kind":"park","name":"Озеленение","source":"Astana municipal open geoportal","source_url":"https://gis.esaulet.kz/server/rest/services/Sloi_geoportala_otkrytiy_kontur_0702/MapServer/26","sourceId":"astana-municipal-green"}},{"type":"Feature","id":"municipal-green-722","geometry":{"type":"Polygon","coordinates":[[[71.4400099,51.1625989],[71.4400918,51.1625841],[71.4400529,51.1626642],[71.4400737,51.1626661],[71.4400678,51.1626905],[71.4400364,51.162687],[71.4399972,51.1627655],[71.4399655,51.162762],[71.4400099,51.1625989]]]},"properties":{"OBJECTID":722,"kind":"park","name":"Озеленение","source":"Astana municipal open geoportal","source_url":"https://gis.esaulet.kz/server/rest/services/Sloi_geoportala_otkrytiy_kontur_0702/MapServer/26","sourceId":"astana-municipal-green"}},{"type":"Feature","id":"municipal-green-723","geometry":{"type":"Polygon","coordinates":[[[71.4399818,51.1629152],[71.4399588,51.1628583],[71.4400318,51.1628401],[71.4399818,51.1629152]]]},"properties":{"OBJECTID":723,"kind":"park","name":"Озеленение","source":"Astana municipal open geoportal","source_url":"https://gis.esaulet.kz/server/rest/services/Sloi_geoportala_otkrytiy_kontur_0702/MapServer/26","sourceId":"astana-municipal-green"}},{"type":"Feature","id":"municipal-green-726","geometry":{"type":"Polygon","coordinates":[[[71.4730638,51.1218606],[71.4731604,51.1221028],[71.4735247,51.1222059],[71.4738247,51.1223908],[71.4743641,51.1223058],[71.4743924,51.1223462],[71.4738546,51.1224549],[71.4737255,51.1223411],[71.4735639,51.1222452],[71.4733574,51.1221662],[71.4731328,51.1221168],[71.4730382,51.1218694],[71.4730638,51.1218606]]]},"properties":{"OBJECTID":726,"kind":"park","name":"Озеленение","source":"Astana municipal open geoportal","source_url":"https://gis.esaulet.kz/server/rest/services/Sloi_geoportala_otkrytiy_kontur_0702/MapServer/26","sourceId":"astana-municipal-green"}},{"type":"Feature","id":"municipal-green-729","geometry":{"type":"Polygon","coordinates":[[[71.4400188,51.1623808],[71.4400357,51.1623437],[71.4400901,51.1623687],[71.4400856,51.1623873],[71.4400188,51.1623808]]]},"properties":{"OBJECTID":729,"kind":"park","name":"Озеленение","source":"Astana municipal open geoportal","source_url":"https://gis.esaulet.kz/server/rest/services/Sloi_geoportala_otkrytiy_kontur_0702/MapServer/26","sourceId":"astana-municipal-green"}},{"type":"Feature","id":"municipal-green-730","geometry":{"type":"Polygon","coordinates":[[[71.4408016,51.1622837],[71.4403626,51.1622297],[71.4403731,51.1621917],[71.4407875,51.1622343],[71.4408016,51.1622837]]]},"properties":{"OBJECTID":730,"kind":"park","name":"Озеленение","source":"Astana municipal open geoportal","source_url":"https://gis.esaulet.kz/server/rest/services/Sloi_geoportala_otkrytiy_kontur_0702/MapServer/26","sourceId":"astana-municipal-green"}},{"type":"Feature","id":"municipal-green-731","geometry":{"type":"Polygon","coordinates":[[[71.4404494,51.162239],[71.4404901,51.1623938],[71.4404165,51.1623847],[71.4404494,51.162239]]]},"properties":{"OBJECTID":731,"kind":"park","name":"Озеленение","source":"Astana municipal open geoportal","source_url":"https://gis.esaulet.kz/server/rest/services/Sloi_geoportala_otkrytiy_kontur_0702/MapServer/26","sourceId":"astana-municipal-green"}},{"type":"Feature","id":"municipal-green-732","geometry":{"type":"Polygon","coordinates":[[[71.4405194,51.1625053],[71.4405352,51.1625656],[71.4404516,51.1625579],[71.440467,51.1624999],[71.4405194,51.1625053]]]},"properties":{"OBJECTID":732,"kind":"park","name":"Озеленение","source":"Astana municipal open geoportal","source_url":"https://gis.esaulet.kz/server/rest/services/Sloi_geoportala_otkrytiy_kontur_0702/MapServer/26","sourceId":"astana-municipal-green"}},{"type":"Feature","id":"municipal-green-733","geometry":{"type":"Polygon","coordinates":[[[71.4405588,51.1626556],[71.4405738,51.1627127],[71.4404466,51.162697],[71.4404604,51.1626452],[71.4405588,51.1626556]]]},"properties":{"OBJECTID":733,"kind":"park","name":"Озеленение","source":"Astana municipal open geoportal","source_url":"https://gis.esaulet.kz/server/rest/services/Sloi_geoportala_otkrytiy_kontur_0702/MapServer/26","sourceId":"astana-municipal-green"}},{"type":"Feature","id":"municipal-green-734","geometry":{"type":"Polygon","coordinates":[[[71.4398659,51.162151],[71.4400345,51.1621615],[71.4400288,51.1621814],[71.4399435,51.1621712],[71.4399338,51.1622004],[71.440009,51.1622148],[71.4398616,51.1621878],[71.4398659,51.162151]]]},"properties":{"OBJECTID":734,"kind":"park","name":"Озеленение","source":"Astana municipal open geoportal","source_url":"https://gis.esaulet.kz/server/rest/services/Sloi_geoportala_otkrytiy_kontur_0702/MapServer/26","sourceId":"astana-municipal-green"}},{"type":"Feature","id":"municipal-green-735","geometry":{"type":"Polygon","coordinates":[[[71.4400687,51.16221],[71.4400761,51.1621607],[71.4403266,51.1621869],[71.4403129,51.1622372],[71.4400687,51.16221]]]},"properties":{"OBJECTID":735,"kind":"park","name":"Озеленение","source":"Astana municipal open geoportal","source_url":"https://gis.esaulet.kz/server/rest/services/Sloi_geoportala_otkrytiy_kontur_0702/MapServer/26","sourceId":"astana-municipal-green"}},{"type":"Feature","id":"municipal-green-736","geometry":{"type":"Polygon","coordinates":[[[71.4405442,51.163123],[71.4399852,51.1630639],[71.439991,51.163046],[71.440567,51.163114],[71.4405442,51.163123]]]},"properties":{"OBJECTID":736,"kind":"park","name":"Озеленение","source":"Astana municipal open geoportal","source_url":"https://gis.esaulet.kz/server/rest/services/Sloi_geoportala_otkrytiy_kontur_0702/MapServer/26","sourceId":"astana-municipal-green"}},{"type":"Feature","id":"municipal-green-737","geometry":{"type":"Polygon","coordinates":[[[71.4731458,51.1237941],[71.4729841,51.1238195],[71.4729462,51.1237238],[71.4731084,51.1236983],[71.4731458,51.1237941]]]},"properties":{"OBJECTID":737,"kind":"park","name":"Озеленение","source":"Astana municipal open geoportal","source_url":"https://gis.esaulet.kz/server/rest/services/Sloi_geoportala_otkrytiy_kontur_0702/MapServer/26","sourceId":"astana-municipal-green"}},{"type":"Feature","id":"municipal-green-738","geometry":{"type":"Polygon","coordinates":[[[71.4727235,51.1238598],[71.4725634,51.1238853],[71.4725248,51.1237893],[71.4726862,51.1237646],[71.4727235,51.1238598]]]},"properties":{"OBJECTID":738,"kind":"park","name":"Озеленение","source":"Astana municipal open geoportal","source_url":"https://gis.esaulet.kz/server/rest/services/Sloi_geoportala_otkrytiy_kontur_0702/MapServer/26","sourceId":"astana-municipal-green"}},{"type":"Feature","id":"municipal-green-739","geometry":{"type":"Polygon","coordinates":[[[71.4707726,51.1641303],[71.4705961,51.164176],[71.470612,51.1641481],[71.4707434,51.164103],[71.4707726,51.1641303]]]},"properties":{"OBJECTID":739,"kind":"park","name":"Озеленение","source":"Astana municipal open geoportal","source_url":"https://gis.esaulet.kz/server/rest/services/Sloi_geoportala_otkrytiy_kontur_0702/MapServer/26","sourceId":"astana-municipal-green"}},{"type":"Feature","id":"municipal-green-740","geometry":{"type":"Polygon","coordinates":[[[71.4725141,51.1238931],[71.4723513,51.123918],[71.4723138,51.1238219],[71.4724752,51.1237973],[71.4725141,51.1238931]]]},"properties":{"OBJECTID":740,"kind":"park","name":"Озеленение","source":"Astana municipal open geoportal","source_url":"https://gis.esaulet.kz/server/rest/services/Sloi_geoportala_otkrytiy_kontur_0702/MapServer/26","sourceId":"astana-municipal-green"}},{"type":"Feature","id":"municipal-green-741","geometry":{"type":"Polygon","coordinates":[[[71.472304,51.1239264],[71.4721413,51.123952],[71.4721031,51.1238555],[71.472265,51.1238303],[71.472304,51.1239264]]]},"properties":{"OBJECTID":741,"kind":"park","name":"Озеленение","source":"Astana municipal open geoportal","source_url":"https://gis.esaulet.kz/server/rest/services/Sloi_geoportala_otkrytiy_kontur_0702/MapServer/26","sourceId":"astana-municipal-green"}},{"type":"Feature","id":"municipal-green-742","geometry":{"type":"Polygon","coordinates":[[[71.472093,51.1239591],[71.4719782,51.1239768],[71.471938,51.1238802],[71.4720547,51.123863],[71.472093,51.1239591]]]},"properties":{"OBJECTID":742,"kind":"park","name":"Озеленение","source":"Astana municipal open geoportal","source_url":"https://gis.esaulet.kz/server/rest/services/Sloi_geoportala_otkrytiy_kontur_0702/MapServer/26","sourceId":"astana-municipal-green"}},{"type":"Feature","id":"municipal-green-743","geometry":{"type":"Polygon","coordinates":[[[71.3950456,51.1419353],[71.3950368,51.1419161],[71.3951467,51.1418225],[71.3950456,51.1419353]]]},"properties":{"OBJECTID":743,"kind":"park","name":"Озеленение","source":"Astana municipal open geoportal","source_url":"https://gis.esaulet.kz/server/rest/services/Sloi_geoportala_otkrytiy_kontur_0702/MapServer/26","sourceId":"astana-municipal-green"}},{"type":"Feature","id":"municipal-green-744","geometry":{"type":"Polygon","coordinates":[[[71.3955658,51.1421583],[71.3954475,51.1422704],[71.3955463,51.1421504],[71.3955658,51.1421583]]]},"properties":{"OBJECTID":744,"kind":"park","name":"Озеленение","source":"Astana municipal open geoportal","source_url":"https://gis.esaulet.kz/server/rest/services/Sloi_geoportala_otkrytiy_kontur_0702/MapServer/26","sourceId":"astana-municipal-green"}},{"type":"Feature","id":"municipal-green-747","geometry":{"type":"Polygon","coordinates":[[[71.4299349,51.0966939],[71.4300274,51.0967168],[71.4301564,51.0967064],[71.4301225,51.0967342],[71.429888,51.0967654],[71.4298727,51.0967181],[71.4299349,51.0966939]]]},"properties":{"OBJECTID":747,"kind":"park","name":"Озеленение","source":"Astana municipal open geoportal","source_url":"https://gis.esaulet.kz/server/rest/services/Sloi_geoportala_otkrytiy_kontur_0702/MapServer/26","sourceId":"astana-municipal-green"}},{"type":"Feature","id":"municipal-green-748","geometry":{"type":"Polygon","coordinates":[[[71.4290437,51.1063578],[71.4290838,51.1063708],[71.4291178,51.1064591],[71.4288803,51.1064908],[71.4288444,51.1063855],[71.4290437,51.1063578]]]},"properties":{"OBJECTID":748,"kind":"park","name":"Озеленение","source":"Astana municipal open geoportal","source_url":"https://gis.esaulet.kz/server/rest/services/Sloi_geoportala_otkrytiy_kontur_0702/MapServer/26","sourceId":"astana-municipal-green"}},{"type":"Feature","id":"municipal-green-749","geometry":{"type":"Polygon","coordinates":[[[71.4286427,51.1068995],[71.428423,51.1069296],[71.4283726,51.1068023],[71.4285972,51.1067682],[71.4286427,51.1068995]]]},"properties":{"OBJECTID":749,"kind":"park","name":"Озеленение","source":"Astana municipal open geoportal","source_url":"https://gis.esaulet.kz/server/rest/services/Sloi_geoportala_otkrytiy_kontur_0702/MapServer/26","sourceId":"astana-municipal-green"}},{"type":"Feature","id":"municipal-green-750","geometry":{"type":"Polygon","coordinates":[[[71.4288959,51.1070025],[71.4287326,51.1070247],[71.4286388,51.1067719],[71.4288044,51.1067475],[71.4288959,51.1070025]]]},"properties":{"OBJECTID":750,"kind":"park","name":"Озеленение","source":"Astana municipal open geoportal","source_url":"https://gis.esaulet.kz/server/rest/services/Sloi_geoportala_otkrytiy_kontur_0702/MapServer/26","sourceId":"astana-municipal-green"}},{"type":"Feature","id":"municipal-green-751","geometry":{"type":"Polygon","coordinates":[[[71.4290231,51.1070833],[71.4288896,51.1070997],[71.4288687,51.1070323],[71.4289278,51.1069882],[71.4288588,51.1067769],[71.4288762,51.1067745],[71.4289312,51.1069267],[71.428973,51.1069215],[71.4290231,51.1070833]]]},"properties":{"OBJECTID":751,"kind":"park","name":"Озеленение","source":"Astana municipal open geoportal","source_url":"https://gis.esaulet.kz/server/rest/services/Sloi_geoportala_otkrytiy_kontur_0702/MapServer/26","sourceId":"astana-municipal-green"}},{"type":"Feature","id":"municipal-green-754","geometry":{"type":"Polygon","coordinates":[[[71.4028015,51.1473003],[71.4028047,51.1472907],[71.4028599,51.1472977],[71.4028015,51.1473003]]]},"properties":{"OBJECTID":754,"kind":"park","name":"Озеленение","source":"Astana municipal open geoportal","source_url":"https://gis.esaulet.kz/server/rest/services/Sloi_geoportala_otkrytiy_kontur_0702/MapServer/26","sourceId":"astana-municipal-green"}},{"type":"Feature","id":"municipal-green-755","geometry":{"type":"Polygon","coordinates":[[[71.4026601,51.1472834],[71.4027724,51.1472881],[71.4027705,51.1472966],[71.4026601,51.1472834]]]},"properties":{"OBJECTID":755,"kind":"park","name":"Озеленение","source":"Astana municipal open geoportal","source_url":"https://gis.esaulet.kz/server/rest/services/Sloi_geoportala_otkrytiy_kontur_0702/MapServer/26","sourceId":"astana-municipal-green"}},{"type":"Feature","id":"municipal-green-756","geometry":{"type":"Polygon","coordinates":[[[71.4025151,51.1472607],[71.4025722,51.147273],[71.4025116,51.1472658],[71.4025151,51.1472607]]]},"properties":{"OBJECTID":756,"kind":"park","name":"Озеленение","source":"Astana municipal open geoportal","source_url":"https://gis.esaulet.kz/server/rest/services/Sloi_geoportala_otkrytiy_kontur_0702/MapServer/26","sourceId":"astana-municipal-green"}},{"type":"Feature","id":"municipal-green-757","geometry":{"type":"Polygon","coordinates":[[[71.4022478,51.1472346],[71.4021714,51.1472257],[71.4022505,51.147221],[71.4022478,51.1472346]]]},"properties":{"OBJECTID":757,"kind":"park","name":"Озеленение","source":"Astana municipal open geoportal","source_url":"https://gis.esaulet.kz/server/rest/services/Sloi_geoportala_otkrytiy_kontur_0702/MapServer/26","sourceId":"astana-municipal-green"}},{"type":"Feature","id":"municipal-green-758","geometry":{"type":"Polygon","coordinates":[[[71.4697413,51.1629072],[71.469595,51.162752],[71.4697943,51.1626022],[71.4701275,51.162769],[71.4699816,51.1628779],[71.4698488,51.1628649],[71.4697413,51.1629072]]]},"properties":{"OBJECTID":758,"kind":"park","name":"Озеленение","source":"Astana municipal open geoportal","source_url":"https://gis.esaulet.kz/server/rest/services/Sloi_geoportala_otkrytiy_kontur_0702/MapServer/26","sourceId":"astana-municipal-green"}},{"type":"Feature","id":"municipal-green-759","geometry":{"type":"Polygon","coordinates":[[[71.4711603,51.1631505],[71.471177,51.1631586],[71.4711459,51.1631762],[71.471074,51.1631511],[71.4710776,51.1631284],[71.4711603,51.1631505]]]},"properties":{"OBJECTID":759,"kind":"park","name":"Озеленение","source":"Astana municipal open geoportal","source_url":"https://gis.esaulet.kz/server/rest/services/Sloi_geoportala_otkrytiy_kontur_0702/MapServer/26","sourceId":"astana-municipal-green"}},{"type":"Feature","id":"municipal-green-760","geometry":{"type":"Polygon","coordinates":[[[71.4689715,51.1624384],[71.4694244,51.16263],[71.4688995,51.1624734],[71.4689715,51.1624384]]]},"properties":{"OBJECTID":760,"kind":"park","name":"Озеленение","source":"Astana municipal open geoportal","source_url":"https://gis.esaulet.kz/server/rest/services/Sloi_geoportala_otkrytiy_kontur_0702/MapServer/26","sourceId":"astana-municipal-green"}},{"type":"Feature","id":"municipal-green-761","geometry":{"type":"Polygon","coordinates":[[[71.4457163,51.168635],[71.4459319,51.1686567],[71.4459141,51.1687208],[71.4457782,51.1687115],[71.4457697,51.1687425],[71.4456542,51.1687096],[71.4456726,51.1686543],[71.4457163,51.168635]]]},"properties":{"OBJECTID":761,"kind":"park","name":"Озеленение","source":"Astana municipal open geoportal","source_url":"https://gis.esaulet.kz/server/rest/services/Sloi_geoportala_otkrytiy_kontur_0702/MapServer/26","sourceId":"astana-municipal-green"}},{"type":"Feature","id":"municipal-green-762","geometry":{"type":"Polygon","coordinates":[[[71.3947254,51.1508491],[71.3947357,51.1508402],[71.394775,51.1508579],[71.3947254,51.1508491]]]},"properties":{"OBJECTID":762,"kind":"park","name":"Озеленение","source":"Astana municipal open geoportal","source_url":"https://gis.esaulet.kz/server/rest/services/Sloi_geoportala_otkrytiy_kontur_0702/MapServer/26","sourceId":"astana-municipal-green"}},{"type":"Feature","id":"municipal-green-763","geometry":{"type":"Polygon","coordinates":[[[71.4337419,51.1643002],[71.4335609,51.1642799],[71.4335714,51.1642429],[71.4337523,51.1642633],[71.4337419,51.1643002]]]},"properties":{"OBJECTID":763,"kind":"park","name":"Озеленение","source":"Astana municipal open geoportal","source_url":"https://gis.esaulet.kz/server/rest/services/Sloi_geoportala_otkrytiy_kontur_0702/MapServer/26","sourceId":"astana-municipal-green"}},{"type":"Feature","id":"municipal-green-764","geometry":{"type":"Polygon","coordinates":[[[71.3972968,51.1425382],[71.3971859,51.1426555],[71.3971272,51.1426333],[71.3971835,51.1426408],[71.3972968,51.1425382]]]},"properties":{"OBJECTID":764,"kind":"park","name":"Озеленение","source":"Astana municipal open geoportal","source_url":"https://gis.esaulet.kz/server/rest/services/Sloi_geoportala_otkrytiy_kontur_0702/MapServer/26","sourceId":"astana-municipal-green"}},{"type":"Feature","id":"municipal-green-765","geometry":{"type":"Polygon","coordinates":[[[71.429563,51.0956417],[71.4294982,51.0956362],[71.4294845,51.0955978],[71.4297107,51.095561],[71.4297577,51.0955839],[71.4296416,51.0955954],[71.429563,51.0956417]]]},"properties":{"OBJECTID":765,"kind":"park","name":"Озеленение","source":"Astana municipal open geoportal","source_url":"https://gis.esaulet.kz/server/rest/services/Sloi_geoportala_otkrytiy_kontur_0702/MapServer/26","sourceId":"astana-municipal-green"}},{"type":"Feature","id":"municipal-green-766","geometry":{"type":"Polygon","coordinates":[[[71.4338195,51.1643089],[71.4338299,51.1642719],[71.4339811,51.1642882],[71.4339705,51.1643257],[71.4338195,51.1643089]]]},"properties":{"OBJECTID":766,"kind":"park","name":"Озеленение","source":"Astana municipal open geoportal","source_url":"https://gis.esaulet.kz/server/rest/services/Sloi_geoportala_otkrytiy_kontur_0702/MapServer/26","sourceId":"astana-municipal-green"}},{"type":"Feature","id":"municipal-green-767","geometry":{"type":"Polygon","coordinates":[[[71.4341591,51.1643094],[71.4343325,51.1643281],[71.434322,51.1643666],[71.4341485,51.1643472],[71.4341591,51.1643094]]]},"properties":{"OBJECTID":767,"kind":"park","name":"Озеленение","source":"Astana municipal open geoportal","source_url":"https://gis.esaulet.kz/server/rest/services/Sloi_geoportala_otkrytiy_kontur_0702/MapServer/26","sourceId":"astana-municipal-green"}},{"type":"Feature","id":"municipal-green-768","geometry":{"type":"Polygon","coordinates":[[[71.4343873,51.164334],[71.4345777,51.1643545],[71.4345666,51.1643939],[71.4343769,51.1643727],[71.4343873,51.164334]]]},"properties":{"OBJECTID":768,"kind":"park","name":"Озеленение","source":"Astana municipal open geoportal","source_url":"https://gis.esaulet.kz/server/rest/services/Sloi_geoportala_otkrytiy_kontur_0702/MapServer/26","sourceId":"astana-municipal-green"}},{"type":"Feature","id":"municipal-green-769","geometry":{"type":"Polygon","coordinates":[[[71.4014866,51.1397151],[71.4014785,51.1398125],[71.4014608,51.1398124],[71.4014706,51.139715],[71.4014866,51.1397151]]]},"properties":{"OBJECTID":769,"kind":"park","name":"Озеленение","source":"Astana municipal open geoportal","source_url":"https://gis.esaulet.kz/server/rest/services/Sloi_geoportala_otkrytiy_kontur_0702/MapServer/26","sourceId":"astana-municipal-green"}},{"type":"Feature","id":"municipal-green-770","geometry":{"type":"Polygon","coordinates":[[[71.4017676,51.1398214],[71.4015026,51.1398139],[71.4015115,51.1397174],[71.4017078,51.1397227],[71.4017123,51.1396855],[71.4017784,51.1396876],[71.4017676,51.1398214]],[[71.4016592,51.1397591],[71.4016174,51.1397506],[71.4016053,51.139778],[71.401644,51.1397862],[71.4016592,51.1397591]],[[71.4017604,51.1396888],[71.4017272,51.1397002],[71.4017579,51.1397025],[71.4017604,51.1396888]]]},"properties":{"OBJECTID":770,"kind":"park","name":"Озеленение","source":"Astana municipal open geoportal","source_url":"https://gis.esaulet.kz/server/rest/services/Sloi_geoportala_otkrytiy_kontur_0702/MapServer/26","sourceId":"astana-municipal-green"}},{"type":"Feature","id":"municipal-green-771","geometry":{"type":"Polygon","coordinates":[[[71.4017836,51.1398495],[71.40177,51.140061],[71.4017457,51.1400599],[71.4017511,51.1400016],[71.4017079,51.14],[71.4017187,51.1398819],[71.4016288,51.139877],[71.4015864,51.1398445],[71.4017836,51.1398495]]]},"properties":{"OBJECTID":771,"kind":"park","name":"Озеленение","source":"Astana municipal open geoportal","source_url":"https://gis.esaulet.kz/server/rest/services/Sloi_geoportala_otkrytiy_kontur_0702/MapServer/26","sourceId":"astana-municipal-green"}},{"type":"Feature","id":"municipal-green-774","geometry":{"type":"Polygon","coordinates":[[[71.4606561,51.1686945],[71.4606593,51.1686771],[71.4609316,51.1686238],[71.4606561,51.1686945]]]},"properties":{"OBJECTID":774,"kind":"park","name":"Озеленение","source":"Astana municipal open geoportal","source_url":"https://gis.esaulet.kz/server/rest/services/Sloi_geoportala_otkrytiy_kontur_0702/MapServer/26","sourceId":"astana-municipal-green"}},{"type":"Feature","id":"municipal-green-775","geometry":{"type":"Polygon","coordinates":[[[71.4083585,51.1672326],[71.4080982,51.1681364],[71.4080846,51.1681207],[71.408338,51.1672395],[71.4083585,51.1672326]]]},"properties":{"OBJECTID":775,"kind":"park","name":"Озеленение","source":"Astana municipal open geoportal","source_url":"https://gis.esaulet.kz/server/rest/services/Sloi_geoportala_otkrytiy_kontur_0702/MapServer/26","sourceId":"astana-municipal-green"}},{"type":"Feature","id":"municipal-green-776","geometry":{"type":"Polygon","coordinates":[[[71.4374844,51.1125943],[71.4375253,51.1126981],[71.4372901,51.1127314],[71.4372532,51.1126304],[71.4372746,51.1125958],[71.4374844,51.1125943]]]},"properties":{"OBJECTID":776,"kind":"park","name":"Озеленение","source":"Astana municipal open geoportal","source_url":"https://gis.esaulet.kz/server/rest/services/Sloi_geoportala_otkrytiy_kontur_0702/MapServer/26","sourceId":"astana-municipal-green"}},{"type":"Feature","id":"municipal-green-777","geometry":{"type":"Polygon","coordinates":[[[71.4203839,51.1150247],[71.4204175,51.1151302],[71.4199821,51.115192],[71.4199411,51.1150966],[71.4199577,51.1150596],[71.4200282,51.1150406],[71.4203839,51.1150247]]]},"properties":{"OBJECTID":777,"kind":"park","name":"Озеленение","source":"Astana municipal open geoportal","source_url":"https://gis.esaulet.kz/server/rest/services/Sloi_geoportala_otkrytiy_kontur_0702/MapServer/26","sourceId":"astana-municipal-green"}},{"type":"Feature","id":"municipal-green-778","geometry":{"type":"Polygon","coordinates":[[[71.4197779,51.1150785],[71.4198474,51.1151167],[71.4198483,51.1151731],[71.4184167,51.1153738],[71.418422,51.1153932],[71.4181445,51.1154325],[71.4181052,51.1153156],[71.4197779,51.1150785]]]},"properties":{"OBJECTID":778,"kind":"park","name":"Озеленение","source":"Astana municipal open geoportal","source_url":"https://gis.esaulet.kz/server/rest/services/Sloi_geoportala_otkrytiy_kontur_0702/MapServer/26","sourceId":"astana-municipal-green"}},{"type":"Feature","id":"municipal-green-779","geometry":{"type":"Polygon","coordinates":[[[71.4121951,51.1534984],[71.4122946,51.1535671],[71.4122779,51.1537238],[71.4122199,51.1540765],[71.4121484,51.1543223],[71.4121157,51.1544235],[71.4120466,51.1544448],[71.4121951,51.1534984]]]},"properties":{"OBJECTID":779,"kind":"park","name":"Озеленение","source":"Astana municipal open geoportal","source_url":"https://gis.esaulet.kz/server/rest/services/Sloi_geoportala_otkrytiy_kontur_0702/MapServer/26","sourceId":"astana-municipal-green"}},{"type":"Feature","id":"municipal-green-780","geometry":{"type":"Polygon","coordinates":[[[71.4018889,51.1397952],[71.4018681,51.1400676],[71.4018305,51.1400663],[71.4018454,51.1397939],[71.4018889,51.1397952]]]},"properties":{"OBJECTID":780,"kind":"park","name":"Озеленение","source":"Astana municipal open geoportal","source_url":"https://gis.esaulet.kz/server/rest/services/Sloi_geoportala_otkrytiy_kontur_0702/MapServer/26","sourceId":"astana-municipal-green"}},{"type":"Feature","id":"municipal-green-781","geometry":{"type":"Polygon","coordinates":[[[71.4333851,51.1643291],[71.4338455,51.1643836],[71.4338691,51.1644017],[71.4338615,51.1644464],[71.43291,51.1643279],[71.4329261,51.1642904],[71.4329667,51.1642767],[71.4333851,51.1643291]]]},"properties":{"OBJECTID":781,"kind":"park","name":"Озеленение","source":"Astana municipal open geoportal","source_url":"https://gis.esaulet.kz/server/rest/services/Sloi_geoportala_otkrytiy_kontur_0702/MapServer/26","sourceId":"astana-municipal-green"}},{"type":"Feature","id":"municipal-green-782","geometry":{"type":"Polygon","coordinates":[[[71.4336613,51.1132477],[71.4335102,51.1132618],[71.4335474,51.1131893],[71.4336229,51.1131484],[71.4336613,51.1132477]]]},"properties":{"OBJECTID":782,"kind":"park","name":"Озеленение","source":"Astana municipal open geoportal","source_url":"https://gis.esaulet.kz/server/rest/services/Sloi_geoportala_otkrytiy_kontur_0702/MapServer/26","sourceId":"astana-municipal-green"}},{"type":"Feature","id":"municipal-green-783","geometry":{"type":"Polygon","coordinates":[[[71.4326304,51.1619364],[71.4326346,51.1618778],[71.4326547,51.1618797],[71.4326304,51.1619364]]]},"properties":{"OBJECTID":783,"kind":"park","name":"Озеленение","source":"Astana municipal open geoportal","source_url":"https://gis.esaulet.kz/server/rest/services/Sloi_geoportala_otkrytiy_kontur_0702/MapServer/26","sourceId":"astana-municipal-green"}},{"type":"Feature","id":"municipal-green-785","geometry":{"type":"Polygon","coordinates":[[[71.4842615,51.1520294],[71.4841864,51.1520075],[71.4842617,51.1519326],[71.4843502,51.1519185],[71.4842615,51.1520294]]]},"properties":{"OBJECTID":785,"kind":"park","name":"Озеленение","source":"Astana municipal open geoportal","source_url":"https://gis.esaulet.kz/server/rest/services/Sloi_geoportala_otkrytiy_kontur_0702/MapServer/26","sourceId":"astana-municipal-green"}},{"type":"Feature","id":"municipal-green-786","geometry":{"type":"Polygon","coordinates":[[[71.4844582,51.1526232],[71.4850729,51.1527877],[71.4848539,51.152795],[71.4846625,51.1527572],[71.4841518,51.1526039],[71.484101,51.1525543],[71.4840979,51.1524954],[71.484137,51.15244],[71.4843839,51.1525109],[71.4844052,51.1524813],[71.4845409,51.1525184],[71.4844582,51.1526232]],[[71.4842955,51.1525872],[71.4842168,51.1525645],[71.4842022,51.1525845],[71.4842809,51.1526072],[71.4842955,51.1525872]]]},"properties":{"OBJECTID":786,"kind":"park","name":"Озеленение","source":"Astana municipal open geoportal","source_url":"https://gis.esaulet.kz/server/rest/services/Sloi_geoportala_otkrytiy_kontur_0702/MapServer/26","sourceId":"astana-municipal-green"}},{"type":"Feature","id":"municipal-green-787","geometry":{"type":"Polygon","coordinates":[[[71.4285405,51.0959654],[71.4295464,51.0958218],[71.4295268,51.0958546],[71.4294413,51.0958749],[71.4286623,51.0959732],[71.4285405,51.0959654]]]},"properties":{"OBJECTID":787,"kind":"park","name":"Озеленение","source":"Astana municipal open geoportal","source_url":"https://gis.esaulet.kz/server/rest/services/Sloi_geoportala_otkrytiy_kontur_0702/MapServer/26","sourceId":"astana-municipal-green"}},{"type":"Feature","id":"municipal-green-788","geometry":{"type":"Polygon","coordinates":[[[71.4297246,51.1072251],[71.4294962,51.1072486],[71.4293911,51.1069518],[71.4294925,51.1070724],[71.4296609,51.1070469],[71.4296689,51.1070688],[71.4294998,51.107093],[71.4296367,51.1071425],[71.4297246,51.1072251]],[[71.4296356,51.1071812],[71.4295613,51.1071552],[71.4295089,51.1071994],[71.4295349,51.1072286],[71.4295869,51.1072359],[71.4296304,51.1072165],[71.4296356,51.1071812]]]},"properties":{"OBJECTID":788,"kind":"park","name":"Озеленение","source":"Astana municipal open geoportal","source_url":"https://gis.esaulet.kz/server/rest/services/Sloi_geoportala_otkrytiy_kontur_0702/MapServer/26","sourceId":"astana-municipal-green"}},{"type":"Feature","id":"municipal-green-789","geometry":{"type":"Polygon","coordinates":[[[71.4285891,51.1069692],[71.4286321,51.1069838],[71.4286301,51.1070146],[71.4284636,51.1070456],[71.4284426,51.1069898],[71.4285891,51.1069692]]]},"properties":{"OBJECTID":789,"kind":"park","name":"Озеленение","source":"Astana municipal open geoportal","source_url":"https://gis.esaulet.kz/server/rest/services/Sloi_geoportala_otkrytiy_kontur_0702/MapServer/26","sourceId":"astana-municipal-green"}},{"type":"Feature","id":"municipal-green-790","geometry":{"type":"Polygon","coordinates":[[[71.4278849,51.1075393],[71.427808,51.1075501],[71.4278056,51.1075254],[71.4278542,51.1074744],[71.4279486,51.1074643],[71.4278812,51.1074937],[71.4278849,51.1075393]]]},"properties":{"OBJECTID":790,"kind":"park","name":"Озеленение","source":"Astana municipal open geoportal","source_url":"https://gis.esaulet.kz/server/rest/services/Sloi_geoportala_otkrytiy_kontur_0702/MapServer/26","sourceId":"astana-municipal-green"}},{"type":"Feature","id":"municipal-green-792","geometry":{"type":"Polygon","coordinates":[[[71.4583046,51.1472645],[71.4583133,51.1472753],[71.4582941,51.1472757],[71.4583046,51.1472645]]]},"properties":{"OBJECTID":792,"kind":"park","name":"Озеленение","source":"Astana municipal open geoportal","source_url":"https://gis.esaulet.kz/server/rest/services/Sloi_geoportala_otkrytiy_kontur_0702/MapServer/26","sourceId":"astana-municipal-green"}},{"type":"Feature","id":"municipal-green-793","geometry":{"type":"Polygon","coordinates":[[[71.3981712,51.1400115],[71.3981692,51.1400325],[71.3981083,51.1400345],[71.3981109,51.1400028],[71.3981712,51.1400115]]]},"properties":{"OBJECTID":793,"kind":"park","name":"Озеленение","source":"Astana municipal open geoportal","source_url":"https://gis.esaulet.kz/server/rest/services/Sloi_geoportala_otkrytiy_kontur_0702/MapServer/26","sourceId":"astana-municipal-green"}},{"type":"Feature","id":"municipal-green-794","geometry":{"type":"Polygon","coordinates":[[[71.398826,51.140021],[71.3985708,51.1400088],[71.3985744,51.1399786],[71.3985275,51.1399764],[71.3985238,51.1400072],[71.3984909,51.1400059],[71.3984843,51.1399714],[71.3982288,51.1399151],[71.3988328,51.1399445],[71.398826,51.140021]]]},"properties":{"OBJECTID":794,"kind":"park","name":"Озеленение","source":"Astana municipal open geoportal","source_url":"https://gis.esaulet.kz/server/rest/services/Sloi_geoportala_otkrytiy_kontur_0702/MapServer/26","sourceId":"astana-municipal-green"}},{"type":"Feature","id":"municipal-green-795","geometry":{"type":"Polygon","coordinates":[[[71.3914628,51.1498428],[71.3914442,51.1499043],[71.3914057,51.1498996],[71.3914245,51.1498381],[71.3914628,51.1498428]]]},"properties":{"OBJECTID":795,"kind":"park","name":"Озеленение","source":"Astana municipal open geoportal","source_url":"https://gis.esaulet.kz/server/rest/services/Sloi_geoportala_otkrytiy_kontur_0702/MapServer/26","sourceId":"astana-municipal-green"}},{"type":"Feature","id":"municipal-green-799","geometry":{"type":"Polygon","coordinates":[[[71.4287161,51.0960283],[71.4286699,51.0960105],[71.4290634,51.0959512],[71.4291346,51.0959689],[71.4287161,51.0960283]]]},"properties":{"OBJECTID":799,"kind":"park","name":"Озеленение","source":"Astana municipal open geoportal","source_url":"https://gis.esaulet.kz/server/rest/services/Sloi_geoportala_otkrytiy_kontur_0702/MapServer/26","sourceId":"astana-municipal-green"}},{"type":"Feature","id":"municipal-green-800","geometry":{"type":"Polygon","coordinates":[[[71.4286796,51.0960676],[71.4288514,51.0965479],[71.4288225,51.0965782],[71.4286318,51.0960482],[71.4286796,51.0960676]]]},"properties":{"OBJECTID":800,"kind":"park","name":"Озеленение","source":"Astana municipal open geoportal","source_url":"https://gis.esaulet.kz/server/rest/services/Sloi_geoportala_otkrytiy_kontur_0702/MapServer/26","sourceId":"astana-municipal-green"}},{"type":"Feature","id":"municipal-green-801","geometry":{"type":"Polygon","coordinates":[[[71.3970198,51.1424392],[71.396916,51.1425563],[71.3969009,51.1425511],[71.3970198,51.1424392]]]},"properties":{"OBJECTID":801,"kind":"park","name":"Озеленение","source":"Astana municipal open geoportal","source_url":"https://gis.esaulet.kz/server/rest/services/Sloi_geoportala_otkrytiy_kontur_0702/MapServer/26","sourceId":"astana-municipal-green"}},{"type":"Feature","id":"municipal-green-802","geometry":{"type":"Polygon","coordinates":[[[71.3958483,51.1422644],[71.3957516,51.1423733],[71.3957202,51.1423754],[71.395832,51.1422583],[71.3958483,51.1422644]]]},"properties":{"OBJECTID":802,"kind":"park","name":"Озеленение","source":"Astana municipal open geoportal","source_url":"https://gis.esaulet.kz/server/rest/services/Sloi_geoportala_otkrytiy_kontur_0702/MapServer/26","sourceId":"astana-municipal-green"}},{"type":"Feature","id":"municipal-green-805","geometry":{"type":"Polygon","coordinates":[[[71.4219416,51.1692947],[71.4219483,51.1692695],[71.4220499,51.1692806],[71.4220362,51.1693223],[71.4219356,51.1693106],[71.4219416,51.1692947]]]},"properties":{"OBJECTID":805,"kind":"park","name":"Озеленение","source":"Astana municipal open geoportal","source_url":"https://gis.esaulet.kz/server/rest/services/Sloi_geoportala_otkrytiy_kontur_0702/MapServer/26","sourceId":"astana-municipal-green"}},{"type":"Feature","id":"municipal-green-806","geometry":{"type":"Polygon","coordinates":[[[71.3913588,51.1500164],[71.3916264,51.1500611],[71.3916101,51.150109],[71.391689,51.1501159],[71.3917389,51.1501497],[71.3918364,51.1501355],[71.3919067,51.1501514],[71.3919345,51.150134],[71.3919372,51.1500837],[71.3919987,51.1500916],[71.3920464,51.1499454],[71.3919374,51.1499314],[71.3919849,51.1498729],[71.392014,51.1497821],[71.3923583,51.149817],[71.3921029,51.1505682],[71.391149,51.1504741],[71.391274,51.1500074],[71.3912714,51.1500424],[71.391349,51.1500511],[71.3913588,51.1500164]]]},"properties":{"OBJECTID":806,"kind":"park","name":"Озеленение","source":"Astana municipal open geoportal","source_url":"https://gis.esaulet.kz/server/rest/services/Sloi_geoportala_otkrytiy_kontur_0702/MapServer/26","sourceId":"astana-municipal-green"}},{"type":"Feature","id":"municipal-green-813","geometry":{"type":"Polygon","coordinates":[[[71.4636882,51.1462849],[71.4636876,51.1463368],[71.4635695,51.1463365],[71.4635701,51.1462841],[71.4636882,51.1462849]]]},"properties":{"OBJECTID":813,"kind":"park","name":"Озеленение","source":"Astana municipal open geoportal","source_url":"https://gis.esaulet.kz/server/rest/services/Sloi_geoportala_otkrytiy_kontur_0702/MapServer/26","sourceId":"astana-municipal-green"}},{"type":"Feature","id":"municipal-green-814","geometry":{"type":"Polygon","coordinates":[[[71.4285125,51.095776],[71.4284498,51.095774],[71.4284386,51.0957427],[71.4294519,51.0955978],[71.429463,51.0956285],[71.4285125,51.095776]]]},"properties":{"OBJECTID":814,"kind":"park","name":"Озеленение","source":"Astana municipal open geoportal","source_url":"https://gis.esaulet.kz/server/rest/services/Sloi_geoportala_otkrytiy_kontur_0702/MapServer/26","sourceId":"astana-municipal-green"}},{"type":"Feature","id":"municipal-green-818","geometry":{"type":"Polygon","coordinates":[[[71.4289117,51.0965749],[71.4293294,51.0965143],[71.4292869,51.0965485],[71.4288838,51.0966024],[71.4289117,51.0965749]]]},"properties":{"OBJECTID":818,"kind":"park","name":"Озеленение","source":"Astana municipal open geoportal","source_url":"https://gis.esaulet.kz/server/rest/services/Sloi_geoportala_otkrytiy_kontur_0702/MapServer/26","sourceId":"astana-municipal-green"}},{"type":"Feature","id":"municipal-green-819","geometry":{"type":"Polygon","coordinates":[[[71.4300183,51.0955768],[71.4300271,51.095602],[71.430001,51.0956056],[71.4299922,51.0955804],[71.4300183,51.0955768]]]},"properties":{"OBJECTID":819,"kind":"park","name":"Озеленение","source":"Astana municipal open geoportal","source_url":"https://gis.esaulet.kz/server/rest/services/Sloi_geoportala_otkrytiy_kontur_0702/MapServer/26","sourceId":"astana-municipal-green"}},{"type":"Feature","id":"municipal-green-820","geometry":{"type":"Polygon","coordinates":[[[71.4300453,51.0956523],[71.4300545,51.0956774],[71.4300283,51.0956813],[71.4300191,51.0956561],[71.4300453,51.0956523]]]},"properties":{"OBJECTID":820,"kind":"park","name":"Озеленение","source":"Astana municipal open geoportal","source_url":"https://gis.esaulet.kz/server/rest/services/Sloi_geoportala_otkrytiy_kontur_0702/MapServer/26","sourceId":"astana-municipal-green"}},{"type":"Feature","id":"municipal-green-821","geometry":{"type":"Polygon","coordinates":[[[71.426289,51.1608845],[71.4263023,51.1608441],[71.4263577,51.1608506],[71.426346,51.1608906],[71.426289,51.1608845]]]},"properties":{"OBJECTID":821,"kind":"park","name":"Озеленение","source":"Astana municipal open geoportal","source_url":"https://gis.esaulet.kz/server/rest/services/Sloi_geoportala_otkrytiy_kontur_0702/MapServer/26","sourceId":"astana-municipal-green"}},{"type":"Feature","id":"municipal-green-822","geometry":{"type":"Polygon","coordinates":[[[71.4263131,51.1608083],[71.4263252,51.1607666],[71.426383,51.1607726],[71.4263694,51.1608145],[71.4263131,51.1608083]]]},"properties":{"OBJECTID":822,"kind":"park","name":"Озеленение","source":"Astana municipal open geoportal","source_url":"https://gis.esaulet.kz/server/rest/services/Sloi_geoportala_otkrytiy_kontur_0702/MapServer/26","sourceId":"astana-municipal-green"}},{"type":"Feature","id":"municipal-green-823","geometry":{"type":"Polygon","coordinates":[[[71.4263318,51.1607443],[71.4263538,51.1606736],[71.4264091,51.160676],[71.4263891,51.1607512],[71.4263318,51.1607443]]]},"properties":{"OBJECTID":823,"kind":"park","name":"Озеленение","source":"Astana municipal open geoportal","source_url":"https://gis.esaulet.kz/server/rest/services/Sloi_geoportala_otkrytiy_kontur_0702/MapServer/26","sourceId":"astana-municipal-green"}},{"type":"Feature","id":"municipal-green-824","geometry":{"type":"Polygon","coordinates":[[[71.4280776,51.1065405],[71.4278254,51.1065763],[71.4278571,51.1065259],[71.4280597,51.1064966],[71.4280776,51.1065405]]]},"properties":{"OBJECTID":824,"kind":"park","name":"Озеленение","source":"Astana municipal open geoportal","source_url":"https://gis.esaulet.kz/server/rest/services/Sloi_geoportala_otkrytiy_kontur_0702/MapServer/26","sourceId":"astana-municipal-green"}},{"type":"Feature","id":"municipal-green-825","geometry":{"type":"Polygon","coordinates":[[[71.4283459,51.1070796],[71.4283634,51.1070771],[71.4284723,51.1073823],[71.4281347,51.107424],[71.428068,51.1072472],[71.4280988,51.1072427],[71.4281585,51.1074099],[71.4284412,51.1073699],[71.4283764,51.1071886],[71.4280937,51.1072287],[71.4280724,51.1071679],[71.4282692,51.1071518],[71.4283195,51.1071324],[71.4283022,51.1070859],[71.4283459,51.1070796]]]},"properties":{"OBJECTID":825,"kind":"park","name":"Озеленение","source":"Astana municipal open geoportal","source_url":"https://gis.esaulet.kz/server/rest/services/Sloi_geoportala_otkrytiy_kontur_0702/MapServer/26","sourceId":"astana-municipal-green"}},{"type":"Feature","id":"municipal-green-826","geometry":{"type":"Polygon","coordinates":[[[71.4280322,51.1073931],[71.4280672,51.1074634],[71.4281729,51.1074881],[71.4292092,51.1073395],[71.4292405,51.1073515],[71.4298946,51.1072689],[71.4280917,51.1075283],[71.4279374,51.1074079],[71.4280322,51.1073931]]]},"properties":{"OBJECTID":826,"kind":"park","name":"Озеленение","source":"Astana municipal open geoportal","source_url":"https://gis.esaulet.kz/server/rest/services/Sloi_geoportala_otkrytiy_kontur_0702/MapServer/26","sourceId":"astana-municipal-green"}},{"type":"Feature","id":"municipal-green-827","geometry":{"type":"Polygon","coordinates":[[[71.4277704,51.1067247],[71.4277775,51.1067471],[71.4274952,51.1067882],[71.4275287,51.1068757],[71.4277516,51.1068426],[71.4277661,51.1067811],[71.4277873,51.1067747],[71.4278427,51.10693],[71.4278009,51.1069361],[71.4277584,51.1068637],[71.4275347,51.106897],[71.4275668,51.1069827],[71.4278473,51.1069428],[71.4278819,51.1070398],[71.4278611,51.1070428],[71.4278265,51.106969],[71.4275739,51.1070049],[71.4276058,51.1070919],[71.4278862,51.1070508],[71.4278959,51.1070756],[71.4279205,51.1071443],[71.4278856,51.1071492],[71.427873,51.1070769],[71.4276136,51.1071145],[71.4276441,51.1072012],[71.427926,51.1071597],[71.427966,51.1072712],[71.4279077,51.1072792],[71.4278766,51.1071913],[71.4276526,51.1072231],[71.427716,51.1074003],[71.4279393,51.1073686],[71.4279122,51.1072919],[71.4279702,51.1072835],[71.4280054,51.1073832],[71.427725,51.1074237],[71.4277728,51.1075552],[71.4280853,51.1075108],[71.4280917,51.1075283],[71.4277455,51.1075782],[71.4273642,51.1065202],[71.4276804,51.1064751],[71.4277267,51.1066053],[71.4276786,51.1066118],[71.4276816,51.1065711],[71.4276133,51.1065159],[71.4274081,51.1065445],[71.4274482,51.1066576],[71.4277313,51.1066173],[71.4277628,51.1067038],[71.427691,51.1066447],[71.4274563,51.1066802],[71.4274875,51.1067658],[71.4277704,51.1067247]]]},"properties":{"OBJECTID":827,"kind":"park","name":"Озеленение","source":"Astana municipal open geoportal","source_url":"https://gis.esaulet.kz/server/rest/services/Sloi_geoportala_otkrytiy_kontur_0702/MapServer/26","sourceId":"astana-municipal-green"}},{"type":"Feature","id":"municipal-green-830","geometry":{"type":"Polygon","coordinates":[[[71.4735603,51.1379777],[71.4734588,51.1379492],[71.4735765,51.1379568],[71.4735603,51.1379777]]]},"properties":{"OBJECTID":830,"kind":"park","name":"Озеленение","source":"Astana municipal open geoportal","source_url":"https://gis.esaulet.kz/server/rest/services/Sloi_geoportala_otkrytiy_kontur_0702/MapServer/26","sourceId":"astana-municipal-green"}},{"type":"Feature","id":"municipal-green-831","geometry":{"type":"Polygon","coordinates":[[[71.3987862,51.1400628],[71.3988223,51.1400647],[71.3988167,51.1401373],[71.3985184,51.1401227],[71.3985771,51.1400546],[71.3987412,51.1400616],[71.3986854,51.1400751],[71.3986824,51.1401209],[71.3988035,51.140124],[71.3988065,51.1400782],[71.3987862,51.1400628]]]},"properties":{"OBJECTID":831,"kind":"park","name":"Озеленение","source":"Astana municipal open geoportal","source_url":"https://gis.esaulet.kz/server/rest/services/Sloi_geoportala_otkrytiy_kontur_0702/MapServer/26","sourceId":"astana-municipal-green"}},{"type":"Feature","id":"municipal-green-832","geometry":{"type":"Polygon","coordinates":[[[71.3914406,51.1499171],[71.3914264,51.1499646],[71.3913872,51.1499598],[71.3914017,51.1499124],[71.3914406,51.1499171]]]},"properties":{"OBJECTID":832,"kind":"park","name":"Озеленение","source":"Astana municipal open geoportal","source_url":"https://gis.esaulet.kz/server/rest/services/Sloi_geoportala_otkrytiy_kontur_0702/MapServer/26","sourceId":"astana-municipal-green"}},{"type":"Feature","id":"municipal-green-836","geometry":{"type":"Polygon","coordinates":[[[71.4300322,51.0956146],[71.4300403,51.0956392],[71.4300137,51.0956427],[71.4300056,51.0956181],[71.4300322,51.0956146]]]},"properties":{"OBJECTID":836,"kind":"park","name":"Озеленение","source":"Astana municipal open geoportal","source_url":"https://gis.esaulet.kz/server/rest/services/Sloi_geoportala_otkrytiy_kontur_0702/MapServer/26","sourceId":"astana-municipal-green"}},{"type":"Feature","id":"municipal-green-837","geometry":{"type":"Polygon","coordinates":[[[71.4395769,51.1077093],[71.4396051,51.1077016],[71.4396254,51.1077897],[71.4395881,51.1077959],[71.4395769,51.1077093]]]},"properties":{"OBJECTID":837,"kind":"park","name":"Озеленение","source":"Astana municipal open geoportal","source_url":"https://gis.esaulet.kz/server/rest/services/Sloi_geoportala_otkrytiy_kontur_0702/MapServer/26","sourceId":"astana-municipal-green"}},{"type":"Feature","id":"municipal-green-838","geometry":{"type":"Polygon","coordinates":[[[71.4065649,51.1439082],[71.4066167,51.1439378],[71.4065373,51.1439893],[71.4065174,51.1439485],[71.4065649,51.1439082]]]},"properties":{"OBJECTID":838,"kind":"park","name":"Озеленение","source":"Astana municipal open geoportal","source_url":"https://gis.esaulet.kz/server/rest/services/Sloi_geoportala_otkrytiy_kontur_0702/MapServer/26","sourceId":"astana-municipal-green"}},{"type":"Feature","id":"municipal-green-839","geometry":{"type":"Polygon","coordinates":[[[71.3916619,51.1497081],[71.3919217,51.1497434],[71.3919373,51.1497658],[71.3919028,51.149786],[71.3916165,51.1497443],[71.3916238,51.1497184],[71.3916619,51.1497081]]]},"properties":{"OBJECTID":839,"kind":"park","name":"Озеленение","source":"Astana municipal open geoportal","source_url":"https://gis.esaulet.kz/server/rest/services/Sloi_geoportala_otkrytiy_kontur_0702/MapServer/26","sourceId":"astana-municipal-green"}},{"type":"Feature","id":"municipal-green-846","geometry":{"type":"Polygon","coordinates":[[[71.420881,51.1693503],[71.4208708,51.1693825],[71.4207152,51.1693631],[71.4207254,51.1693308],[71.420881,51.1693503]]]},"properties":{"OBJECTID":846,"kind":"park","name":"Озеленение","source":"Astana municipal open geoportal","source_url":"https://gis.esaulet.kz/server/rest/services/Sloi_geoportala_otkrytiy_kontur_0702/MapServer/26","sourceId":"astana-municipal-green"}},{"type":"Feature","id":"municipal-green-847","geometry":{"type":"Polygon","coordinates":[[[71.4217158,51.1692467],[71.4217076,51.169284],[71.4216054,51.1692715],[71.4216166,51.1692349],[71.4217158,51.1692467]]]},"properties":{"OBJECTID":847,"kind":"park","name":"Озеленение","source":"Astana municipal open geoportal","source_url":"https://gis.esaulet.kz/server/rest/services/Sloi_geoportala_otkrytiy_kontur_0702/MapServer/26","sourceId":"astana-municipal-green"}},{"type":"Feature","id":"municipal-green-848","geometry":{"type":"Polygon","coordinates":[[[71.4226557,51.1693669],[71.4226477,51.1693965],[71.4221109,51.1693316],[71.4221209,51.1692977],[71.4226557,51.1693669]]]},"properties":{"OBJECTID":848,"kind":"park","name":"Озеленение","source":"Astana municipal open geoportal","source_url":"https://gis.esaulet.kz/server/rest/services/Sloi_geoportala_otkrytiy_kontur_0702/MapServer/26","sourceId":"astana-municipal-green"}},{"type":"Feature","id":"municipal-green-855","geometry":{"type":"Polygon","coordinates":[[[71.4738537,51.1233589],[71.4737938,51.123392],[71.4737863,51.1233715],[71.4738082,51.1233313],[71.473835,51.1233289],[71.4738537,51.1233589]]]},"properties":{"OBJECTID":855,"kind":"park","name":"Озеленение","source":"Astana municipal open geoportal","source_url":"https://gis.esaulet.kz/server/rest/services/Sloi_geoportala_otkrytiy_kontur_0702/MapServer/26","sourceId":"astana-municipal-green"}},{"type":"Feature","id":"municipal-green-856","geometry":{"type":"Polygon","coordinates":[[[71.4740139,51.1530409],[71.4739078,51.1530154],[71.4740119,51.1530058],[71.4740139,51.1530409]]]},"properties":{"OBJECTID":856,"kind":"park","name":"Озеленение","source":"Astana municipal open geoportal","source_url":"https://gis.esaulet.kz/server/rest/services/Sloi_geoportala_otkrytiy_kontur_0702/MapServer/26","sourceId":"astana-municipal-green"}},{"type":"Feature","id":"municipal-green-857","geometry":{"type":"Polygon","coordinates":[[[71.4705495,51.1526886],[71.4705599,51.1527091],[71.4704999,51.1527871],[71.4704268,51.1527672],[71.4704735,51.1527064],[71.4703013,51.1526541],[71.4702517,51.1527187],[71.4701703,51.1526966],[71.4702388,51.1526043],[71.4705495,51.1526886]]]},"properties":{"OBJECTID":857,"kind":"park","name":"Озеленение","source":"Astana municipal open geoportal","source_url":"https://gis.esaulet.kz/server/rest/services/Sloi_geoportala_otkrytiy_kontur_0702/MapServer/26","sourceId":"astana-municipal-green"}},{"type":"Feature","id":"municipal-green-858","geometry":{"type":"Polygon","coordinates":[[[71.4698112,51.1524834],[71.4697654,51.1525456],[71.4696901,51.1525228],[71.4697323,51.1524602],[71.4698112,51.1524834]]]},"properties":{"OBJECTID":858,"kind":"park","name":"Озеленение","source":"Astana municipal open geoportal","source_url":"https://gis.esaulet.kz/server/rest/services/Sloi_geoportala_otkrytiy_kontur_0702/MapServer/26","sourceId":"astana-municipal-green"}},{"type":"Feature","id":"municipal-green-859","geometry":{"type":"Polygon","coordinates":[[[71.4083828,51.1673135],[71.4084197,51.167339],[71.4081968,51.1681226],[71.4081412,51.1681483],[71.4083828,51.1673135]]]},"properties":{"OBJECTID":859,"kind":"park","name":"Озеленение","source":"Astana municipal open geoportal","source_url":"https://gis.esaulet.kz/server/rest/services/Sloi_geoportala_otkrytiy_kontur_0702/MapServer/26","sourceId":"astana-municipal-green"}},{"type":"Feature","id":"municipal-green-860","geometry":{"type":"Polygon","coordinates":[[[71.468835,51.1523278],[71.4688651,51.15235],[71.4684004,51.1522158],[71.468835,51.1523278]]]},"properties":{"OBJECTID":860,"kind":"park","name":"Озеленение","source":"Astana municipal open geoportal","source_url":"https://gis.esaulet.kz/server/rest/services/Sloi_geoportala_otkrytiy_kontur_0702/MapServer/26","sourceId":"astana-municipal-green"}},{"type":"Feature","id":"municipal-green-865","geometry":{"type":"Polygon","coordinates":[[[71.4455936,51.1690425],[71.4456702,51.1690645],[71.4456784,51.1691127],[71.4455609,51.1691005],[71.4455749,51.1690407],[71.4455936,51.1690425]]]},"properties":{"OBJECTID":865,"kind":"park","name":"Озеленение","source":"Astana municipal open geoportal","source_url":"https://gis.esaulet.kz/server/rest/services/Sloi_geoportala_otkrytiy_kontur_0702/MapServer/26","sourceId":"astana-municipal-green"}},{"type":"Feature","id":"municipal-green-867","geometry":{"type":"Polygon","coordinates":[[[71.4697828,51.1524341],[71.4698171,51.152469],[71.4697433,51.1524474],[71.4697828,51.1524341]]]},"properties":{"OBJECTID":867,"kind":"park","name":"Озеленение","source":"Astana municipal open geoportal","source_url":"https://gis.esaulet.kz/server/rest/services/Sloi_geoportala_otkrytiy_kontur_0702/MapServer/26","sourceId":"astana-municipal-green"}},{"type":"Feature","id":"municipal-green-870","geometry":{"type":"Polygon","coordinates":[[[71.4582748,51.1471851],[71.4584483,51.1472348],[71.4582723,51.1471893],[71.4582748,51.1471851]]]},"properties":{"OBJECTID":870,"kind":"park","name":"Озеленение","source":"Astana municipal open geoportal","source_url":"https://gis.esaulet.kz/server/rest/services/Sloi_geoportala_otkrytiy_kontur_0702/MapServer/26","sourceId":"astana-municipal-green"}},{"type":"Feature","id":"municipal-green-871","geometry":{"type":"Polygon","coordinates":[[[71.4582585,51.1472721],[71.4582541,51.147311],[71.4582227,51.1473026],[71.4582585,51.1472721]]]},"properties":{"OBJECTID":871,"kind":"park","name":"Озеленение","source":"Astana municipal open geoportal","source_url":"https://gis.esaulet.kz/server/rest/services/Sloi_geoportala_otkrytiy_kontur_0702/MapServer/26","sourceId":"astana-municipal-green"}},{"type":"Feature","id":"municipal-green-872","geometry":{"type":"Polygon","coordinates":[[[71.4679016,51.1379503],[71.4679628,51.1379725],[71.4679383,51.1380157],[71.4678846,51.138001],[71.4679016,51.1379503]]]},"properties":{"OBJECTID":872,"kind":"park","name":"Озеленение","source":"Astana municipal open geoportal","source_url":"https://gis.esaulet.kz/server/rest/services/Sloi_geoportala_otkrytiy_kontur_0702/MapServer/26","sourceId":"astana-municipal-green"}},{"type":"Feature","id":"municipal-green-873","geometry":{"type":"Polygon","coordinates":[[[71.4745373,51.1223996],[71.4745995,51.1224313],[71.4746787,51.1226319],[71.4746548,51.1226691],[71.4745759,51.1226775],[71.474469,51.1224107],[71.4745373,51.1223996]]]},"properties":{"OBJECTID":873,"kind":"park","name":"Озеленение","source":"Astana municipal open geoportal","source_url":"https://gis.esaulet.kz/server/rest/services/Sloi_geoportala_otkrytiy_kontur_0702/MapServer/26","sourceId":"astana-municipal-green"}},{"type":"Feature","id":"municipal-green-875","geometry":{"type":"Polygon","coordinates":[[[71.467956,51.1381475],[71.4679328,51.1381763],[71.4678807,51.1381842],[71.4675446,51.1380874],[71.4675775,51.1380392],[71.467956,51.1381475]]]},"properties":{"OBJECTID":875,"kind":"park","name":"Озеленение","source":"Astana municipal open geoportal","source_url":"https://gis.esaulet.kz/server/rest/services/Sloi_geoportala_otkrytiy_kontur_0702/MapServer/26","sourceId":"astana-municipal-green"}},{"type":"Feature","id":"municipal-green-876","geometry":{"type":"Polygon","coordinates":[[[71.4236268,51.1441173],[71.4236533,51.1441436],[71.4235971,51.1441596],[71.4235759,51.1441329],[71.4236268,51.1441173]]]},"properties":{"OBJECTID":876,"kind":"park","name":"Озеленение","source":"Astana municipal open geoportal","source_url":"https://gis.esaulet.kz/server/rest/services/Sloi_geoportala_otkrytiy_kontur_0702/MapServer/26","sourceId":"astana-municipal-green"}},{"type":"Feature","id":"municipal-green-877","geometry":{"type":"Polygon","coordinates":[[[71.3977694,51.1424647],[71.3976775,51.1425846],[71.3976591,51.1425776],[71.3977694,51.1424647]]]},"properties":{"OBJECTID":877,"kind":"park","name":"Озеленение","source":"Astana municipal open geoportal","source_url":"https://gis.esaulet.kz/server/rest/services/Sloi_geoportala_otkrytiy_kontur_0702/MapServer/26","sourceId":"astana-municipal-green"}},{"type":"Feature","id":"municipal-green-878","geometry":{"type":"Polygon","coordinates":[[[71.3981026,51.1420381],[71.3981116,51.1420561],[71.398014,51.142164],[71.397993,51.1421558],[71.3981026,51.1420381]]]},"properties":{"OBJECTID":878,"kind":"park","name":"Озеленение","source":"Astana municipal open geoportal","source_url":"https://gis.esaulet.kz/server/rest/services/Sloi_geoportala_otkrytiy_kontur_0702/MapServer/26","sourceId":"astana-municipal-green"}},{"type":"Feature","id":"municipal-green-879","geometry":{"type":"Polygon","coordinates":[[[71.3972342,51.1420026],[71.3972205,51.142043],[71.3971403,51.142125],[71.3971225,51.142118],[71.3972342,51.1420026]]]},"properties":{"OBJECTID":879,"kind":"park","name":"Озеленение","source":"Astana municipal open geoportal","source_url":"https://gis.esaulet.kz/server/rest/services/Sloi_geoportala_otkrytiy_kontur_0702/MapServer/26","sourceId":"astana-municipal-green"}},{"type":"Feature","id":"municipal-green-880","geometry":{"type":"Polygon","coordinates":[[[71.3974377,51.1418138],[71.3973142,51.1419236],[71.3974196,51.1418068],[71.3974377,51.1418138]]]},"properties":{"OBJECTID":880,"kind":"park","name":"Озеленение","source":"Astana municipal open geoportal","source_url":"https://gis.esaulet.kz/server/rest/services/Sloi_geoportala_otkrytiy_kontur_0702/MapServer/26","sourceId":"astana-municipal-green"}},{"type":"Feature","id":"municipal-green-881","geometry":{"type":"Polygon","coordinates":[[[71.3966025,51.1417641],[71.3965041,51.1418713],[71.3964741,51.1418711],[71.3965836,51.1417572],[71.3966025,51.1417641]]]},"properties":{"OBJECTID":881,"kind":"park","name":"Озеленение","source":"Astana municipal open geoportal","source_url":"https://gis.esaulet.kz/server/rest/services/Sloi_geoportala_otkrytiy_kontur_0702/MapServer/26","sourceId":"astana-municipal-green"}},{"type":"Feature","id":"municipal-green-882","geometry":{"type":"Polygon","coordinates":[[[71.3956224,51.1417223],[71.3955281,51.1418318],[71.3954952,51.1418351],[71.3956037,51.1417158],[71.3956224,51.1417223]]]},"properties":{"OBJECTID":882,"kind":"park","name":"Озеленение","source":"Astana municipal open geoportal","source_url":"https://gis.esaulet.kz/server/rest/services/Sloi_geoportala_otkrytiy_kontur_0702/MapServer/26","sourceId":"astana-municipal-green"}},{"type":"Feature","id":"municipal-green-883","geometry":{"type":"Polygon","coordinates":[[[71.4582928,51.1472431],[71.45826,51.1472471],[71.458283,51.1472133],[71.4583145,51.1472216],[71.4582928,51.1472431]]]},"properties":{"OBJECTID":883,"kind":"park","name":"Озеленение","source":"Astana municipal open geoportal","source_url":"https://gis.esaulet.kz/server/rest/services/Sloi_geoportala_otkrytiy_kontur_0702/MapServer/26","sourceId":"astana-municipal-green"}},{"type":"Feature","id":"municipal-green-884","geometry":{"type":"Polygon","coordinates":[[[71.4673083,51.1379347],[71.4673433,51.1378859],[71.4675305,51.1379388],[71.4675836,51.138013],[71.4673083,51.1379347]]]},"properties":{"OBJECTID":884,"kind":"park","name":"Озеленение","source":"Astana municipal open geoportal","source_url":"https://gis.esaulet.kz/server/rest/services/Sloi_geoportala_otkrytiy_kontur_0702/MapServer/26","sourceId":"astana-municipal-green"}},{"type":"Feature","id":"municipal-green-885","geometry":{"type":"Polygon","coordinates":[[[71.3966119,51.142285],[71.3964895,51.1423955],[71.3965965,51.1422796],[71.3966119,51.142285]]]},"properties":{"OBJECTID":885,"kind":"park","name":"Озеленение","source":"Astana municipal open geoportal","source_url":"https://gis.esaulet.kz/server/rest/services/Sloi_geoportala_otkrytiy_kontur_0702/MapServer/26","sourceId":"astana-municipal-green"}},{"type":"Feature","id":"municipal-green-886","geometry":{"type":"Polygon","coordinates":[[[71.3953762,51.142353],[71.3952712,51.1424715],[71.3953584,51.142511],[71.3952467,51.1424709],[71.3953762,51.142353]]]},"properties":{"OBJECTID":886,"kind":"park","name":"Озеленение","source":"Astana municipal open geoportal","source_url":"https://gis.esaulet.kz/server/rest/services/Sloi_geoportala_otkrytiy_kontur_0702/MapServer/26","sourceId":"astana-municipal-green"}},{"type":"Feature","id":"municipal-green-887","geometry":{"type":"Polygon","coordinates":[[[71.4647945,51.1444238],[71.4654504,51.1444319],[71.4654499,51.1444901],[71.4641616,51.1444849],[71.4641615,51.1444525],[71.4640916,51.1444526],[71.4640884,51.1444313],[71.4647945,51.1444238]]]},"properties":{"OBJECTID":887,"kind":"park","name":"Озеленение","source":"Astana municipal open geoportal","source_url":"https://gis.esaulet.kz/server/rest/services/Sloi_geoportala_otkrytiy_kontur_0702/MapServer/26","sourceId":"astana-municipal-green"}},{"type":"Feature","id":"municipal-green-888","geometry":{"type":"Polygon","coordinates":[[[71.3969301,51.1418541],[71.396915,51.1418681],[71.3968877,51.1418393],[71.3969301,51.1418541]]]},"properties":{"OBJECTID":888,"kind":"park","name":"Озеленение","source":"Astana municipal open geoportal","source_url":"https://gis.esaulet.kz/server/rest/services/Sloi_geoportala_otkrytiy_kontur_0702/MapServer/26","sourceId":"astana-municipal-green"}},{"type":"Feature","id":"municipal-green-889","geometry":{"type":"Polygon","coordinates":[[[71.3958094,51.1417175],[71.3958701,51.1417406],[71.3956841,51.1419399],[71.3955618,51.1418973],[71.3955682,51.1418549],[71.3957944,51.1416108],[71.3962372,51.1416472],[71.3961428,51.1417477],[71.3960915,51.1417703],[71.3958414,51.1416781],[71.3958094,51.1417175]]]},"properties":{"OBJECTID":889,"kind":"park","name":"Озеленение","source":"Astana municipal open geoportal","source_url":"https://gis.esaulet.kz/server/rest/services/Sloi_geoportala_otkrytiy_kontur_0702/MapServer/26","sourceId":"astana-municipal-green"}},{"type":"Feature","id":"municipal-green-890","geometry":{"type":"Polygon","coordinates":[[[71.397152,51.141707],[71.3970378,51.1418168],[71.3971332,51.1416996],[71.397152,51.141707]]]},"properties":{"OBJECTID":890,"kind":"park","name":"Озеленение","source":"Astana municipal open geoportal","source_url":"https://gis.esaulet.kz/server/rest/services/Sloi_geoportala_otkrytiy_kontur_0702/MapServer/26","sourceId":"astana-municipal-green"}},{"type":"Feature","id":"municipal-green-891","geometry":{"type":"Polygon","coordinates":[[[71.3963959,51.1419587],[71.3964056,51.1419779],[71.39631,51.1420794],[71.3962885,51.142071],[71.3963959,51.1419587]]]},"properties":{"OBJECTID":891,"kind":"park","name":"Озеленение","source":"Astana municipal open geoportal","source_url":"https://gis.esaulet.kz/server/rest/services/Sloi_geoportala_otkrytiy_kontur_0702/MapServer/26","sourceId":"astana-municipal-green"}},{"type":"Feature","id":"municipal-green-892","geometry":{"type":"Polygon","coordinates":[[[71.3961246,51.1418544],[71.3960226,51.1419721],[71.3960084,51.1419668],[71.3961246,51.1418544]]]},"properties":{"OBJECTID":892,"kind":"park","name":"Озеленение","source":"Astana municipal open geoportal","source_url":"https://gis.esaulet.kz/server/rest/services/Sloi_geoportala_otkrytiy_kontur_0702/MapServer/26","sourceId":"astana-municipal-green"}},{"type":"Feature","id":"municipal-green-894","geometry":{"type":"Polygon","coordinates":[[[71.3961354,51.1423779],[71.3960361,51.1424953],[71.3961291,51.1425362],[71.3960167,51.1424958],[71.3961354,51.1423779]]]},"properties":{"OBJECTID":894,"kind":"park","name":"Озеленение","source":"Astana municipal open geoportal","source_url":"https://gis.esaulet.kz/server/rest/services/Sloi_geoportala_otkrytiy_kontur_0702/MapServer/26","sourceId":"astana-municipal-green"}},{"type":"Feature","id":"municipal-green-896","geometry":{"type":"Polygon","coordinates":[[[71.4210083,51.1437012],[71.4209791,51.1436709],[71.4212297,51.1436066],[71.4212869,51.1436704],[71.4212189,51.1436972],[71.4211997,51.1436636],[71.4210083,51.1437012]]]},"properties":{"OBJECTID":896,"kind":"park","name":"Озеленение","source":"Astana municipal open geoportal","source_url":"https://gis.esaulet.kz/server/rest/services/Sloi_geoportala_otkrytiy_kontur_0702/MapServer/26","sourceId":"astana-municipal-green"}},{"type":"Feature","id":"municipal-green-898","geometry":{"type":"Polygon","coordinates":[[[71.4238228,51.1443483],[71.4238969,51.1444227],[71.423867,51.1444315],[71.4237992,51.1443553],[71.4238228,51.1443483]]]},"properties":{"OBJECTID":898,"kind":"park","name":"Озеленение","source":"Astana municipal open geoportal","source_url":"https://gis.esaulet.kz/server/rest/services/Sloi_geoportala_otkrytiy_kontur_0702/MapServer/26","sourceId":"astana-municipal-green"}},{"type":"Feature","id":"municipal-green-901","geometry":{"type":"Polygon","coordinates":[[[71.4583829,51.1472399],[71.4583604,51.1472739],[71.4583369,51.1472531],[71.4583514,51.1472315],[71.4583829,51.1472399]]]},"properties":{"OBJECTID":901,"kind":"park","name":"Озеленение","source":"Astana municipal open geoportal","source_url":"https://gis.esaulet.kz/server/rest/services/Sloi_geoportala_otkrytiy_kontur_0702/MapServer/26","sourceId":"astana-municipal-green"}},{"type":"Feature","id":"municipal-green-902","geometry":{"type":"Polygon","coordinates":[[[71.4667529,51.1377177],[71.466662,51.1378316],[71.4666506,51.1378028],[71.4666952,51.1377387],[71.4667529,51.1377177]]]},"properties":{"OBJECTID":902,"kind":"park","name":"Озеленение","source":"Astana municipal open geoportal","source_url":"https://gis.esaulet.kz/server/rest/services/Sloi_geoportala_otkrytiy_kontur_0702/MapServer/26","sourceId":"astana-municipal-green"}},{"type":"Feature","id":"municipal-green-903","geometry":{"type":"Polygon","coordinates":[[[71.4678425,51.1380136],[71.4677062,51.137989],[71.4676768,51.1379666],[71.4678425,51.1380136]]]},"properties":{"OBJECTID":903,"kind":"park","name":"Озеленение","source":"Astana municipal open geoportal","source_url":"https://gis.esaulet.kz/server/rest/services/Sloi_geoportala_otkrytiy_kontur_0702/MapServer/26","sourceId":"astana-municipal-green"}},{"type":"Feature","id":"municipal-green-913","geometry":{"type":"Polygon","coordinates":[[[71.4678211,51.1377667],[71.4679777,51.1377913],[71.4679117,51.1379251],[71.4677428,51.1378765],[71.4678211,51.1377667]]]},"properties":{"OBJECTID":913,"kind":"park","name":"Озеленение","source":"Astana municipal open geoportal","source_url":"https://gis.esaulet.kz/server/rest/services/Sloi_geoportala_otkrytiy_kontur_0702/MapServer/26","sourceId":"astana-municipal-green"}},{"type":"Feature","id":"municipal-green-914","geometry":{"type":"Polygon","coordinates":[[[71.3972134,51.1422398],[71.3970983,51.1423488],[71.3971946,51.1422327],[71.3972134,51.1422398]]]},"properties":{"OBJECTID":914,"kind":"park","name":"Озеленение","source":"Astana municipal open geoportal","source_url":"https://gis.esaulet.kz/server/rest/services/Sloi_geoportala_otkrytiy_kontur_0702/MapServer/26","sourceId":"astana-municipal-green"}},{"type":"Feature","id":"municipal-green-915","geometry":{"type":"Polygon","coordinates":[[[71.3974806,51.1423388],[71.3973591,51.1424511],[71.3974592,51.1423443],[71.3974216,51.1423175],[71.3974806,51.1423388]]]},"properties":{"OBJECTID":915,"kind":"park","name":"Озеленение","source":"Astana municipal open geoportal","source_url":"https://gis.esaulet.kz/server/rest/services/Sloi_geoportala_otkrytiy_kontur_0702/MapServer/26","sourceId":"astana-municipal-green"}},{"type":"Feature","id":"municipal-green-916","geometry":{"type":"Polygon","coordinates":[[[71.3963307,51.1421818],[71.3962174,51.1422936],[71.3963146,51.1421756],[71.3963307,51.1421818]]]},"properties":{"OBJECTID":916,"kind":"park","name":"Озеленение","source":"Astana municipal open geoportal","source_url":"https://gis.esaulet.kz/server/rest/services/Sloi_geoportala_otkrytiy_kontur_0702/MapServer/26","sourceId":"astana-municipal-green"}},{"type":"Feature","id":"municipal-green-917","geometry":{"type":"Polygon","coordinates":[[[71.3955376,51.1425708],[71.3954799,51.1425504],[71.3955323,51.1425591],[71.3956399,51.1424552],[71.3955376,51.1425708]]]},"properties":{"OBJECTID":917,"kind":"park","name":"Озеленение","source":"Astana municipal open geoportal","source_url":"https://gis.esaulet.kz/server/rest/services/Sloi_geoportala_otkrytiy_kontur_0702/MapServer/26","sourceId":"astana-municipal-green"}},{"type":"Feature","id":"municipal-green-918","geometry":{"type":"Polygon","coordinates":[[[71.3980211,51.1417419],[71.3979,51.1418534],[71.3980025,51.1417349],[71.3980211,51.1417419]]]},"properties":{"OBJECTID":918,"kind":"park","name":"Озеленение","source":"Astana municipal open geoportal","source_url":"https://gis.esaulet.kz/server/rest/services/Sloi_geoportala_otkrytiy_kontur_0702/MapServer/26","sourceId":"astana-municipal-green"}},{"type":"Feature","id":"municipal-green-919","geometry":{"type":"Polygon","coordinates":[[[71.4630805,51.1566548],[71.4629437,51.1565899],[71.4630548,51.1565829],[71.4630805,51.1566548]]]},"properties":{"OBJECTID":919,"kind":"park","name":"Озеленение","source":"Astana municipal open geoportal","source_url":"https://gis.esaulet.kz/server/rest/services/Sloi_geoportala_otkrytiy_kontur_0702/MapServer/26","sourceId":"astana-municipal-green"}},{"type":"Feature","id":"municipal-green-921","geometry":{"type":"Polygon","coordinates":[[[71.3953022,51.142635],[71.3953211,51.1426645],[71.3951269,51.1426575],[71.3951509,51.1426275],[71.3953022,51.142635]]]},"properties":{"OBJECTID":921,"kind":"park","name":"Озеленение","source":"Astana municipal open geoportal","source_url":"https://gis.esaulet.kz/server/rest/services/Sloi_geoportala_otkrytiy_kontur_0702/MapServer/26","sourceId":"astana-municipal-green"}},{"type":"Feature","id":"municipal-green-924","geometry":{"type":"Polygon","coordinates":[[[71.3954187,51.1422251],[71.3953085,51.1422177],[71.3953161,51.1421301],[71.3954734,51.1421378],[71.3954847,51.1421515],[71.3954187,51.1422251]]]},"properties":{"OBJECTID":924,"kind":"park","name":"Озеленение","source":"Astana municipal open geoportal","source_url":"https://gis.esaulet.kz/server/rest/services/Sloi_geoportala_otkrytiy_kontur_0702/MapServer/26","sourceId":"astana-municipal-green"}},{"type":"Feature","id":"municipal-green-928","geometry":{"type":"Polygon","coordinates":[[[71.4639935,51.1461924],[71.4640104,51.1462189],[71.4638593,51.1462196],[71.4638596,51.1461927],[71.4639935,51.1461924]]]},"properties":{"OBJECTID":928,"kind":"park","name":"Озеленение","source":"Astana municipal open geoportal","source_url":"https://gis.esaulet.kz/server/rest/services/Sloi_geoportala_otkrytiy_kontur_0702/MapServer/26","sourceId":"astana-municipal-green"}},{"type":"Feature","id":"municipal-green-929","geometry":{"type":"Polygon","coordinates":[[[71.465969,51.1461611],[71.4658656,51.1461661],[71.4659642,51.1461147],[71.465969,51.1461611]]]},"properties":{"OBJECTID":929,"kind":"park","name":"Озеленение","source":"Astana municipal open geoportal","source_url":"https://gis.esaulet.kz/server/rest/services/Sloi_geoportala_otkrytiy_kontur_0702/MapServer/26","sourceId":"astana-municipal-green"}},{"type":"Feature","id":"municipal-green-930","geometry":{"type":"Polygon","coordinates":[[[71.4757465,51.1473007],[71.4757336,51.1473207],[71.4755302,51.1472639],[71.4755227,51.1472389],[71.4757465,51.1473007]]]},"properties":{"OBJECTID":930,"kind":"park","name":"Озеленение","source":"Astana municipal open geoportal","source_url":"https://gis.esaulet.kz/server/rest/services/Sloi_geoportala_otkrytiy_kontur_0702/MapServer/26","sourceId":"astana-municipal-green"}},{"type":"Feature","id":"municipal-green-931","geometry":{"type":"Polygon","coordinates":[[[71.4791032,51.1484346],[71.4791339,51.1484661],[71.4790903,51.148529],[71.4788604,51.1484635],[71.4789199,51.1483818],[71.4791032,51.1484346]]]},"properties":{"OBJECTID":931,"kind":"park","name":"Озеленение","source":"Astana municipal open geoportal","source_url":"https://gis.esaulet.kz/server/rest/services/Sloi_geoportala_otkrytiy_kontur_0702/MapServer/26","sourceId":"astana-municipal-green"}},{"type":"Feature","id":"municipal-green-932","geometry":{"type":"Polygon","coordinates":[[[71.4820608,51.1490628],[71.4824426,51.1491742],[71.4824159,51.1492118],[71.4817862,51.1490345],[71.481767,51.1489926],[71.4820608,51.1490628]]]},"properties":{"OBJECTID":932,"kind":"park","name":"Озеленение","source":"Astana municipal open geoportal","source_url":"https://gis.esaulet.kz/server/rest/services/Sloi_geoportala_otkrytiy_kontur_0702/MapServer/26","sourceId":"astana-municipal-green"}},{"type":"Feature","id":"municipal-green-933","geometry":{"type":"Polygon","coordinates":[[[71.4704373,51.146048],[71.4704216,51.14607],[71.4701665,51.1459979],[71.4701822,51.1459759],[71.4704373,51.146048]]]},"properties":{"OBJECTID":933,"kind":"park","name":"Озеленение","source":"Astana municipal open geoportal","source_url":"https://gis.esaulet.kz/server/rest/services/Sloi_geoportala_otkrytiy_kontur_0702/MapServer/26","sourceId":"astana-municipal-green"}},{"type":"Feature","id":"municipal-green-934","geometry":{"type":"Polygon","coordinates":[[[71.4709926,51.146189],[71.4709696,51.1462204],[71.4708781,51.1461939],[71.4709002,51.1461629],[71.4709926,51.146189]]]},"properties":{"OBJECTID":934,"kind":"park","name":"Озеленение","source":"Astana municipal open geoportal","source_url":"https://gis.esaulet.kz/server/rest/services/Sloi_geoportala_otkrytiy_kontur_0702/MapServer/26","sourceId":"astana-municipal-green"}},{"type":"Feature","id":"municipal-green-935","geometry":{"type":"Polygon","coordinates":[[[71.4712869,51.1462726],[71.4712679,51.1463036],[71.4711696,51.1462797],[71.471191,51.1462475],[71.4712869,51.1462726]]]},"properties":{"OBJECTID":935,"kind":"park","name":"Озеленение","source":"Astana municipal open geoportal","source_url":"https://gis.esaulet.kz/server/rest/services/Sloi_geoportala_otkrytiy_kontur_0702/MapServer/26","sourceId":"astana-municipal-green"}},{"type":"Feature","id":"municipal-green-938","geometry":{"type":"Polygon","coordinates":[[[71.4071767,51.1443637],[71.4068428,51.144168],[71.4068848,51.1441396],[71.4072151,51.1443373],[71.4071767,51.1443637]]]},"properties":{"OBJECTID":938,"kind":"park","name":"Озеленение","source":"Astana municipal open geoportal","source_url":"https://gis.esaulet.kz/server/rest/services/Sloi_geoportala_otkrytiy_kontur_0702/MapServer/26","sourceId":"astana-municipal-green"}},{"type":"Feature","id":"municipal-green-939","geometry":{"type":"Polygon","coordinates":[[[71.4067861,51.1441348],[71.4066027,51.1440275],[71.4066445,51.1439983],[71.4068321,51.1441081],[71.4067861,51.1441348]]]},"properties":{"OBJECTID":939,"kind":"park","name":"Озеленение","source":"Astana municipal open geoportal","source_url":"https://gis.esaulet.kz/server/rest/services/Sloi_geoportala_otkrytiy_kontur_0702/MapServer/26","sourceId":"astana-municipal-green"}},{"type":"Feature","id":"municipal-green-942","geometry":{"type":"Polygon","coordinates":[[[71.439595,51.1076576],[71.439603,51.1076907],[71.4395586,51.1076947],[71.4395508,51.1076612],[71.439595,51.1076576]]]},"properties":{"OBJECTID":942,"kind":"park","name":"Озеленение","source":"Astana municipal open geoportal","source_url":"https://gis.esaulet.kz/server/rest/services/Sloi_geoportala_otkrytiy_kontur_0702/MapServer/26","sourceId":"astana-municipal-green"}},{"type":"Feature","id":"municipal-green-948","geometry":{"type":"Polygon","coordinates":[[[71.4287181,51.0966477],[71.428491,51.096014],[71.4285679,51.0960311],[71.4287741,51.0966124],[71.4287181,51.0966477]]]},"properties":{"OBJECTID":948,"kind":"park","name":"Озеленение","source":"Astana municipal open geoportal","source_url":"https://gis.esaulet.kz/server/rest/services/Sloi_geoportala_otkrytiy_kontur_0702/MapServer/26","sourceId":"astana-municipal-green"}},{"type":"Feature","id":"municipal-green-949","geometry":{"type":"Polygon","coordinates":[[[71.4294023,51.0965318],[71.4293595,51.0964074],[71.4294308,51.0963741],[71.4293235,51.0960697],[71.4292371,51.0960624],[71.4291879,51.0959328],[71.4293938,51.0959037],[71.4294572,51.0959171],[71.4295549,51.0961381],[71.4295404,51.0961631],[71.4294777,51.0961743],[71.4295163,51.0962791],[71.4296059,51.096286],[71.4296614,51.0964638],[71.4296111,51.096501],[71.4294023,51.0965318]]]},"properties":{"OBJECTID":949,"kind":"park","name":"Озеленение","source":"Astana municipal open geoportal","source_url":"https://gis.esaulet.kz/server/rest/services/Sloi_geoportala_otkrytiy_kontur_0702/MapServer/26","sourceId":"astana-municipal-green"}},{"type":"Feature","id":"municipal-green-950","geometry":{"type":"Polygon","coordinates":[[[71.4017991,51.1471882],[71.4016417,51.1471704],[71.4016467,51.1471528],[71.4018042,51.1471705],[71.4017991,51.1471882]]]},"properties":{"OBJECTID":950,"kind":"park","name":"Озеленение","source":"Astana municipal open geoportal","source_url":"https://gis.esaulet.kz/server/rest/services/Sloi_geoportala_otkrytiy_kontur_0702/MapServer/26","sourceId":"astana-municipal-green"}},{"type":"Feature","id":"municipal-green-951","geometry":{"type":"Polygon","coordinates":[[[71.428794,51.0966684],[71.4296821,51.0965125],[71.4297687,51.09651],[71.4298046,51.0965342],[71.428794,51.0966684]]]},"properties":{"OBJECTID":951,"kind":"park","name":"Озеленение","source":"Astana municipal open geoportal","source_url":"https://gis.esaulet.kz/server/rest/services/Sloi_geoportala_otkrytiy_kontur_0702/MapServer/26","sourceId":"astana-municipal-green"}},{"type":"Feature","id":"municipal-green-952","geometry":{"type":"Polygon","coordinates":[[[71.4213526,51.1438186],[71.421409,51.1438703],[71.4213555,51.1439064],[71.4213109,51.1438319],[71.4213526,51.1438186]]]},"properties":{"OBJECTID":952,"kind":"park","name":"Озеленение","source":"Astana municipal open geoportal","source_url":"https://gis.esaulet.kz/server/rest/services/Sloi_geoportala_otkrytiy_kontur_0702/MapServer/26","sourceId":"astana-municipal-green"}},{"type":"Feature","id":"municipal-green-953","geometry":{"type":"Polygon","coordinates":[[[71.4280776,51.1065405],[71.4278254,51.1065763],[71.4278571,51.1065259],[71.4280597,51.1064966],[71.4280776,51.1065405]]]},"properties":{"OBJECTID":953,"kind":"park","name":"Озеленение","source":"Astana municipal open geoportal","source_url":"https://gis.esaulet.kz/server/rest/services/Sloi_geoportala_otkrytiy_kontur_0702/MapServer/26","sourceId":"astana-municipal-green"}},{"type":"Feature","id":"municipal-green-955","geometry":{"type":"Polygon","coordinates":[[[71.4020194,51.1472079],[71.4020957,51.1472031],[71.4021049,51.1472179],[71.4020194,51.1472079]]]},"properties":{"OBJECTID":955,"kind":"park","name":"Озеленение","source":"Astana municipal open geoportal","source_url":"https://gis.esaulet.kz/server/rest/services/Sloi_geoportala_otkrytiy_kontur_0702/MapServer/26","sourceId":"astana-municipal-green"}},{"type":"Feature","id":"municipal-green-956","geometry":{"type":"Polygon","coordinates":[[[71.4014875,51.1471529],[71.4012628,51.1471273],[71.4012701,51.1471089],[71.4014928,51.147135],[71.4014875,51.1471529]]]},"properties":{"OBJECTID":956,"kind":"park","name":"Озеленение","source":"Astana municipal open geoportal","source_url":"https://gis.esaulet.kz/server/rest/services/Sloi_geoportala_otkrytiy_kontur_0702/MapServer/26","sourceId":"astana-municipal-green"}},{"type":"Feature","id":"municipal-green-957","geometry":{"type":"Polygon","coordinates":[[[71.3979728,51.1422683],[71.3978536,51.1423796],[71.3978546,51.1423557],[71.3979559,51.1422618],[71.3979728,51.1422683]]]},"properties":{"OBJECTID":957,"kind":"park","name":"Озеленение","source":"Astana municipal open geoportal","source_url":"https://gis.esaulet.kz/server/rest/services/Sloi_geoportala_otkrytiy_kontur_0702/MapServer/26","sourceId":"astana-municipal-green"}},{"type":"Feature","id":"municipal-green-958","geometry":{"type":"Polygon","coordinates":[[[71.463041,51.1565439],[71.462896,51.1565672],[71.4624418,51.1563521],[71.4624294,51.1562908],[71.4624731,51.156285],[71.4624786,51.156325],[71.4625953,51.1563999],[71.4628453,51.1564543],[71.463041,51.1565439]]]},"properties":{"OBJECTID":958,"kind":"park","name":"Озеленение","source":"Astana municipal open geoportal","source_url":"https://gis.esaulet.kz/server/rest/services/Sloi_geoportala_otkrytiy_kontur_0702/MapServer/26","sourceId":"astana-municipal-green"}},{"type":"Feature","id":"municipal-green-959","geometry":{"type":"Polygon","coordinates":[[[71.4285538,51.0969103],[71.4286679,51.09691],[71.4287839,51.0968583],[71.4288256,51.0968663],[71.4288347,51.0968932],[71.4287833,51.0969214],[71.4286072,51.0969474],[71.4285538,51.0969103]]]},"properties":{"OBJECTID":959,"kind":"park","name":"Озеленение","source":"Astana municipal open geoportal","source_url":"https://gis.esaulet.kz/server/rest/services/Sloi_geoportala_otkrytiy_kontur_0702/MapServer/26","sourceId":"astana-municipal-green"}},{"type":"Feature","id":"municipal-green-960","geometry":{"type":"Polygon","coordinates":[[[71.421306,51.1437172],[71.4213507,51.1437785],[71.4212918,51.1437987],[71.4212539,51.1437325],[71.421306,51.1437172]]]},"properties":{"OBJECTID":960,"kind":"park","name":"Озеленение","source":"Astana municipal open geoportal","source_url":"https://gis.esaulet.kz/server/rest/services/Sloi_geoportala_otkrytiy_kontur_0702/MapServer/26","sourceId":"astana-municipal-green"}},{"type":"Feature","id":"municipal-green-961","geometry":{"type":"Polygon","coordinates":[[[71.4296967,51.1062631],[71.4297273,51.1062871],[71.4297256,51.1063179],[71.429606,51.1063966],[71.4295635,51.1062828],[71.4296967,51.1062631]]]},"properties":{"OBJECTID":961,"kind":"park","name":"Озеленение","source":"Astana municipal open geoportal","source_url":"https://gis.esaulet.kz/server/rest/services/Sloi_geoportala_otkrytiy_kontur_0702/MapServer/26","sourceId":"astana-municipal-green"}},{"type":"Feature","id":"municipal-green-962","geometry":{"type":"Polygon","coordinates":[[[71.4394864,51.1078135],[71.4394797,51.1077844],[71.4395393,51.1077789],[71.439525,51.1077174],[71.439563,51.1077139],[71.4395677,51.1077995],[71.4394864,51.1078135]]]},"properties":{"OBJECTID":962,"kind":"park","name":"Озеленение","source":"Astana municipal open geoportal","source_url":"https://gis.esaulet.kz/server/rest/services/Sloi_geoportala_otkrytiy_kontur_0702/MapServer/26","sourceId":"astana-municipal-green"}},{"type":"Feature","id":"municipal-green-963","geometry":{"type":"Polygon","coordinates":[[[71.4583226,51.1473292],[71.4582912,51.1473208],[71.4583457,51.1472954],[71.4583226,51.1473292]]]},"properties":{"OBJECTID":963,"kind":"park","name":"Озеленение","source":"Astana municipal open geoportal","source_url":"https://gis.esaulet.kz/server/rest/services/Sloi_geoportala_otkrytiy_kontur_0702/MapServer/26","sourceId":"astana-municipal-green"}},{"type":"Feature","id":"municipal-green-964","geometry":{"type":"Polygon","coordinates":[[[71.4797662,51.1451846],[71.4797339,51.1451626],[71.4798365,51.1450967],[71.4798719,51.1451185],[71.4797662,51.1451846]]]},"properties":{"OBJECTID":964,"kind":"park","name":"Озеленение","source":"Astana municipal open geoportal","source_url":"https://gis.esaulet.kz/server/rest/services/Sloi_geoportala_otkrytiy_kontur_0702/MapServer/26","sourceId":"astana-municipal-green"}},{"type":"Feature","id":"municipal-green-965","geometry":{"type":"Polygon","coordinates":[[[71.4875741,51.1268217],[71.4877205,51.126861],[71.4871992,51.1276004],[71.4863402,51.1273617],[71.4868582,51.1266226],[71.4875099,51.1268044],[71.4874688,51.1268529],[71.4874106,51.1268633],[71.4869634,51.1267308],[71.4864976,51.1273763],[71.4870678,51.1275343],[71.4875741,51.1268217]]]},"properties":{"OBJECTID":965,"kind":"park","name":"Озеленение","source":"Astana municipal open geoportal","source_url":"https://gis.esaulet.kz/server/rest/services/Sloi_geoportala_otkrytiy_kontur_0702/MapServer/26","sourceId":"astana-municipal-green"}},{"type":"Feature","id":"municipal-green-966","geometry":{"type":"Polygon","coordinates":[[[71.4298254,51.0965014],[71.4297157,51.0964742],[71.429662,51.0962747],[71.4296876,51.0962367],[71.4297263,51.096226],[71.4298254,51.0965014]]]},"properties":{"OBJECTID":966,"kind":"park","name":"Озеленение","source":"Astana municipal open geoportal","source_url":"https://gis.esaulet.kz/server/rest/services/Sloi_geoportala_otkrytiy_kontur_0702/MapServer/26","sourceId":"astana-municipal-green"}},{"type":"Feature","id":"municipal-green-967","geometry":{"type":"Polygon","coordinates":[[[71.429982,51.1070576],[71.4300118,51.1070719],[71.4300314,51.1071623],[71.4298909,51.1071869],[71.4298397,51.1070416],[71.429982,51.1070576]]]},"properties":{"OBJECTID":967,"kind":"park","name":"Озеленение","source":"Astana municipal open geoportal","source_url":"https://gis.esaulet.kz/server/rest/services/Sloi_geoportala_otkrytiy_kontur_0702/MapServer/26","sourceId":"astana-municipal-green"}},{"type":"Feature","id":"municipal-green-969","geometry":{"type":"Polygon","coordinates":[[[71.4214967,51.1440207],[71.42135,51.144097],[71.4213083,51.144048],[71.4214485,51.1439791],[71.4214694,51.1439773],[71.4214967,51.1440207]]]},"properties":{"OBJECTID":969,"kind":"park","name":"Озеленение","source":"Astana municipal open geoportal","source_url":"https://gis.esaulet.kz/server/rest/services/Sloi_geoportala_otkrytiy_kontur_0702/MapServer/26","sourceId":"astana-municipal-green"}},{"type":"Feature","id":"municipal-green-970","geometry":{"type":"Polygon","coordinates":[[[71.4293819,51.1067962],[71.4294473,51.1069211],[71.4293827,51.1069306],[71.4291811,51.1063719],[71.4292821,51.106492],[71.4294513,51.1064671],[71.4294005,51.1063257],[71.4291842,51.106358],[71.4291998,51.1063366],[71.429543,51.1062858],[71.4297554,51.1068745],[71.4296071,51.1068975],[71.429561,51.1067689],[71.4293819,51.1067962]],[[71.4292939,51.1066617],[71.4293642,51.1067766],[71.429553,51.1067484],[71.4295094,51.1066291],[71.4292939,51.1066617]],[[71.4295025,51.1066086],[71.4294583,51.1064883],[71.4292904,51.1065142],[71.4292876,51.10664],[71.4295025,51.1066086]]]},"properties":{"OBJECTID":970,"kind":"park","name":"Озеленение","source":"Astana municipal open geoportal","source_url":"https://gis.esaulet.kz/server/rest/services/Sloi_geoportala_otkrytiy_kontur_0702/MapServer/26","sourceId":"astana-municipal-green"}},{"type":"Feature","id":"municipal-green-971","geometry":{"type":"Polygon","coordinates":[[[71.42959,51.095847],[71.4297062,51.09617],[71.4296108,51.0961435],[71.4295008,51.0959003],[71.42959,51.095847]]]},"properties":{"OBJECTID":971,"kind":"park","name":"Озеленение","source":"Astana municipal open geoportal","source_url":"https://gis.esaulet.kz/server/rest/services/Sloi_geoportala_otkrytiy_kontur_0702/MapServer/26","sourceId":"astana-municipal-green"}},{"type":"Feature","id":"municipal-green-972","geometry":{"type":"Polygon","coordinates":[[[71.3954254,51.1419139],[71.3954344,51.141935],[71.3953322,51.1420388],[71.3953153,51.1420327],[71.3954254,51.1419139]]]},"properties":{"OBJECTID":972,"kind":"park","name":"Озеленение","source":"Astana municipal open geoportal","source_url":"https://gis.esaulet.kz/server/rest/services/Sloi_geoportala_otkrytiy_kontur_0702/MapServer/26","sourceId":"astana-municipal-green"}},{"type":"Feature","id":"municipal-green-973","geometry":{"type":"Polygon","coordinates":[[[71.4298417,51.0957593],[71.4298793,51.0956828],[71.4298212,51.0956115],[71.4298689,51.0955966],[71.4298973,51.0956108],[71.4299622,51.0957929],[71.4298818,51.0958051],[71.4298417,51.0957593]]]},"properties":{"OBJECTID":973,"kind":"park","name":"Озеленение","source":"Astana municipal open geoportal","source_url":"https://gis.esaulet.kz/server/rest/services/Sloi_geoportala_otkrytiy_kontur_0702/MapServer/26","sourceId":"astana-municipal-green"}},{"type":"Feature","id":"municipal-green-974","geometry":{"type":"Polygon","coordinates":[[[71.4019117,51.1472011],[71.4018302,51.1471918],[71.4018354,51.1471742],[71.4019117,51.1472011]]]},"properties":{"OBJECTID":974,"kind":"park","name":"Озеленение","source":"Astana municipal open geoportal","source_url":"https://gis.esaulet.kz/server/rest/services/Sloi_geoportala_otkrytiy_kontur_0702/MapServer/26","sourceId":"astana-municipal-green"}},{"type":"Feature","id":"municipal-green-975","geometry":{"type":"Polygon","coordinates":[[[71.4518594,51.166833],[71.4518057,51.1668672],[71.4515655,51.1665595],[71.4516226,51.1665413],[71.4518594,51.166833]]]},"properties":{"OBJECTID":975,"kind":"park","name":"Озеленение","source":"Astana municipal open geoportal","source_url":"https://gis.esaulet.kz/server/rest/services/Sloi_geoportala_otkrytiy_kontur_0702/MapServer/26","sourceId":"astana-municipal-green"}},{"type":"Feature","id":"municipal-green-976","geometry":{"type":"Polygon","coordinates":[[[71.4529542,51.1681935],[71.4529369,51.1682247],[71.452885,51.16823],[71.4526399,51.1679094],[71.4527092,51.1678889],[71.4529542,51.1681935]]]},"properties":{"OBJECTID":976,"kind":"park","name":"Озеленение","source":"Astana municipal open geoportal","source_url":"https://gis.esaulet.kz/server/rest/services/Sloi_geoportala_otkrytiy_kontur_0702/MapServer/26","sourceId":"astana-municipal-green"}},{"type":"Feature","id":"municipal-green-977","geometry":{"type":"Polygon","coordinates":[[[71.453486,51.1680479],[71.4534962,51.1681214],[71.453465,51.1680445],[71.453486,51.1680479]]]},"properties":{"OBJECTID":977,"kind":"park","name":"Озеленение","source":"Astana municipal open geoportal","source_url":"https://gis.esaulet.kz/server/rest/services/Sloi_geoportala_otkrytiy_kontur_0702/MapServer/26","sourceId":"astana-municipal-green"}},{"type":"Feature","id":"municipal-green-978","geometry":{"type":"Polygon","coordinates":[[[71.39826,51.1419763],[71.3982947,51.1420193],[71.3982332,51.1419957],[71.39826,51.1419763]]]},"properties":{"OBJECTID":978,"kind":"park","name":"Озеленение","source":"Astana municipal open geoportal","source_url":"https://gis.esaulet.kz/server/rest/services/Sloi_geoportala_otkrytiy_kontur_0702/MapServer/26","sourceId":"astana-municipal-green"}},{"type":"Feature","id":"municipal-green-979","geometry":{"type":"Polygon","coordinates":[[[71.3982642,51.1420505],[71.3981814,51.1420502],[71.3982021,51.1420284],[71.3982642,51.1420505]]]},"properties":{"OBJECTID":979,"kind":"park","name":"Озеленение","source":"Astana municipal open geoportal","source_url":"https://gis.esaulet.kz/server/rest/services/Sloi_geoportala_otkrytiy_kontur_0702/MapServer/26","sourceId":"astana-municipal-green"}},{"type":"Feature","id":"municipal-green-980","geometry":{"type":"Polygon","coordinates":[[[71.3950315,51.1417839],[71.3950746,51.1418108],[71.3949833,51.1419111],[71.3949798,51.1419956],[71.3949454,51.1420327],[71.3948952,51.1420423],[71.3948357,51.141893],[71.3950315,51.1417839]]]},"properties":{"OBJECTID":980,"kind":"park","name":"Озеленение","source":"Astana municipal open geoportal","source_url":"https://gis.esaulet.kz/server/rest/services/Sloi_geoportala_otkrytiy_kontur_0702/MapServer/26","sourceId":"astana-municipal-green"}},{"type":"Feature","id":"municipal-green-981","geometry":{"type":"Polygon","coordinates":[[[71.3984127,51.1426],[71.3983974,51.1426747],[71.3983367,51.1427065],[71.3982216,51.1427007],[71.3981672,51.142615],[71.3983004,51.1425631],[71.3984127,51.1426]]]},"properties":{"OBJECTID":981,"kind":"park","name":"Озеленение","source":"Astana municipal open geoportal","source_url":"https://gis.esaulet.kz/server/rest/services/Sloi_geoportala_otkrytiy_kontur_0702/MapServer/26","sourceId":"astana-municipal-green"}},{"type":"Feature","id":"municipal-green-982","geometry":{"type":"Polygon","coordinates":[[[71.4036239,51.169759],[71.403684,51.1697666],[71.4036742,51.1697983],[71.4036137,51.1697909],[71.4036239,51.169759]]]},"properties":{"OBJECTID":982,"kind":"park","name":"Озеленение","source":"Astana municipal open geoportal","source_url":"https://gis.esaulet.kz/server/rest/services/Sloi_geoportala_otkrytiy_kontur_0702/MapServer/26","sourceId":"astana-municipal-green"}},{"type":"Feature","id":"municipal-green-983","geometry":{"type":"Polygon","coordinates":[[[71.4035206,51.1700814],[71.4035798,51.1700952],[71.4035681,51.1701322],[71.4036218,51.170142],[71.4036061,51.1701916],[71.4035095,51.1701685],[71.4035101,51.1701149],[71.4033959,51.1701007],[71.4034064,51.1700674],[71.4035206,51.1700814]]]},"properties":{"OBJECTID":983,"kind":"park","name":"Озеленение","source":"Astana municipal open geoportal","source_url":"https://gis.esaulet.kz/server/rest/services/Sloi_geoportala_otkrytiy_kontur_0702/MapServer/26","sourceId":"astana-municipal-green"}},{"type":"Feature","id":"municipal-green-984","geometry":{"type":"Polygon","coordinates":[[[71.4281756,51.0957832],[71.4284106,51.0957466],[71.4284263,51.0957889],[71.4283765,51.0958107],[71.4282443,51.0957917],[71.428159,51.0958182],[71.4281756,51.0957832]]]},"properties":{"OBJECTID":984,"kind":"park","name":"Озеленение","source":"Astana municipal open geoportal","source_url":"https://gis.esaulet.kz/server/rest/services/Sloi_geoportala_otkrytiy_kontur_0702/MapServer/26","sourceId":"astana-municipal-green"}},{"type":"Feature","id":"municipal-green-985","geometry":{"type":"Polygon","coordinates":[[[71.4301054,51.0965078],[71.4300992,51.0964908],[71.4301423,51.0964789],[71.4301323,51.0964522],[71.4301935,51.0964437],[71.4302556,51.0966455],[71.4301971,51.0966554],[71.430201,51.0965675],[71.4301054,51.0965078]]]},"properties":{"OBJECTID":985,"kind":"park","name":"Озеленение","source":"Astana municipal open geoportal","source_url":"https://gis.esaulet.kz/server/rest/services/Sloi_geoportala_otkrytiy_kontur_0702/MapServer/26","sourceId":"astana-municipal-green"}},{"type":"Feature","id":"municipal-green-986","geometry":{"type":"Polygon","coordinates":[[[71.4285026,51.0968918],[71.4284493,51.0969052],[71.4284022,51.0968852],[71.4283614,51.0967776],[71.4283753,51.096742],[71.4284623,51.0967226],[71.4284451,51.0968279],[71.4285026,51.0968918]]]},"properties":{"OBJECTID":986,"kind":"park","name":"Озеленение","source":"Astana municipal open geoportal","source_url":"https://gis.esaulet.kz/server/rest/services/Sloi_geoportala_otkrytiy_kontur_0702/MapServer/26","sourceId":"astana-municipal-green"}},{"type":"Feature","id":"municipal-green-987","geometry":{"type":"Polygon","coordinates":[[[71.4518872,51.1668893],[71.4522124,51.167271],[71.4522091,51.1672968],[71.4521555,51.1673107],[71.4518355,51.1669021],[71.4518872,51.1668893]]]},"properties":{"OBJECTID":987,"kind":"park","name":"Озеленение","source":"Astana municipal open geoportal","source_url":"https://gis.esaulet.kz/server/rest/services/Sloi_geoportala_otkrytiy_kontur_0702/MapServer/26","sourceId":"astana-municipal-green"}},{"type":"Feature","id":"municipal-green-989","geometry":{"type":"Polygon","coordinates":[[[71.3984193,51.1425618],[71.3984131,51.1425899],[71.3983109,51.1425551],[71.3983654,51.1424646],[71.3983321,51.1424593],[71.3982905,51.1425515],[71.3982563,51.1425608],[71.3982042,51.142494],[71.3983457,51.1423428],[71.3983142,51.1422738],[71.3984118,51.1422792],[71.3984409,51.1423036],[71.3984193,51.1425618]]]},"properties":{"OBJECTID":989,"kind":"park","name":"Озеленение","source":"Astana municipal open geoportal","source_url":"https://gis.esaulet.kz/server/rest/services/Sloi_geoportala_otkrytiy_kontur_0702/MapServer/26","sourceId":"astana-municipal-green"}},{"type":"Feature","id":"municipal-green-990","geometry":{"type":"Polygon","coordinates":[[[71.3966097,51.142446],[71.3965596,51.1424033],[71.3967496,51.1421994],[71.3971394,51.1422172],[71.3970496,51.1423275],[71.3969384,51.1423363],[71.3967702,51.1422739],[71.3966097,51.142446]]]},"properties":{"OBJECTID":990,"kind":"park","name":"Озеленение","source":"Astana municipal open geoportal","source_url":"https://gis.esaulet.kz/server/rest/services/Sloi_geoportala_otkrytiy_kontur_0702/MapServer/26","sourceId":"astana-municipal-green"}},{"type":"Feature","id":"municipal-green-991","geometry":{"type":"Polygon","coordinates":[[[71.3958065,51.1424432],[71.3957805,51.1424404],[71.3957895,51.1423991],[71.396003,51.1421627],[71.3962484,51.1421756],[71.3961055,51.1422967],[71.3960769,51.1422954],[71.3960553,51.1422596],[71.3959857,51.1422762],[71.3960047,51.142313],[71.3958619,51.1424273],[71.3958065,51.1424432]]]},"properties":{"OBJECTID":991,"kind":"park","name":"Озеленение","source":"Astana municipal open geoportal","source_url":"https://gis.esaulet.kz/server/rest/services/Sloi_geoportala_otkrytiy_kontur_0702/MapServer/26","sourceId":"astana-municipal-green"}},{"type":"Feature","id":"municipal-green-992","geometry":{"type":"Polygon","coordinates":[[[71.4353843,51.1625623],[71.4354739,51.162571],[71.4353769,51.1630299],[71.4352826,51.1630147],[71.4352526,51.1629784],[71.4353565,51.1625758],[71.4353843,51.1625623]]]},"properties":{"OBJECTID":992,"kind":"park","name":"Озеленение","source":"Astana municipal open geoportal","source_url":"https://gis.esaulet.kz/server/rest/services/Sloi_geoportala_otkrytiy_kontur_0702/MapServer/26","sourceId":"astana-municipal-green"}},{"type":"Feature","id":"municipal-green-993","geometry":{"type":"Polygon","coordinates":[[[71.4622868,51.1459953],[71.4622859,51.1460609],[71.4622461,51.1460493],[71.4622107,51.1460214],[71.4622104,51.1459613],[71.4622873,51.1459611],[71.4622868,51.1459953]]]},"properties":{"OBJECTID":993,"kind":"park","name":"Озеленение","source":"Astana municipal open geoportal","source_url":"https://gis.esaulet.kz/server/rest/services/Sloi_geoportala_otkrytiy_kontur_0702/MapServer/26","sourceId":"astana-municipal-green"}},{"type":"Feature","id":"municipal-green-994","geometry":{"type":"Polygon","coordinates":[[[71.4637917,51.1460496],[71.4636489,51.1460464],[71.463616,51.1459951],[71.4637881,51.1459898],[71.4637917,51.1460496]]]},"properties":{"OBJECTID":994,"kind":"park","name":"Озеленение","source":"Astana municipal open geoportal","source_url":"https://gis.esaulet.kz/server/rest/services/Sloi_geoportala_otkrytiy_kontur_0702/MapServer/26","sourceId":"astana-municipal-green"}},{"type":"Feature","id":"municipal-green-995","geometry":{"type":"Polygon","coordinates":[[[71.4659277,51.145978],[71.4656291,51.1459897],[71.4656216,51.1459149],[71.4659143,51.1458993],[71.4659277,51.145978]]]},"properties":{"OBJECTID":995,"kind":"park","name":"Озеленение","source":"Astana municipal open geoportal","source_url":"https://gis.esaulet.kz/server/rest/services/Sloi_geoportala_otkrytiy_kontur_0702/MapServer/26","sourceId":"astana-municipal-green"}},{"type":"Feature","id":"municipal-green-996","geometry":{"type":"Polygon","coordinates":[[[71.4655785,51.1461591],[71.4653967,51.1461623],[71.4654202,51.1461427],[71.4655784,51.1461346],[71.4655785,51.1461591]]]},"properties":{"OBJECTID":996,"kind":"park","name":"Озеленение","source":"Astana municipal open geoportal","source_url":"https://gis.esaulet.kz/server/rest/services/Sloi_geoportala_otkrytiy_kontur_0702/MapServer/26","sourceId":"astana-municipal-green"}},{"type":"Feature","id":"municipal-green-997","geometry":{"type":"Polygon","coordinates":[[[71.4628905,51.1462338],[71.4629145,51.1462053],[71.4629623,51.1462],[71.4629626,51.1462557],[71.4628893,51.1462563],[71.4628905,51.1462338]]]},"properties":{"OBJECTID":997,"kind":"park","name":"Озеленение","source":"Astana municipal open geoportal","source_url":"https://gis.esaulet.kz/server/rest/services/Sloi_geoportala_otkrytiy_kontur_0702/MapServer/26","sourceId":"astana-municipal-green"}},{"type":"Feature","id":"municipal-green-998","geometry":{"type":"Polygon","coordinates":[[[71.4333851,51.1508804],[71.4332782,51.1509284],[71.4332294,51.1508866],[71.4331989,51.1508165],[71.4332629,51.1508082],[71.4332839,51.1508652],[71.4333851,51.1508804]]]},"properties":{"OBJECTID":998,"kind":"park","name":"Озеленение","source":"Astana municipal open geoportal","source_url":"https://gis.esaulet.kz/server/rest/services/Sloi_geoportala_otkrytiy_kontur_0702/MapServer/26","sourceId":"astana-municipal-green"}},{"type":"Feature","id":"municipal-green-1003","geometry":{"type":"Polygon","coordinates":[[[71.4076075,51.0850112],[71.4075639,51.0849808],[71.4076918,51.0849626],[71.4076075,51.0850112]]]},"properties":{"OBJECTID":1003,"kind":"park","name":"Озеленение","source":"Astana municipal open geoportal","source_url":"https://gis.esaulet.kz/server/rest/services/Sloi_geoportala_otkrytiy_kontur_0702/MapServer/26","sourceId":"astana-municipal-green"}},{"type":"Feature","id":"municipal-green-1004","geometry":{"type":"Polygon","coordinates":[[[71.4075749,51.0850295],[71.4075009,51.0850702],[71.4074604,51.0850436],[71.4075296,51.0850019],[71.4075749,51.0850295]]]},"properties":{"OBJECTID":1004,"kind":"park","name":"Озеленение","source":"Astana municipal open geoportal","source_url":"https://gis.esaulet.kz/server/rest/services/Sloi_geoportala_otkrytiy_kontur_0702/MapServer/26","sourceId":"astana-municipal-green"}},{"type":"Feature","id":"municipal-green-1008","geometry":{"type":"Polygon","coordinates":[[[71.4664116,51.1458983],[71.4660516,51.1459214],[71.4660388,51.1459545],[71.4659953,51.1459747],[71.4659834,51.1458956],[71.4664082,51.145873],[71.4664116,51.1458983]]]},"properties":{"OBJECTID":1008,"kind":"park","name":"Озеленение","source":"Astana municipal open geoportal","source_url":"https://gis.esaulet.kz/server/rest/services/Sloi_geoportala_otkrytiy_kontur_0702/MapServer/26","sourceId":"astana-municipal-green"}},{"type":"Feature","id":"municipal-green-1012","geometry":{"type":"Polygon","coordinates":[[[71.487063,51.1272895],[71.4870812,51.1273193],[71.4869547,51.1274622],[71.4866398,51.1273826],[71.4865967,51.1273406],[71.486968,51.1268126],[71.4870765,51.1267986],[71.4873917,51.1268989],[71.4874084,51.1269584],[71.4872377,51.1271943],[71.4870847,51.1272587],[71.4873009,51.1269521],[71.4870399,51.1268792],[71.486707,51.1273514],[71.486968,51.1274242],[71.4870052,51.1274157],[71.4870481,51.1273572],[71.4870208,51.1273493],[71.487063,51.1272895]]]},"properties":{"OBJECTID":1012,"kind":"park","name":"Озеленение","source":"Astana municipal open geoportal","source_url":"https://gis.esaulet.kz/server/rest/services/Sloi_geoportala_otkrytiy_kontur_0702/MapServer/26","sourceId":"astana-municipal-green"}},{"type":"Feature","id":"municipal-green-1013","geometry":{"type":"Polygon","coordinates":[[[71.4611797,51.1460276],[71.4612485,51.1460737],[71.4608026,51.1460759],[71.4608832,51.146027],[71.4611797,51.1460276]]]},"properties":{"OBJECTID":1013,"kind":"park","name":"Озеленение","source":"Astana municipal open geoportal","source_url":"https://gis.esaulet.kz/server/rest/services/Sloi_geoportala_otkrytiy_kontur_0702/MapServer/26","sourceId":"astana-municipal-green"}},{"type":"Feature","id":"municipal-green-1014","geometry":{"type":"Polygon","coordinates":[[[71.4621101,51.1460138],[71.462036,51.1460619],[71.4614555,51.1460625],[71.46134,51.1460168],[71.4614862,51.1459693],[71.4621097,51.145959],[71.4621101,51.1460138]]]},"properties":{"OBJECTID":1014,"kind":"park","name":"Озеленение","source":"Astana municipal open geoportal","source_url":"https://gis.esaulet.kz/server/rest/services/Sloi_geoportala_otkrytiy_kontur_0702/MapServer/26","sourceId":"astana-municipal-green"}},{"type":"Feature","id":"municipal-green-1015","geometry":{"type":"Polygon","coordinates":[[[71.4329021,51.1508912],[71.4326066,51.1509132],[71.4324596,51.1509741],[71.4323881,51.1509196],[71.4329199,51.1508519],[71.4329021,51.1508912]]]},"properties":{"OBJECTID":1015,"kind":"park","name":"Озеленение","source":"Astana municipal open geoportal","source_url":"https://gis.esaulet.kz/server/rest/services/Sloi_geoportala_otkrytiy_kontur_0702/MapServer/26","sourceId":"astana-municipal-green"}},{"type":"Feature","id":"municipal-green-1017","geometry":{"type":"Polygon","coordinates":[[[71.3951268,51.1417079],[71.3951646,51.1417135],[71.39514,51.1417397],[71.395079,51.1417128],[71.3951268,51.1417079]]]},"properties":{"OBJECTID":1017,"kind":"park","name":"Озеленение","source":"Astana municipal open geoportal","source_url":"https://gis.esaulet.kz/server/rest/services/Sloi_geoportala_otkrytiy_kontur_0702/MapServer/26","sourceId":"astana-municipal-green"}},{"type":"Feature","id":"municipal-green-1018","geometry":{"type":"Polygon","coordinates":[[[71.3950315,51.1417839],[71.3950746,51.1418108],[71.3949833,51.1419111],[71.3949798,51.1419956],[71.3949454,51.1420327],[71.3948952,51.1420423],[71.3948357,51.141893],[71.3950315,51.1417839]]]},"properties":{"OBJECTID":1018,"kind":"park","name":"Озеленение","source":"Astana municipal open geoportal","source_url":"https://gis.esaulet.kz/server/rest/services/Sloi_geoportala_otkrytiy_kontur_0702/MapServer/26","sourceId":"astana-municipal-green"}},{"type":"Feature","id":"municipal-green-1019","geometry":{"type":"Polygon","coordinates":[[[71.3952893,51.1422222],[71.3952006,51.1422458],[71.3951541,51.1421975],[71.3951017,51.1421892],[71.3950483,51.1421178],[71.3952978,51.1421298],[71.3952893,51.1422222]]]},"properties":{"OBJECTID":1019,"kind":"park","name":"Озеленение","source":"Astana municipal open geoportal","source_url":"https://gis.esaulet.kz/server/rest/services/Sloi_geoportala_otkrytiy_kontur_0702/MapServer/26","sourceId":"astana-municipal-green"}},{"type":"Feature","id":"municipal-green-1020","geometry":{"type":"Polygon","coordinates":[[[71.3953717,51.142241],[71.3953998,51.1422451],[71.3953698,51.1422768],[71.3952867,51.1422479],[71.3953717,51.142241]]]},"properties":{"OBJECTID":1020,"kind":"park","name":"Озеленение","source":"Astana municipal open geoportal","source_url":"https://gis.esaulet.kz/server/rest/services/Sloi_geoportala_otkrytiy_kontur_0702/MapServer/26","sourceId":"astana-municipal-green"}},{"type":"Feature","id":"municipal-green-1021","geometry":{"type":"Polygon","coordinates":[[[71.395338,51.142311],[71.3952984,51.1423433],[71.3952622,51.1423153],[71.395258,51.1422793],[71.395338,51.142311]]]},"properties":{"OBJECTID":1021,"kind":"park","name":"Озеленение","source":"Astana municipal open geoportal","source_url":"https://gis.esaulet.kz/server/rest/services/Sloi_geoportala_otkrytiy_kontur_0702/MapServer/26","sourceId":"astana-municipal-green"}},{"type":"Feature","id":"municipal-green-1022","geometry":{"type":"Polygon","coordinates":[[[71.3961376,51.1427002],[71.3954418,51.1426699],[71.3954582,51.1426427],[71.3966436,51.1426976],[71.3966595,51.1427226],[71.3961376,51.1427002]]]},"properties":{"OBJECTID":1022,"kind":"park","name":"Озеленение","source":"Astana municipal open geoportal","source_url":"https://gis.esaulet.kz/server/rest/services/Sloi_geoportala_otkrytiy_kontur_0702/MapServer/26","sourceId":"astana-municipal-green"}},{"type":"Feature","id":"municipal-green-1023","geometry":{"type":"Polygon","coordinates":[[[71.4236321,51.1683313],[71.423603,51.1683428],[71.4235915,51.1683821],[71.4236163,51.168385],[71.4236026,51.168432],[71.4235605,51.1684271],[71.4235904,51.1683265],[71.4236321,51.1683313]]]},"properties":{"OBJECTID":1023,"kind":"park","name":"Озеленение","source":"Astana municipal open geoportal","source_url":"https://gis.esaulet.kz/server/rest/services/Sloi_geoportala_otkrytiy_kontur_0702/MapServer/26","sourceId":"astana-municipal-green"}},{"type":"Feature","id":"municipal-green-1024","geometry":{"type":"Polygon","coordinates":[[[71.4234465,51.1683542],[71.4234591,51.1683113],[71.4235716,51.1683243],[71.4235589,51.1683669],[71.4234465,51.1683542]]]},"properties":{"OBJECTID":1024,"kind":"park","name":"Озеленение","source":"Astana municipal open geoportal","source_url":"https://gis.esaulet.kz/server/rest/services/Sloi_geoportala_otkrytiy_kontur_0702/MapServer/26","sourceId":"astana-municipal-green"}},{"type":"Feature","id":"municipal-green-1025","geometry":{"type":"Polygon","coordinates":[[[71.4234275,51.1683521],[71.4233787,51.1683467],[71.4233909,51.1683033],[71.4234402,51.1683091],[71.4234275,51.1683521]]]},"properties":{"OBJECTID":1025,"kind":"park","name":"Озеленение","source":"Astana municipal open geoportal","source_url":"https://gis.esaulet.kz/server/rest/services/Sloi_geoportala_otkrytiy_kontur_0702/MapServer/26","sourceId":"astana-municipal-green"}},{"type":"Feature","id":"municipal-green-1026","geometry":{"type":"Polygon","coordinates":[[[71.4073799,51.1532079],[71.4074112,51.1532148],[71.4073974,51.1532373],[71.4073358,51.1532469],[71.4073799,51.1532079]]]},"properties":{"OBJECTID":1026,"kind":"park","name":"Озеленение","source":"Astana municipal open geoportal","source_url":"https://gis.esaulet.kz/server/rest/services/Sloi_geoportala_otkrytiy_kontur_0702/MapServer/26","sourceId":"astana-municipal-green"}},{"type":"Feature","id":"municipal-green-1027","geometry":{"type":"Polygon","coordinates":[[[71.4073297,51.1532579],[71.4074773,51.1534652],[71.4075235,51.1534525],[71.4075106,51.1534734],[71.4075651,51.1534942],[71.4074592,51.1534687],[71.407321,51.1532737],[71.4073297,51.1532579]]]},"properties":{"OBJECTID":1027,"kind":"park","name":"Озеленение","source":"Astana municipal open geoportal","source_url":"https://gis.esaulet.kz/server/rest/services/Sloi_geoportala_otkrytiy_kontur_0702/MapServer/26","sourceId":"astana-municipal-green"}},{"type":"Feature","id":"municipal-green-1030","geometry":{"type":"Polygon","coordinates":[[[71.4216665,51.1695345],[71.4214822,51.169513],[71.4215089,51.1694237],[71.4216891,51.1694457],[71.4216665,51.1695345]]]},"properties":{"OBJECTID":1030,"kind":"park","name":"Озеленение","source":"Astana municipal open geoportal","source_url":"https://gis.esaulet.kz/server/rest/services/Sloi_geoportala_otkrytiy_kontur_0702/MapServer/26","sourceId":"astana-municipal-green"}},{"type":"Feature","id":"municipal-green-1031","geometry":{"type":"Polygon","coordinates":[[[71.4665023,51.1461001],[71.4665471,51.1460879],[71.4665642,51.146123],[71.4665081,51.1461264],[71.4665023,51.1461001]]]},"properties":{"OBJECTID":1031,"kind":"park","name":"Озеленение","source":"Astana municipal open geoportal","source_url":"https://gis.esaulet.kz/server/rest/services/Sloi_geoportala_otkrytiy_kontur_0702/MapServer/26","sourceId":"astana-municipal-green"}},{"type":"Feature","id":"municipal-green-1033","geometry":{"type":"Polygon","coordinates":[[[71.4530763,51.1683814],[71.4527038,51.1684983],[71.4530662,51.1683658],[71.4530763,51.1683814]]]},"properties":{"OBJECTID":1033,"kind":"park","name":"Озеленение","source":"Astana municipal open geoportal","source_url":"https://gis.esaulet.kz/server/rest/services/Sloi_geoportala_otkrytiy_kontur_0702/MapServer/26","sourceId":"astana-municipal-green"}},{"type":"Feature","id":"municipal-green-1035","geometry":{"type":"Polygon","coordinates":[[[71.4146096,51.1579457],[71.415029,51.1577526],[71.4159748,51.1579795],[71.4159106,51.1580577],[71.4156007,51.1579522],[71.415698,51.1579744],[71.4157142,51.1579542],[71.4155574,51.1579046],[71.4155413,51.1579248],[71.4155883,51.1579496],[71.4154388,51.1579112],[71.4155112,51.1579222],[71.415528,51.1578955],[71.4153619,51.1578542],[71.4153451,51.1578812],[71.4154077,51.1579045],[71.4152404,51.1578765],[71.4149229,51.1578699],[71.414939,51.1579264],[71.4148287,51.1579731],[71.4147795,51.157981],[71.4148403,51.1579458],[71.4147871,51.1579294],[71.4147399,51.1579873],[71.4147524,51.157951],[71.4146992,51.1579425],[71.4146863,51.1579803],[71.4146096,51.1579457]]]},"properties":{"OBJECTID":1035,"kind":"park","name":"Озеленение","source":"Astana municipal open geoportal","source_url":"https://gis.esaulet.kz/server/rest/services/Sloi_geoportala_otkrytiy_kontur_0702/MapServer/26","sourceId":"astana-municipal-green"}},{"type":"Feature","id":"municipal-green-1036","geometry":{"type":"Polygon","coordinates":[[[71.4676465,51.1378921],[71.4675845,51.137896],[71.4673792,51.1378358],[71.4674148,51.1377875],[71.4667178,51.1375863],[71.4665698,51.1377826],[71.4665021,51.1377981],[71.4664628,51.1377684],[71.4667249,51.1374302],[71.4667582,51.1374285],[71.4666842,51.1375322],[71.467691,51.1378145],[71.467763,51.1377285],[71.4676465,51.1378921]],[[71.4675716,51.1378382],[71.4676465,51.137859],[71.467676,51.1378171],[71.4676,51.1377965],[71.4675716,51.1378382]]]},"properties":{"OBJECTID":1036,"kind":"park","name":"Озеленение","source":"Astana municipal open geoportal","source_url":"https://gis.esaulet.kz/server/rest/services/Sloi_geoportala_otkrytiy_kontur_0702/MapServer/26","sourceId":"astana-municipal-green"}},{"type":"Feature","id":"municipal-green-1037","geometry":{"type":"Polygon","coordinates":[[[71.4308634,51.1144677],[71.4307598,51.1144726],[71.4308083,51.114453],[71.4308409,51.1144066],[71.4308634,51.1144677]]]},"properties":{"OBJECTID":1037,"kind":"park","name":"Озеленение","source":"Astana municipal open geoportal","source_url":"https://gis.esaulet.kz/server/rest/services/Sloi_geoportala_otkrytiy_kontur_0702/MapServer/26","sourceId":"astana-municipal-green"}},{"type":"Feature","id":"municipal-green-1038","geometry":{"type":"Polygon","coordinates":[[[71.4308099,51.1147358],[71.4307298,51.1148011],[71.4307075,51.1147406],[71.4308099,51.1147358]]]},"properties":{"OBJECTID":1038,"kind":"park","name":"Озеленение","source":"Astana municipal open geoportal","source_url":"https://gis.esaulet.kz/server/rest/services/Sloi_geoportala_otkrytiy_kontur_0702/MapServer/26","sourceId":"astana-municipal-green"}},{"type":"Feature","id":"municipal-green-1039","geometry":{"type":"Polygon","coordinates":[[[71.4312517,51.1154122],[71.4314879,51.1153715],[71.4314906,51.1153793],[71.4312517,51.1154122]]]},"properties":{"OBJECTID":1039,"kind":"park","name":"Озеленение","source":"Astana municipal open geoportal","source_url":"https://gis.esaulet.kz/server/rest/services/Sloi_geoportala_otkrytiy_kontur_0702/MapServer/26","sourceId":"astana-municipal-green"}},{"type":"Feature","id":"municipal-green-1044","geometry":{"type":"Polygon","coordinates":[[[71.4846493,51.1546559],[71.4847278,51.1547359],[71.4847113,51.1547422],[71.4846332,51.1546621],[71.4846493,51.1546559]]]},"properties":{"OBJECTID":1044,"kind":"park","name":"Озеленение","source":"Astana municipal open geoportal","source_url":"https://gis.esaulet.kz/server/rest/services/Sloi_geoportala_otkrytiy_kontur_0702/MapServer/26","sourceId":"astana-municipal-green"}},{"type":"Feature","id":"municipal-green-1048","geometry":{"type":"Polygon","coordinates":[[[71.4030593,51.1398104],[71.4030393,51.1398223],[71.4030614,51.1398854],[71.40299,51.1398604],[71.4030593,51.1398104]]]},"properties":{"OBJECTID":1048,"kind":"park","name":"Озеленение","source":"Astana municipal open geoportal","source_url":"https://gis.esaulet.kz/server/rest/services/Sloi_geoportala_otkrytiy_kontur_0702/MapServer/26","sourceId":"astana-municipal-green"}},{"type":"Feature","id":"municipal-green-1051","geometry":{"type":"Polygon","coordinates":[[[71.4867484,51.1508942],[71.4866346,51.1508776],[71.4866867,51.1507364],[71.486643,51.15073],[71.486669,51.1506597],[71.4865814,51.1506458],[71.4866181,51.1505542],[71.4868217,51.1505852],[71.4867265,51.1508249],[71.486748,51.1508476],[71.48712,51.1508914],[71.4870724,51.1510255],[71.486945,51.1510085],[71.4869655,51.1509529],[71.4867484,51.1508942]]]},"properties":{"OBJECTID":1051,"kind":"park","name":"Озеленение","source":"Astana municipal open geoportal","source_url":"https://gis.esaulet.kz/server/rest/services/Sloi_geoportala_otkrytiy_kontur_0702/MapServer/26","sourceId":"astana-municipal-green"}},{"type":"Feature","id":"municipal-green-1053","geometry":{"type":"Polygon","coordinates":[[[71.4870517,51.1519417],[71.4870517,51.1519417],[71.4870517,51.1519417],[71.4870517,51.1519417]]]},"properties":{"OBJECTID":1053,"kind":"park","name":"Озеленение","source":"Astana municipal open geoportal","source_url":"https://gis.esaulet.kz/server/rest/services/Sloi_geoportala_otkrytiy_kontur_0702/MapServer/26","sourceId":"astana-municipal-green"}},{"type":"Feature","id":"municipal-green-1054","geometry":{"type":"Polygon","coordinates":[[[71.4875951,51.1520314],[71.487607,51.1520404],[71.4876046,51.1520414],[71.4875951,51.1520314]]]},"properties":{"OBJECTID":1054,"kind":"park","name":"Озеленение","source":"Astana municipal open geoportal","source_url":"https://gis.esaulet.kz/server/rest/services/Sloi_geoportala_otkrytiy_kontur_0702/MapServer/26","sourceId":"astana-municipal-green"}},{"type":"Feature","id":"municipal-green-1059","geometry":{"type":"Polygon","coordinates":[[[71.4306704,51.1143493],[71.4305903,51.1144146],[71.430568,51.1143541],[71.4306704,51.1143493]]]},"properties":{"OBJECTID":1059,"kind":"park","name":"Озеленение","source":"Astana municipal open geoportal","source_url":"https://gis.esaulet.kz/server/rest/services/Sloi_geoportala_otkrytiy_kontur_0702/MapServer/26","sourceId":"astana-municipal-green"}},{"type":"Feature","id":"municipal-green-1060","geometry":{"type":"Polygon","coordinates":[[[71.4309707,51.1147673],[71.4308496,51.1147199],[71.4309489,51.1147057],[71.4309707,51.1147673]]]},"properties":{"OBJECTID":1060,"kind":"park","name":"Озеленение","source":"Astana municipal open geoportal","source_url":"https://gis.esaulet.kz/server/rest/services/Sloi_geoportala_otkrytiy_kontur_0702/MapServer/26","sourceId":"astana-municipal-green"}},{"type":"Feature","id":"municipal-green-1061","geometry":{"type":"Polygon","coordinates":[[[71.4308609,51.1148745],[71.4307616,51.1148888],[71.4307388,51.1148277],[71.4308609,51.1148745]]]},"properties":{"OBJECTID":1061,"kind":"park","name":"Озеленение","source":"Astana municipal open geoportal","source_url":"https://gis.esaulet.kz/server/rest/services/Sloi_geoportala_otkrytiy_kontur_0702/MapServer/26","sourceId":"astana-municipal-green"}},{"type":"Feature","id":"municipal-green-1062","geometry":{"type":"Polygon","coordinates":[[[71.4028146,51.139888],[71.4028813,51.1398913],[71.4028854,51.1398588],[71.4029147,51.1398514],[71.4030156,51.1398869],[71.4030376,51.1399041],[71.4030325,51.1399398],[71.4028095,51.1399288],[71.4028146,51.139888]]]},"properties":{"OBJECTID":1062,"kind":"park","name":"Озеленение","source":"Astana municipal open geoportal","source_url":"https://gis.esaulet.kz/server/rest/services/Sloi_geoportala_otkrytiy_kontur_0702/MapServer/26","sourceId":"astana-municipal-green"}},{"type":"Feature","id":"municipal-green-1063","geometry":{"type":"Polygon","coordinates":[[[71.4029325,51.1397906],[71.403034,51.1397956],[71.4029698,51.1398533],[71.4029265,51.1398381],[71.4029325,51.1397906]]]},"properties":{"OBJECTID":1063,"kind":"park","name":"Озеленение","source":"Astana municipal open geoportal","source_url":"https://gis.esaulet.kz/server/rest/services/Sloi_geoportala_otkrytiy_kontur_0702/MapServer/26","sourceId":"astana-municipal-green"}},{"type":"Feature","id":"municipal-green-1064","geometry":{"type":"Polygon","coordinates":[[[71.4032669,51.1399037],[71.403248,51.1398721],[71.4032707,51.1398732],[71.4032789,51.1398132],[71.4033281,51.1398156],[71.4033166,51.1399072],[71.4032669,51.1399037]]]},"properties":{"OBJECTID":1064,"kind":"park","name":"Озеленение","source":"Astana municipal open geoportal","source_url":"https://gis.esaulet.kz/server/rest/services/Sloi_geoportala_otkrytiy_kontur_0702/MapServer/26","sourceId":"astana-municipal-green"}},{"type":"Feature","id":"municipal-green-1068","geometry":{"type":"Polygon","coordinates":[[[71.4313133,51.1139382],[71.4312984,51.1139535],[71.4312939,51.1139407],[71.4313133,51.1139382]]]},"properties":{"OBJECTID":1068,"kind":"park","name":"Озеленение","source":"Astana municipal open geoportal","source_url":"https://gis.esaulet.kz/server/rest/services/Sloi_geoportala_otkrytiy_kontur_0702/MapServer/26","sourceId":"astana-municipal-green"}},{"type":"Feature","id":"municipal-green-1069","geometry":{"type":"Polygon","coordinates":[[[71.4313289,51.1140065],[71.4313954,51.1141692],[71.4313713,51.1141726],[71.4313088,51.1139956],[71.4313289,51.1140065]]]},"properties":{"OBJECTID":1069,"kind":"park","name":"Озеленение","source":"Astana municipal open geoportal","source_url":"https://gis.esaulet.kz/server/rest/services/Sloi_geoportala_otkrytiy_kontur_0702/MapServer/26","sourceId":"astana-municipal-green"}},{"type":"Feature","id":"municipal-green-1070","geometry":{"type":"Polygon","coordinates":[[[71.4314118,51.1142096],[71.4314328,51.1142732],[71.4314072,51.1142768],[71.4313849,51.1142134],[71.4314118,51.1142096]]]},"properties":{"OBJECTID":1070,"kind":"park","name":"Озеленение","source":"Astana municipal open geoportal","source_url":"https://gis.esaulet.kz/server/rest/services/Sloi_geoportala_otkrytiy_kontur_0702/MapServer/26","sourceId":"astana-municipal-green"}},{"type":"Feature","id":"municipal-green-1071","geometry":{"type":"Polygon","coordinates":[[[71.4314443,51.1143052],[71.4314767,51.1143947],[71.4314514,51.1143983],[71.4314198,51.1143086],[71.4314443,51.1143052]]]},"properties":{"OBJECTID":1071,"kind":"park","name":"Озеленение","source":"Astana municipal open geoportal","source_url":"https://gis.esaulet.kz/server/rest/services/Sloi_geoportala_otkrytiy_kontur_0702/MapServer/26","sourceId":"astana-municipal-green"}},{"type":"Feature","id":"municipal-green-1072","geometry":{"type":"Polygon","coordinates":[[[71.4314961,51.1145026],[71.431492,51.114491],[71.4315119,51.1144912],[71.4314961,51.1145026]]]},"properties":{"OBJECTID":1072,"kind":"park","name":"Озеленение","source":"Astana municipal open geoportal","source_url":"https://gis.esaulet.kz/server/rest/services/Sloi_geoportala_otkrytiy_kontur_0702/MapServer/26","sourceId":"astana-municipal-green"}},{"type":"Feature","id":"municipal-green-1073","geometry":{"type":"Polygon","coordinates":[[[71.4315118,51.1145733],[71.4314987,51.1145361],[71.4315254,51.1145323],[71.431539,51.1145695],[71.4315118,51.1145733]]]},"properties":{"OBJECTID":1073,"kind":"park","name":"Озеленение","source":"Astana municipal open geoportal","source_url":"https://gis.esaulet.kz/server/rest/services/Sloi_geoportala_otkrytiy_kontur_0702/MapServer/26","sourceId":"astana-municipal-green"}},{"type":"Feature","id":"municipal-green-1078","geometry":{"type":"Polygon","coordinates":[[[71.4315529,51.1146096],[71.4315902,51.1147163],[71.4315665,51.1147196],[71.4315289,51.114613],[71.4315529,51.1146096]]]},"properties":{"OBJECTID":1078,"kind":"park","name":"Озеленение","source":"Astana municipal open geoportal","source_url":"https://gis.esaulet.kz/server/rest/services/Sloi_geoportala_otkrytiy_kontur_0702/MapServer/26","sourceId":"astana-municipal-green"}},{"type":"Feature","id":"municipal-green-1079","geometry":{"type":"Polygon","coordinates":[[[71.4316468,51.1148789],[71.4316683,51.1149419],[71.4316437,51.1149453],[71.4316224,51.1148823],[71.4316468,51.1148789]]]},"properties":{"OBJECTID":1079,"kind":"park","name":"Озеленение","source":"Astana municipal open geoportal","source_url":"https://gis.esaulet.kz/server/rest/services/Sloi_geoportala_otkrytiy_kontur_0702/MapServer/26","sourceId":"astana-municipal-green"}},{"type":"Feature","id":"municipal-green-1080","geometry":{"type":"Polygon","coordinates":[[[71.4316809,51.1149742],[71.4316943,51.1150131],[71.4316689,51.1150166],[71.4316551,51.1149778],[71.4316809,51.1149742]]]},"properties":{"OBJECTID":1080,"kind":"park","name":"Озеленение","source":"Astana municipal open geoportal","source_url":"https://gis.esaulet.kz/server/rest/services/Sloi_geoportala_otkrytiy_kontur_0702/MapServer/26","sourceId":"astana-municipal-green"}},{"type":"Feature","id":"municipal-green-1081","geometry":{"type":"Polygon","coordinates":[[[71.4317085,51.1150535],[71.4316933,51.1150683],[71.431689,51.1150562],[71.4317085,51.1150535]]]},"properties":{"OBJECTID":1081,"kind":"park","name":"Озеленение","source":"Astana municipal open geoportal","source_url":"https://gis.esaulet.kz/server/rest/services/Sloi_geoportala_otkrytiy_kontur_0702/MapServer/26","sourceId":"astana-municipal-green"}},{"type":"Feature","id":"municipal-green-1082","geometry":{"type":"Polygon","coordinates":[[[71.4317043,51.1151012],[71.4317331,51.1151285],[71.4317149,51.1151311],[71.4317043,51.1151012]]]},"properties":{"OBJECTID":1082,"kind":"park","name":"Озеленение","source":"Astana municipal open geoportal","source_url":"https://gis.esaulet.kz/server/rest/services/Sloi_geoportala_otkrytiy_kontur_0702/MapServer/26","sourceId":"astana-municipal-green"}},{"type":"Feature","id":"municipal-green-1083","geometry":{"type":"Polygon","coordinates":[[[71.4314734,51.1144387],[71.4314951,51.1144478],[71.431478,51.1144511],[71.4314734,51.1144387]]]},"properties":{"OBJECTID":1083,"kind":"park","name":"Озеленение","source":"Astana municipal open geoportal","source_url":"https://gis.esaulet.kz/server/rest/services/Sloi_geoportala_otkrytiy_kontur_0702/MapServer/26","sourceId":"astana-municipal-green"}},{"type":"Feature","id":"municipal-green-1084","geometry":{"type":"Polygon","coordinates":[[[71.4868503,51.150593],[71.4869406,51.1506394],[71.4871182,51.1508764],[71.4869252,51.1508492],[71.4869439,51.1508007],[71.4868752,51.1507327],[71.486803,51.1507241],[71.4868503,51.150593]]]},"properties":{"OBJECTID":1084,"kind":"park","name":"Озеленение","source":"Astana municipal open geoportal","source_url":"https://gis.esaulet.kz/server/rest/services/Sloi_geoportala_otkrytiy_kontur_0702/MapServer/26","sourceId":"astana-municipal-green"}},{"type":"Feature","id":"municipal-green-1085","geometry":{"type":"Polygon","coordinates":[[[71.4865439,51.1510426],[71.4865277,51.1511219],[71.4864897,51.1511127],[71.4864235,51.1510432],[71.4865439,51.1510426]]]},"properties":{"OBJECTID":1085,"kind":"park","name":"Озеленение","source":"Astana municipal open geoportal","source_url":"https://gis.esaulet.kz/server/rest/services/Sloi_geoportala_otkrytiy_kontur_0702/MapServer/26","sourceId":"astana-municipal-green"}},{"type":"Feature","id":"municipal-green-1086","geometry":{"type":"Polygon","coordinates":[[[71.430961,51.1137052],[71.431208,51.1136765],[71.4313018,51.1139031],[71.431285,51.113913],[71.4312001,51.1136806],[71.430961,51.1137052]]]},"properties":{"OBJECTID":1086,"kind":"park","name":"Озеленение","source":"Astana municipal open geoportal","source_url":"https://gis.esaulet.kz/server/rest/services/Sloi_geoportala_otkrytiy_kontur_0702/MapServer/26","sourceId":"astana-municipal-green"}},{"type":"Feature","id":"municipal-green-1087","geometry":{"type":"Polygon","coordinates":[[[71.4860874,51.1516665],[71.4860734,51.151672],[71.4862736,51.1518755],[71.486199,51.1519038],[71.4859395,51.1516334],[71.4865052,51.1513917],[71.4865855,51.1514728],[71.4865591,51.1514629],[71.4865095,51.1514825],[71.4865237,51.1514968],[71.4861286,51.1516505],[71.486073,51.151652],[71.4860874,51.1516665]]]},"properties":{"OBJECTID":1087,"kind":"park","name":"Озеленение","source":"Astana municipal open geoportal","source_url":"https://gis.esaulet.kz/server/rest/services/Sloi_geoportala_otkrytiy_kontur_0702/MapServer/26","sourceId":"astana-municipal-green"}},{"type":"Feature","id":"municipal-green-1092","geometry":{"type":"Polygon","coordinates":[[[71.4874044,51.15166],[71.4871509,51.1517564],[71.4870426,51.1516438],[71.4868378,51.1516079],[71.4866706,51.1514395],[71.4866384,51.1514521],[71.486558,51.151371],[71.4866526,51.1513299],[71.4866575,51.1513709],[71.4868958,51.1516095],[71.4869419,51.1515942],[71.4869309,51.1515814],[71.486992,51.1516254],[71.4870592,51.1516314],[71.487291,51.1515432],[71.4874044,51.15166]]]},"properties":{"OBJECTID":1092,"kind":"park","name":"Озеленение","source":"Astana municipal open geoportal","source_url":"https://gis.esaulet.kz/server/rest/services/Sloi_geoportala_otkrytiy_kontur_0702/MapServer/26","sourceId":"astana-municipal-green"}},{"type":"Feature","id":"municipal-green-1093","geometry":{"type":"Polygon","coordinates":[[[71.4869346,51.1525669],[71.4869734,51.1526123],[71.4869065,51.1526376],[71.4863693,51.1520765],[71.4865421,51.1520115],[71.4865964,51.1520171],[71.4868356,51.152276],[71.4869169,51.1522438],[71.4871643,51.1525029],[71.4869346,51.1525669]]]},"properties":{"OBJECTID":1093,"kind":"park","name":"Озеленение","source":"Astana municipal open geoportal","source_url":"https://gis.esaulet.kz/server/rest/services/Sloi_geoportala_otkrytiy_kontur_0702/MapServer/26","sourceId":"astana-municipal-green"}},{"type":"Feature","id":"municipal-green-1094","geometry":{"type":"Polygon","coordinates":[[[71.4872119,51.1509994],[71.4871812,51.1511106],[71.4870459,51.1511646],[71.4871397,51.1509046],[71.4872119,51.1509994]]]},"properties":{"OBJECTID":1094,"kind":"park","name":"Озеленение","source":"Astana municipal open geoportal","source_url":"https://gis.esaulet.kz/server/rest/services/Sloi_geoportala_otkrytiy_kontur_0702/MapServer/26","sourceId":"astana-municipal-green"}},{"type":"Feature","id":"municipal-green-1095","geometry":{"type":"Polygon","coordinates":[[[71.431602,51.1147497],[71.4316324,51.114838],[71.4316096,51.1148412],[71.4315785,51.114753],[71.431602,51.1147497]]]},"properties":{"OBJECTID":1095,"kind":"park","name":"Озеленение","source":"Astana municipal open geoportal","source_url":"https://gis.esaulet.kz/server/rest/services/Sloi_geoportala_otkrytiy_kontur_0702/MapServer/26","sourceId":"astana-municipal-green"}},{"type":"Feature","id":"municipal-green-1096","geometry":{"type":"Polygon","coordinates":[[[71.4317461,51.1151607],[71.4317898,51.1153401],[71.4315506,51.1153697],[71.4317799,51.1153296],[71.4317226,51.1151639],[71.4317461,51.1151607]]]},"properties":{"OBJECTID":1096,"kind":"park","name":"Озеленение","source":"Astana municipal open geoportal","source_url":"https://gis.esaulet.kz/server/rest/services/Sloi_geoportala_otkrytiy_kontur_0702/MapServer/26","sourceId":"astana-municipal-green"}},{"type":"Feature","id":"municipal-green-1097","geometry":{"type":"Polygon","coordinates":[[[71.4862853,51.150689],[71.4863297,51.1506955],[71.4863033,51.1507668],[71.4861565,51.1506643],[71.486149,51.1506014],[71.4863616,51.1505218],[71.4865976,51.1505511],[71.4865609,51.1506428],[71.4863156,51.1506071],[71.4862853,51.150689]]]},"properties":{"OBJECTID":1097,"kind":"park","name":"Озеленение","source":"Astana municipal open geoportal","source_url":"https://gis.esaulet.kz/server/rest/services/Sloi_geoportala_otkrytiy_kontur_0702/MapServer/26","sourceId":"astana-municipal-green"}},{"type":"Feature","id":"municipal-green-1099","geometry":{"type":"Polygon","coordinates":[[[71.4867849,51.1512603],[71.4867069,51.1512358],[71.486641,51.1511451],[71.4866498,51.1511151],[71.4868828,51.1511767],[71.4869415,51.1510178],[71.4870686,51.1510361],[71.4870181,51.151175],[71.4867849,51.1512603]]]},"properties":{"OBJECTID":1099,"kind":"park","name":"Озеленение","source":"Astana municipal open geoportal","source_url":"https://gis.esaulet.kz/server/rest/services/Sloi_geoportala_otkrytiy_kontur_0702/MapServer/26","sourceId":"astana-municipal-green"}},{"type":"Feature","id":"municipal-green-1101","geometry":{"type":"Polygon","coordinates":[[[71.3947504,51.1415628],[71.3948875,51.141568],[71.3950307,51.1417208],[71.3950219,51.1417666],[71.39483,51.14188],[71.3947198,51.1415837],[71.3947504,51.1415628]]]},"properties":{"OBJECTID":1101,"kind":"park","name":"Озеленение","source":"Astana municipal open geoportal","source_url":"https://gis.esaulet.kz/server/rest/services/Sloi_geoportala_otkrytiy_kontur_0702/MapServer/26","sourceId":"astana-municipal-green"}},{"type":"Feature","id":"municipal-green-1103","geometry":{"type":"Polygon","coordinates":[[[71.4677637,51.1458303],[71.4677016,51.1458685],[71.4671536,51.1459035],[71.46712,51.145892],[71.467111,51.1458542],[71.4665071,51.1458911],[71.4665039,51.1458679],[71.4677581,51.1458011],[71.4677637,51.1458303]]]},"properties":{"OBJECTID":1103,"kind":"park","name":"Озеленение","source":"Astana municipal open geoportal","source_url":"https://gis.esaulet.kz/server/rest/services/Sloi_geoportala_otkrytiy_kontur_0702/MapServer/26","sourceId":"astana-municipal-green"}},{"type":"Feature","id":"municipal-green-1104","geometry":{"type":"Polygon","coordinates":[[[71.4785669,51.1483084],[71.4786171,51.1482947],[71.4788585,51.1483641],[71.4787989,51.1484459],[71.4785233,51.1483693],[71.4785669,51.1483084]]]},"properties":{"OBJECTID":1104,"kind":"park","name":"Озеленение","source":"Astana municipal open geoportal","source_url":"https://gis.esaulet.kz/server/rest/services/Sloi_geoportala_otkrytiy_kontur_0702/MapServer/26","sourceId":"astana-municipal-green"}},{"type":"Feature","id":"municipal-green-1105","geometry":{"type":"Polygon","coordinates":[[[71.4788092,51.1481338],[71.4805342,51.1486209],[71.4791667,51.1482477],[71.4791038,51.1482547],[71.4787868,51.1481651],[71.4788092,51.1481338]]]},"properties":{"OBJECTID":1105,"kind":"park","name":"Озеленение","source":"Astana municipal open geoportal","source_url":"https://gis.esaulet.kz/server/rest/services/Sloi_geoportala_otkrytiy_kontur_0702/MapServer/26","sourceId":"astana-municipal-green"}},{"type":"Feature","id":"municipal-green-1106","geometry":{"type":"Polygon","coordinates":[[[71.4707564,51.146076],[71.4707831,51.14609],[71.4707317,51.14616],[71.4704446,51.1460761],[71.4705442,51.1460199],[71.4707564,51.146076]]]},"properties":{"OBJECTID":1106,"kind":"park","name":"Озеленение","source":"Astana municipal open geoportal","source_url":"https://gis.esaulet.kz/server/rest/services/Sloi_geoportala_otkrytiy_kontur_0702/MapServer/26","sourceId":"astana-municipal-green"}},{"type":"Feature","id":"municipal-green-1107","geometry":{"type":"Polygon","coordinates":[[[71.4734863,51.1466509],[71.4738519,51.1467522],[71.4738668,51.1467748],[71.4734575,51.1466735],[71.4733079,51.1466015],[71.4734863,51.1466509]]]},"properties":{"OBJECTID":1107,"kind":"park","name":"Озеленение","source":"Astana municipal open geoportal","source_url":"https://gis.esaulet.kz/server/rest/services/Sloi_geoportala_otkrytiy_kontur_0702/MapServer/26","sourceId":"astana-municipal-green"}},{"type":"Feature","id":"municipal-green-1113","geometry":{"type":"Polygon","coordinates":[[[71.3952465,51.1423366],[71.3952912,51.1423615],[71.3951369,51.1425155],[71.395129,51.1424547],[71.3951585,51.142369],[71.3952465,51.1423366]]]},"properties":{"OBJECTID":1113,"kind":"park","name":"Озеленение","source":"Astana municipal open geoportal","source_url":"https://gis.esaulet.kz/server/rest/services/Sloi_geoportala_otkrytiy_kontur_0702/MapServer/26","sourceId":"astana-municipal-green"}},{"type":"Feature","id":"municipal-green-1114","geometry":{"type":"Polygon","coordinates":[[[71.3967963,51.1427479],[71.3967516,51.1427741],[71.3967107,51.1427479],[71.3967963,51.1427479]]]},"properties":{"OBJECTID":1114,"kind":"park","name":"Озеленение","source":"Astana municipal open geoportal","source_url":"https://gis.esaulet.kz/server/rest/services/Sloi_geoportala_otkrytiy_kontur_0702/MapServer/26","sourceId":"astana-municipal-green"}},{"type":"Feature","id":"municipal-green-1115","geometry":{"type":"Polygon","coordinates":[[[71.3969893,51.1423919],[71.3969687,51.1424036],[71.3969452,51.1423751],[71.3969893,51.1423919]]]},"properties":{"OBJECTID":1115,"kind":"park","name":"Озеленение","source":"Astana municipal open geoportal","source_url":"https://gis.esaulet.kz/server/rest/services/Sloi_geoportala_otkrytiy_kontur_0702/MapServer/26","sourceId":"astana-municipal-green"}},{"type":"Feature","id":"municipal-green-1116","geometry":{"type":"Polygon","coordinates":[[[71.3965529,51.1424951],[71.3964731,51.142496],[71.3964937,51.1424739],[71.3965529,51.1424951]]]},"properties":{"OBJECTID":1116,"kind":"park","name":"Озеленение","source":"Astana municipal open geoportal","source_url":"https://gis.esaulet.kz/server/rest/services/Sloi_geoportala_otkrytiy_kontur_0702/MapServer/26","sourceId":"astana-municipal-green"}},{"type":"Feature","id":"municipal-green-1117","geometry":{"type":"Polygon","coordinates":[[[71.3969236,51.1423443],[71.3967515,51.142529],[71.3966058,51.1424754],[71.3967776,51.1422895],[71.3969236,51.1423443]]]},"properties":{"OBJECTID":1117,"kind":"park","name":"Озеленение","source":"Astana municipal open geoportal","source_url":"https://gis.esaulet.kz/server/rest/services/Sloi_geoportala_otkrytiy_kontur_0702/MapServer/26","sourceId":"astana-municipal-green"}},{"type":"Feature","id":"municipal-green-1118","geometry":{"type":"Polygon","coordinates":[[[71.3981963,51.1425877],[71.398116,51.1425882],[71.3981365,51.1425663],[71.3981963,51.1425877]]]},"properties":{"OBJECTID":1118,"kind":"park","name":"Озеленение","source":"Astana municipal open geoportal","source_url":"https://gis.esaulet.kz/server/rest/services/Sloi_geoportala_otkrytiy_kontur_0702/MapServer/26","sourceId":"astana-municipal-green"}},{"type":"Feature","id":"municipal-green-1119","geometry":{"type":"Polygon","coordinates":[[[71.3981059,51.142608],[71.3981471,51.1426148],[71.3982005,51.1427002],[71.3980346,51.1426929],[71.3981059,51.142608]]]},"properties":{"OBJECTID":1119,"kind":"park","name":"Озеленение","source":"Astana municipal open geoportal","source_url":"https://gis.esaulet.kz/server/rest/services/Sloi_geoportala_otkrytiy_kontur_0702/MapServer/26","sourceId":"astana-municipal-green"}},{"type":"Feature","id":"municipal-green-1121","geometry":{"type":"Polygon","coordinates":[[[71.3951213,51.1421997],[71.3951504,51.1422116],[71.3951501,51.1422352],[71.3950867,51.1422366],[71.3950852,51.1422112],[71.3951213,51.1421997]]]},"properties":{"OBJECTID":1121,"kind":"park","name":"Озеленение","source":"Astana municipal open geoportal","source_url":"https://gis.esaulet.kz/server/rest/services/Sloi_geoportala_otkrytiy_kontur_0702/MapServer/26","sourceId":"astana-municipal-green"}},{"type":"Feature","id":"municipal-green-1122","geometry":{"type":"Polygon","coordinates":[[[71.3952197,51.1422999],[71.3952327,51.1423206],[71.3951428,51.1423649],[71.3951097,51.1424556],[71.3951171,51.1425204],[71.3950772,51.1425175],[71.3949479,51.1421801],[71.3949557,51.1421335],[71.3950218,51.1421168],[71.3950812,51.1421961],[71.3950718,51.1422444],[71.3950356,51.1422429],[71.3950273,51.1422756],[71.395089,51.1422787],[71.395092,51.1422542],[71.3951613,51.1422466],[71.3952332,51.1422782],[71.3952197,51.1422999]]]},"properties":{"OBJECTID":1122,"kind":"park","name":"Озеленение","source":"Astana municipal open geoportal","source_url":"https://gis.esaulet.kz/server/rest/services/Sloi_geoportala_otkrytiy_kontur_0702/MapServer/26","sourceId":"astana-municipal-green"}},{"type":"Feature","id":"municipal-green-1123","geometry":{"type":"Polygon","coordinates":[[[71.3945392,51.141457],[71.3950079,51.142635],[71.3950219,51.1426811],[71.3949978,51.1427051],[71.3949421,51.1426983],[71.3949242,51.1426483],[71.3949923,51.1426373],[71.3945392,51.141457]]]},"properties":{"OBJECTID":1123,"kind":"park","name":"Озеленение","source":"Astana municipal open geoportal","source_url":"https://gis.esaulet.kz/server/rest/services/Sloi_geoportala_otkrytiy_kontur_0702/MapServer/26","sourceId":"astana-municipal-green"}},{"type":"Feature","id":"municipal-green-1124","geometry":{"type":"Polygon","coordinates":[[[71.3951132,51.1416896],[71.3950437,51.141709],[71.3949057,51.1415694],[71.3952709,51.1415873],[71.3951785,51.1416987],[71.3951132,51.1416896]]]},"properties":{"OBJECTID":1124,"kind":"park","name":"Озеленение","source":"Astana municipal open geoportal","source_url":"https://gis.esaulet.kz/server/rest/services/Sloi_geoportala_otkrytiy_kontur_0702/MapServer/26","sourceId":"astana-municipal-green"}},{"type":"Feature","id":"municipal-green-1128","geometry":{"type":"Polygon","coordinates":[[[71.3967177,51.1427254],[71.3967446,51.1427025],[71.3971938,51.1427227],[71.3972099,51.1427413],[71.3967177,51.1427254]]]},"properties":{"OBJECTID":1128,"kind":"park","name":"Озеленение","source":"Astana municipal open geoportal","source_url":"https://gis.esaulet.kz/server/rest/services/Sloi_geoportala_otkrytiy_kontur_0702/MapServer/26","sourceId":"astana-municipal-green"}},{"type":"Feature","id":"municipal-green-1129","geometry":{"type":"Polygon","coordinates":[[[71.3970057,51.1423397],[71.397032,51.1423463],[71.3969735,51.1423438],[71.3970057,51.1423397]]]},"properties":{"OBJECTID":1129,"kind":"park","name":"Озеленение","source":"Astana municipal open geoportal","source_url":"https://gis.esaulet.kz/server/rest/services/Sloi_geoportala_otkrytiy_kontur_0702/MapServer/26","sourceId":"astana-municipal-green"}},{"type":"Feature","id":"municipal-green-1130","geometry":{"type":"Polygon","coordinates":[[[71.3965514,51.1424239],[71.3965806,51.1424617],[71.3965236,51.1424419],[71.3965514,51.1424239]]]},"properties":{"OBJECTID":1130,"kind":"park","name":"Озеленение","source":"Astana municipal open geoportal","source_url":"https://gis.esaulet.kz/server/rest/services/Sloi_geoportala_otkrytiy_kontur_0702/MapServer/26","sourceId":"astana-municipal-green"}},{"type":"Feature","id":"municipal-green-1131","geometry":{"type":"Polygon","coordinates":[[[71.3958639,51.1425924],[71.3956164,51.1425804],[71.3957582,51.1424621],[71.3957905,51.1424644],[71.3958129,51.1424982],[71.3958835,51.1424798],[71.3958618,51.1424452],[71.3959896,51.1423377],[71.3960893,51.142311],[71.3960516,51.1423889],[71.3958639,51.1425924]]]},"properties":{"OBJECTID":1131,"kind":"park","name":"Озеленение","source":"Astana municipal open geoportal","source_url":"https://gis.esaulet.kz/server/rest/services/Sloi_geoportala_otkrytiy_kontur_0702/MapServer/26","sourceId":"astana-municipal-green"}},{"type":"Feature","id":"municipal-green-1134","geometry":{"type":"Polygon","coordinates":[[[71.4390921,51.1654476],[71.4392845,51.1654692],[71.439257,51.1655127],[71.4390864,51.1654946],[71.4390921,51.1654476]]]},"properties":{"OBJECTID":1134,"kind":"park","name":"Озеленение","source":"Astana municipal open geoportal","source_url":"https://gis.esaulet.kz/server/rest/services/Sloi_geoportala_otkrytiy_kontur_0702/MapServer/26","sourceId":"astana-municipal-green"}},{"type":"Feature","id":"municipal-green-1135","geometry":{"type":"Polygon","coordinates":[[[71.4544609,51.1698558],[71.4545448,51.1699572],[71.4545164,51.169967],[71.4544332,51.1698667],[71.4544609,51.1698558]]]},"properties":{"OBJECTID":1135,"kind":"park","name":"Озеленение","source":"Astana municipal open geoportal","source_url":"https://gis.esaulet.kz/server/rest/services/Sloi_geoportala_otkrytiy_kontur_0702/MapServer/26","sourceId":"astana-municipal-green"}},{"type":"Feature","id":"municipal-green-1136","geometry":{"type":"Polygon","coordinates":[[[71.4544846,51.1700453],[71.4543982,51.170063],[71.4544774,51.1700367],[71.4544846,51.1700453]]]},"properties":{"OBJECTID":1136,"kind":"park","name":"Озеленение","source":"Astana municipal open geoportal","source_url":"https://gis.esaulet.kz/server/rest/services/Sloi_geoportala_otkrytiy_kontur_0702/MapServer/26","sourceId":"astana-municipal-green"}},{"type":"Feature","id":"municipal-green-1137","geometry":{"type":"Polygon","coordinates":[[[71.4063442,51.1475398],[71.4063811,51.1473591],[71.4065543,51.1473681],[71.4065513,51.1475547],[71.4063442,51.1475398]]]},"properties":{"OBJECTID":1137,"kind":"park","name":"Озеленение","source":"Astana municipal open geoportal","source_url":"https://gis.esaulet.kz/server/rest/services/Sloi_geoportala_otkrytiy_kontur_0702/MapServer/26","sourceId":"astana-municipal-green"}},{"type":"Feature","id":"municipal-green-1138","geometry":{"type":"Polygon","coordinates":[[[71.4063323,51.1476012],[71.4063246,51.1476406],[71.406244,51.1476349],[71.4062518,51.1475968],[71.4063323,51.1476012]]]},"properties":{"OBJECTID":1138,"kind":"park","name":"Озеленение","source":"Astana municipal open geoportal","source_url":"https://gis.esaulet.kz/server/rest/services/Sloi_geoportala_otkrytiy_kontur_0702/MapServer/26","sourceId":"astana-municipal-green"}},{"type":"Feature","id":"municipal-green-1139","geometry":{"type":"Polygon","coordinates":[[[71.4062535,51.1475846],[71.4062577,51.147555],[71.4063406,51.1475585],[71.4063347,51.1475887],[71.4062535,51.1475846]]]},"properties":{"OBJECTID":1139,"kind":"park","name":"Озеленение","source":"Astana municipal open geoportal","source_url":"https://gis.esaulet.kz/server/rest/services/Sloi_geoportala_otkrytiy_kontur_0702/MapServer/26","sourceId":"astana-municipal-green"}},{"type":"Feature","id":"municipal-green-1140","geometry":{"type":"Polygon","coordinates":[[[71.4729229,51.1464427],[71.4728967,51.1464861],[71.472504,51.1464077],[71.4725546,51.1463366],[71.4729229,51.1464427]]]},"properties":{"OBJECTID":1140,"kind":"park","name":"Озеленение","source":"Astana municipal open geoportal","source_url":"https://gis.esaulet.kz/server/rest/services/Sloi_geoportala_otkrytiy_kontur_0702/MapServer/26","sourceId":"astana-municipal-green"}},{"type":"Feature","id":"municipal-green-1141","geometry":{"type":"Polygon","coordinates":[[[71.4754338,51.1472177],[71.4753926,51.1472387],[71.4753576,51.1472144],[71.4753647,51.1471982],[71.4754338,51.1472177]]]},"properties":{"OBJECTID":1141,"kind":"park","name":"Озеленение","source":"Astana municipal open geoportal","source_url":"https://gis.esaulet.kz/server/rest/services/Sloi_geoportala_otkrytiy_kontur_0702/MapServer/26","sourceId":"astana-municipal-green"}},{"type":"Feature","id":"municipal-green-1142","geometry":{"type":"Polygon","coordinates":[[[71.4763518,51.1474519],[71.4763051,51.1474822],[71.4761637,51.147443],[71.4761921,51.1474054],[71.4763518,51.1474519]]]},"properties":{"OBJECTID":1142,"kind":"park","name":"Озеленение","source":"Astana municipal open geoportal","source_url":"https://gis.esaulet.kz/server/rest/services/Sloi_geoportala_otkrytiy_kontur_0702/MapServer/26","sourceId":"astana-municipal-green"}},{"type":"Feature","id":"municipal-green-1143","geometry":{"type":"Polygon","coordinates":[[[71.4792329,51.1485041],[71.4793101,51.1484913],[71.4794194,51.1485229],[71.4794402,51.1485611],[71.4794014,51.148618],[71.4791915,51.1485585],[71.4792329,51.1485041]]]},"properties":{"OBJECTID":1143,"kind":"park","name":"Озеленение","source":"Astana municipal open geoportal","source_url":"https://gis.esaulet.kz/server/rest/services/Sloi_geoportala_otkrytiy_kontur_0702/MapServer/26","sourceId":"astana-municipal-green"}},{"type":"Feature","id":"municipal-green-1145","geometry":{"type":"Polygon","coordinates":[[[71.4356915,51.1617949],[71.4356603,51.1619413],[71.4355413,51.1619183],[71.4355874,51.1617169],[71.4357056,51.1617288],[71.4356915,51.1617949]]]},"properties":{"OBJECTID":1145,"kind":"park","name":"Озеленение","source":"Astana municipal open geoportal","source_url":"https://gis.esaulet.kz/server/rest/services/Sloi_geoportala_otkrytiy_kontur_0702/MapServer/26","sourceId":"astana-municipal-green"}},{"type":"Feature","id":"municipal-green-1146","geometry":{"type":"Polygon","coordinates":[[[71.4354739,51.162571],[71.4353822,51.1630154],[71.4353716,51.1629956],[71.4354739,51.162571]]]},"properties":{"OBJECTID":1146,"kind":"park","name":"Озеленение","source":"Astana municipal open geoportal","source_url":"https://gis.esaulet.kz/server/rest/services/Sloi_geoportala_otkrytiy_kontur_0702/MapServer/26","sourceId":"astana-municipal-green"}},{"type":"Feature","id":"municipal-green-1148","geometry":{"type":"Polygon","coordinates":[[[71.4063373,51.1475755],[71.4065477,51.1475902],[71.4065332,51.1476726],[71.4063543,51.1476581],[71.4063605,51.1476265],[71.4063278,51.147624],[71.4063373,51.1475755]]]},"properties":{"OBJECTID":1148,"kind":"park","name":"Озеленение","source":"Astana municipal open geoportal","source_url":"https://gis.esaulet.kz/server/rest/services/Sloi_geoportala_otkrytiy_kontur_0702/MapServer/26","sourceId":"astana-municipal-green"}},{"type":"Feature","id":"municipal-green-1149","geometry":{"type":"Polygon","coordinates":[[[71.4533812,51.1682018],[71.4532898,51.1682723],[71.4531237,51.168265],[71.4533894,51.168181],[71.4533812,51.1682018]]]},"properties":{"OBJECTID":1149,"kind":"park","name":"Озеленение","source":"Astana municipal open geoportal","source_url":"https://gis.esaulet.kz/server/rest/services/Sloi_geoportala_otkrytiy_kontur_0702/MapServer/26","sourceId":"astana-municipal-green"}},{"type":"Feature","id":"municipal-green-1150","geometry":{"type":"Polygon","coordinates":[[[71.4380743,51.1653329],[71.438188,51.1653456],[71.4381522,51.1653904],[71.438072,51.1653779],[71.4380743,51.1653329]]]},"properties":{"OBJECTID":1150,"kind":"park","name":"Озеленение","source":"Astana municipal open geoportal","source_url":"https://gis.esaulet.kz/server/rest/services/Sloi_geoportala_otkrytiy_kontur_0702/MapServer/26","sourceId":"astana-municipal-green"}},{"type":"Feature","id":"municipal-green-1151","geometry":{"type":"Polygon","coordinates":[[[71.4384737,51.1653778],[71.4386349,51.165396],[71.4386016,51.1654401],[71.4384735,51.1654232],[71.4384737,51.1653778]]]},"properties":{"OBJECTID":1151,"kind":"park","name":"Озеленение","source":"Astana municipal open geoportal","source_url":"https://gis.esaulet.kz/server/rest/services/Sloi_geoportala_otkrytiy_kontur_0702/MapServer/26","sourceId":"astana-municipal-green"}},{"type":"Feature","id":"municipal-green-1152","geometry":{"type":"Polygon","coordinates":[[[71.4738573,51.1467855],[71.4734575,51.1466735],[71.4733079,51.1466015],[71.4738519,51.1467522],[71.4738573,51.1467855]]]},"properties":{"OBJECTID":1152,"kind":"park","name":"Озеленение","source":"Astana municipal open geoportal","source_url":"https://gis.esaulet.kz/server/rest/services/Sloi_geoportala_otkrytiy_kontur_0702/MapServer/26","sourceId":"astana-municipal-green"}},{"type":"Feature","id":"municipal-green-1153","geometry":{"type":"Polygon","coordinates":[[[71.453386,51.168698],[71.4533552,51.1687074],[71.4533369,51.1686849],[71.4533686,51.1686757],[71.453386,51.168698]]]},"properties":{"OBJECTID":1153,"kind":"park","name":"Озеленение","source":"Astana municipal open geoportal","source_url":"https://gis.esaulet.kz/server/rest/services/Sloi_geoportala_otkrytiy_kontur_0702/MapServer/26","sourceId":"astana-municipal-green"}},{"type":"Feature","id":"municipal-green-1154","geometry":{"type":"Polygon","coordinates":[[[71.4206021,51.1119496],[71.4205696,51.1118595],[71.4206473,51.1118485],[71.4206797,51.1119386],[71.4206021,51.1119496]]]},"properties":{"OBJECTID":1154,"kind":"park","name":"Озеленение","source":"Astana municipal open geoportal","source_url":"https://gis.esaulet.kz/server/rest/services/Sloi_geoportala_otkrytiy_kontur_0702/MapServer/26","sourceId":"astana-municipal-green"}},{"type":"Feature","id":"municipal-green-1157","geometry":{"type":"Polygon","coordinates":[[[71.4200816,51.1119179],[71.4198193,51.1119565],[71.4197294,51.1117061],[71.4199947,51.1116698],[71.4200816,51.1119179]]]},"properties":{"OBJECTID":1157,"kind":"park","name":"Озеленение","source":"Astana municipal open geoportal","source_url":"https://gis.esaulet.kz/server/rest/services/Sloi_geoportala_otkrytiy_kontur_0702/MapServer/26","sourceId":"astana-municipal-green"}},{"type":"Feature","id":"municipal-green-1158","geometry":{"type":"Polygon","coordinates":[[[71.4669735,51.1371308],[71.4668052,51.1373749],[71.4667849,51.137365],[71.466946,51.137124],[71.4669862,51.137111],[71.4669735,51.1371308]]]},"properties":{"OBJECTID":1158,"kind":"park","name":"Озеленение","source":"Astana municipal open geoportal","source_url":"https://gis.esaulet.kz/server/rest/services/Sloi_geoportala_otkrytiy_kontur_0702/MapServer/26","sourceId":"astana-municipal-green"}},{"type":"Feature","id":"municipal-green-1159","geometry":{"type":"Polygon","coordinates":[[[71.4308312,51.1143809],[71.4307101,51.1143335],[71.4308094,51.1143193],[71.4308312,51.1143809]]]},"properties":{"OBJECTID":1159,"kind":"park","name":"Озеленение","source":"Astana municipal open geoportal","source_url":"https://gis.esaulet.kz/server/rest/services/Sloi_geoportala_otkrytiy_kontur_0702/MapServer/26","sourceId":"astana-municipal-green"}},{"type":"Feature","id":"municipal-green-1160","geometry":{"type":"Polygon","coordinates":[[[71.4307214,51.114488],[71.4306221,51.1145024],[71.4305993,51.1144412],[71.4307214,51.114488]]]},"properties":{"OBJECTID":1160,"kind":"park","name":"Озеленение","source":"Astana municipal open geoportal","source_url":"https://gis.esaulet.kz/server/rest/services/Sloi_geoportala_otkrytiy_kontur_0702/MapServer/26","sourceId":"astana-municipal-green"}},{"type":"Feature","id":"municipal-green-1161","geometry":{"type":"Polygon","coordinates":[[[71.4310027,51.1148542],[71.4309002,51.1148589],[71.4309809,51.1147933],[71.4310027,51.1148542]]]},"properties":{"OBJECTID":1161,"kind":"park","name":"Озеленение","source":"Astana municipal open geoportal","source_url":"https://gis.esaulet.kz/server/rest/services/Sloi_geoportala_otkrytiy_kontur_0702/MapServer/26","sourceId":"astana-municipal-green"}},{"type":"Feature","id":"municipal-green-1162","geometry":{"type":"Polygon","coordinates":[[[71.4308112,51.115474],[71.4307223,51.1154779],[71.4308084,51.1154659],[71.4308112,51.115474]]]},"properties":{"OBJECTID":1162,"kind":"park","name":"Озеленение","source":"Astana municipal open geoportal","source_url":"https://gis.esaulet.kz/server/rest/services/Sloi_geoportala_otkrytiy_kontur_0702/MapServer/26","sourceId":"astana-municipal-green"}},{"type":"Feature","id":"municipal-green-1163","geometry":{"type":"Polygon","coordinates":[[[71.4311972,51.1154196],[71.4309093,51.1154516],[71.4311944,51.1154117],[71.4311972,51.1154196]]]},"properties":{"OBJECTID":1163,"kind":"park","name":"Озеленение","source":"Astana municipal open geoportal","source_url":"https://gis.esaulet.kz/server/rest/services/Sloi_geoportala_otkrytiy_kontur_0702/MapServer/26","sourceId":"astana-municipal-green"}},{"type":"Feature","id":"municipal-green-1164","geometry":{"type":"Polygon","coordinates":[[[71.4306917,51.1146541],[71.4306466,51.1145326],[71.4308795,51.1144983],[71.4309247,51.1146198],[71.4306917,51.1146541]],[[71.4308756,51.1146081],[71.4308448,51.1145231],[71.4306964,51.1145443],[71.4307272,51.1146294],[71.4308756,51.1146081]]]},"properties":{"OBJECTID":1164,"kind":"park","name":"Озеленение","source":"Astana municipal open geoportal","source_url":"https://gis.esaulet.kz/server/rest/services/Sloi_geoportala_otkrytiy_kontur_0702/MapServer/26","sourceId":"astana-municipal-green"}},{"type":"Feature","id":"municipal-green-1167","geometry":{"type":"Polygon","coordinates":[[[71.4870228,51.1521636],[71.4868562,51.1522289],[71.4866288,51.1519859],[71.4867026,51.1519586],[71.4867532,51.1520056],[71.4868396,51.1519798],[71.4870228,51.1521636]]]},"properties":{"OBJECTID":1167,"kind":"park","name":"Озеленение","source":"Astana municipal open geoportal","source_url":"https://gis.esaulet.kz/server/rest/services/Sloi_geoportala_otkrytiy_kontur_0702/MapServer/26","sourceId":"astana-municipal-green"}},{"type":"Feature","id":"municipal-green-1170","geometry":{"type":"Polygon","coordinates":[[[71.3850747,51.1500474],[71.3850794,51.1501911],[71.3850007,51.1502078],[71.3849305,51.1500701],[71.3850747,51.1500474]]]},"properties":{"OBJECTID":1170,"kind":"park","name":"Озеленение","source":"Astana municipal open geoportal","source_url":"https://gis.esaulet.kz/server/rest/services/Sloi_geoportala_otkrytiy_kontur_0702/MapServer/26","sourceId":"astana-municipal-green"}},{"type":"Feature","id":"municipal-green-1171","geometry":{"type":"Polygon","coordinates":[[[71.3854927,51.1500133],[71.385538,51.1499868],[71.3855835,51.1500132],[71.3854927,51.1500133]]]},"properties":{"OBJECTID":1171,"kind":"park","name":"Озеленение","source":"Astana municipal open geoportal","source_url":"https://gis.esaulet.kz/server/rest/services/Sloi_geoportala_otkrytiy_kontur_0702/MapServer/26","sourceId":"astana-municipal-green"}},{"type":"Feature","id":"municipal-green-1172","geometry":{"type":"Polygon","coordinates":[[[71.3852611,51.1498439],[71.3857839,51.1497581],[71.385783,51.1502367],[71.3856116,51.1502519],[71.3856191,51.1502231],[71.3856821,51.1502117],[71.3856914,51.1501767],[71.3857642,51.1501741],[71.3857439,51.1499487],[71.3857725,51.1499477],[71.3857634,51.1498463],[71.3854851,51.1498562],[71.3854907,51.1499186],[71.3854533,51.1499199],[71.3854187,51.1498778],[71.3852751,51.1498788],[71.3852611,51.1498439]]]},"properties":{"OBJECTID":1172,"kind":"park","name":"Озеленение","source":"Astana municipal open geoportal","source_url":"https://gis.esaulet.kz/server/rest/services/Sloi_geoportala_otkrytiy_kontur_0702/MapServer/26","sourceId":"astana-municipal-green"}},{"type":"Feature","id":"municipal-green-1173","geometry":{"type":"Polygon","coordinates":[[[71.4306776,51.1142435],[71.4307063,51.1142103],[71.4307558,51.1142336],[71.4307222,51.11426],[71.4306776,51.1142435]]]},"properties":{"OBJECTID":1173,"kind":"park","name":"Озеленение","source":"Astana municipal open geoportal","source_url":"https://gis.esaulet.kz/server/rest/services/Sloi_geoportala_otkrytiy_kontur_0702/MapServer/26","sourceId":"astana-municipal-green"}},{"type":"Feature","id":"municipal-green-1174","geometry":{"type":"Polygon","coordinates":[[[71.4306753,51.1144179],[71.4307077,51.1143865],[71.4307545,51.1144097],[71.4307209,51.1144366],[71.4306753,51.1144179]]]},"properties":{"OBJECTID":1174,"kind":"park","name":"Озеленение","source":"Astana municipal open geoportal","source_url":"https://gis.esaulet.kz/server/rest/services/Sloi_geoportala_otkrytiy_kontur_0702/MapServer/26","sourceId":"astana-municipal-green"}},{"type":"Feature","id":"municipal-green-1175","geometry":{"type":"Polygon","coordinates":[[[71.4308176,51.1148042],[71.43085,51.1147728],[71.4308968,51.114796],[71.4308631,51.1148228],[71.4308176,51.1148042]]]},"properties":{"OBJECTID":1175,"kind":"park","name":"Озеленение","source":"Astana municipal open geoportal","source_url":"https://gis.esaulet.kz/server/rest/services/Sloi_geoportala_otkrytiy_kontur_0702/MapServer/26","sourceId":"astana-municipal-green"}},{"type":"Feature","id":"municipal-green-1176","geometry":{"type":"Polygon","coordinates":[[[71.4311528,51.115001],[71.4311383,51.1150242],[71.4309702,51.1150481],[71.430954,51.1150028],[71.4310647,51.1149822],[71.431034,51.1148785],[71.4311044,51.1148675],[71.4311528,51.115001]]]},"properties":{"OBJECTID":1176,"kind":"park","name":"Озеленение","source":"Astana municipal open geoportal","source_url":"https://gis.esaulet.kz/server/rest/services/Sloi_geoportala_otkrytiy_kontur_0702/MapServer/26","sourceId":"astana-municipal-green"}},{"type":"Feature","id":"municipal-green-1177","geometry":{"type":"Polygon","coordinates":[[[71.4027907,51.169682],[71.4033712,51.1697545],[71.4027872,51.1696934],[71.4027907,51.169682]]]},"properties":{"OBJECTID":1177,"kind":"park","name":"Озеленение","source":"Astana municipal open geoportal","source_url":"https://gis.esaulet.kz/server/rest/services/Sloi_geoportala_otkrytiy_kontur_0702/MapServer/26","sourceId":"astana-municipal-green"}},{"type":"Feature","id":"municipal-green-1183","geometry":{"type":"Polygon","coordinates":[[[71.4062218,51.1478829],[71.4062912,51.1478888],[71.4063108,51.1478083],[71.406368,51.147815],[71.4063188,51.1479799],[71.4062686,51.1479731],[71.4062218,51.1478829]]]},"properties":{"OBJECTID":1183,"kind":"park","name":"Озеленение","source":"Astana municipal open geoportal","source_url":"https://gis.esaulet.kz/server/rest/services/Sloi_geoportala_otkrytiy_kontur_0702/MapServer/26","sourceId":"astana-municipal-green"}},{"type":"Feature","id":"municipal-green-1185","geometry":{"type":"Polygon","coordinates":[[[71.4042189,51.1453487],[71.4042132,51.1453337],[71.4042589,51.1453269],[71.4042511,51.1453074],[71.4043204,51.1452824],[71.4042495,51.1451168],[71.4040695,51.1451438],[71.404063,51.145127],[71.4042681,51.1450978],[71.4043603,51.1453261],[71.4042189,51.1453487]]]},"properties":{"OBJECTID":1185,"kind":"park","name":"Озеленение","source":"Astana municipal open geoportal","source_url":"https://gis.esaulet.kz/server/rest/services/Sloi_geoportala_otkrytiy_kontur_0702/MapServer/26","sourceId":"astana-municipal-green"}},{"type":"Feature","id":"municipal-green-1186","geometry":{"type":"Polygon","coordinates":[[[71.404571,51.1452887],[71.4046367,51.1452305],[71.4046758,51.1452242],[71.4046935,51.1452691],[71.404571,51.1452887]]]},"properties":{"OBJECTID":1186,"kind":"park","name":"Озеленение","source":"Astana municipal open geoportal","source_url":"https://gis.esaulet.kz/server/rest/services/Sloi_geoportala_otkrytiy_kontur_0702/MapServer/26","sourceId":"astana-municipal-green"}},{"type":"Feature","id":"municipal-green-1189","geometry":{"type":"Polygon","coordinates":[[[71.4035555,51.1699717],[71.4035764,51.1699068],[71.4036205,51.1699123],[71.4036362,51.169863],[71.4036529,51.1698651],[71.4036218,51.169963],[71.4036387,51.1699651],[71.4036011,51.1700284],[71.4035843,51.1700263],[71.4035986,51.1699768],[71.4035555,51.1699717]]]},"properties":{"OBJECTID":1189,"kind":"park","name":"Озеленение","source":"Astana municipal open geoportal","source_url":"https://gis.esaulet.kz/server/rest/services/Sloi_geoportala_otkrytiy_kontur_0702/MapServer/26","sourceId":"astana-municipal-green"}},{"type":"Feature","id":"municipal-green-1191","geometry":{"type":"Polygon","coordinates":[[[71.4063747,51.1478245],[71.4064784,51.14785],[71.4064303,51.1480038],[71.4063287,51.1479846],[71.4063747,51.1478245]]]},"properties":{"OBJECTID":1191,"kind":"park","name":"Озеленение","source":"Astana municipal open geoportal","source_url":"https://gis.esaulet.kz/server/rest/services/Sloi_geoportala_otkrytiy_kontur_0702/MapServer/26","sourceId":"astana-municipal-green"}},{"type":"Feature","id":"municipal-green-1192","geometry":{"type":"Polygon","coordinates":[[[71.3967711,51.1426262],[71.3963746,51.1426069],[71.3964576,51.1425126],[71.3965341,51.1425213],[71.3966015,51.142488],[71.39676,51.1425453],[71.3969143,51.1423785],[71.3969606,51.1424224],[71.3967711,51.1426262]]]},"properties":{"OBJECTID":1192,"kind":"park","name":"Озеленение","source":"Astana municipal open geoportal","source_url":"https://gis.esaulet.kz/server/rest/services/Sloi_geoportala_otkrytiy_kontur_0702/MapServer/26","sourceId":"astana-municipal-green"}},{"type":"Feature","id":"municipal-green-1193","geometry":{"type":"Polygon","coordinates":[[[71.3974964,51.1425122],[71.3974297,51.1425193],[71.397439,51.1424785],[71.3976546,51.1422431],[71.3978962,51.1422544],[71.3977983,51.1423578],[71.3977379,51.142386],[71.3976889,51.1423607],[71.3976841,51.1423356],[71.397644,51.1423362],[71.3976394,51.14236],[71.3976857,51.1423803],[71.3975975,51.1424018],[71.3974964,51.1425122]]]},"properties":{"OBJECTID":1193,"kind":"park","name":"Озеленение","source":"Astana municipal open geoportal","source_url":"https://gis.esaulet.kz/server/rest/services/Sloi_geoportala_otkrytiy_kontur_0702/MapServer/26","sourceId":"astana-municipal-green"}},{"type":"Feature","id":"municipal-green-1194","geometry":{"type":"Polygon","coordinates":[[[71.3975401,51.1426348],[71.397507,51.1426686],[71.3972693,51.1426573],[71.3973594,51.1425644],[71.3974179,51.1425424],[71.3974576,51.1425607],[71.3974539,51.1425968],[71.3974953,51.1425984],[71.397504,51.1425793],[71.3974659,51.1425435],[71.3975519,51.1425301],[71.3976512,51.1424189],[71.3977256,51.1424001],[71.3977156,51.1424452],[71.3975401,51.1426348]]]},"properties":{"OBJECTID":1194,"kind":"park","name":"Озеленение","source":"Astana municipal open geoportal","source_url":"https://gis.esaulet.kz/server/rest/services/Sloi_geoportala_otkrytiy_kontur_0702/MapServer/26","sourceId":"astana-municipal-green"}},{"type":"Feature","id":"municipal-green-1195","geometry":{"type":"Polygon","coordinates":[[[71.4040952,51.1453247],[71.4042009,51.1453515],[71.4041098,51.1453633],[71.4040952,51.1453247]]]},"properties":{"OBJECTID":1195,"kind":"park","name":"Озеленение","source":"Astana municipal open geoportal","source_url":"https://gis.esaulet.kz/server/rest/services/Sloi_geoportala_otkrytiy_kontur_0702/MapServer/26","sourceId":"astana-municipal-green"}},{"type":"Feature","id":"municipal-green-1203","geometry":{"type":"Polygon","coordinates":[[[71.4145755,51.1579089],[71.4149829,51.1577265],[71.4159834,51.1579691],[71.415029,51.1577526],[71.4146096,51.1579457],[71.4145755,51.1579089]]]},"properties":{"OBJECTID":1203,"kind":"park","name":"Озеленение","source":"Astana municipal open geoportal","source_url":"https://gis.esaulet.kz/server/rest/services/Sloi_geoportala_otkrytiy_kontur_0702/MapServer/26","sourceId":"astana-municipal-green"}},{"type":"Feature","id":"municipal-green-1204","geometry":{"type":"Polygon","coordinates":[[[71.4133959,51.1187461],[71.4133592,51.1186485],[71.4133954,51.1186429],[71.4134311,51.1187403],[71.4133959,51.1187461]]]},"properties":{"OBJECTID":1204,"kind":"park","name":"Озеленение","source":"Astana municipal open geoportal","source_url":"https://gis.esaulet.kz/server/rest/services/Sloi_geoportala_otkrytiy_kontur_0702/MapServer/26","sourceId":"astana-municipal-green"}},{"type":"Feature","id":"municipal-green-1205","geometry":{"type":"Polygon","coordinates":[[[71.4669241,51.1373388],[71.4670142,51.1373657],[71.4668939,51.1373343],[71.4670406,51.1371287],[71.4676869,51.1373147],[71.4671534,51.137172],[71.4671082,51.1372341],[71.467016,51.1372086],[71.4669241,51.1373388]]]},"properties":{"OBJECTID":1205,"kind":"park","name":"Озеленение","source":"Astana municipal open geoportal","source_url":"https://gis.esaulet.kz/server/rest/services/Sloi_geoportala_otkrytiy_kontur_0702/MapServer/26","sourceId":"astana-municipal-green"}},{"type":"Feature","id":"municipal-green-1206","geometry":{"type":"Polygon","coordinates":[[[71.4045556,51.1598652],[71.4045448,51.1598992],[71.4044641,51.1598886],[71.4044358,51.1599737],[71.4043704,51.1599466],[71.4044039,51.1598435],[71.4045556,51.1598652]]]},"properties":{"OBJECTID":1206,"kind":"park","name":"Озеленение","source":"Astana municipal open geoportal","source_url":"https://gis.esaulet.kz/server/rest/services/Sloi_geoportala_otkrytiy_kontur_0702/MapServer/26","sourceId":"astana-municipal-green"}},{"type":"Feature","id":"municipal-green-1207","geometry":{"type":"Polygon","coordinates":[[[71.4195575,51.1109789],[71.419542,51.1109449],[71.4198476,51.1108882],[71.4198623,51.1109237],[71.4195575,51.1109789]]]},"properties":{"OBJECTID":1207,"kind":"park","name":"Озеленение","source":"Astana municipal open geoportal","source_url":"https://gis.esaulet.kz/server/rest/services/Sloi_geoportala_otkrytiy_kontur_0702/MapServer/26","sourceId":"astana-municipal-green"}},{"type":"Feature","id":"municipal-green-1208","geometry":{"type":"Polygon","coordinates":[[[71.419883,51.1109199],[71.4198666,51.1108841],[71.420149,51.1108309],[71.4201662,51.1108686],[71.419883,51.1109199]]]},"properties":{"OBJECTID":1208,"kind":"park","name":"Озеленение","source":"Astana municipal open geoportal","source_url":"https://gis.esaulet.kz/server/rest/services/Sloi_geoportala_otkrytiy_kontur_0702/MapServer/26","sourceId":"astana-municipal-green"}},{"type":"Feature","id":"municipal-green-1209","geometry":{"type":"Polygon","coordinates":[[[71.4197929,51.1111002],[71.4198918,51.1113766],[71.4196267,51.1114161],[71.4195272,51.1111379],[71.4197929,51.1111002]]]},"properties":{"OBJECTID":1209,"kind":"park","name":"Озеленение","source":"Astana municipal open geoportal","source_url":"https://gis.esaulet.kz/server/rest/services/Sloi_geoportala_otkrytiy_kontur_0702/MapServer/26","sourceId":"astana-municipal-green"}},{"type":"Feature","id":"municipal-green-1210","geometry":{"type":"Polygon","coordinates":[[[71.4202867,51.1121426],[71.4202596,51.1120657],[71.4206055,51.1120168],[71.4206333,51.112092],[71.4202867,51.1121426]]]},"properties":{"OBJECTID":1210,"kind":"park","name":"Озеленение","source":"Astana municipal open geoportal","source_url":"https://gis.esaulet.kz/server/rest/services/Sloi_geoportala_otkrytiy_kontur_0702/MapServer/26","sourceId":"astana-municipal-green"}},{"type":"Feature","id":"municipal-green-1211","geometry":{"type":"Polygon","coordinates":[[[71.4672926,51.137521],[71.4673339,51.1375499],[71.4672739,51.1376352],[71.4672396,51.1376427],[71.4673108,51.1375441],[71.4672779,51.1375347],[71.4672926,51.137521]]]},"properties":{"OBJECTID":1211,"kind":"park","name":"Озеленение","source":"Astana municipal open geoportal","source_url":"https://gis.esaulet.kz/server/rest/services/Sloi_geoportala_otkrytiy_kontur_0702/MapServer/26","sourceId":"astana-municipal-green"}},{"type":"Feature","id":"municipal-green-1212","geometry":{"type":"Polygon","coordinates":[[[71.4114422,51.128674],[71.4107473,51.1287825],[71.4107334,51.1287483],[71.4114283,51.1286396],[71.4114422,51.128674]]]},"properties":{"OBJECTID":1212,"kind":"park","name":"Озеленение","source":"Astana municipal open geoportal","source_url":"https://gis.esaulet.kz/server/rest/services/Sloi_geoportala_otkrytiy_kontur_0702/MapServer/26","sourceId":"astana-municipal-green"}},{"type":"Feature","id":"municipal-green-1213","geometry":{"type":"Polygon","coordinates":[[[71.4119559,51.0846119],[71.4119169,51.0846566],[71.4113727,51.0830949],[71.4114196,51.0830881],[71.4114807,51.0832635],[71.4118666,51.0832096],[71.4119138,51.0833406],[71.4116459,51.0833788],[71.4120193,51.0844333],[71.4119928,51.0844731],[71.4119147,51.0844902],[71.4119559,51.0846119]]]},"properties":{"OBJECTID":1213,"kind":"park","name":"Озеленение","source":"Astana municipal open geoportal","source_url":"https://gis.esaulet.kz/server/rest/services/Sloi_geoportala_otkrytiy_kontur_0702/MapServer/26","sourceId":"astana-municipal-green"}},{"type":"Feature","id":"municipal-green-1214","geometry":{"type":"Polygon","coordinates":[[[71.4131156,51.0828641],[71.413099,51.082845],[71.4131465,51.0828385],[71.4131848,51.0829432],[71.4131517,51.0829872],[71.4124846,51.0830838],[71.4124144,51.0830636],[71.4123708,51.0829504],[71.4124404,51.0829403],[71.4125008,51.0830776],[71.4125333,51.0830732],[71.4125224,51.0830422],[71.4126172,51.083029],[71.4126281,51.0830596],[71.4126617,51.0830553],[71.4126507,51.0830244],[71.4128219,51.0830005],[71.4128329,51.0830317],[71.4128696,51.0830266],[71.4128586,51.0829954],[71.4130808,51.0829644],[71.4130917,51.082995],[71.4131333,51.0829889],[71.4131225,51.0829586],[71.4131475,51.0829365],[71.4131156,51.0828641]]]},"properties":{"OBJECTID":1214,"kind":"park","name":"Озеленение","source":"Astana municipal open geoportal","source_url":"https://gis.esaulet.kz/server/rest/services/Sloi_geoportala_otkrytiy_kontur_0702/MapServer/26","sourceId":"astana-municipal-green"}},{"type":"Feature","id":"municipal-green-1215","geometry":{"type":"Polygon","coordinates":[[[71.4802923,51.1295228],[71.4803005,51.1295366],[71.4800017,51.1295917],[71.4802923,51.1295228]]]},"properties":{"OBJECTID":1215,"kind":"park","name":"Озеленение","source":"Astana municipal open geoportal","source_url":"https://gis.esaulet.kz/server/rest/services/Sloi_geoportala_otkrytiy_kontur_0702/MapServer/26","sourceId":"astana-municipal-green"}},{"type":"Feature","id":"municipal-green-1216","geometry":{"type":"Polygon","coordinates":[[[71.4802665,51.1294708],[71.480068,51.1295092],[71.4802622,51.1294627],[71.4802665,51.1294708]]]},"properties":{"OBJECTID":1216,"kind":"park","name":"Озеленение","source":"Astana municipal open geoportal","source_url":"https://gis.esaulet.kz/server/rest/services/Sloi_geoportala_otkrytiy_kontur_0702/MapServer/26","sourceId":"astana-municipal-green"}},{"type":"Feature","id":"municipal-green-1217","geometry":{"type":"Polygon","coordinates":[[[71.479904,51.1296305],[71.4795455,51.1297],[71.4798958,51.1296168],[71.479904,51.1296305]]]},"properties":{"OBJECTID":1217,"kind":"park","name":"Озеленение","source":"Astana municipal open geoportal","source_url":"https://gis.esaulet.kz/server/rest/services/Sloi_geoportala_otkrytiy_kontur_0702/MapServer/26","sourceId":"astana-municipal-green"}},{"type":"Feature","id":"municipal-green-1220","geometry":{"type":"Polygon","coordinates":[[[71.4794467,51.1297389],[71.4791233,51.1298002],[71.4794386,51.1297254],[71.4794467,51.1297389]]]},"properties":{"OBJECTID":1220,"kind":"park","name":"Озеленение","source":"Astana municipal open geoportal","source_url":"https://gis.esaulet.kz/server/rest/services/Sloi_geoportala_otkrytiy_kontur_0702/MapServer/26","sourceId":"astana-municipal-green"}},{"type":"Feature","id":"municipal-green-1221","geometry":{"type":"Polygon","coordinates":[[[71.4789478,51.1298574],[71.4786112,51.1299229],[71.4789398,51.1298442],[71.4789478,51.1298574]]]},"properties":{"OBJECTID":1221,"kind":"park","name":"Озеленение","source":"Astana municipal open geoportal","source_url":"https://gis.esaulet.kz/server/rest/services/Sloi_geoportala_otkrytiy_kontur_0702/MapServer/26","sourceId":"astana-municipal-green"}},{"type":"Feature","id":"municipal-green-1222","geometry":{"type":"Polygon","coordinates":[[[71.4786323,51.1298605],[71.478265,51.1299372],[71.4786267,51.129851],[71.4786323,51.1298605]]]},"properties":{"OBJECTID":1222,"kind":"park","name":"Озеленение","source":"Astana municipal open geoportal","source_url":"https://gis.esaulet.kz/server/rest/services/Sloi_geoportala_otkrytiy_kontur_0702/MapServer/26","sourceId":"astana-municipal-green"}},{"type":"Feature","id":"municipal-green-1223","geometry":{"type":"Polygon","coordinates":[[[71.4785336,51.1299559],[71.4783023,51.1299957],[71.4785254,51.1299425],[71.4785336,51.1299559]]]},"properties":{"OBJECTID":1223,"kind":"park","name":"Озеленение","source":"Astana municipal open geoportal","source_url":"https://gis.esaulet.kz/server/rest/services/Sloi_geoportala_otkrytiy_kontur_0702/MapServer/26","sourceId":"astana-municipal-green"}},{"type":"Feature","id":"municipal-green-1224","geometry":{"type":"Polygon","coordinates":[[[71.4828914,51.1290346],[71.4825238,51.1290454],[71.4825226,51.1290332],[71.4828914,51.1290346]]]},"properties":{"OBJECTID":1224,"kind":"park","name":"Озеленение","source":"Astana municipal open geoportal","source_url":"https://gis.esaulet.kz/server/rest/services/Sloi_geoportala_otkrytiy_kontur_0702/MapServer/26","sourceId":"astana-municipal-green"}},{"type":"Feature","id":"municipal-green-1225","geometry":{"type":"Polygon","coordinates":[[[71.482995,51.1290398],[71.4831324,51.129049],[71.4829508,51.1290485],[71.482995,51.1290398]]]},"properties":{"OBJECTID":1225,"kind":"park","name":"Озеленение","source":"Astana municipal open geoportal","source_url":"https://gis.esaulet.kz/server/rest/services/Sloi_geoportala_otkrytiy_kontur_0702/MapServer/26","sourceId":"astana-municipal-green"}},{"type":"Feature","id":"municipal-green-1226","geometry":{"type":"Polygon","coordinates":[[[71.4818539,51.1291288],[71.4815879,51.1291655],[71.4818488,51.1291178],[71.4818539,51.1291288]]]},"properties":{"OBJECTID":1226,"kind":"park","name":"Озеленение","source":"Astana municipal open geoportal","source_url":"https://gis.esaulet.kz/server/rest/services/Sloi_geoportala_otkrytiy_kontur_0702/MapServer/26","sourceId":"astana-municipal-green"}},{"type":"Feature","id":"municipal-green-1227","geometry":{"type":"Polygon","coordinates":[[[71.4819687,51.1291959],[71.4816685,51.1292272],[71.48197,51.1291957],[71.4819687,51.1291959]]]},"properties":{"OBJECTID":1227,"kind":"park","name":"Озеленение","source":"Astana municipal open geoportal","source_url":"https://gis.esaulet.kz/server/rest/services/Sloi_geoportala_otkrytiy_kontur_0702/MapServer/26","sourceId":"astana-municipal-green"}},{"type":"Feature","id":"municipal-green-1228","geometry":{"type":"Polygon","coordinates":[[[71.4903058,51.13101],[71.4903017,51.1310158],[71.4900411,51.1309422],[71.4903058,51.13101]]]},"properties":{"OBJECTID":1228,"kind":"park","name":"Озеленение","source":"Astana municipal open geoportal","source_url":"https://gis.esaulet.kz/server/rest/services/Sloi_geoportala_otkrytiy_kontur_0702/MapServer/26","sourceId":"astana-municipal-green"}},{"type":"Feature","id":"municipal-green-1229","geometry":{"type":"Polygon","coordinates":[[[71.4091573,51.1290284],[71.4089695,51.1290576],[71.4089637,51.1290372],[71.4091441,51.1289949],[71.4091573,51.1290284]]]},"properties":{"OBJECTID":1229,"kind":"park","name":"Озеленение","source":"Astana municipal open geoportal","source_url":"https://gis.esaulet.kz/server/rest/services/Sloi_geoportala_otkrytiy_kontur_0702/MapServer/26","sourceId":"astana-municipal-green"}},{"type":"Feature","id":"municipal-green-1231","geometry":{"type":"Polygon","coordinates":[[[71.411108,51.1420319],[71.4113259,51.1425694],[71.4112342,51.1425788],[71.4110275,51.1420565],[71.411108,51.1420319]]]},"properties":{"OBJECTID":1231,"kind":"park","name":"Озеленение","source":"Astana municipal open geoportal","source_url":"https://gis.esaulet.kz/server/rest/services/Sloi_geoportala_otkrytiy_kontur_0702/MapServer/26","sourceId":"astana-municipal-green"}},{"type":"Feature","id":"municipal-green-1232","geometry":{"type":"Polygon","coordinates":[[[71.4864123,51.1519983],[71.4864095,51.1520206],[71.4863416,51.152048],[71.4862255,51.1519313],[71.4863208,51.1519098],[71.4863023,51.1519223],[71.4864123,51.1519983]]]},"properties":{"OBJECTID":1232,"kind":"park","name":"Озеленение","source":"Astana municipal open geoportal","source_url":"https://gis.esaulet.kz/server/rest/services/Sloi_geoportala_otkrytiy_kontur_0702/MapServer/26","sourceId":"astana-municipal-green"}},{"type":"Feature","id":"municipal-green-1234","geometry":{"type":"Polygon","coordinates":[[[71.4784598,51.1304252],[71.4784769,51.1304545],[71.4785104,51.1305148],[71.4784598,51.1304252]]]},"properties":{"OBJECTID":1234,"kind":"park","name":"Озеленение","source":"Astana municipal open geoportal","source_url":"https://gis.esaulet.kz/server/rest/services/Sloi_geoportala_otkrytiy_kontur_0702/MapServer/26","sourceId":"astana-municipal-green"}},{"type":"Feature","id":"municipal-green-1240","geometry":{"type":"Polygon","coordinates":[[[71.385585,51.1500273],[71.3855865,51.1501301],[71.3854969,51.1501306],[71.3854929,51.1500268],[71.385585,51.1500273]]]},"properties":{"OBJECTID":1240,"kind":"park","name":"Озеленение","source":"Astana municipal open geoportal","source_url":"https://gis.esaulet.kz/server/rest/services/Sloi_geoportala_otkrytiy_kontur_0702/MapServer/26","sourceId":"astana-municipal-green"}},{"type":"Feature","id":"municipal-green-1241","geometry":{"type":"Polygon","coordinates":[[[71.3853167,51.1502129],[71.3853176,51.1501797],[71.3854111,51.1501789],[71.3854105,51.1501448],[71.385474,51.1501441],[71.3854575,51.1502076],[71.3853167,51.1502129]]]},"properties":{"OBJECTID":1241,"kind":"park","name":"Озеленение","source":"Astana municipal open geoportal","source_url":"https://gis.esaulet.kz/server/rest/services/Sloi_geoportala_otkrytiy_kontur_0702/MapServer/26","sourceId":"astana-municipal-green"}},{"type":"Feature","id":"municipal-green-1245","geometry":{"type":"Polygon","coordinates":[[[71.4875951,51.1520314],[71.487529,51.1520563],[71.4874461,51.1519698],[71.4873251,51.152045],[71.4870536,51.1521515],[71.4868527,51.1519504],[71.486905,51.1519303],[71.4869957,51.152025],[71.4871175,51.1519788],[71.4870899,51.15195],[71.4870677,51.1519584],[71.4870517,51.1519417],[71.4870733,51.1519336],[71.4870372,51.1518958],[71.4870058,51.1518937],[71.4871671,51.1518326],[71.4871377,51.151802],[71.4874301,51.1516898],[71.4875723,51.1518364],[71.4874533,51.1518821],[71.4875951,51.1520314]],[[71.4874329,51.1517883],[71.4874153,51.1517953],[71.4874336,51.1518146],[71.4873187,51.1519398],[71.4869815,51.1520668],[71.4869995,51.1520858],[71.4873453,51.1519557],[71.4874676,51.1518226],[71.4874455,51.1518008],[71.4875101,51.1517927],[71.4874729,51.1517557],[71.4874329,51.1517883]]]},"properties":{"OBJECTID":1245,"kind":"park","name":"Озеленение","source":"Astana municipal open geoportal","source_url":"https://gis.esaulet.kz/server/rest/services/Sloi_geoportala_otkrytiy_kontur_0702/MapServer/26","sourceId":"astana-municipal-green"}},{"type":"Feature","id":"municipal-green-1248","geometry":{"type":"Polygon","coordinates":[[[71.3949244,51.1700491],[71.3949394,51.1700667],[71.3948978,51.1700807],[71.3948663,51.1700436],[71.3949244,51.1700491]]]},"properties":{"OBJECTID":1248,"kind":"park","name":"Озеленение","source":"Astana municipal open geoportal","source_url":"https://gis.esaulet.kz/server/rest/services/Sloi_geoportala_otkrytiy_kontur_0702/MapServer/26","sourceId":"astana-municipal-green"}},{"type":"Feature","id":"municipal-green-1249","geometry":{"type":"Polygon","coordinates":[[[71.3851609,51.1500337],[71.385163,51.1501806],[71.3852596,51.1501803],[71.3852585,51.1502134],[71.3851068,51.1501983],[71.3850987,51.1500436],[71.3851609,51.1500337]]]},"properties":{"OBJECTID":1249,"kind":"park","name":"Озеленение","source":"Astana municipal open geoportal","source_url":"https://gis.esaulet.kz/server/rest/services/Sloi_geoportala_otkrytiy_kontur_0702/MapServer/26","sourceId":"astana-municipal-green"}},{"type":"Feature","id":"municipal-green-1250","geometry":{"type":"Polygon","coordinates":[[[71.4873598,51.152537],[71.4873136,51.1525593],[71.487269,51.1525489],[71.4869616,51.1522261],[71.4873678,51.152066],[71.4875023,51.1520838],[71.4875359,51.1521138],[71.4871091,51.1522762],[71.4871574,51.1523265],[71.4871401,51.1523331],[71.4873598,51.152537]]]},"properties":{"OBJECTID":1250,"kind":"park","name":"Озеленение","source":"Astana municipal open geoportal","source_url":"https://gis.esaulet.kz/server/rest/services/Sloi_geoportala_otkrytiy_kontur_0702/MapServer/26","sourceId":"astana-municipal-green"}},{"type":"Feature","id":"municipal-green-1252","geometry":{"type":"Polygon","coordinates":[[[71.4825731,51.1419688],[71.4824298,51.1420262],[71.4823299,51.1419275],[71.4824849,51.1418739],[71.4825731,51.1419688]]]},"properties":{"OBJECTID":1252,"kind":"park","name":"Озеленение","source":"Astana municipal open geoportal","source_url":"https://gis.esaulet.kz/server/rest/services/Sloi_geoportala_otkrytiy_kontur_0702/MapServer/26","sourceId":"astana-municipal-green"}},{"type":"Feature","id":"municipal-green-1253","geometry":{"type":"Polygon","coordinates":[[[71.4822609,51.141732],[71.4823375,51.1418401],[71.4822743,51.1418588],[71.4821932,51.1417482],[71.4822609,51.141732]]]},"properties":{"OBJECTID":1253,"kind":"park","name":"Озеленение","source":"Astana municipal open geoportal","source_url":"https://gis.esaulet.kz/server/rest/services/Sloi_geoportala_otkrytiy_kontur_0702/MapServer/26","sourceId":"astana-municipal-green"}},{"type":"Feature","id":"municipal-green-1257","geometry":{"type":"Polygon","coordinates":[[[71.4825597,51.1420745],[71.4826704,51.1421734],[71.4826224,51.1422001],[71.4825021,51.1420999],[71.4825597,51.1420745]]]},"properties":{"OBJECTID":1257,"kind":"park","name":"Озеленение","source":"Astana municipal open geoportal","source_url":"https://gis.esaulet.kz/server/rest/services/Sloi_geoportala_otkrytiy_kontur_0702/MapServer/26","sourceId":"astana-municipal-green"}},{"type":"Feature","id":"municipal-green-1258","geometry":{"type":"Polygon","coordinates":[[[71.4829513,51.1422624],[71.4828294,51.1423431],[71.482654,51.1422226],[71.482753,51.1421664],[71.4827929,51.1421954],[71.4828248,51.1421782],[71.4829513,51.1422624]]]},"properties":{"OBJECTID":1258,"kind":"park","name":"Озеленение","source":"Astana municipal open geoportal","source_url":"https://gis.esaulet.kz/server/rest/services/Sloi_geoportala_otkrytiy_kontur_0702/MapServer/26","sourceId":"astana-municipal-green"}},{"type":"Feature","id":"municipal-green-1259","geometry":{"type":"Polygon","coordinates":[[[71.4830779,51.14248],[71.4829293,51.1424018],[71.4829755,51.14237],[71.4831187,51.1424465],[71.4830779,51.14248]]]},"properties":{"OBJECTID":1259,"kind":"park","name":"Озеленение","source":"Astana municipal open geoportal","source_url":"https://gis.esaulet.kz/server/rest/services/Sloi_geoportala_otkrytiy_kontur_0702/MapServer/26","sourceId":"astana-municipal-green"}},{"type":"Feature","id":"municipal-green-1260","geometry":{"type":"Polygon","coordinates":[[[71.4831328,51.1421976],[71.4829779,51.1420975],[71.4830434,51.1420581],[71.4831958,51.1421586],[71.4831328,51.1421976]]]},"properties":{"OBJECTID":1260,"kind":"park","name":"Озеленение","source":"Astana municipal open geoportal","source_url":"https://gis.esaulet.kz/server/rest/services/Sloi_geoportala_otkrytiy_kontur_0702/MapServer/26","sourceId":"astana-municipal-green"}},{"type":"Feature","id":"municipal-green-1261","geometry":{"type":"Polygon","coordinates":[[[71.4827709,51.1419296],[71.4826567,51.1418099],[71.4827336,51.1417823],[71.4828487,51.1419019],[71.4827709,51.1419296]]]},"properties":{"OBJECTID":1261,"kind":"park","name":"Озеленение","source":"Astana municipal open geoportal","source_url":"https://gis.esaulet.kz/server/rest/services/Sloi_geoportala_otkrytiy_kontur_0702/MapServer/26","sourceId":"astana-municipal-green"}},{"type":"Feature","id":"municipal-green-1262","geometry":{"type":"Polygon","coordinates":[[[71.4826644,51.1417674],[71.4826259,51.1417204],[71.4826726,51.1417091],[71.4827122,51.1417567],[71.4826644,51.1417674]]]},"properties":{"OBJECTID":1262,"kind":"park","name":"Озеленение","source":"Astana municipal open geoportal","source_url":"https://gis.esaulet.kz/server/rest/services/Sloi_geoportala_otkrytiy_kontur_0702/MapServer/26","sourceId":"astana-municipal-green"}},{"type":"Feature","id":"municipal-green-1263","geometry":{"type":"Polygon","coordinates":[[[71.4826498,51.141679],[71.4826042,51.1416917],[71.4825705,51.1416437],[71.4826172,51.141628],[71.4826498,51.141679]]]},"properties":{"OBJECTID":1263,"kind":"park","name":"Озеленение","source":"Astana municipal open geoportal","source_url":"https://gis.esaulet.kz/server/rest/services/Sloi_geoportala_otkrytiy_kontur_0702/MapServer/26","sourceId":"astana-municipal-green"}},{"type":"Feature","id":"municipal-green-1264","geometry":{"type":"Polygon","coordinates":[[[71.4824915,51.1415761],[71.4825116,51.1416107],[71.4825048,51.1415992],[71.4824915,51.1415761]]]},"properties":{"OBJECTID":1264,"kind":"park","name":"Озеленение","source":"Astana municipal open geoportal","source_url":"https://gis.esaulet.kz/server/rest/services/Sloi_geoportala_otkrytiy_kontur_0702/MapServer/26","sourceId":"astana-municipal-green"}},{"type":"Feature","id":"municipal-green-1265","geometry":{"type":"Polygon","coordinates":[[[71.4826685,51.1418233],[71.4826992,51.1418572],[71.4826888,51.1418459],[71.4826685,51.1418233]]]},"properties":{"OBJECTID":1265,"kind":"park","name":"Озеленение","source":"Astana municipal open geoportal","source_url":"https://gis.esaulet.kz/server/rest/services/Sloi_geoportala_otkrytiy_kontur_0702/MapServer/26","sourceId":"astana-municipal-green"}},{"type":"Feature","id":"municipal-green-1268","geometry":{"type":"Polygon","coordinates":[[[71.4828934,51.1418171],[71.4828604,51.1417847],[71.4828994,51.1417569],[71.4830612,51.1417962],[71.4830214,51.1418633],[71.4828934,51.1418171]]]},"properties":{"OBJECTID":1268,"kind":"park","name":"Озеленение","source":"Astana municipal open geoportal","source_url":"https://gis.esaulet.kz/server/rest/services/Sloi_geoportala_otkrytiy_kontur_0702/MapServer/26","sourceId":"astana-municipal-green"}},{"type":"Feature","id":"municipal-green-1269","geometry":{"type":"Polygon","coordinates":[[[71.4833329,51.1422355],[71.4834018,51.1422676],[71.4833645,51.1422913],[71.4833004,51.1422584],[71.4833329,51.1422355]]]},"properties":{"OBJECTID":1269,"kind":"park","name":"Озеленение","source":"Astana municipal open geoportal","source_url":"https://gis.esaulet.kz/server/rest/services/Sloi_geoportala_otkrytiy_kontur_0702/MapServer/26","sourceId":"astana-municipal-green"}},{"type":"Feature","id":"municipal-green-1270","geometry":{"type":"Polygon","coordinates":[[[71.4829573,51.141994],[71.4830136,51.1420359],[71.4829678,51.1420552],[71.482913,51.1420149],[71.4829573,51.141994]]]},"properties":{"OBJECTID":1270,"kind":"park","name":"Озеленение","source":"Astana municipal open geoportal","source_url":"https://gis.esaulet.kz/server/rest/services/Sloi_geoportala_otkrytiy_kontur_0702/MapServer/26","sourceId":"astana-municipal-green"}},{"type":"Feature","id":"municipal-green-1271","geometry":{"type":"Polygon","coordinates":[[[71.4824681,51.1415325],[71.4824915,51.1415761],[71.4824796,51.1415543],[71.4824681,51.1415325]]]},"properties":{"OBJECTID":1271,"kind":"park","name":"Озеленение","source":"Astana municipal open geoportal","source_url":"https://gis.esaulet.kz/server/rest/services/Sloi_geoportala_otkrytiy_kontur_0702/MapServer/26","sourceId":"astana-municipal-green"}},{"type":"Feature","id":"municipal-green-1273","geometry":{"type":"Polygon","coordinates":[[[71.3951782,51.1699259],[71.3952982,51.1700477],[71.3951342,51.1700202],[71.3951782,51.1699259]]]},"properties":{"OBJECTID":1273,"kind":"park","name":"Озеленение","source":"Astana municipal open geoportal","source_url":"https://gis.esaulet.kz/server/rest/services/Sloi_geoportala_otkrytiy_kontur_0702/MapServer/26","sourceId":"astana-municipal-green"}},{"type":"Feature","id":"municipal-green-1275","geometry":{"type":"Polygon","coordinates":[[[71.4832937,51.1422158],[71.4832593,51.1422403],[71.4831964,51.1422054],[71.4832301,51.1421786],[71.4832937,51.1422158]]]},"properties":{"OBJECTID":1275,"kind":"park","name":"Озеленение","source":"Astana municipal open geoportal","source_url":"https://gis.esaulet.kz/server/rest/services/Sloi_geoportala_otkrytiy_kontur_0702/MapServer/26","sourceId":"astana-municipal-green"}},{"type":"Feature","id":"municipal-green-1276","geometry":{"type":"Polygon","coordinates":[[[71.4830855,51.1419616],[71.4830518,51.141926],[71.4830983,51.1418966],[71.4832569,51.1419462],[71.483193,51.1420012],[71.4830855,51.1419616]]]},"properties":{"OBJECTID":1276,"kind":"park","name":"Озеленение","source":"Astana municipal open geoportal","source_url":"https://gis.esaulet.kz/server/rest/services/Sloi_geoportala_otkrytiy_kontur_0702/MapServer/26","sourceId":"astana-municipal-green"}},{"type":"Feature","id":"municipal-green-1277","geometry":{"type":"Polygon","coordinates":[[[71.4829591,51.141622],[71.4829,51.1416479],[71.4826645,51.1415832],[71.482621,51.1415959],[71.4825676,51.1415122],[71.4829591,51.141622]]]},"properties":{"OBJECTID":1277,"kind":"park","name":"Озеленение","source":"Astana municipal open geoportal","source_url":"https://gis.esaulet.kz/server/rest/services/Sloi_geoportala_otkrytiy_kontur_0702/MapServer/26","sourceId":"astana-municipal-green"}},{"type":"Feature","id":"municipal-green-1278","geometry":{"type":"Polygon","coordinates":[[[71.482272,51.1416434],[71.4822932,51.1416773],[71.4821505,51.1417131],[71.4821394,51.1416962],[71.4821795,51.1416445],[71.4822634,51.141627],[71.482272,51.1416434]]]},"properties":{"OBJECTID":1278,"kind":"park","name":"Озеленение","source":"Astana municipal open geoportal","source_url":"https://gis.esaulet.kz/server/rest/services/Sloi_geoportala_otkrytiy_kontur_0702/MapServer/26","sourceId":"astana-municipal-green"}},{"type":"Feature","id":"municipal-green-1279","geometry":{"type":"Polygon","coordinates":[[[71.4822775,51.1415713],[71.4822382,51.1415793],[71.4822119,51.1415326],[71.4822601,51.1414681],[71.4821035,51.1414245],[71.48191,51.1416901],[71.4818716,51.1417011],[71.4821064,51.1413805],[71.4825379,51.1415041],[71.4825996,51.1416009],[71.482516,51.1416177],[71.4824681,51.1415325],[71.4822775,51.1415713]]]},"properties":{"OBJECTID":1279,"kind":"park","name":"Озеленение","source":"Astana municipal open geoportal","source_url":"https://gis.esaulet.kz/server/rest/services/Sloi_geoportala_otkrytiy_kontur_0702/MapServer/26","sourceId":"astana-municipal-green"}},{"type":"Feature","id":"municipal-green-1280","geometry":{"type":"Polygon","coordinates":[[[71.4826992,51.1418572],[71.4827299,51.1418894],[71.4827092,51.1418679],[71.4826992,51.1418572]]]},"properties":{"OBJECTID":1280,"kind":"park","name":"Озеленение","source":"Astana municipal open geoportal","source_url":"https://gis.esaulet.kz/server/rest/services/Sloi_geoportala_otkrytiy_kontur_0702/MapServer/26","sourceId":"astana-municipal-green"}},{"type":"Feature","id":"municipal-green-1281","geometry":{"type":"Polygon","coordinates":[[[71.4827709,51.1419296],[71.4827501,51.1419096],[71.4827299,51.1418894],[71.4827709,51.1419296]]]},"properties":{"OBJECTID":1281,"kind":"park","name":"Озеленение","source":"Astana municipal open geoportal","source_url":"https://gis.esaulet.kz/server/rest/services/Sloi_geoportala_otkrytiy_kontur_0702/MapServer/26","sourceId":"astana-municipal-green"}},{"type":"Feature","id":"municipal-green-1282","geometry":{"type":"Polygon","coordinates":[[[71.4829779,51.1420975],[71.4829944,51.1421091],[71.4829861,51.1421033],[71.4829779,51.1420975]]]},"properties":{"OBJECTID":1282,"kind":"park","name":"Озеленение","source":"Astana municipal open geoportal","source_url":"https://gis.esaulet.kz/server/rest/services/Sloi_geoportala_otkrytiy_kontur_0702/MapServer/26","sourceId":"astana-municipal-green"}},{"type":"Feature","id":"municipal-green-1283","geometry":{"type":"Polygon","coordinates":[[[71.4829944,51.1421091],[71.4830339,51.1421361],[71.4830207,51.1421271],[71.4829944,51.1421091]]]},"properties":{"OBJECTID":1283,"kind":"park","name":"Озеленение","source":"Astana municipal open geoportal","source_url":"https://gis.esaulet.kz/server/rest/services/Sloi_geoportala_otkrytiy_kontur_0702/MapServer/26","sourceId":"astana-municipal-green"}},{"type":"Feature","id":"municipal-green-1284","geometry":{"type":"Polygon","coordinates":[[[71.4830747,51.1421624],[71.4830757,51.142163],[71.4830339,51.1421361],[71.4830747,51.1421624]]]},"properties":{"OBJECTID":1284,"kind":"park","name":"Озеленение","source":"Astana municipal open geoportal","source_url":"https://gis.esaulet.kz/server/rest/services/Sloi_geoportala_otkrytiy_kontur_0702/MapServer/26","sourceId":"astana-municipal-green"}},{"type":"Feature","id":"municipal-green-1285","geometry":{"type":"Polygon","coordinates":[[[71.4830757,51.142163],[71.4831275,51.1421946],[71.4831014,51.1421789],[71.4830757,51.142163]]]},"properties":{"OBJECTID":1285,"kind":"park","name":"Озеленение","source":"Astana municipal open geoportal","source_url":"https://gis.esaulet.kz/server/rest/services/Sloi_geoportala_otkrytiy_kontur_0702/MapServer/26","sourceId":"astana-municipal-green"}},{"type":"Feature","id":"municipal-green-1286","geometry":{"type":"Polygon","coordinates":[[[71.4831686,51.1422183],[71.4831839,51.1422269],[71.4831762,51.1422226],[71.4831686,51.1422183]]]},"properties":{"OBJECTID":1286,"kind":"park","name":"Озеленение","source":"Astana municipal open geoportal","source_url":"https://gis.esaulet.kz/server/rest/services/Sloi_geoportala_otkrytiy_kontur_0702/MapServer/26","sourceId":"astana-municipal-green"}},{"type":"Feature","id":"municipal-green-1287","geometry":{"type":"Polygon","coordinates":[[[71.4831839,51.1422269],[71.4832124,51.1422424],[71.4831981,51.1422347],[71.4831839,51.1422269]]]},"properties":{"OBJECTID":1287,"kind":"park","name":"Озеленение","source":"Astana municipal open geoportal","source_url":"https://gis.esaulet.kz/server/rest/services/Sloi_geoportala_otkrytiy_kontur_0702/MapServer/26","sourceId":"astana-municipal-green"}},{"type":"Feature","id":"municipal-green-1288","geometry":{"type":"Polygon","coordinates":[[[71.4832124,51.1422424],[71.483237,51.1422555],[71.4832247,51.142249],[71.4832124,51.1422424]]]},"properties":{"OBJECTID":1288,"kind":"park","name":"Озеленение","source":"Astana municipal open geoportal","source_url":"https://gis.esaulet.kz/server/rest/services/Sloi_geoportala_otkrytiy_kontur_0702/MapServer/26","sourceId":"astana-municipal-green"}},{"type":"Feature","id":"municipal-green-1289","geometry":{"type":"Polygon","coordinates":[[[71.4832705,51.1424344],[71.4833575,51.1424729],[71.4832852,51.1424413],[71.4832705,51.1424344]]]},"properties":{"OBJECTID":1289,"kind":"park","name":"Озеленение","source":"Astana municipal open geoportal","source_url":"https://gis.esaulet.kz/server/rest/services/Sloi_geoportala_otkrytiy_kontur_0702/MapServer/26","sourceId":"astana-municipal-green"}},{"type":"Feature","id":"municipal-green-1290","geometry":{"type":"Polygon","coordinates":[[[71.4127016,51.1284774],[71.4122727,51.1285448],[71.4122583,51.1285103],[71.4126957,51.128442],[71.4127016,51.1284774]]]},"properties":{"OBJECTID":1290,"kind":"park","name":"Озеленение","source":"Astana municipal open geoportal","source_url":"https://gis.esaulet.kz/server/rest/services/Sloi_geoportala_otkrytiy_kontur_0702/MapServer/26","sourceId":"astana-municipal-green"}},{"type":"Feature","id":"municipal-green-1291","geometry":{"type":"Polygon","coordinates":[[[71.4102952,51.1288519],[71.409989,51.1288974],[71.4099757,51.1288663],[71.4102818,51.1288164],[71.4102952,51.1288519]]]},"properties":{"OBJECTID":1291,"kind":"park","name":"Озеленение","source":"Astana municipal open geoportal","source_url":"https://gis.esaulet.kz/server/rest/services/Sloi_geoportala_otkrytiy_kontur_0702/MapServer/26","sourceId":"astana-municipal-green"}},{"type":"Feature","id":"municipal-green-1294","geometry":{"type":"Polygon","coordinates":[[[71.4688852,51.1121461],[71.4687695,51.112165],[71.4687345,51.1120803],[71.4688533,51.1120619],[71.4688852,51.1121461]]]},"properties":{"OBJECTID":1294,"kind":"park","name":"Озеленение","source":"Astana municipal open geoportal","source_url":"https://gis.esaulet.kz/server/rest/services/Sloi_geoportala_otkrytiy_kontur_0702/MapServer/26","sourceId":"astana-municipal-green"}},{"type":"Feature","id":"municipal-green-1295","geometry":{"type":"Polygon","coordinates":[[[71.4178086,51.1176328],[71.4182597,51.1175686],[71.4182944,51.117659],[71.4176602,51.1177492],[71.4176348,51.1176786],[71.4178086,51.1176328]]]},"properties":{"OBJECTID":1295,"kind":"park","name":"Озеленение","source":"Astana municipal open geoportal","source_url":"https://gis.esaulet.kz/server/rest/services/Sloi_geoportala_otkrytiy_kontur_0702/MapServer/26","sourceId":"astana-municipal-green"}},{"type":"Feature","id":"municipal-green-1296","geometry":{"type":"Polygon","coordinates":[[[71.4183854,51.1177892],[71.4182685,51.1178044],[71.4181929,51.1176912],[71.4183082,51.1176748],[71.4183854,51.1177892]]]},"properties":{"OBJECTID":1296,"kind":"park","name":"Озеленение","source":"Astana municipal open geoportal","source_url":"https://gis.esaulet.kz/server/rest/services/Sloi_geoportala_otkrytiy_kontur_0702/MapServer/26","sourceId":"astana-municipal-green"}},{"type":"Feature","id":"municipal-green-1301","geometry":{"type":"Polygon","coordinates":[[[71.4853823,51.129622],[71.4849102,51.1294956],[71.4849142,51.1294899],[71.4853823,51.129622]]]},"properties":{"OBJECTID":1301,"kind":"park","name":"Озеленение","source":"Astana municipal open geoportal","source_url":"https://gis.esaulet.kz/server/rest/services/Sloi_geoportala_otkrytiy_kontur_0702/MapServer/26","sourceId":"astana-municipal-green"}},{"type":"Feature","id":"municipal-green-1302","geometry":{"type":"Polygon","coordinates":[[[71.4851356,51.1296182],[71.4848659,51.129558],[71.4848753,51.1295448],[71.4851356,51.1296182]]]},"properties":{"OBJECTID":1302,"kind":"park","name":"Озеленение","source":"Astana municipal open geoportal","source_url":"https://gis.esaulet.kz/server/rest/services/Sloi_geoportala_otkrytiy_kontur_0702/MapServer/26","sourceId":"astana-municipal-green"}},{"type":"Feature","id":"municipal-green-1303","geometry":{"type":"Polygon","coordinates":[[[71.4857025,51.1297119],[71.4854914,51.1296594],[71.4854956,51.1296535],[71.4857025,51.1297119]]]},"properties":{"OBJECTID":1303,"kind":"park","name":"Озеленение","source":"Astana municipal open geoportal","source_url":"https://gis.esaulet.kz/server/rest/services/Sloi_geoportala_otkrytiy_kontur_0702/MapServer/26","sourceId":"astana-municipal-green"}},{"type":"Feature","id":"municipal-green-1304","geometry":{"type":"Polygon","coordinates":[[[71.4321425,51.1641259],[71.4320698,51.1640979],[71.4320677,51.1640438],[71.4321677,51.1640268],[71.4321425,51.1641259]]]},"properties":{"OBJECTID":1304,"kind":"park","name":"Озеленение","source":"Astana municipal open geoportal","source_url":"https://gis.esaulet.kz/server/rest/services/Sloi_geoportala_otkrytiy_kontur_0702/MapServer/26","sourceId":"astana-municipal-green"}},{"type":"Feature","id":"municipal-green-1305","geometry":{"type":"Polygon","coordinates":[[[71.4320376,51.16457],[71.4320054,51.1646833],[71.431953,51.1646759],[71.4319848,51.1645636],[71.4320376,51.16457]]]},"properties":{"OBJECTID":1305,"kind":"park","name":"Озеленение","source":"Astana municipal open geoportal","source_url":"https://gis.esaulet.kz/server/rest/services/Sloi_geoportala_otkrytiy_kontur_0702/MapServer/26","sourceId":"astana-municipal-green"}},{"type":"Feature","id":"municipal-green-1306","geometry":{"type":"Polygon","coordinates":[[[71.4318849,51.1642118],[71.4317482,51.1647282],[71.4316202,51.1647498],[71.431768,51.1641988],[71.4318849,51.1642118]]]},"properties":{"OBJECTID":1306,"kind":"park","name":"Озеленение","source":"Astana municipal open geoportal","source_url":"https://gis.esaulet.kz/server/rest/services/Sloi_geoportala_otkrytiy_kontur_0702/MapServer/26","sourceId":"astana-municipal-green"}},{"type":"Feature","id":"municipal-green-1307","geometry":{"type":"Polygon","coordinates":[[[71.4320028,51.1646971],[71.4319614,51.1648521],[71.4318823,51.1648362],[71.4318592,51.1647987],[71.4318825,51.1647173],[71.4319502,51.1646903],[71.4320028,51.1646971]]]},"properties":{"OBJECTID":1307,"kind":"park","name":"Озеленение","source":"Astana municipal open geoportal","source_url":"https://gis.esaulet.kz/server/rest/services/Sloi_geoportala_otkrytiy_kontur_0702/MapServer/26","sourceId":"astana-municipal-green"}},{"type":"Feature","id":"municipal-green-1308","geometry":{"type":"Polygon","coordinates":[[[71.4315098,51.1654439],[71.4315429,51.1654736],[71.43148,51.1657122],[71.4313556,51.1656981],[71.4314268,51.1654352],[71.4315098,51.1654439]]]},"properties":{"OBJECTID":1308,"kind":"park","name":"Озеленение","source":"Astana municipal open geoportal","source_url":"https://gis.esaulet.kz/server/rest/services/Sloi_geoportala_otkrytiy_kontur_0702/MapServer/26","sourceId":"astana-municipal-green"}},{"type":"Feature","id":"municipal-green-1309","geometry":{"type":"Polygon","coordinates":[[[71.4318227,51.1649887],[71.4319261,51.1649778],[71.4317207,51.1657359],[71.4316089,51.165725],[71.4317899,51.1650474],[71.4318227,51.1649887]]]},"properties":{"OBJECTID":1309,"kind":"park","name":"Озеленение","source":"Astana municipal open geoportal","source_url":"https://gis.esaulet.kz/server/rest/services/Sloi_geoportala_otkrytiy_kontur_0702/MapServer/26","sourceId":"astana-municipal-green"}},{"type":"Feature","id":"municipal-green-1311","geometry":{"type":"Polygon","coordinates":[[[71.4897673,51.157759],[71.4896253,51.1578117],[71.4892622,51.1574423],[71.4892673,51.1574098],[71.4893698,51.1573571],[71.4897673,51.157759]]]},"properties":{"OBJECTID":1311,"kind":"park","name":"Озеленение","source":"Astana municipal open geoportal","source_url":"https://gis.esaulet.kz/server/rest/services/Sloi_geoportala_otkrytiy_kontur_0702/MapServer/26","sourceId":"astana-municipal-green"}},{"type":"Feature","id":"municipal-green-1312","geometry":{"type":"Polygon","coordinates":[[[71.4903711,51.1583692],[71.4902159,51.1583957],[71.4896555,51.1578425],[71.4897957,51.1577876],[71.4903711,51.1583692]]]},"properties":{"OBJECTID":1312,"kind":"park","name":"Озеленение","source":"Astana municipal open geoportal","source_url":"https://gis.esaulet.kz/server/rest/services/Sloi_geoportala_otkrytiy_kontur_0702/MapServer/26","sourceId":"astana-municipal-green"}},{"type":"Feature","id":"municipal-green-1315","geometry":{"type":"Polygon","coordinates":[[[71.4891651,51.157119],[71.4891024,51.1571426],[71.488971,51.1570049],[71.4889079,51.1570284],[71.488823,51.1569864],[71.4881229,51.1562502],[71.4881305,51.1562123],[71.4882414,51.1561602],[71.4891651,51.157119]]]},"properties":{"OBJECTID":1315,"kind":"park","name":"Озеленение","source":"Astana municipal open geoportal","source_url":"https://gis.esaulet.kz/server/rest/services/Sloi_geoportala_otkrytiy_kontur_0702/MapServer/26","sourceId":"astana-municipal-green"}},{"type":"Feature","id":"municipal-green-1317","geometry":{"type":"Polygon","coordinates":[[[71.4854717,51.1297131],[71.4854989,51.1297363],[71.4852004,51.1296522],[71.4854717,51.1297131]]]},"properties":{"OBJECTID":1317,"kind":"park","name":"Озеленение","source":"Astana municipal open geoportal","source_url":"https://gis.esaulet.kz/server/rest/services/Sloi_geoportala_otkrytiy_kontur_0702/MapServer/26","sourceId":"astana-municipal-green"}},{"type":"Feature","id":"municipal-green-1321","geometry":{"type":"Polygon","coordinates":[[[71.4860134,51.1297993],[71.4860091,51.1298054],[71.4858308,51.1297551],[71.4860134,51.1297993]]]},"properties":{"OBJECTID":1321,"kind":"park","name":"Озеленение","source":"Astana municipal open geoportal","source_url":"https://gis.esaulet.kz/server/rest/services/Sloi_geoportala_otkrytiy_kontur_0702/MapServer/26","sourceId":"astana-municipal-green"}},{"type":"Feature","id":"municipal-green-1322","geometry":{"type":"Polygon","coordinates":[[[71.4859841,51.1298565],[71.4859731,51.1298699],[71.4857759,51.1298143],[71.4857858,51.1298004],[71.4859841,51.1298565]]]},"properties":{"OBJECTID":1322,"kind":"park","name":"Озеленение","source":"Astana municipal open geoportal","source_url":"https://gis.esaulet.kz/server/rest/services/Sloi_geoportala_otkrytiy_kontur_0702/MapServer/26","sourceId":"astana-municipal-green"}},{"type":"Feature","id":"municipal-green-1323","geometry":{"type":"Polygon","coordinates":[[[71.486349,51.1298938],[71.4861673,51.12985],[71.4861717,51.1298438],[71.486349,51.1298938]]]},"properties":{"OBJECTID":1323,"kind":"park","name":"Озеленение","source":"Astana municipal open geoportal","source_url":"https://gis.esaulet.kz/server/rest/services/Sloi_geoportala_otkrytiy_kontur_0702/MapServer/26","sourceId":"astana-municipal-green"}},{"type":"Feature","id":"municipal-green-1324","geometry":{"type":"Polygon","coordinates":[[[71.4865956,51.1299632],[71.4864237,51.1299224],[71.4864282,51.129916],[71.4865956,51.1299632]]]},"properties":{"OBJECTID":1324,"kind":"park","name":"Озеленение","source":"Astana municipal open geoportal","source_url":"https://gis.esaulet.kz/server/rest/services/Sloi_geoportala_otkrytiy_kontur_0702/MapServer/26","sourceId":"astana-municipal-green"}},{"type":"Feature","id":"municipal-green-1325","geometry":{"type":"Polygon","coordinates":[[[71.4864135,51.1299778],[71.4864039,51.1299913],[71.4861398,51.1299169],[71.4861495,51.1299032],[71.4864135,51.1299778]]]},"properties":{"OBJECTID":1325,"kind":"park","name":"Озеленение","source":"Astana municipal open geoportal","source_url":"https://gis.esaulet.kz/server/rest/services/Sloi_geoportala_otkrytiy_kontur_0702/MapServer/26","sourceId":"astana-municipal-green"}},{"type":"Feature","id":"municipal-green-1326","geometry":{"type":"Polygon","coordinates":[[[71.4867432,51.1300046],[71.4867386,51.1300111],[71.4866552,51.1299876],[71.4867432,51.1300046]]]},"properties":{"OBJECTID":1326,"kind":"park","name":"Озеленение","source":"Astana municipal open geoportal","source_url":"https://gis.esaulet.kz/server/rest/services/Sloi_geoportala_otkrytiy_kontur_0702/MapServer/26","sourceId":"astana-municipal-green"}},{"type":"Feature","id":"municipal-green-1327","geometry":{"type":"Polygon","coordinates":[[[71.4866451,51.1300433],[71.4865098,51.1300211],[71.4865193,51.1300077],[71.4866451,51.1300433]]]},"properties":{"OBJECTID":1327,"kind":"park","name":"Озеленение","source":"Astana municipal open geoportal","source_url":"https://gis.esaulet.kz/server/rest/services/Sloi_geoportala_otkrytiy_kontur_0702/MapServer/26","sourceId":"astana-municipal-green"}},{"type":"Feature","id":"municipal-green-1328","geometry":{"type":"Polygon","coordinates":[[[71.4870309,51.1301524],[71.4867817,51.1300978],[71.4867911,51.1300846],[71.4870309,51.1301524]]]},"properties":{"OBJECTID":1328,"kind":"park","name":"Озеленение","source":"Astana municipal open geoportal","source_url":"https://gis.esaulet.kz/server/rest/services/Sloi_geoportala_otkrytiy_kontur_0702/MapServer/26","sourceId":"astana-municipal-green"}},{"type":"Feature","id":"municipal-green-1329","geometry":{"type":"Polygon","coordinates":[[[71.4877906,51.1302994],[71.4877857,51.1303063],[71.4875737,51.1302464],[71.4877906,51.1302994]]]},"properties":{"OBJECTID":1329,"kind":"park","name":"Озеленение","source":"Astana municipal open geoportal","source_url":"https://gis.esaulet.kz/server/rest/services/Sloi_geoportala_otkrytiy_kontur_0702/MapServer/26","sourceId":"astana-municipal-green"}},{"type":"Feature","id":"municipal-green-1330","geometry":{"type":"Polygon","coordinates":[[[71.4875402,51.1302963],[71.4875311,51.130309],[71.4873499,51.1302579],[71.4875402,51.1302963]]]},"properties":{"OBJECTID":1330,"kind":"park","name":"Озеленение","source":"Astana municipal open geoportal","source_url":"https://gis.esaulet.kz/server/rest/services/Sloi_geoportala_otkrytiy_kontur_0702/MapServer/26","sourceId":"astana-municipal-green"}},{"type":"Feature","id":"municipal-green-1331","geometry":{"type":"Polygon","coordinates":[[[71.4877237,51.1303482],[71.4877634,51.1303745],[71.4875987,51.130328],[71.4877237,51.1303482]]]},"properties":{"OBJECTID":1331,"kind":"park","name":"Озеленение","source":"Astana municipal open geoportal","source_url":"https://gis.esaulet.kz/server/rest/services/Sloi_geoportala_otkrytiy_kontur_0702/MapServer/26","sourceId":"astana-municipal-green"}},{"type":"Feature","id":"municipal-green-1332","geometry":{"type":"Polygon","coordinates":[[[71.4884614,51.1304882],[71.4882068,51.130425],[71.4882119,51.1304178],[71.4884614,51.1304882]]]},"properties":{"OBJECTID":1332,"kind":"park","name":"Озеленение","source":"Astana municipal open geoportal","source_url":"https://gis.esaulet.kz/server/rest/services/Sloi_geoportala_otkrytiy_kontur_0702/MapServer/26","sourceId":"astana-municipal-green"}},{"type":"Feature","id":"municipal-green-1333","geometry":{"type":"Polygon","coordinates":[[[71.4887641,51.1305733],[71.4887584,51.130581],[71.488581,51.1305305],[71.4887641,51.1305733]]]},"properties":{"OBJECTID":1333,"kind":"park","name":"Озеленение","source":"Astana municipal open geoportal","source_url":"https://gis.esaulet.kz/server/rest/services/Sloi_geoportala_otkrytiy_kontur_0702/MapServer/26","sourceId":"astana-municipal-green"}},{"type":"Feature","id":"municipal-green-1334","geometry":{"type":"Polygon","coordinates":[[[71.4890176,51.1306449],[71.4888247,51.1305992],[71.4888301,51.1305918],[71.4890176,51.1306449]]]},"properties":{"OBJECTID":1334,"kind":"park","name":"Озеленение","source":"Astana municipal open geoportal","source_url":"https://gis.esaulet.kz/server/rest/services/Sloi_geoportala_otkrytiy_kontur_0702/MapServer/26","sourceId":"astana-municipal-green"}},{"type":"Feature","id":"municipal-green-1335","geometry":{"type":"Polygon","coordinates":[[[71.483537,51.1290991],[71.4835909,51.1291107],[71.4835107,51.1291118],[71.483537,51.1290991]]]},"properties":{"OBJECTID":1335,"kind":"park","name":"Озеленение","source":"Astana municipal open geoportal","source_url":"https://gis.esaulet.kz/server/rest/services/Sloi_geoportala_otkrytiy_kontur_0702/MapServer/26","sourceId":"astana-municipal-green"}},{"type":"Feature","id":"municipal-green-1336","geometry":{"type":"Polygon","coordinates":[[[71.4837045,51.129139],[71.483772,51.1291596],[71.4836663,51.1291456],[71.4837045,51.129139]]]},"properties":{"OBJECTID":1336,"kind":"park","name":"Озеленение","source":"Astana municipal open geoportal","source_url":"https://gis.esaulet.kz/server/rest/services/Sloi_geoportala_otkrytiy_kontur_0702/MapServer/26","sourceId":"astana-municipal-green"}},{"type":"Feature","id":"municipal-green-1337","geometry":{"type":"Polygon","coordinates":[[[71.4872815,51.1302232],[71.4872723,51.1302361],[71.4870829,51.1301827],[71.4872815,51.1302232]]]},"properties":{"OBJECTID":1337,"kind":"park","name":"Озеленение","source":"Astana municipal open geoportal","source_url":"https://gis.esaulet.kz/server/rest/services/Sloi_geoportala_otkrytiy_kontur_0702/MapServer/26","sourceId":"astana-municipal-green"}},{"type":"Feature","id":"municipal-green-1338","geometry":{"type":"Polygon","coordinates":[[[71.4881451,51.1303992],[71.4878484,51.1303239],[71.4878534,51.130317],[71.4881451,51.1303992]]]},"properties":{"OBJECTID":1338,"kind":"park","name":"Озеленение","source":"Astana municipal open geoportal","source_url":"https://gis.esaulet.kz/server/rest/services/Sloi_geoportala_otkrytiy_kontur_0702/MapServer/26","sourceId":"astana-municipal-green"}},{"type":"Feature","id":"municipal-green-1364","geometry":{"type":"Polygon","coordinates":[[[71.4893248,51.1572848],[71.4892248,51.1573305],[71.4891505,51.1573253],[71.4890738,51.1572532],[71.4890587,51.157183],[71.4891816,51.1571362],[71.4893248,51.1572848]]]},"properties":{"OBJECTID":1364,"kind":"park","name":"Озеленение","source":"Astana municipal open geoportal","source_url":"https://gis.esaulet.kz/server/rest/services/Sloi_geoportala_otkrytiy_kontur_0702/MapServer/26","sourceId":"astana-municipal-green"}},{"type":"Feature","id":"municipal-green-1370","geometry":{"type":"Polygon","coordinates":[[[71.4763953,51.1419854],[71.4764906,51.1420125],[71.4764785,51.1420293],[71.4763829,51.1420027],[71.4763953,51.1419854]]]},"properties":{"OBJECTID":1370,"kind":"park","name":"Озеленение","source":"Astana municipal open geoportal","source_url":"https://gis.esaulet.kz/server/rest/services/Sloi_geoportala_otkrytiy_kontur_0702/MapServer/26","sourceId":"astana-municipal-green"}},{"type":"Feature","id":"municipal-green-1371","geometry":{"type":"Polygon","coordinates":[[[71.4765524,51.1421237],[71.4764666,51.1420995],[71.4765047,51.1420462],[71.4766082,51.142076],[71.4765699,51.1421287],[71.4765524,51.1421237]]]},"properties":{"OBJECTID":1371,"kind":"park","name":"Озеленение","source":"Astana municipal open geoportal","source_url":"https://gis.esaulet.kz/server/rest/services/Sloi_geoportala_otkrytiy_kontur_0702/MapServer/26","sourceId":"astana-municipal-green"}},{"type":"Feature","id":"municipal-green-1372","geometry":{"type":"Polygon","coordinates":[[[71.4762099,51.142033],[71.4763283,51.1420851],[71.4763008,51.142152],[71.4762681,51.1421426],[71.4763022,51.1420959],[71.476188,51.1420638],[71.4762099,51.142033]]]},"properties":{"OBJECTID":1372,"kind":"park","name":"Озеленение","source":"Astana municipal open geoportal","source_url":"https://gis.esaulet.kz/server/rest/services/Sloi_geoportala_otkrytiy_kontur_0702/MapServer/26","sourceId":"astana-municipal-green"}},{"type":"Feature","id":"municipal-green-1373","geometry":{"type":"Polygon","coordinates":[[[71.4762881,51.1421698],[71.4762573,51.1422134],[71.4762238,51.1422031],[71.476255,51.1421605],[71.4762881,51.1421698]]]},"properties":{"OBJECTID":1373,"kind":"park","name":"Озеленение","source":"Astana municipal open geoportal","source_url":"https://gis.esaulet.kz/server/rest/services/Sloi_geoportala_otkrytiy_kontur_0702/MapServer/26","sourceId":"astana-municipal-green"}},{"type":"Feature","id":"municipal-green-1374","geometry":{"type":"Polygon","coordinates":[[[71.4765223,51.1421942],[71.4765009,51.1422237],[71.476398,51.1421946],[71.476425,51.1421576],[71.4765223,51.1421942]]]},"properties":{"OBJECTID":1374,"kind":"park","name":"Озеленение","source":"Astana municipal open geoportal","source_url":"https://gis.esaulet.kz/server/rest/services/Sloi_geoportala_otkrytiy_kontur_0702/MapServer/26","sourceId":"astana-municipal-green"}},{"type":"Feature","id":"municipal-green-1375","geometry":{"type":"Polygon","coordinates":[[[71.4763306,51.142325],[71.4763455,51.1423293],[71.4763243,51.1423591],[71.4762869,51.1423484],[71.4763083,51.1423187],[71.4763306,51.142325]]]},"properties":{"OBJECTID":1375,"kind":"park","name":"Озеленение","source":"Astana municipal open geoportal","source_url":"https://gis.esaulet.kz/server/rest/services/Sloi_geoportala_otkrytiy_kontur_0702/MapServer/26","sourceId":"astana-municipal-green"}},{"type":"Feature","id":"municipal-green-1377","geometry":{"type":"Polygon","coordinates":[[[71.4821147,51.1290721],[71.4821203,51.129087],[71.4819247,51.129104],[71.4821147,51.1290721]]]},"properties":{"OBJECTID":1377,"kind":"park","name":"Озеленение","source":"Astana municipal open geoportal","source_url":"https://gis.esaulet.kz/server/rest/services/Sloi_geoportala_otkrytiy_kontur_0702/MapServer/26","sourceId":"astana-municipal-green"}},{"type":"Feature","id":"municipal-green-1378","geometry":{"type":"Polygon","coordinates":[[[71.4887188,51.130646],[71.4887804,51.1306454],[71.4893387,51.1308025],[71.489328,51.1308175],[71.4887188,51.130646]]]},"properties":{"OBJECTID":1378,"kind":"park","name":"Озеленение","source":"Astana municipal open geoportal","source_url":"https://gis.esaulet.kz/server/rest/services/Sloi_geoportala_otkrytiy_kontur_0702/MapServer/26","sourceId":"astana-municipal-green"}},{"type":"Feature","id":"municipal-green-1379","geometry":{"type":"Polygon","coordinates":[[[71.482049,51.1349598],[71.4820473,51.1349989],[71.4819608,51.1351239],[71.4819395,51.1351181],[71.482049,51.1349598]]]},"properties":{"OBJECTID":1379,"kind":"park","name":"Озеленение","source":"Astana municipal open geoportal","source_url":"https://gis.esaulet.kz/server/rest/services/Sloi_geoportala_otkrytiy_kontur_0702/MapServer/26","sourceId":"astana-municipal-green"}},{"type":"Feature","id":"municipal-green-1380","geometry":{"type":"Polygon","coordinates":[[[71.4819068,51.1352018],[71.48182,51.1353271],[71.4817988,51.1353213],[71.4818862,51.135195],[71.4819068,51.1352018]]]},"properties":{"OBJECTID":1380,"kind":"park","name":"Озеленение","source":"Astana municipal open geoportal","source_url":"https://gis.esaulet.kz/server/rest/services/Sloi_geoportala_otkrytiy_kontur_0702/MapServer/26","sourceId":"astana-municipal-green"}},{"type":"Feature","id":"municipal-green-1381","geometry":{"type":"Polygon","coordinates":[[[71.481789,51.1353715],[71.4816376,51.13559],[71.4816179,51.1355826],[71.481768,51.1353657],[71.481789,51.1353715]]]},"properties":{"OBJECTID":1381,"kind":"park","name":"Озеленение","source":"Astana municipal open geoportal","source_url":"https://gis.esaulet.kz/server/rest/services/Sloi_geoportala_otkrytiy_kontur_0702/MapServer/26","sourceId":"astana-municipal-green"}},{"type":"Feature","id":"municipal-green-1382","geometry":{"type":"Polygon","coordinates":[[[71.4814749,51.1358245],[71.481461,51.1358446],[71.48144,51.1358388],[71.4814749,51.1358245]]]},"properties":{"OBJECTID":1382,"kind":"park","name":"Озеленение","source":"Astana municipal open geoportal","source_url":"https://gis.esaulet.kz/server/rest/services/Sloi_geoportala_otkrytiy_kontur_0702/MapServer/26","sourceId":"astana-municipal-green"}},{"type":"Feature","id":"municipal-green-1383","geometry":{"type":"Polygon","coordinates":[[[71.4762492,51.1422211],[71.4762081,51.1422277],[71.4759072,51.1421385],[71.4758775,51.1420998],[71.4759636,51.1419878],[71.4760584,51.1419888],[71.4759552,51.1421368],[71.4762492,51.1422211]]]},"properties":{"OBJECTID":1383,"kind":"park","name":"Озеленение","source":"Astana municipal open geoportal","source_url":"https://gis.esaulet.kz/server/rest/services/Sloi_geoportala_otkrytiy_kontur_0702/MapServer/26","sourceId":"astana-municipal-green"}},{"type":"Feature","id":"municipal-green-1385","geometry":{"type":"Polygon","coordinates":[[[71.4816067,51.1356346],[71.4815057,51.1357802],[71.4814846,51.1357744],[71.4815855,51.1356288],[71.4816067,51.1356346]]]},"properties":{"OBJECTID":1385,"kind":"park","name":"Озеленение","source":"Astana municipal open geoportal","source_url":"https://gis.esaulet.kz/server/rest/services/Sloi_geoportala_otkrytiy_kontur_0702/MapServer/26","sourceId":"astana-municipal-green"}},{"type":"Feature","id":"municipal-green-1386","geometry":{"type":"Polygon","coordinates":[[[71.4813127,51.1360587],[71.4812255,51.1361842],[71.4812046,51.1361785],[71.4812916,51.1360529],[71.4813127,51.1360587]]]},"properties":{"OBJECTID":1386,"kind":"park","name":"Озеленение","source":"Astana municipal open geoportal","source_url":"https://gis.esaulet.kz/server/rest/services/Sloi_geoportala_otkrytiy_kontur_0702/MapServer/26","sourceId":"astana-municipal-green"}},{"type":"Feature","id":"municipal-green-1387","geometry":{"type":"Polygon","coordinates":[[[71.4811177,51.1363401],[71.4809532,51.1365781],[71.4809319,51.1365722],[71.4810966,51.1363344],[71.4811177,51.1363401]]]},"properties":{"OBJECTID":1387,"kind":"park","name":"Озеленение","source":"Astana municipal open geoportal","source_url":"https://gis.esaulet.kz/server/rest/services/Sloi_geoportala_otkrytiy_kontur_0702/MapServer/26","sourceId":"astana-municipal-green"}},{"type":"Feature","id":"municipal-green-1388","geometry":{"type":"Polygon","coordinates":[[[71.4809042,51.1366488],[71.4807986,51.1368013],[71.4807772,51.1367954],[71.4808829,51.1366429],[71.4809042,51.1366488]]]},"properties":{"OBJECTID":1388,"kind":"park","name":"Озеленение","source":"Astana municipal open geoportal","source_url":"https://gis.esaulet.kz/server/rest/services/Sloi_geoportala_otkrytiy_kontur_0702/MapServer/26","sourceId":"astana-municipal-green"}},{"type":"Feature","id":"municipal-green-1389","geometry":{"type":"Polygon","coordinates":[[[71.4807449,51.1368787],[71.4806577,51.1370045],[71.4806364,51.1369986],[71.4807235,51.1368729],[71.4807449,51.1368787]]]},"properties":{"OBJECTID":1389,"kind":"park","name":"Озеленение","source":"Astana municipal open geoportal","source_url":"https://gis.esaulet.kz/server/rest/services/Sloi_geoportala_otkrytiy_kontur_0702/MapServer/26","sourceId":"astana-municipal-green"}},{"type":"Feature","id":"municipal-green-1390","geometry":{"type":"Polygon","coordinates":[[[71.4814053,51.1358888],[71.4814263,51.1358946],[71.4813483,51.1360071],[71.4813279,51.1360006],[71.4814053,51.1358888]]]},"properties":{"OBJECTID":1390,"kind":"park","name":"Озеленение","source":"Astana municipal open geoportal","source_url":"https://gis.esaulet.kz/server/rest/services/Sloi_geoportala_otkrytiy_kontur_0702/MapServer/26","sourceId":"astana-municipal-green"}},{"type":"Feature","id":"municipal-green-1391","geometry":{"type":"Polygon","coordinates":[[[71.4805538,51.1374694],[71.4805264,51.1374792],[71.4804762,51.1374439],[71.4805538,51.1374694]]]},"properties":{"OBJECTID":1391,"kind":"park","name":"Озеленение","source":"Astana municipal open geoportal","source_url":"https://gis.esaulet.kz/server/rest/services/Sloi_geoportala_otkrytiy_kontur_0702/MapServer/26","sourceId":"astana-municipal-green"}},{"type":"Feature","id":"municipal-green-1392","geometry":{"type":"Polygon","coordinates":[[[71.4323561,51.1633903],[71.432323,51.1635161],[71.4322192,51.1634753],[71.4322444,51.1633787],[71.4323561,51.1633903]]]},"properties":{"OBJECTID":1392,"kind":"park","name":"Озеленение","source":"Astana municipal open geoportal","source_url":"https://gis.esaulet.kz/server/rest/services/Sloi_geoportala_otkrytiy_kontur_0702/MapServer/26","sourceId":"astana-municipal-green"}},{"type":"Feature","id":"municipal-green-1393","geometry":{"type":"Polygon","coordinates":[[[71.4323179,51.1635299],[71.4322581,51.1637456],[71.4321943,51.1637385],[71.4322552,51.1635235],[71.4323179,51.1635299]]]},"properties":{"OBJECTID":1393,"kind":"park","name":"Озеленение","source":"Astana municipal open geoportal","source_url":"https://gis.esaulet.kz/server/rest/services/Sloi_geoportala_otkrytiy_kontur_0702/MapServer/26","sourceId":"astana-municipal-green"}},{"type":"Feature","id":"municipal-green-1394","geometry":{"type":"Polygon","coordinates":[[[71.4322561,51.1637594],[71.4321886,51.1640058],[71.4321257,51.1639971],[71.4321896,51.1637512],[71.4322561,51.1637594]]]},"properties":{"OBJECTID":1394,"kind":"park","name":"Озеленение","source":"Astana municipal open geoportal","source_url":"https://gis.esaulet.kz/server/rest/services/Sloi_geoportala_otkrytiy_kontur_0702/MapServer/26","sourceId":"astana-municipal-green"}},{"type":"Feature","id":"municipal-green-1395","geometry":{"type":"Polygon","coordinates":[[[71.4321264,51.1642436],[71.4320786,51.1644176],[71.4319862,51.1643912],[71.432013,51.1642299],[71.4321264,51.1642436]]]},"properties":{"OBJECTID":1395,"kind":"park","name":"Озеленение","source":"Astana municipal open geoportal","source_url":"https://gis.esaulet.kz/server/rest/services/Sloi_geoportala_otkrytiy_kontur_0702/MapServer/26","sourceId":"astana-municipal-green"}},{"type":"Feature","id":"municipal-green-1396","geometry":{"type":"Polygon","coordinates":[[[71.4320754,51.164431],[71.432041,51.1645559],[71.4319902,51.1645491],[71.4320212,51.1644251],[71.4320754,51.164431]]]},"properties":{"OBJECTID":1396,"kind":"park","name":"Озеленение","source":"Astana municipal open geoportal","source_url":"https://gis.esaulet.kz/server/rest/services/Sloi_geoportala_otkrytiy_kontur_0702/MapServer/26","sourceId":"astana-municipal-green"}},{"type":"Feature","id":"municipal-green-1397","geometry":{"type":"Polygon","coordinates":[[[71.4176325,51.1177532],[71.4172754,51.117804],[71.4172505,51.1177346],[71.4176073,51.117683],[71.4176325,51.1177532]]]},"properties":{"OBJECTID":1397,"kind":"park","name":"Озеленение","source":"Astana municipal open geoportal","source_url":"https://gis.esaulet.kz/server/rest/services/Sloi_geoportala_otkrytiy_kontur_0702/MapServer/26","sourceId":"astana-municipal-green"}},{"type":"Feature","id":"municipal-green-1398","geometry":{"type":"Polygon","coordinates":[[[71.4184297,51.1178549],[71.4183137,51.1178684],[71.4182742,51.1178146],[71.4183926,51.1177999],[71.4184297,51.1178549]]]},"properties":{"OBJECTID":1398,"kind":"park","name":"Озеленение","source":"Astana municipal open geoportal","source_url":"https://gis.esaulet.kz/server/rest/services/Sloi_geoportala_otkrytiy_kontur_0702/MapServer/26","sourceId":"astana-municipal-green"}},{"type":"Feature","id":"municipal-green-1399","geometry":{"type":"Polygon","coordinates":[[[71.4185716,51.1180677],[71.4184485,51.118069],[71.4183183,51.1178794],[71.4184349,51.1178627],[71.4185716,51.1180677]]]},"properties":{"OBJECTID":1399,"kind":"park","name":"Озеленение","source":"Astana municipal open geoportal","source_url":"https://gis.esaulet.kz/server/rest/services/Sloi_geoportala_otkrytiy_kontur_0702/MapServer/26","sourceId":"astana-municipal-green"}},{"type":"Feature","id":"municipal-green-1400","geometry":{"type":"Polygon","coordinates":[[[71.4184728,51.1181526],[71.4180854,51.1182088],[71.4180687,51.118162],[71.4184436,51.1181077],[71.4184728,51.1181526]]]},"properties":{"OBJECTID":1400,"kind":"park","name":"Озеленение","source":"Astana municipal open geoportal","source_url":"https://gis.esaulet.kz/server/rest/services/Sloi_geoportala_otkrytiy_kontur_0702/MapServer/26","sourceId":"astana-municipal-green"}},{"type":"Feature","id":"municipal-green-1406","geometry":{"type":"Polygon","coordinates":[[[71.4133899,51.1184552],[71.4133768,51.1184185],[71.4135385,51.1183948],[71.4135467,51.1184155],[71.4133899,51.1184552]]]},"properties":{"OBJECTID":1406,"kind":"park","name":"Озеленение","source":"Astana municipal open geoportal","source_url":"https://gis.esaulet.kz/server/rest/services/Sloi_geoportala_otkrytiy_kontur_0702/MapServer/26","sourceId":"astana-municipal-green"}},{"type":"Feature","id":"municipal-green-1410","geometry":{"type":"Polygon","coordinates":[[[71.4154642,51.1609835],[71.4155171,51.1608691],[71.4155786,51.160883],[71.4155584,51.1609794],[71.4154642,51.1609835]]]},"properties":{"OBJECTID":1410,"kind":"park","name":"Озеленение","source":"Astana municipal open geoportal","source_url":"https://gis.esaulet.kz/server/rest/services/Sloi_geoportala_otkrytiy_kontur_0702/MapServer/26","sourceId":"astana-municipal-green"}},{"type":"Feature","id":"municipal-green-1414","geometry":{"type":"Polygon","coordinates":[[[71.4144736,51.1182773],[71.4143351,51.1183001],[71.4143285,51.1182754],[71.4144664,51.1182571],[71.4144736,51.1182773]]]},"properties":{"OBJECTID":1414,"kind":"park","name":"Озеленение","source":"Astana municipal open geoportal","source_url":"https://gis.esaulet.kz/server/rest/services/Sloi_geoportala_otkrytiy_kontur_0702/MapServer/26","sourceId":"astana-municipal-green"}},{"type":"Feature","id":"municipal-green-1423","geometry":{"type":"Polygon","coordinates":[[[71.4318226,51.1640432],[71.4319207,51.1640872],[71.4318921,51.1641906],[71.4317856,51.1641795],[71.4318226,51.1640432]]]},"properties":{"OBJECTID":1423,"kind":"park","name":"Озеленение","source":"Astana municipal open geoportal","source_url":"https://gis.esaulet.kz/server/rest/services/Sloi_geoportala_otkrytiy_kontur_0702/MapServer/26","sourceId":"astana-municipal-green"}},{"type":"Feature","id":"municipal-green-1424","geometry":{"type":"Polygon","coordinates":[[[71.4169837,51.1180502],[71.4169794,51.1180225],[71.417019,51.1180071],[71.4170287,51.1180375],[71.4169837,51.1180502]]]},"properties":{"OBJECTID":1424,"kind":"park","name":"Озеленение","source":"Astana municipal open geoportal","source_url":"https://gis.esaulet.kz/server/rest/services/Sloi_geoportala_otkrytiy_kontur_0702/MapServer/26","sourceId":"astana-municipal-green"}},{"type":"Feature","id":"municipal-green-1426","geometry":{"type":"Polygon","coordinates":[[[71.476256,51.1419587],[71.4759948,51.1418914],[71.4760079,51.1418753],[71.476256,51.1419587]]]},"properties":{"OBJECTID":1426,"kind":"park","name":"Озеленение","source":"Astana municipal open geoportal","source_url":"https://gis.esaulet.kz/server/rest/services/Sloi_geoportala_otkrytiy_kontur_0702/MapServer/26","sourceId":"astana-municipal-green"}},{"type":"Feature","id":"municipal-green-1427","geometry":{"type":"Polygon","coordinates":[[[71.483257,51.129059],[71.4833664,51.1290728],[71.4832064,51.1290539],[71.483257,51.129059]]]},"properties":{"OBJECTID":1427,"kind":"park","name":"Озеленение","source":"Astana municipal open geoportal","source_url":"https://gis.esaulet.kz/server/rest/services/Sloi_geoportala_otkrytiy_kontur_0702/MapServer/26","sourceId":"astana-municipal-green"}},{"type":"Feature","id":"municipal-green-1428","geometry":{"type":"Polygon","coordinates":[[[71.4898646,51.1308864],[71.489531,51.1307984],[71.4895352,51.1307926],[71.4898646,51.1308864]]]},"properties":{"OBJECTID":1428,"kind":"park","name":"Озеленение","source":"Astana municipal open geoportal","source_url":"https://gis.esaulet.kz/server/rest/services/Sloi_geoportala_otkrytiy_kontur_0702/MapServer/26","sourceId":"astana-municipal-green"}},{"type":"Feature","id":"municipal-green-1430","geometry":{"type":"Polygon","coordinates":[[[71.4899396,51.1309872],[71.4904544,51.1311176],[71.4904453,51.1311303],[71.4899396,51.1309872]]]},"properties":{"OBJECTID":1430,"kind":"park","name":"Озеленение","source":"Astana municipal open geoportal","source_url":"https://gis.esaulet.kz/server/rest/services/Sloi_geoportala_otkrytiy_kontur_0702/MapServer/26","sourceId":"astana-municipal-green"}},{"type":"Feature","id":"municipal-green-1440","geometry":{"type":"Polygon","coordinates":[[[71.4180395,51.1182153],[71.4171733,51.1183375],[71.417146,51.1182757],[71.4179209,51.1181618],[71.4179311,51.1181889],[71.4180253,51.1181755],[71.4180395,51.1182153]]]},"properties":{"OBJECTID":1440,"kind":"park","name":"Озеленение","source":"Astana municipal open geoportal","source_url":"https://gis.esaulet.kz/server/rest/services/Sloi_geoportala_otkrytiy_kontur_0702/MapServer/26","sourceId":"astana-municipal-green"}},{"type":"Feature","id":"municipal-green-1442","geometry":{"type":"Polygon","coordinates":[[[71.4743611,51.1411307],[71.474341,51.1411585],[71.4742881,51.1411434],[71.4743083,51.1411153],[71.4743611,51.1411307]]]},"properties":{"OBJECTID":1442,"kind":"park","name":"Озеленение","source":"Astana municipal open geoportal","source_url":"https://gis.esaulet.kz/server/rest/services/Sloi_geoportala_otkrytiy_kontur_0702/MapServer/26","sourceId":"astana-municipal-green"}},{"type":"Feature","id":"municipal-green-1443","geometry":{"type":"Polygon","coordinates":[[[71.4741592,51.1411143],[71.4741843,51.1410794],[71.4741966,51.141083],[71.4741592,51.1411143]]]},"properties":{"OBJECTID":1443,"kind":"park","name":"Озеленение","source":"Astana municipal open geoportal","source_url":"https://gis.esaulet.kz/server/rest/services/Sloi_geoportala_otkrytiy_kontur_0702/MapServer/26","sourceId":"astana-municipal-green"}},{"type":"Feature","id":"municipal-green-1444","geometry":{"type":"Polygon","coordinates":[[[71.4614301,51.1687813],[71.4614,51.1687908],[71.4613152,51.1686867],[71.4613446,51.1686766],[71.4614301,51.1687813]]]},"properties":{"OBJECTID":1444,"kind":"park","name":"Озеленение","source":"Astana municipal open geoportal","source_url":"https://gis.esaulet.kz/server/rest/services/Sloi_geoportala_otkrytiy_kontur_0702/MapServer/26","sourceId":"astana-municipal-green"}},{"type":"Feature","id":"municipal-green-1446","geometry":{"type":"Polygon","coordinates":[[[71.4615896,51.168915],[71.4616377,51.1689294],[71.4616447,51.1689524],[71.4615523,51.1689814],[71.4615156,51.168934],[71.4615896,51.168915]]]},"properties":{"OBJECTID":1446,"kind":"park","name":"Озеленение","source":"Astana municipal open geoportal","source_url":"https://gis.esaulet.kz/server/rest/services/Sloi_geoportala_otkrytiy_kontur_0702/MapServer/26","sourceId":"astana-municipal-green"}},{"type":"Feature","id":"municipal-green-1447","geometry":{"type":"Polygon","coordinates":[[[71.4366462,51.1526429],[71.4366259,51.1526329],[71.4367001,51.152573],[71.4366738,51.1525601],[71.4368504,51.1524514],[71.4366944,51.1523751],[71.4365946,51.1524558],[71.4364815,51.1524005],[71.4363801,51.1524825],[71.4361955,51.1523922],[71.4368811,51.1523693],[71.4369226,51.1523839],[71.436926,51.1524121],[71.4366462,51.1526429]]]},"properties":{"OBJECTID":1447,"kind":"park","name":"Озеленение","source":"Astana municipal open geoportal","source_url":"https://gis.esaulet.kz/server/rest/services/Sloi_geoportala_otkrytiy_kontur_0702/MapServer/26","sourceId":"astana-municipal-green"}},{"type":"Feature","id":"municipal-green-1448","geometry":{"type":"Polygon","coordinates":[[[71.4086786,51.1689139],[71.4086919,51.1688686],[71.4088124,51.1688825],[71.4087776,51.1690178],[71.4087029,51.1690102],[71.4087279,51.1689193],[71.4086786,51.1689139]]]},"properties":{"OBJECTID":1448,"kind":"park","name":"Озеленение","source":"Astana municipal open geoportal","source_url":"https://gis.esaulet.kz/server/rest/services/Sloi_geoportala_otkrytiy_kontur_0702/MapServer/26","sourceId":"astana-municipal-green"}},{"type":"Feature","id":"municipal-green-1449","geometry":{"type":"Polygon","coordinates":[[[71.4217902,51.1316221],[71.4218116,51.1316188],[71.4218253,51.1316517],[71.4218035,51.1316553],[71.4217902,51.1316221]]]},"properties":{"OBJECTID":1449,"kind":"park","name":"Озеленение","source":"Astana municipal open geoportal","source_url":"https://gis.esaulet.kz/server/rest/services/Sloi_geoportala_otkrytiy_kontur_0702/MapServer/26","sourceId":"astana-municipal-green"}},{"type":"Feature","id":"municipal-green-1450","geometry":{"type":"Polygon","coordinates":[[[71.4216939,51.131637],[71.4217073,51.1316708],[71.421686,51.1316741],[71.4216727,51.1316404],[71.4216939,51.131637]]]},"properties":{"OBJECTID":1450,"kind":"park","name":"Озеленение","source":"Astana municipal open geoportal","source_url":"https://gis.esaulet.kz/server/rest/services/Sloi_geoportala_otkrytiy_kontur_0702/MapServer/26","sourceId":"astana-municipal-green"}},{"type":"Feature","id":"municipal-green-1451","geometry":{"type":"Polygon","coordinates":[[[71.4220046,51.1316908],[71.421835,51.1317322],[71.4218272,51.1317152],[71.4220046,51.1316908]]]},"properties":{"OBJECTID":1451,"kind":"park","name":"Озеленение","source":"Astana municipal open geoportal","source_url":"https://gis.esaulet.kz/server/rest/services/Sloi_geoportala_otkrytiy_kontur_0702/MapServer/26","sourceId":"astana-municipal-green"}},{"type":"Feature","id":"municipal-green-1452","geometry":{"type":"Polygon","coordinates":[[[71.4217375,51.1317471],[71.4215294,51.1317697],[71.4217311,51.1317309],[71.4217375,51.1317471]]]},"properties":{"OBJECTID":1452,"kind":"park","name":"Озеленение","source":"Astana municipal open geoportal","source_url":"https://gis.esaulet.kz/server/rest/services/Sloi_geoportala_otkrytiy_kontur_0702/MapServer/26","sourceId":"astana-municipal-green"}},{"type":"Feature","id":"municipal-green-1453","geometry":{"type":"Polygon","coordinates":[[[71.4023776,51.1676709],[71.4023427,51.1677864],[71.4024062,51.1677934],[71.4023861,51.1678596],[71.4022988,51.1678491],[71.40228,51.1678267],[71.4023019,51.1677302],[71.4023326,51.1676661],[71.4023776,51.1676709]]]},"properties":{"OBJECTID":1453,"kind":"park","name":"Озеленение","source":"Astana municipal open geoportal","source_url":"https://gis.esaulet.kz/server/rest/services/Sloi_geoportala_otkrytiy_kontur_0702/MapServer/26","sourceId":"astana-municipal-green"}},{"type":"Feature","id":"municipal-green-1454","geometry":{"type":"Polygon","coordinates":[[[71.4023618,51.1681185],[71.4023693,51.1680988],[71.4024378,51.168106],[71.4024326,51.1681269],[71.4023618,51.1681185]]]},"properties":{"OBJECTID":1454,"kind":"park","name":"Озеленение","source":"Astana municipal open geoportal","source_url":"https://gis.esaulet.kz/server/rest/services/Sloi_geoportala_otkrytiy_kontur_0702/MapServer/26","sourceId":"astana-municipal-green"}},{"type":"Feature","id":"municipal-green-1455","geometry":{"type":"Polygon","coordinates":[[[71.4024554,51.1681085],[71.4025123,51.1681156],[71.4025089,51.1681365],[71.4024489,51.168129],[71.4024554,51.1681085]]]},"properties":{"OBJECTID":1455,"kind":"park","name":"Озеленение","source":"Astana municipal open geoportal","source_url":"https://gis.esaulet.kz/server/rest/services/Sloi_geoportala_otkrytiy_kontur_0702/MapServer/26","sourceId":"astana-municipal-green"}},{"type":"Feature","id":"municipal-green-1456","geometry":{"type":"Polygon","coordinates":[[[71.4025363,51.1682576],[71.402561,51.1682606],[71.402529,51.1682811],[71.4025363,51.1682576]]]},"properties":{"OBJECTID":1456,"kind":"park","name":"Озеленение","source":"Astana municipal open geoportal","source_url":"https://gis.esaulet.kz/server/rest/services/Sloi_geoportala_otkrytiy_kontur_0702/MapServer/26","sourceId":"astana-municipal-green"}},{"type":"Feature","id":"municipal-green-1462","geometry":{"type":"Polygon","coordinates":[[[71.4842985,51.1293127],[71.4838567,51.1291993],[71.4838667,51.1291893],[71.4842985,51.1293127]]]},"properties":{"OBJECTID":1462,"kind":"park","name":"Озеленение","source":"Astana municipal open geoportal","source_url":"https://gis.esaulet.kz/server/rest/services/Sloi_geoportala_otkrytiy_kontur_0702/MapServer/26","sourceId":"astana-municipal-green"}},{"type":"Feature","id":"municipal-green-1464","geometry":{"type":"Polygon","coordinates":[[[71.4347679,51.1527169],[71.4347636,51.1526884],[71.4348081,51.152682],[71.4350568,51.1528182],[71.4350087,51.1528323],[71.4347679,51.1527169]]]},"properties":{"OBJECTID":1464,"kind":"park","name":"Озеленение","source":"Astana municipal open geoportal","source_url":"https://gis.esaulet.kz/server/rest/services/Sloi_geoportala_otkrytiy_kontur_0702/MapServer/26","sourceId":"astana-municipal-green"}},{"type":"Feature","id":"municipal-green-1465","geometry":{"type":"Polygon","coordinates":[[[71.4022963,51.1678609],[71.4023279,51.167864],[71.402281,51.1680334],[71.4023094,51.1680949],[71.4023635,51.1681187],[71.4022625,51.1681062],[71.4022325,51.168082],[71.4022963,51.1678609]]]},"properties":{"OBJECTID":1465,"kind":"park","name":"Озеленение","source":"Astana municipal open geoportal","source_url":"https://gis.esaulet.kz/server/rest/services/Sloi_geoportala_otkrytiy_kontur_0702/MapServer/26","sourceId":"astana-municipal-green"}},{"type":"Feature","id":"municipal-green-1466","geometry":{"type":"Polygon","coordinates":[[[71.4350546,51.1530131],[71.4348914,51.152934],[71.4349587,51.1528792],[71.434883,51.1528425],[71.4348158,51.1528973],[71.4346553,51.1528195],[71.4345361,51.1529168],[71.4344931,51.1528959],[71.4346708,51.1527453],[71.4350477,51.1529164],[71.4351959,51.1527971],[71.4352678,51.1528063],[71.4352677,51.1528406],[71.4350546,51.1530131]]]},"properties":{"OBJECTID":1466,"kind":"park","name":"Озеленение","source":"Astana municipal open geoportal","source_url":"https://gis.esaulet.kz/server/rest/services/Sloi_geoportala_otkrytiy_kontur_0702/MapServer/26","sourceId":"astana-municipal-green"}},{"type":"Feature","id":"municipal-green-1475","geometry":{"type":"Polygon","coordinates":[[[71.4501782,51.1483803],[71.4501568,51.1484111],[71.4500887,51.1483941],[71.4500995,51.1483589],[71.4500735,51.1483436],[71.4500938,51.1483008],[71.4501176,51.1483068],[71.4501343,51.1482806],[71.4498473,51.148218],[71.4498756,51.1481812],[71.4498314,51.1481702],[71.4498477,51.1481444],[71.4503185,51.1482646],[71.4502397,51.1483817],[71.4501782,51.1483803]]]},"properties":{"OBJECTID":1475,"kind":"park","name":"Озеленение","source":"Astana municipal open geoportal","source_url":"https://gis.esaulet.kz/server/rest/services/Sloi_geoportala_otkrytiy_kontur_0702/MapServer/26","sourceId":"astana-municipal-green"}},{"type":"Feature","id":"municipal-green-1478","geometry":{"type":"Polygon","coordinates":[[[71.4809461,51.1292999],[71.4809512,51.1293093],[71.4806977,51.1293593],[71.4809461,51.1292999]]]},"properties":{"OBJECTID":1478,"kind":"park","name":"Озеленение","source":"Astana municipal open geoportal","source_url":"https://gis.esaulet.kz/server/rest/services/Sloi_geoportala_otkrytiy_kontur_0702/MapServer/26","sourceId":"astana-municipal-green"}},{"type":"Feature","id":"municipal-green-1479","geometry":{"type":"Polygon","coordinates":[[[71.4809677,51.1293813],[71.48072,51.1294215],[71.4809583,51.1293647],[71.4809677,51.1293813]]]},"properties":{"OBJECTID":1479,"kind":"park","name":"Озеленение","source":"Astana municipal open geoportal","source_url":"https://gis.esaulet.kz/server/rest/services/Sloi_geoportala_otkrytiy_kontur_0702/MapServer/26","sourceId":"astana-municipal-green"}},{"type":"Feature","id":"municipal-green-1480","geometry":{"type":"Polygon","coordinates":[[[71.4799836,51.1295382],[71.4797918,51.1295749],[71.4799796,51.1295304],[71.4799836,51.1295382]]]},"properties":{"OBJECTID":1480,"kind":"park","name":"Озеленение","source":"Astana municipal open geoportal","source_url":"https://gis.esaulet.kz/server/rest/services/Sloi_geoportala_otkrytiy_kontur_0702/MapServer/26","sourceId":"astana-municipal-green"}},{"type":"Feature","id":"municipal-green-1482","geometry":{"type":"Polygon","coordinates":[[[71.4126621,51.0834305],[71.4126322,51.083385],[71.4133,51.083292],[71.4133123,51.0833243],[71.4126621,51.0834305]]]},"properties":{"OBJECTID":1482,"kind":"park","name":"Озеленение","source":"Astana municipal open geoportal","source_url":"https://gis.esaulet.kz/server/rest/services/Sloi_geoportala_otkrytiy_kontur_0702/MapServer/26","sourceId":"astana-municipal-green"}},{"type":"Feature","id":"municipal-green-1483","geometry":{"type":"Polygon","coordinates":[[[71.4140545,51.0839562],[71.4140064,51.0840089],[71.4138421,51.0840333],[71.4137826,51.0840211],[71.413755,51.0839787],[71.413945,51.0839397],[71.4139719,51.0839297],[71.4139593,51.0838935],[71.4140298,51.083884],[71.4140545,51.0839562]]]},"properties":{"OBJECTID":1483,"kind":"park","name":"Озеленение","source":"Astana municipal open geoportal","source_url":"https://gis.esaulet.kz/server/rest/services/Sloi_geoportala_otkrytiy_kontur_0702/MapServer/26","sourceId":"astana-municipal-green"}},{"type":"Feature","id":"municipal-green-1488","geometry":{"type":"Polygon","coordinates":[[[71.4837986,51.1292406],[71.4841803,51.1293495],[71.4841608,51.1293768],[71.4834406,51.1291844],[71.4829518,51.1291331],[71.4825028,51.1291288],[71.4816685,51.1292272],[71.4822172,51.1291284],[71.4826725,51.1290945],[71.483266,51.1291283],[71.4837986,51.1292406]]]},"properties":{"OBJECTID":1488,"kind":"park","name":"Озеленение","source":"Astana municipal open geoportal","source_url":"https://gis.esaulet.kz/server/rest/services/Sloi_geoportala_otkrytiy_kontur_0702/MapServer/26","sourceId":"astana-municipal-green"}},{"type":"Feature","id":"municipal-green-1489","geometry":{"type":"Polygon","coordinates":[[[71.4132671,51.0844948],[71.413214,51.0845385],[71.4130983,51.0845555],[71.4130882,51.0845266],[71.4131999,51.0845112],[71.4131903,51.0844836],[71.413216,51.08448],[71.4132002,51.0844387],[71.4132465,51.084433],[71.4132671,51.0844948]]]},"properties":{"OBJECTID":1489,"kind":"park","name":"Озеленение","source":"Astana municipal open geoportal","source_url":"https://gis.esaulet.kz/server/rest/services/Sloi_geoportala_otkrytiy_kontur_0702/MapServer/26","sourceId":"astana-municipal-green"}},{"type":"Feature","id":"municipal-green-1490","geometry":{"type":"Polygon","coordinates":[[[71.4803559,51.1294404],[71.4806103,51.1293792],[71.4806153,51.1293878],[71.4803559,51.1294404]]]},"properties":{"OBJECTID":1490,"kind":"park","name":"Озеленение","source":"Astana municipal open geoportal","source_url":"https://gis.esaulet.kz/server/rest/services/Sloi_geoportala_otkrytiy_kontur_0702/MapServer/26","sourceId":"astana-municipal-green"}},{"type":"Feature","id":"municipal-green-1491","geometry":{"type":"Polygon","coordinates":[[[71.4125778,51.0839041],[71.412539,51.0838077],[71.4124969,51.0837848],[71.4123831,51.0834585],[71.4124275,51.083414],[71.4125993,51.0833898],[71.4126016,51.083439],[71.4124757,51.0834426],[71.412461,51.0834831],[71.4126024,51.0838454],[71.4126678,51.0838363],[71.4126865,51.0838893],[71.4125778,51.0839041]]]},"properties":{"OBJECTID":1491,"kind":"park","name":"Озеленение","source":"Astana municipal open geoportal","source_url":"https://gis.esaulet.kz/server/rest/services/Sloi_geoportala_otkrytiy_kontur_0702/MapServer/26","sourceId":"astana-municipal-green"}},{"type":"Feature","id":"municipal-green-1494","geometry":{"type":"Polygon","coordinates":[[[71.4500817,51.1482891],[71.450053,51.1483468],[71.4499763,51.1483277],[71.4500004,51.1482893],[71.4498296,51.148246],[71.4498414,51.1482298],[71.4500817,51.1482891]]]},"properties":{"OBJECTID":1494,"kind":"park","name":"Озеленение","source":"Astana municipal open geoportal","source_url":"https://gis.esaulet.kz/server/rest/services/Sloi_geoportala_otkrytiy_kontur_0702/MapServer/26","sourceId":"astana-municipal-green"}},{"type":"Feature","id":"municipal-green-1495","geometry":{"type":"Polygon","coordinates":[[[71.4130825,51.0845577],[71.4129544,51.0845756],[71.4129092,51.0845457],[71.4130177,51.0845363],[71.4130825,51.0845577]]]},"properties":{"OBJECTID":1495,"kind":"park","name":"Озеленение","source":"Astana municipal open geoportal","source_url":"https://gis.esaulet.kz/server/rest/services/Sloi_geoportala_otkrytiy_kontur_0702/MapServer/26","sourceId":"astana-municipal-green"}},{"type":"Feature","id":"municipal-green-1496","geometry":{"type":"Polygon","coordinates":[[[71.4683919,51.1123821],[71.468318,51.1121951],[71.4683595,51.1121832],[71.4683505,51.1121596],[71.4684893,51.1121386],[71.4684948,51.1121529],[71.4684326,51.1121629],[71.4684037,51.1121933],[71.468441,51.1123352],[71.4686948,51.1122864],[71.4687231,51.1122574],[71.4687109,51.1122241],[71.4687577,51.1122164],[71.4687858,51.1122909],[71.4688767,51.112278],[71.4688583,51.1122348],[71.4687987,51.1122442],[71.4687792,51.1121937],[71.4688961,51.1121746],[71.4689431,51.1122985],[71.4683919,51.1123821]]]},"properties":{"OBJECTID":1496,"kind":"park","name":"Озеленение","source":"Astana municipal open geoportal","source_url":"https://gis.esaulet.kz/server/rest/services/Sloi_geoportala_otkrytiy_kontur_0702/MapServer/26","sourceId":"astana-municipal-green"}},{"type":"Feature","id":"municipal-green-1498","geometry":{"type":"Polygon","coordinates":[[[71.4317007,51.1489302],[71.4320886,51.1487515],[71.4321122,51.1487761],[71.4317431,51.14894],[71.4317007,51.1489302]]]},"properties":{"OBJECTID":1498,"kind":"park","name":"Озеленение","source":"Astana municipal open geoportal","source_url":"https://gis.esaulet.kz/server/rest/services/Sloi_geoportala_otkrytiy_kontur_0702/MapServer/26","sourceId":"astana-municipal-green"}},{"type":"Feature","id":"municipal-green-1504","geometry":{"type":"Polygon","coordinates":[[[71.4136766,51.0844116],[71.4136,51.0843979],[71.4135446,51.0843583],[71.4135336,51.0843059],[71.4135672,51.0842609],[71.413698,51.0842308],[71.4138063,51.0842816],[71.4138202,51.0843245],[71.413798,51.0843692],[71.4136766,51.0844116]]]},"properties":{"OBJECTID":1504,"kind":"park","name":"Озеленение","source":"Astana municipal open geoportal","source_url":"https://gis.esaulet.kz/server/rest/services/Sloi_geoportala_otkrytiy_kontur_0702/MapServer/26","sourceId":"astana-municipal-green"}},{"type":"Feature","id":"municipal-green-1505","geometry":{"type":"Polygon","coordinates":[[[71.4136375,51.0836291],[71.413607,51.0836722],[71.41329,51.0837182],[71.4132391,51.0837039],[71.4132155,51.0836646],[71.4129584,51.083699],[71.4128886,51.0836297],[71.4129467,51.0836403],[71.4129404,51.0836225],[71.4135272,51.0835406],[71.413505,51.0834775],[71.4135681,51.0834615],[71.4135617,51.0834433],[71.4134931,51.0834436],[71.4134803,51.0834072],[71.4135016,51.083391],[71.4134758,51.0833946],[71.4134494,51.0833196],[71.4133554,51.0833328],[71.4133286,51.0832879],[71.4134578,51.0832709],[71.4135229,51.0833018],[71.4136375,51.0836291]]]},"properties":{"OBJECTID":1505,"kind":"park","name":"Озеленение","source":"Astana municipal open geoportal","source_url":"https://gis.esaulet.kz/server/rest/services/Sloi_geoportala_otkrytiy_kontur_0702/MapServer/26","sourceId":"astana-municipal-green"}},{"type":"Feature","id":"municipal-green-1510","geometry":{"type":"Polygon","coordinates":[[[71.4131155,51.0838047],[71.4131207,51.0838194],[71.4131125,51.0838044],[71.4132677,51.0837812],[71.4133065,51.0837499],[71.4138868,51.0836665],[71.4139535,51.0836859],[71.4139854,51.0837572],[71.413973,51.0837799],[71.4138799,51.0837843],[71.413849,51.0837183],[71.4136504,51.0837582],[71.4136109,51.0837434],[71.4131155,51.0838047]]]},"properties":{"OBJECTID":1510,"kind":"park","name":"Озеленение","source":"Astana municipal open geoportal","source_url":"https://gis.esaulet.kz/server/rest/services/Sloi_geoportala_otkrytiy_kontur_0702/MapServer/26","sourceId":"astana-municipal-green"}},{"type":"Feature","id":"municipal-green-1513","geometry":{"type":"Polygon","coordinates":[[[71.4122876,51.0838398],[71.4122422,51.0837398],[71.4122837,51.0837337],[71.4122747,51.0837083],[71.412233,51.0837142],[71.4121703,51.083503],[71.4121158,51.083387],[71.4120967,51.0833897],[71.4120243,51.0831876],[71.4122049,51.0831624],[71.4121529,51.0830367],[71.4122588,51.0830204],[71.4123561,51.0830562],[71.4124603,51.0833436],[71.4124269,51.0833794],[71.4123094,51.0833983],[71.4124427,51.0837947],[71.4124065,51.0838232],[71.4122876,51.0838398]]]},"properties":{"OBJECTID":1513,"kind":"park","name":"Озеленение","source":"Astana municipal open geoportal","source_url":"https://gis.esaulet.kz/server/rest/services/Sloi_geoportala_otkrytiy_kontur_0702/MapServer/26","sourceId":"astana-municipal-green"}},{"type":"Feature","id":"municipal-green-1514","geometry":{"type":"Polygon","coordinates":[[[71.4128189,51.0845074],[71.4127436,51.084491],[71.4126584,51.0842533],[71.4126726,51.0842282],[71.4127194,51.0842201],[71.4127519,51.084314],[71.4127292,51.0843172],[71.4127431,51.0843563],[71.4127655,51.0843533],[71.4128189,51.0845074]]]},"properties":{"OBJECTID":1514,"kind":"park","name":"Озеленение","source":"Astana municipal open geoportal","source_url":"https://gis.esaulet.kz/server/rest/services/Sloi_geoportala_otkrytiy_kontur_0702/MapServer/26","sourceId":"astana-municipal-green"}},{"type":"Feature","id":"municipal-green-1515","geometry":{"type":"Polygon","coordinates":[[[71.4121597,51.0844559],[71.4120711,51.0844276],[71.4119915,51.0842071],[71.4120614,51.0841967],[71.4121347,51.0844052],[71.4122752,51.0843855],[71.4122842,51.084411],[71.412327,51.084405],[71.4123179,51.0843795],[71.4124584,51.0843599],[71.4124235,51.0842607],[71.4124744,51.0842729],[71.4125105,51.0843778],[71.4124969,51.0843998],[71.4121597,51.0844559]]]},"properties":{"OBJECTID":1515,"kind":"park","name":"Озеленение","source":"Astana municipal open geoportal","source_url":"https://gis.esaulet.kz/server/rest/services/Sloi_geoportala_otkrytiy_kontur_0702/MapServer/26","sourceId":"astana-municipal-green"}},{"type":"Feature","id":"municipal-green-1518","geometry":{"type":"Polygon","coordinates":[[[71.436014,51.1524424],[71.4358222,51.1525941],[71.4357757,51.1525713],[71.4359644,51.1524193],[71.436014,51.1524424]]]},"properties":{"OBJECTID":1518,"kind":"park","name":"Озеленение","source":"Astana municipal open geoportal","source_url":"https://gis.esaulet.kz/server/rest/services/Sloi_geoportala_otkrytiy_kontur_0702/MapServer/26","sourceId":"astana-municipal-green"}},{"type":"Feature","id":"municipal-green-1519","geometry":{"type":"Polygon","coordinates":[[[71.4361195,51.1527519],[71.4360721,51.1527913],[71.4356912,51.1526099],[71.4357373,51.1525736],[71.4361195,51.1527519]]]},"properties":{"OBJECTID":1519,"kind":"park","name":"Озеленение","source":"Astana municipal open geoportal","source_url":"https://gis.esaulet.kz/server/rest/services/Sloi_geoportala_otkrytiy_kontur_0702/MapServer/26","sourceId":"astana-municipal-green"}},{"type":"Feature","id":"municipal-green-1520","geometry":{"type":"Polygon","coordinates":[[[71.4358147,51.1526983],[71.4356826,51.1528068],[71.4355064,51.1527215],[71.4356377,51.1526143],[71.4358147,51.1526983]]]},"properties":{"OBJECTID":1520,"kind":"park","name":"Озеленение","source":"Astana municipal open geoportal","source_url":"https://gis.esaulet.kz/server/rest/services/Sloi_geoportala_otkrytiy_kontur_0702/MapServer/26","sourceId":"astana-municipal-green"}},{"type":"Feature","id":"municipal-green-1521","geometry":{"type":"Polygon","coordinates":[[[71.4135711,51.1184284],[71.4135562,51.1183921],[71.4141603,51.1183017],[71.4141733,51.1183393],[71.4135711,51.1184284]]]},"properties":{"OBJECTID":1521,"kind":"park","name":"Озеленение","source":"Astana municipal open geoportal","source_url":"https://gis.esaulet.kz/server/rest/services/Sloi_geoportala_otkrytiy_kontur_0702/MapServer/26","sourceId":"astana-municipal-green"}},{"type":"Feature","id":"municipal-green-1522","geometry":{"type":"Polygon","coordinates":[[[71.4145095,51.1182674],[71.4145954,51.1182402],[71.4145996,51.1182541],[71.4145095,51.1182674]]]},"properties":{"OBJECTID":1522,"kind":"park","name":"Озеленение","source":"Astana municipal open geoportal","source_url":"https://gis.esaulet.kz/server/rest/services/Sloi_geoportala_otkrytiy_kontur_0702/MapServer/26","sourceId":"astana-municipal-green"}},{"type":"Feature","id":"municipal-green-1523","geometry":{"type":"Polygon","coordinates":[[[71.4133257,51.1185636],[71.4132893,51.118466],[71.4133251,51.11846],[71.4133609,51.1185572],[71.4133257,51.1185636]]]},"properties":{"OBJECTID":1523,"kind":"park","name":"Озеленение","source":"Astana municipal open geoportal","source_url":"https://gis.esaulet.kz/server/rest/services/Sloi_geoportala_otkrytiy_kontur_0702/MapServer/26","sourceId":"astana-municipal-green"}},{"type":"Feature","id":"municipal-green-1524","geometry":{"type":"Polygon","coordinates":[[[71.4020784,51.1679897],[71.402151,51.1679966],[71.4021412,51.1680393],[71.4020688,51.1680306],[71.4020784,51.1679897]]]},"properties":{"OBJECTID":1524,"kind":"park","name":"Озеленение","source":"Astana municipal open geoportal","source_url":"https://gis.esaulet.kz/server/rest/services/Sloi_geoportala_otkrytiy_kontur_0702/MapServer/26","sourceId":"astana-municipal-green"}},{"type":"Feature","id":"municipal-green-1525","geometry":{"type":"Polygon","coordinates":[[[71.4200133,51.1113587],[71.4200036,51.1113316],[71.4199805,51.1113349],[71.41999,51.1113622],[71.4199136,51.1113735],[71.419868,51.111242],[71.4199445,51.1112315],[71.4198632,51.1112281],[71.4198172,51.1110955],[71.4198934,51.111085],[71.4199243,51.1111735],[71.4199492,51.1111698],[71.4199167,51.1110816],[71.4202539,51.1110323],[71.4202864,51.1111205],[71.4203049,51.1111178],[71.4202744,51.1110293],[71.4203514,51.1110233],[71.4203983,51.1111524],[71.4203212,51.1111632],[71.4204031,51.1111661],[71.4204488,51.1112953],[71.4203725,51.1113065],[71.4203429,51.1112831],[71.4203522,51.1113088],[71.4200133,51.1113587]]]},"properties":{"OBJECTID":1525,"kind":"park","name":"Озеленение","source":"Astana municipal open geoportal","source_url":"https://gis.esaulet.kz/server/rest/services/Sloi_geoportala_otkrytiy_kontur_0702/MapServer/26","sourceId":"astana-municipal-green"}},{"type":"Feature","id":"municipal-green-1527","geometry":{"type":"Polygon","coordinates":[[[71.4132558,51.1417494],[71.4132148,51.1417543],[71.413034,51.1416189],[71.4132558,51.1417494]]]},"properties":{"OBJECTID":1527,"kind":"park","name":"Озеленение","source":"Astana municipal open geoportal","source_url":"https://gis.esaulet.kz/server/rest/services/Sloi_geoportala_otkrytiy_kontur_0702/MapServer/26","sourceId":"astana-municipal-green"}},{"type":"Feature","id":"municipal-green-1528","geometry":{"type":"Polygon","coordinates":[[[71.4126473,51.1415718],[71.4126813,51.1416611],[71.4126284,51.141669],[71.4125959,51.1415796],[71.4126473,51.1415718]]]},"properties":{"OBJECTID":1528,"kind":"park","name":"Озеленение","source":"Astana municipal open geoportal","source_url":"https://gis.esaulet.kz/server/rest/services/Sloi_geoportala_otkrytiy_kontur_0702/MapServer/26","sourceId":"astana-municipal-green"}},{"type":"Feature","id":"municipal-green-1529","geometry":{"type":"Polygon","coordinates":[[[71.3987966,51.1630025],[71.3987545,51.1629791],[71.3988033,51.1628323],[71.3988558,51.1628243],[71.3987966,51.1630025]]]},"properties":{"OBJECTID":1529,"kind":"park","name":"Озеленение","source":"Astana municipal open geoportal","source_url":"https://gis.esaulet.kz/server/rest/services/Sloi_geoportala_otkrytiy_kontur_0702/MapServer/26","sourceId":"astana-municipal-green"}},{"type":"Feature","id":"municipal-green-1530","geometry":{"type":"Polygon","coordinates":[[[71.3988684,51.1627863],[71.3988266,51.1627693],[71.3988433,51.1627249],[71.3988914,51.1627169],[71.3988684,51.1627863]]]},"properties":{"OBJECTID":1530,"kind":"park","name":"Озеленение","source":"Astana municipal open geoportal","source_url":"https://gis.esaulet.kz/server/rest/services/Sloi_geoportala_otkrytiy_kontur_0702/MapServer/26","sourceId":"astana-municipal-green"}},{"type":"Feature","id":"municipal-green-1536","geometry":{"type":"Polygon","coordinates":[[[71.4052215,51.1693483],[71.4052119,51.1693769],[71.4051705,51.1693714],[71.40518,51.169343],[71.4052215,51.1693483]]]},"properties":{"OBJECTID":1536,"kind":"park","name":"Озеленение","source":"Astana municipal open geoportal","source_url":"https://gis.esaulet.kz/server/rest/services/Sloi_geoportala_otkrytiy_kontur_0702/MapServer/26","sourceId":"astana-municipal-green"}},{"type":"Feature","id":"municipal-green-1537","geometry":{"type":"Polygon","coordinates":[[[71.4081168,51.1596866],[71.4076856,51.1596319],[71.4077094,51.1595505],[71.4077349,51.159533],[71.4079479,51.1595485],[71.4079872,51.1596111],[71.4081352,51.1596304],[71.4081168,51.1596866]],[[71.4079461,51.159551],[71.4077368,51.1595348],[71.4076905,51.1596318],[71.4079089,51.1596587],[71.4079461,51.159551]]]},"properties":{"OBJECTID":1537,"kind":"park","name":"Озеленение","source":"Astana municipal open geoportal","source_url":"https://gis.esaulet.kz/server/rest/services/Sloi_geoportala_otkrytiy_kontur_0702/MapServer/26","sourceId":"astana-municipal-green"}},{"type":"Feature","id":"municipal-green-1538","geometry":{"type":"Polygon","coordinates":[[[71.4083586,51.15955],[71.408227,51.159539],[71.4082046,51.1595189],[71.4082121,51.159483],[71.4083864,51.1595155],[71.4083586,51.15955]]]},"properties":{"OBJECTID":1538,"kind":"park","name":"Озеленение","source":"Astana municipal open geoportal","source_url":"https://gis.esaulet.kz/server/rest/services/Sloi_geoportala_otkrytiy_kontur_0702/MapServer/26","sourceId":"astana-municipal-green"}},{"type":"Feature","id":"municipal-green-1539","geometry":{"type":"Polygon","coordinates":[[[71.4079393,51.1594481],[71.4079221,51.1595011],[71.4078233,51.1594797],[71.4078363,51.1594349],[71.4079393,51.1594481]]]},"properties":{"OBJECTID":1539,"kind":"park","name":"Озеленение","source":"Astana municipal open geoportal","source_url":"https://gis.esaulet.kz/server/rest/services/Sloi_geoportala_otkrytiy_kontur_0702/MapServer/26","sourceId":"astana-municipal-green"}},{"type":"Feature","id":"municipal-green-1540","geometry":{"type":"Polygon","coordinates":[[[71.408026,51.1594705],[71.4080155,51.159504],[71.4079375,51.159503],[71.4079546,51.15945],[71.408026,51.1594705]]]},"properties":{"OBJECTID":1540,"kind":"park","name":"Озеленение","source":"Astana municipal open geoportal","source_url":"https://gis.esaulet.kz/server/rest/services/Sloi_geoportala_otkrytiy_kontur_0702/MapServer/26","sourceId":"astana-municipal-green"}},{"type":"Feature","id":"municipal-green-1541","geometry":{"type":"Polygon","coordinates":[[[71.407654,51.1594116],[71.407625,51.1594639],[71.4074446,51.1594288],[71.4074589,51.1593866],[71.407654,51.1594116]]]},"properties":{"OBJECTID":1541,"kind":"park","name":"Озеленение","source":"Astana municipal open geoportal","source_url":"https://gis.esaulet.kz/server/rest/services/Sloi_geoportala_otkrytiy_kontur_0702/MapServer/26","sourceId":"astana-municipal-green"}},{"type":"Feature","id":"municipal-green-1542","geometry":{"type":"Polygon","coordinates":[[[71.407263,51.1594111],[71.4071665,51.1594038],[71.407171,51.1593498],[71.4072882,51.1593755],[71.407263,51.1594111]]]},"properties":{"OBJECTID":1542,"kind":"park","name":"Озеленение","source":"Astana municipal open geoportal","source_url":"https://gis.esaulet.kz/server/rest/services/Sloi_geoportala_otkrytiy_kontur_0702/MapServer/26","sourceId":"astana-municipal-green"}},{"type":"Feature","id":"municipal-green-1543","geometry":{"type":"Polygon","coordinates":[[[71.3967251,51.168448],[71.3967116,51.1684863],[71.3966565,51.1685015],[71.3966725,51.1684442],[71.3967251,51.168448]]]},"properties":{"OBJECTID":1543,"kind":"park","name":"Озеленение","source":"Astana municipal open geoportal","source_url":"https://gis.esaulet.kz/server/rest/services/Sloi_geoportala_otkrytiy_kontur_0702/MapServer/26","sourceId":"astana-municipal-green"}},{"type":"Feature","id":"municipal-green-1544","geometry":{"type":"Polygon","coordinates":[[[71.3968322,51.1685022],[71.3967336,51.16849],[71.3967468,51.1684503],[71.3968891,51.1684676],[71.3968769,51.1685076],[71.3968322,51.1685022]]]},"properties":{"OBJECTID":1544,"kind":"park","name":"Озеленение","source":"Astana municipal open geoportal","source_url":"https://gis.esaulet.kz/server/rest/services/Sloi_geoportala_otkrytiy_kontur_0702/MapServer/26","sourceId":"astana-municipal-green"}},{"type":"Feature","id":"municipal-green-1545","geometry":{"type":"Polygon","coordinates":[[[71.3970622,51.1684875],[71.3970367,51.1685571],[71.3968962,51.1685219],[71.396912,51.1684704],[71.3970622,51.1684875]]]},"properties":{"OBJECTID":1545,"kind":"park","name":"Озеленение","source":"Astana municipal open geoportal","source_url":"https://gis.esaulet.kz/server/rest/services/Sloi_geoportala_otkrytiy_kontur_0702/MapServer/26","sourceId":"astana-municipal-green"}},{"type":"Feature","id":"municipal-green-1547","geometry":{"type":"Polygon","coordinates":[[[71.4134845,51.1419357],[71.4134444,51.141926],[71.4134251,51.1418743],[71.4134571,51.1418664],[71.4134845,51.1419357]]]},"properties":{"OBJECTID":1547,"kind":"park","name":"Озеленение","source":"Astana municipal open geoportal","source_url":"https://gis.esaulet.kz/server/rest/services/Sloi_geoportala_otkrytiy_kontur_0702/MapServer/26","sourceId":"astana-municipal-green"}},{"type":"Feature","id":"municipal-green-1549","geometry":{"type":"Polygon","coordinates":[[[71.4012791,51.1455019],[71.4012653,51.1454532],[71.4013059,51.1454487],[71.4013174,51.1454894],[71.4012791,51.1455019]]]},"properties":{"OBJECTID":1549,"kind":"park","name":"Озеленение","source":"Astana municipal open geoportal","source_url":"https://gis.esaulet.kz/server/rest/services/Sloi_geoportala_otkrytiy_kontur_0702/MapServer/26","sourceId":"astana-municipal-green"}},{"type":"Feature","id":"municipal-green-1556","geometry":{"type":"Polygon","coordinates":[[[71.4306638,51.1147187],[71.4305923,51.1147293],[71.4305235,51.1145447],[71.4305951,51.1145341],[71.4306638,51.1147187]]]},"properties":{"OBJECTID":1556,"kind":"park","name":"Озеленение","source":"Astana municipal open geoportal","source_url":"https://gis.esaulet.kz/server/rest/services/Sloi_geoportala_otkrytiy_kontur_0702/MapServer/26","sourceId":"astana-municipal-green"}},{"type":"Feature","id":"municipal-green-1559","geometry":{"type":"Polygon","coordinates":[[[71.4132805,51.1420642],[71.4131699,51.1420911],[71.4131185,51.1419562],[71.4129543,51.141981],[71.4129366,51.1419382],[71.4131893,51.1419144],[71.4132314,51.1419416],[71.4132805,51.1420642]]]},"properties":{"OBJECTID":1559,"kind":"park","name":"Озеленение","source":"Astana municipal open geoportal","source_url":"https://gis.esaulet.kz/server/rest/services/Sloi_geoportala_otkrytiy_kontur_0702/MapServer/26","sourceId":"astana-municipal-green"}},{"type":"Feature","id":"municipal-green-1560","geometry":{"type":"Polygon","coordinates":[[[71.4136618,51.1423925],[71.4136202,51.1423798],[71.4135825,51.142283],[71.4136053,51.1422573],[71.4136618,51.1423925]]]},"properties":{"OBJECTID":1560,"kind":"park","name":"Озеленение","source":"Astana municipal open geoportal","source_url":"https://gis.esaulet.kz/server/rest/services/Sloi_geoportala_otkrytiy_kontur_0702/MapServer/26","sourceId":"astana-municipal-green"}},{"type":"Feature","id":"municipal-green-1564","geometry":{"type":"Polygon","coordinates":[[[71.3972285,51.1685586],[71.3970607,51.1685608],[71.3970862,51.1684904],[71.397146,51.1684975],[71.3972285,51.1685586]]]},"properties":{"OBJECTID":1564,"kind":"park","name":"Озеленение","source":"Astana municipal open geoportal","source_url":"https://gis.esaulet.kz/server/rest/services/Sloi_geoportala_otkrytiy_kontur_0702/MapServer/26","sourceId":"astana-municipal-green"}},{"type":"Feature","id":"municipal-green-1566","geometry":{"type":"Polygon","coordinates":[[[71.3972851,51.1688361],[71.3973107,51.1688391],[71.3972871,51.1689181],[71.3972614,51.1689151],[71.3972851,51.1688361]]]},"properties":{"OBJECTID":1566,"kind":"park","name":"Озеленение","source":"Astana municipal open geoportal","source_url":"https://gis.esaulet.kz/server/rest/services/Sloi_geoportala_otkrytiy_kontur_0702/MapServer/26","sourceId":"astana-municipal-green"}},{"type":"Feature","id":"municipal-green-1567","geometry":{"type":"Polygon","coordinates":[[[71.3972645,51.1689928],[71.3972009,51.1689854],[71.3972345,51.1689268],[71.3972825,51.1689325],[71.3972645,51.1689928]]]},"properties":{"OBJECTID":1567,"kind":"park","name":"Озеленение","source":"Astana municipal open geoportal","source_url":"https://gis.esaulet.kz/server/rest/services/Sloi_geoportala_otkrytiy_kontur_0702/MapServer/26","sourceId":"astana-municipal-green"}},{"type":"Feature","id":"municipal-green-1569","geometry":{"type":"Polygon","coordinates":[[[71.4447234,51.1643226],[71.4446919,51.1644324],[71.4446336,51.1644259],[71.4446651,51.164316],[71.4447234,51.1643226]]]},"properties":{"OBJECTID":1569,"kind":"park","name":"Озеленение","source":"Astana municipal open geoportal","source_url":"https://gis.esaulet.kz/server/rest/services/Sloi_geoportala_otkrytiy_kontur_0702/MapServer/26","sourceId":"astana-municipal-green"}},{"type":"Feature","id":"municipal-green-1570","geometry":{"type":"Polygon","coordinates":[[[71.4011086,51.1454781],[71.4010924,51.1454681],[71.4011116,51.1454657],[71.4011086,51.1454781]]]},"properties":{"OBJECTID":1570,"kind":"park","name":"Озеленение","source":"Astana municipal open geoportal","source_url":"https://gis.esaulet.kz/server/rest/services/Sloi_geoportala_otkrytiy_kontur_0702/MapServer/26","sourceId":"astana-municipal-green"}},{"type":"Feature","id":"municipal-green-1571","geometry":{"type":"Polygon","coordinates":[[[71.4010894,51.1454973],[71.401088,51.1455935],[71.4011448,51.1457336],[71.401269,51.1457157],[71.4012761,51.1457336],[71.4011074,51.1457581],[71.4010062,51.1454831],[71.4010602,51.1454752],[71.4010894,51.1454973]]]},"properties":{"OBJECTID":1571,"kind":"park","name":"Озеленение","source":"Astana municipal open geoportal","source_url":"https://gis.esaulet.kz/server/rest/services/Sloi_geoportala_otkrytiy_kontur_0702/MapServer/26","sourceId":"astana-municipal-green"}},{"type":"Feature","id":"municipal-green-1572","geometry":{"type":"Polygon","coordinates":[[[71.4011077,51.1454986],[71.401138,51.1454882],[71.4012199,51.1455754],[71.4011045,51.1455927],[71.4011077,51.1454986]]]},"properties":{"OBJECTID":1572,"kind":"park","name":"Озеленение","source":"Astana municipal open geoportal","source_url":"https://gis.esaulet.kz/server/rest/services/Sloi_geoportala_otkrytiy_kontur_0702/MapServer/26","sourceId":"astana-municipal-green"}},{"type":"Feature","id":"municipal-green-1573","geometry":{"type":"Polygon","coordinates":[[[71.4011472,51.1454784],[71.4012308,51.1454219],[71.4012361,51.1455683],[71.4011472,51.1454784]]]},"properties":{"OBJECTID":1573,"kind":"park","name":"Озеленение","source":"Astana municipal open geoportal","source_url":"https://gis.esaulet.kz/server/rest/services/Sloi_geoportala_otkrytiy_kontur_0702/MapServer/26","sourceId":"astana-municipal-green"}},{"type":"Feature","id":"municipal-green-1574","geometry":{"type":"Polygon","coordinates":[[[71.4016105,51.145683],[71.4013233,51.1457142],[71.4015623,51.1456675],[71.4016105,51.145683]]]},"properties":{"OBJECTID":1574,"kind":"park","name":"Озеленение","source":"Astana municipal open geoportal","source_url":"https://gis.esaulet.kz/server/rest/services/Sloi_geoportala_otkrytiy_kontur_0702/MapServer/26","sourceId":"astana-municipal-green"}},{"type":"Feature","id":"municipal-green-1582","geometry":{"type":"Polygon","coordinates":[[[71.4254951,51.1635477],[71.4254381,51.163541],[71.4254506,51.1634942],[71.4255252,51.1635029],[71.4254951,51.1635477]]]},"properties":{"OBJECTID":1582,"kind":"park","name":"Озеленение","source":"Astana municipal open geoportal","source_url":"https://gis.esaulet.kz/server/rest/services/Sloi_geoportala_otkrytiy_kontur_0702/MapServer/26","sourceId":"astana-municipal-green"}},{"type":"Feature","id":"municipal-green-1583","geometry":{"type":"Polygon","coordinates":[[[71.3916989,51.1434308],[71.3916443,51.1434467],[71.3916863,51.1434222],[71.3916989,51.1434308]]]},"properties":{"OBJECTID":1583,"kind":"park","name":"Озеленение","source":"Astana municipal open geoportal","source_url":"https://gis.esaulet.kz/server/rest/services/Sloi_geoportala_otkrytiy_kontur_0702/MapServer/26","sourceId":"astana-municipal-green"}},{"type":"Feature","id":"municipal-green-1584","geometry":{"type":"Polygon","coordinates":[[[71.397232,51.1688177],[71.3972383,51.1687967],[71.3973195,51.1688061],[71.3973134,51.1688272],[71.397232,51.1688177]]]},"properties":{"OBJECTID":1584,"kind":"park","name":"Озеленение","source":"Astana municipal open geoportal","source_url":"https://gis.esaulet.kz/server/rest/services/Sloi_geoportala_otkrytiy_kontur_0702/MapServer/26","sourceId":"astana-municipal-green"}},{"type":"Feature","id":"municipal-green-1587","geometry":{"type":"Polygon","coordinates":[[[71.4254291,51.1635725],[71.4254583,51.1635758],[71.4254491,51.163607],[71.4254765,51.1636102],[71.4254422,51.1637261],[71.4253885,51.1637201],[71.4254291,51.1635725]]]},"properties":{"OBJECTID":1587,"kind":"park","name":"Озеленение","source":"Astana municipal open geoportal","source_url":"https://gis.esaulet.kz/server/rest/services/Sloi_geoportala_otkrytiy_kontur_0702/MapServer/26","sourceId":"astana-municipal-green"}},{"type":"Feature","id":"municipal-green-1588","geometry":{"type":"Polygon","coordinates":[[[71.3916097,51.1434827],[71.3915331,51.1435113],[71.3915971,51.1434741],[71.3916097,51.1434827]]]},"properties":{"OBJECTID":1588,"kind":"park","name":"Озеленение","source":"Astana municipal open geoportal","source_url":"https://gis.esaulet.kz/server/rest/services/Sloi_geoportala_otkrytiy_kontur_0702/MapServer/26","sourceId":"astana-municipal-green"}},{"type":"Feature","id":"municipal-green-1589","geometry":{"type":"Polygon","coordinates":[[[71.3917191,51.1434833],[71.3916314,51.1435424],[71.391622,51.1435369],[71.3917191,51.1434833]]]},"properties":{"OBJECTID":1589,"kind":"park","name":"Озеленение","source":"Astana municipal open geoportal","source_url":"https://gis.esaulet.kz/server/rest/services/Sloi_geoportala_otkrytiy_kontur_0702/MapServer/26","sourceId":"astana-municipal-green"}},{"type":"Feature","id":"municipal-green-1590","geometry":{"type":"Polygon","coordinates":[[[71.3919986,51.1435643],[71.3918934,51.1436131],[71.3919866,51.1435565],[71.3919986,51.1435643]]]},"properties":{"OBJECTID":1590,"kind":"park","name":"Озеленение","source":"Astana municipal open geoportal","source_url":"https://gis.esaulet.kz/server/rest/services/Sloi_geoportala_otkrytiy_kontur_0702/MapServer/26","sourceId":"astana-municipal-green"}},{"type":"Feature","id":"municipal-green-1592","geometry":{"type":"Polygon","coordinates":[[[71.3918755,51.1436693],[71.3918901,51.1436815],[71.3918411,51.1437034],[71.3916161,51.1435637],[71.3916408,51.143548],[71.3918755,51.1436693]]]},"properties":{"OBJECTID":1592,"kind":"park","name":"Озеленение","source":"Astana municipal open geoportal","source_url":"https://gis.esaulet.kz/server/rest/services/Sloi_geoportala_otkrytiy_kontur_0702/MapServer/26","sourceId":"astana-municipal-green"}},{"type":"Feature","id":"municipal-green-1598","geometry":{"type":"Polygon","coordinates":[[[71.4746104,51.1412028],[71.4746275,51.1412078],[71.4745852,51.1412358],[71.4746104,51.1412028]]]},"properties":{"OBJECTID":1598,"kind":"park","name":"Озеленение","source":"Astana municipal open geoportal","source_url":"https://gis.esaulet.kz/server/rest/services/Sloi_geoportala_otkrytiy_kontur_0702/MapServer/26","sourceId":"astana-municipal-green"}},{"type":"Feature","id":"municipal-green-1599","geometry":{"type":"Polygon","coordinates":[[[71.4217984,51.1302074],[71.4217915,51.1302571],[71.4216781,51.1302805],[71.4216563,51.130226],[71.4217984,51.1302074]]]},"properties":{"OBJECTID":1599,"kind":"park","name":"Озеленение","source":"Astana municipal open geoportal","source_url":"https://gis.esaulet.kz/server/rest/services/Sloi_geoportala_otkrytiy_kontur_0702/MapServer/26","sourceId":"astana-municipal-green"}},{"type":"Feature","id":"municipal-green-1600","geometry":{"type":"Polygon","coordinates":[[[71.403724,51.1695079],[71.4040514,51.1695522],[71.4039714,51.1696044],[71.4039002,51.1695951],[71.4039032,51.1695755],[71.4038009,51.1695593],[71.4038092,51.1695386],[71.403724,51.1695079]]]},"properties":{"OBJECTID":1600,"kind":"park","name":"Озеленение","source":"Astana municipal open geoportal","source_url":"https://gis.esaulet.kz/server/rest/services/Sloi_geoportala_otkrytiy_kontur_0702/MapServer/26","sourceId":"astana-municipal-green"}},{"type":"Feature","id":"municipal-green-1601","geometry":{"type":"Polygon","coordinates":[[[71.4040852,51.1695563],[71.4041296,51.1695688],[71.4040841,51.1696884],[71.4039839,51.1696745],[71.4040077,51.1696197],[71.4040852,51.1695563]]]},"properties":{"OBJECTID":1601,"kind":"park","name":"Озеленение","source":"Astana municipal open geoportal","source_url":"https://gis.esaulet.kz/server/rest/services/Sloi_geoportala_otkrytiy_kontur_0702/MapServer/26","sourceId":"astana-municipal-green"}},{"type":"Feature","id":"municipal-green-1602","geometry":{"type":"Polygon","coordinates":[[[71.4047055,51.1692692],[71.404693,51.1693071],[71.4045891,51.1692934],[71.4046482,51.1692617],[71.4047055,51.1692692]]]},"properties":{"OBJECTID":1602,"kind":"park","name":"Озеленение","source":"Astana municipal open geoportal","source_url":"https://gis.esaulet.kz/server/rest/services/Sloi_geoportala_otkrytiy_kontur_0702/MapServer/26","sourceId":"astana-municipal-green"}},{"type":"Feature","id":"municipal-green-1603","geometry":{"type":"Polygon","coordinates":[[[71.4309533,51.1495646],[71.4309503,51.1495375],[71.4310492,51.1494995],[71.4311772,51.1494882],[71.4312948,51.1495032],[71.4314106,51.1495497],[71.4309533,51.1495646]]]},"properties":{"OBJECTID":1603,"kind":"park","name":"Озеленение","source":"Astana municipal open geoportal","source_url":"https://gis.esaulet.kz/server/rest/services/Sloi_geoportala_otkrytiy_kontur_0702/MapServer/26","sourceId":"astana-municipal-green"}},{"type":"Feature","id":"municipal-green-1606","geometry":{"type":"Polygon","coordinates":[[[71.4344306,51.1528636],[71.4344487,51.1528664],[71.4342938,51.1529796],[71.4344306,51.1528636]]]},"properties":{"OBJECTID":1606,"kind":"park","name":"Озеленение","source":"Astana municipal open geoportal","source_url":"https://gis.esaulet.kz/server/rest/services/Sloi_geoportala_otkrytiy_kontur_0702/MapServer/26","sourceId":"astana-municipal-green"}},{"type":"Feature","id":"municipal-green-1607","geometry":{"type":"Polygon","coordinates":[[[71.4153203,51.160651],[71.4153041,51.1606495],[71.415327,51.1605613],[71.4153864,51.160523],[71.4155469,51.1605343],[71.4156162,51.1605965],[71.4155954,51.1606102],[71.4155862,51.1605653],[71.4155182,51.1605845],[71.4155424,51.1605451],[71.4155009,51.1605414],[71.4155044,51.1605832],[71.4154842,51.160581],[71.4154914,51.1605558],[71.4154489,51.1605514],[71.4154216,51.1605744],[71.4154469,51.1605359],[71.4154054,51.1605314],[71.4154082,51.1605738],[71.4153451,51.1605538],[71.4153329,51.1606046],[71.4153891,51.1606031],[71.4153269,51.160623],[71.4153203,51.160651]]]},"properties":{"OBJECTID":1607,"kind":"park","name":"Озеленение","source":"Astana municipal open geoportal","source_url":"https://gis.esaulet.kz/server/rest/services/Sloi_geoportala_otkrytiy_kontur_0702/MapServer/26","sourceId":"astana-municipal-green"}},{"type":"Feature","id":"municipal-green-1608","geometry":{"type":"Polygon","coordinates":[[[71.4155163,51.1610108],[71.4155453,51.1610287],[71.4155207,51.1611197],[71.4154306,51.1611234],[71.4154818,51.1610075],[71.4155163,51.1610108]]]},"properties":{"OBJECTID":1608,"kind":"park","name":"Озеленение","source":"Astana municipal open geoportal","source_url":"https://gis.esaulet.kz/server/rest/services/Sloi_geoportala_otkrytiy_kontur_0702/MapServer/26","sourceId":"astana-municipal-green"}},{"type":"Feature","id":"municipal-green-1612","geometry":{"type":"Polygon","coordinates":[[[71.4749993,51.1413539],[71.4748798,51.1413198],[71.4748945,51.1412994],[71.4748239,51.141304],[71.4748476,51.1412715],[71.4750222,51.141322],[71.4749993,51.1413539]]]},"properties":{"OBJECTID":1612,"kind":"park","name":"Озеленение","source":"Astana municipal open geoportal","source_url":"https://gis.esaulet.kz/server/rest/services/Sloi_geoportala_otkrytiy_kontur_0702/MapServer/26","sourceId":"astana-municipal-green"}},{"type":"Feature","id":"municipal-green-1613","geometry":{"type":"Polygon","coordinates":[[[71.4747314,51.1412378],[71.4747409,51.1412708],[71.474678,51.1412529],[71.4746962,51.1412276],[71.4747314,51.1412378]]]},"properties":{"OBJECTID":1613,"kind":"park","name":"Озеленение","source":"Astana municipal open geoportal","source_url":"https://gis.esaulet.kz/server/rest/services/Sloi_geoportala_otkrytiy_kontur_0702/MapServer/26","sourceId":"astana-municipal-green"}},{"type":"Feature","id":"municipal-green-1614","geometry":{"type":"Polygon","coordinates":[[[71.4744583,51.1411588],[71.4745137,51.1411871],[71.4745027,51.1412023],[71.4744398,51.1411844],[71.4744583,51.1411588]]]},"properties":{"OBJECTID":1614,"kind":"park","name":"Озеленение","source":"Astana municipal open geoportal","source_url":"https://gis.esaulet.kz/server/rest/services/Sloi_geoportala_otkrytiy_kontur_0702/MapServer/26","sourceId":"astana-municipal-green"}},{"type":"Feature","id":"municipal-green-1615","geometry":{"type":"Polygon","coordinates":[[[71.4052758,51.1693446],[71.4052697,51.1693628],[71.4053063,51.1693756],[71.4054925,51.1693732],[71.4054788,51.1694125],[71.4052273,51.169379],[71.4052406,51.1693399],[71.4052758,51.1693446]]]},"properties":{"OBJECTID":1615,"kind":"park","name":"Озеленение","source":"Astana municipal open geoportal","source_url":"https://gis.esaulet.kz/server/rest/services/Sloi_geoportala_otkrytiy_kontur_0702/MapServer/26","sourceId":"astana-municipal-green"}},{"type":"Feature","id":"municipal-green-1616","geometry":{"type":"Polygon","coordinates":[[[71.4208582,51.1112089],[71.4208354,51.1111978],[71.4209288,51.1111829],[71.4209766,51.1113234],[71.4209087,51.1113326],[71.4208923,51.1112868],[71.4208642,51.1112907],[71.4208832,51.1112796],[71.4208582,51.1112089]]]},"properties":{"OBJECTID":1616,"kind":"park","name":"Озеленение","source":"Astana municipal open geoportal","source_url":"https://gis.esaulet.kz/server/rest/services/Sloi_geoportala_otkrytiy_kontur_0702/MapServer/26","sourceId":"astana-municipal-green"}},{"type":"Feature","id":"municipal-green-1641","geometry":{"type":"Polygon","coordinates":[[[71.3972566,51.16862],[71.3972406,51.1686062],[71.3972883,51.1686055],[71.3972566,51.16862]]]},"properties":{"OBJECTID":1641,"kind":"park","name":"Озеленение","source":"Astana municipal open geoportal","source_url":"https://gis.esaulet.kz/server/rest/services/Sloi_geoportala_otkrytiy_kontur_0702/MapServer/26","sourceId":"astana-municipal-green"}},{"type":"Feature","id":"municipal-green-1654","geometry":{"type":"Polygon","coordinates":[[[71.4856775,51.1511849],[71.4855706,51.151227],[71.4855413,51.1511976],[71.4856467,51.1511562],[71.4856775,51.1511849]]]},"properties":{"OBJECTID":1654,"kind":"park","name":"Озеленение","source":"Astana municipal open geoportal","source_url":"https://gis.esaulet.kz/server/rest/services/Sloi_geoportala_otkrytiy_kontur_0702/MapServer/26","sourceId":"astana-municipal-green"}},{"type":"Feature","id":"municipal-green-1655","geometry":{"type":"Polygon","coordinates":[[[71.4855512,51.1512347],[71.4855283,51.1512437],[71.485498,51.1512147],[71.4855219,51.1512053],[71.4855512,51.1512347]]]},"properties":{"OBJECTID":1655,"kind":"park","name":"Озеленение","source":"Astana municipal open geoportal","source_url":"https://gis.esaulet.kz/server/rest/services/Sloi_geoportala_otkrytiy_kontur_0702/MapServer/26","sourceId":"astana-municipal-green"}},{"type":"Feature","id":"municipal-green-1656","geometry":{"type":"Polygon","coordinates":[[[71.4861165,51.1513378],[71.4860933,51.1513469],[71.4859601,51.1512112],[71.4860058,51.1511934],[71.4861025,51.1512907],[71.4860791,51.1512999],[71.4861165,51.1513378]]]},"properties":{"OBJECTID":1656,"kind":"park","name":"Озеленение","source":"Astana municipal open geoportal","source_url":"https://gis.esaulet.kz/server/rest/services/Sloi_geoportala_otkrytiy_kontur_0702/MapServer/26","sourceId":"astana-municipal-green"}},{"type":"Feature","id":"municipal-green-1661","geometry":{"type":"Polygon","coordinates":[[[71.4860092,51.1506505],[71.4860463,51.1506638],[71.4860385,51.1507105],[71.48567,51.150857],[71.4859064,51.1510947],[71.4858601,51.1511128],[71.4855709,51.1508217],[71.4860092,51.1506505]]]},"properties":{"OBJECTID":1661,"kind":"park","name":"Озеленение","source":"Astana municipal open geoportal","source_url":"https://gis.esaulet.kz/server/rest/services/Sloi_geoportala_otkrytiy_kontur_0702/MapServer/26","sourceId":"astana-municipal-green"}},{"type":"Feature","id":"municipal-green-1665","geometry":{"type":"Polygon","coordinates":[[[71.3973242,51.1687918],[71.3972426,51.1687822],[71.3972604,51.1687227],[71.3972979,51.1687271],[71.3973152,51.16867],[71.3973493,51.1686568],[71.3973242,51.1687918]]]},"properties":{"OBJECTID":1665,"kind":"park","name":"Озеленение","source":"Astana municipal open geoportal","source_url":"https://gis.esaulet.kz/server/rest/services/Sloi_geoportala_otkrytiy_kontur_0702/MapServer/26","sourceId":"astana-municipal-green"}},{"type":"Feature","id":"municipal-green-1669","geometry":{"type":"Polygon","coordinates":[[[71.4548478,51.1185402],[71.4548249,51.1184754],[71.4549929,51.1184553],[71.455013,51.1185163],[71.4548478,51.1185402]]]},"properties":{"OBJECTID":1669,"kind":"park","name":"Озеленение","source":"Astana municipal open geoportal","source_url":"https://gis.esaulet.kz/server/rest/services/Sloi_geoportala_otkrytiy_kontur_0702/MapServer/26","sourceId":"astana-municipal-green"}},{"type":"Feature","id":"municipal-green-1670","geometry":{"type":"Polygon","coordinates":[[[71.4554076,51.1182666],[71.4554373,51.1182642],[71.4554514,51.1183349],[71.4554096,51.1183382],[71.4554076,51.1182666]]]},"properties":{"OBJECTID":1670,"kind":"park","name":"Озеленение","source":"Astana municipal open geoportal","source_url":"https://gis.esaulet.kz/server/rest/services/Sloi_geoportala_otkrytiy_kontur_0702/MapServer/26","sourceId":"astana-municipal-green"}},{"type":"Feature","id":"municipal-green-1671","geometry":{"type":"Polygon","coordinates":[[[71.4553097,51.1179554],[71.4553303,51.1180607],[71.455296,51.1180637],[71.4552758,51.1179579],[71.4553097,51.1179554]]]},"properties":{"OBJECTID":1671,"kind":"park","name":"Озеленение","source":"Astana municipal open geoportal","source_url":"https://gis.esaulet.kz/server/rest/services/Sloi_geoportala_otkrytiy_kontur_0702/MapServer/26","sourceId":"astana-municipal-green"}},{"type":"Feature","id":"municipal-green-1672","geometry":{"type":"Polygon","coordinates":[[[71.4553386,51.1182709],[71.4553728,51.1182683],[71.455384,51.1183233],[71.4553498,51.1183264],[71.4553386,51.1182709]]]},"properties":{"OBJECTID":1672,"kind":"park","name":"Озеленение","source":"Astana municipal open geoportal","source_url":"https://gis.esaulet.kz/server/rest/services/Sloi_geoportala_otkrytiy_kontur_0702/MapServer/26","sourceId":"astana-municipal-green"}},{"type":"Feature","id":"municipal-green-1675","geometry":{"type":"Polygon","coordinates":[[[71.454978,51.1419441],[71.4549375,51.1419796],[71.4548859,51.1419657],[71.45491,51.1419263],[71.454978,51.1419441]]]},"properties":{"OBJECTID":1675,"kind":"park","name":"Озеленение","source":"Astana municipal open geoportal","source_url":"https://gis.esaulet.kz/server/rest/services/Sloi_geoportala_otkrytiy_kontur_0702/MapServer/26","sourceId":"astana-municipal-green"}},{"type":"Feature","id":"municipal-green-1676","geometry":{"type":"Polygon","coordinates":[[[71.4701388,51.1633247],[71.4698551,51.1634237],[71.4698247,51.1633881],[71.4701034,51.163285],[71.4701388,51.1633247]]]},"properties":{"OBJECTID":1676,"kind":"park","name":"Озеленение","source":"Astana municipal open geoportal","source_url":"https://gis.esaulet.kz/server/rest/services/Sloi_geoportala_otkrytiy_kontur_0702/MapServer/26","sourceId":"astana-municipal-green"}},{"type":"Feature","id":"municipal-green-1677","geometry":{"type":"Polygon","coordinates":[[[71.4125725,51.1415734],[71.4124664,51.14159],[71.4125003,51.1415016],[71.4125725,51.1415734]]]},"properties":{"OBJECTID":1677,"kind":"park","name":"Озеленение","source":"Astana municipal open geoportal","source_url":"https://gis.esaulet.kz/server/rest/services/Sloi_geoportala_otkrytiy_kontur_0702/MapServer/26","sourceId":"astana-municipal-green"}},{"type":"Feature","id":"municipal-green-1678","geometry":{"type":"Polygon","coordinates":[[[71.4134081,51.1418494],[71.4133401,51.1418762],[71.4133043,51.1418587],[71.4133616,51.1418182],[71.4134081,51.1418494]]]},"properties":{"OBJECTID":1678,"kind":"park","name":"Озеленение","source":"Astana municipal open geoportal","source_url":"https://gis.esaulet.kz/server/rest/services/Sloi_geoportala_otkrytiy_kontur_0702/MapServer/26","sourceId":"astana-municipal-green"}},{"type":"Feature","id":"municipal-green-1682","geometry":{"type":"Polygon","coordinates":[[[71.4129757,51.1417258],[71.4130819,51.1417779],[71.4130833,51.1418061],[71.4129175,51.14184],[71.4128789,51.141742],[71.4129757,51.1417258]]]},"properties":{"OBJECTID":1682,"kind":"park","name":"Озеленение","source":"Astana municipal open geoportal","source_url":"https://gis.esaulet.kz/server/rest/services/Sloi_geoportala_otkrytiy_kontur_0702/MapServer/26","sourceId":"astana-municipal-green"}},{"type":"Feature","id":"municipal-green-1683","geometry":{"type":"Polygon","coordinates":[[[71.4134218,51.1422471],[71.4134084,51.1422787],[71.4133172,51.1422921],[71.413345,51.1422578],[71.4134218,51.1422471]]]},"properties":{"OBJECTID":1683,"kind":"park","name":"Озеленение","source":"Astana municipal open geoportal","source_url":"https://gis.esaulet.kz/server/rest/services/Sloi_geoportala_otkrytiy_kontur_0702/MapServer/26","sourceId":"astana-municipal-green"}},{"type":"Feature","id":"municipal-green-1684","geometry":{"type":"Polygon","coordinates":[[[71.4127575,51.1414197],[71.4127577,51.1414196],[71.4127577,51.1414198],[71.4127575,51.1414197]]]},"properties":{"OBJECTID":1684,"kind":"park","name":"Озеленение","source":"Astana municipal open geoportal","source_url":"https://gis.esaulet.kz/server/rest/services/Sloi_geoportala_otkrytiy_kontur_0702/MapServer/26","sourceId":"astana-municipal-green"}},{"type":"Feature","id":"municipal-green-1691","geometry":{"type":"Polygon","coordinates":[[[71.4679097,51.1373785],[71.4679084,51.1373879],[71.4678054,51.1373587],[71.4679097,51.1373785]]]},"properties":{"OBJECTID":1691,"kind":"park","name":"Озеленение","source":"Astana municipal open geoportal","source_url":"https://gis.esaulet.kz/server/rest/services/Sloi_geoportala_otkrytiy_kontur_0702/MapServer/26","sourceId":"astana-municipal-green"}},{"type":"Feature","id":"municipal-green-1692","geometry":{"type":"Polygon","coordinates":[[[71.4670205,51.1374857],[71.4669616,51.1375623],[71.4669994,51.1374797],[71.4670205,51.1374857]]]},"properties":{"OBJECTID":1692,"kind":"park","name":"Озеленение","source":"Astana municipal open geoportal","source_url":"https://gis.esaulet.kz/server/rest/services/Sloi_geoportala_otkrytiy_kontur_0702/MapServer/26","sourceId":"astana-municipal-green"}},{"type":"Feature","id":"municipal-green-1693","geometry":{"type":"Polygon","coordinates":[[[71.4674899,51.1374902],[71.4674035,51.1376104],[71.467385,51.137601],[71.467457,51.1374985],[71.4674899,51.1374902]]]},"properties":{"OBJECTID":1693,"kind":"park","name":"Озеленение","source":"Astana municipal open geoportal","source_url":"https://gis.esaulet.kz/server/rest/services/Sloi_geoportala_otkrytiy_kontur_0702/MapServer/26","sourceId":"astana-municipal-green"}},{"type":"Feature","id":"municipal-green-1694","geometry":{"type":"Polygon","coordinates":[[[71.4303782,51.1142558],[71.4302531,51.1142723],[71.4302359,51.1142208],[71.4303611,51.1142043],[71.4303782,51.1142558]]]},"properties":{"OBJECTID":1694,"kind":"park","name":"Озеленение","source":"Astana municipal open geoportal","source_url":"https://gis.esaulet.kz/server/rest/services/Sloi_geoportala_otkrytiy_kontur_0702/MapServer/26","sourceId":"astana-municipal-green"}},{"type":"Feature","id":"municipal-green-1695","geometry":{"type":"Polygon","coordinates":[[[71.4302242,51.1142766],[71.4301004,51.1142939],[71.4300827,51.1142439],[71.4302065,51.1142266],[71.4302242,51.1142766]]]},"properties":{"OBJECTID":1695,"kind":"park","name":"Озеленение","source":"Astana municipal open geoportal","source_url":"https://gis.esaulet.kz/server/rest/services/Sloi_geoportala_otkrytiy_kontur_0702/MapServer/26","sourceId":"astana-municipal-green"}},{"type":"Feature","id":"municipal-green-1698","geometry":{"type":"Polygon","coordinates":[[[71.4300719,51.114298],[71.4299801,51.1143118],[71.4299609,51.1142613],[71.4300527,51.1142475],[71.4300719,51.114298]]]},"properties":{"OBJECTID":1698,"kind":"park","name":"Озеленение","source":"Astana municipal open geoportal","source_url":"https://gis.esaulet.kz/server/rest/services/Sloi_geoportala_otkrytiy_kontur_0702/MapServer/26","sourceId":"astana-municipal-green"}},{"type":"Feature","id":"municipal-green-1699","geometry":{"type":"Polygon","coordinates":[[[71.4305858,51.1145075],[71.4305133,51.1145173],[71.4304624,51.1143685],[71.4305348,51.1143587],[71.4305858,51.1145075]]]},"properties":{"OBJECTID":1699,"kind":"park","name":"Озеленение","source":"Astana municipal open geoportal","source_url":"https://gis.esaulet.kz/server/rest/services/Sloi_geoportala_otkrytiy_kontur_0702/MapServer/26","sourceId":"astana-municipal-green"}},{"type":"Feature","id":"municipal-green-1700","geometry":{"type":"Polygon","coordinates":[[[71.4310321,51.1146657],[71.4309906,51.1146717],[71.4309232,51.1144879],[71.4309647,51.1144819],[71.4310321,51.1146657]]]},"properties":{"OBJECTID":1700,"kind":"park","name":"Озеленение","source":"Astana municipal open geoportal","source_url":"https://gis.esaulet.kz/server/rest/services/Sloi_geoportala_otkrytiy_kontur_0702/MapServer/26","sourceId":"astana-municipal-green"}},{"type":"Feature","id":"municipal-green-1705","geometry":{"type":"Polygon","coordinates":[[[71.4307253,51.1148939],[71.4306556,51.1149041],[71.4306006,51.1147558],[71.4306703,51.1147456],[71.4307253,51.1148939]]]},"properties":{"OBJECTID":1705,"kind":"park","name":"Озеленение","source":"Astana municipal open geoportal","source_url":"https://gis.esaulet.kz/server/rest/services/Sloi_geoportala_otkrytiy_kontur_0702/MapServer/26","sourceId":"astana-municipal-green"}},{"type":"Feature","id":"municipal-green-1706","geometry":{"type":"Polygon","coordinates":[[[71.4305196,51.1151013],[71.4303957,51.1151188],[71.4303779,51.1150703],[71.4305016,51.1150523],[71.4305196,51.1151013]]]},"properties":{"OBJECTID":1706,"kind":"park","name":"Озеленение","source":"Astana municipal open geoportal","source_url":"https://gis.esaulet.kz/server/rest/services/Sloi_geoportala_otkrytiy_kontur_0702/MapServer/26","sourceId":"astana-municipal-green"}},{"type":"Feature","id":"municipal-green-1707","geometry":{"type":"Polygon","coordinates":[[[71.4718999,51.144089],[71.4718352,51.1441299],[71.4718114,51.1440993],[71.4718279,51.1440691],[71.4718999,51.144089]]]},"properties":{"OBJECTID":1707,"kind":"park","name":"Озеленение","source":"Astana municipal open geoportal","source_url":"https://gis.esaulet.kz/server/rest/services/Sloi_geoportala_otkrytiy_kontur_0702/MapServer/26","sourceId":"astana-municipal-green"}},{"type":"Feature","id":"municipal-green-1708","geometry":{"type":"Polygon","coordinates":[[[71.4677963,51.1429397],[71.4677367,51.142949],[71.4671359,51.1427747],[71.4671058,51.1427353],[71.4678245,51.1429304],[71.4677963,51.1429397]]]},"properties":{"OBJECTID":1708,"kind":"park","name":"Озеленение","source":"Astana municipal open geoportal","source_url":"https://gis.esaulet.kz/server/rest/services/Sloi_geoportala_otkrytiy_kontur_0702/MapServer/26","sourceId":"astana-municipal-green"}},{"type":"Feature","id":"municipal-green-1714","geometry":{"type":"Polygon","coordinates":[[[71.4126701,51.1413618],[71.4126263,51.1413713],[71.4124424,51.1412296],[71.4124586,51.1412171],[71.4126701,51.1413618]]]},"properties":{"OBJECTID":1714,"kind":"park","name":"Озеленение","source":"Astana municipal open geoportal","source_url":"https://gis.esaulet.kz/server/rest/services/Sloi_geoportala_otkrytiy_kontur_0702/MapServer/26","sourceId":"astana-municipal-green"}},{"type":"Feature","id":"municipal-green-1717","geometry":{"type":"Polygon","coordinates":[[[71.4553962,51.1184348],[71.455434,51.1183937],[71.45548,51.11839],[71.4554849,51.1184141],[71.4554332,51.1184626],[71.4554084,51.1184664],[71.4553962,51.1184348]]]},"properties":{"OBJECTID":1717,"kind":"park","name":"Озеленение","source":"Astana municipal open geoportal","source_url":"https://gis.esaulet.kz/server/rest/services/Sloi_geoportala_otkrytiy_kontur_0702/MapServer/26","sourceId":"astana-municipal-green"}},{"type":"Feature","id":"municipal-green-1718","geometry":{"type":"Polygon","coordinates":[[[71.4653428,51.1697526],[71.4654461,51.1698073],[71.4652281,51.1698764],[71.4651629,51.1697987],[71.4653428,51.1697526]]]},"properties":{"OBJECTID":1718,"kind":"park","name":"Озеленение","source":"Astana municipal open geoportal","source_url":"https://gis.esaulet.kz/server/rest/services/Sloi_geoportala_otkrytiy_kontur_0702/MapServer/26","sourceId":"astana-municipal-green"}},{"type":"Feature","id":"municipal-green-1729","geometry":{"type":"Polygon","coordinates":[[[71.413251,51.1422747],[71.4133026,51.142306],[71.4132261,51.1422757],[71.413251,51.1422747]]]},"properties":{"OBJECTID":1729,"kind":"park","name":"Озеленение","source":"Astana municipal open geoportal","source_url":"https://gis.esaulet.kz/server/rest/services/Sloi_geoportala_otkrytiy_kontur_0702/MapServer/26","sourceId":"astana-municipal-green"}},{"type":"Feature","id":"municipal-green-1730","geometry":{"type":"Polygon","coordinates":[[[71.4127577,51.1414198],[71.4129587,51.1415528],[71.4129113,51.1415616],[71.4127431,51.1414498],[71.4127577,51.1414198]]]},"properties":{"OBJECTID":1730,"kind":"park","name":"Озеленение","source":"Astana municipal open geoportal","source_url":"https://gis.esaulet.kz/server/rest/services/Sloi_geoportala_otkrytiy_kontur_0702/MapServer/26","sourceId":"astana-municipal-green"}},{"type":"Feature","id":"municipal-green-1731","geometry":{"type":"Polygon","coordinates":[[[71.4135875,51.1421998],[71.413542,51.1421795],[71.41348,51.1420204],[71.4134979,51.1420012],[71.4135875,51.1421998]]]},"properties":{"OBJECTID":1731,"kind":"park","name":"Озеленение","source":"Astana municipal open geoportal","source_url":"https://gis.esaulet.kz/server/rest/services/Sloi_geoportala_otkrytiy_kontur_0702/MapServer/26","sourceId":"astana-municipal-green"}},{"type":"Feature","id":"municipal-green-1743","geometry":{"type":"Polygon","coordinates":[[[71.3992824,51.1631623],[71.3992655,51.1632181],[71.3987414,51.1631529],[71.3987,51.1631227],[71.3987256,51.1630477],[71.3987853,51.1630364],[71.3987645,51.1630991],[71.3992824,51.1631623]]]},"properties":{"OBJECTID":1743,"kind":"park","name":"Озеленение","source":"Astana municipal open geoportal","source_url":"https://gis.esaulet.kz/server/rest/services/Sloi_geoportala_otkrytiy_kontur_0702/MapServer/26","sourceId":"astana-municipal-green"}},{"type":"Feature","id":"municipal-green-1757","geometry":{"type":"Polygon","coordinates":[[[71.3985727,51.1631726],[71.39873,51.162587],[71.3987898,51.1625957],[71.3986247,51.1630776],[71.3986513,51.1630812],[71.3986121,51.1631786],[71.3985727,51.1631726]]]},"properties":{"OBJECTID":1757,"kind":"park","name":"Озеленение","source":"Astana municipal open geoportal","source_url":"https://gis.esaulet.kz/server/rest/services/Sloi_geoportala_otkrytiy_kontur_0702/MapServer/26","sourceId":"astana-municipal-green"}},{"type":"Feature","id":"municipal-green-1808","geometry":{"type":"Polygon","coordinates":[[[71.469001,51.1206421],[71.4687798,51.1206763],[71.4687712,51.1206548],[71.4689924,51.1206203],[71.469001,51.1206421]]]},"properties":{"OBJECTID":1808,"kind":"park","name":"Озеленение","source":"Astana municipal open geoportal","source_url":"https://gis.esaulet.kz/server/rest/services/Sloi_geoportala_otkrytiy_kontur_0702/MapServer/26","sourceId":"astana-municipal-green"}},{"type":"Feature","id":"municipal-green-1809","geometry":{"type":"Polygon","coordinates":[[[71.4695727,51.120552],[71.4693492,51.1205874],[71.4693407,51.120566],[71.4695645,51.1205311],[71.4695727,51.120552]]]},"properties":{"OBJECTID":1809,"kind":"park","name":"Озеленение","source":"Astana municipal open geoportal","source_url":"https://gis.esaulet.kz/server/rest/services/Sloi_geoportala_otkrytiy_kontur_0702/MapServer/26","sourceId":"astana-municipal-green"}},{"type":"Feature","id":"municipal-green-1810","geometry":{"type":"Polygon","coordinates":[[[71.4706206,51.1240745],[71.4704834,51.1240966],[71.4704509,51.1240154],[71.4705891,51.1239937],[71.4706206,51.1240745]]]},"properties":{"OBJECTID":1810,"kind":"park","name":"Озеленение","source":"Astana municipal open geoportal","source_url":"https://gis.esaulet.kz/server/rest/services/Sloi_geoportala_otkrytiy_kontur_0702/MapServer/26","sourceId":"astana-municipal-green"}},{"type":"Feature","id":"municipal-green-1811","geometry":{"type":"Polygon","coordinates":[[[71.4710243,51.1241263],[71.4708878,51.1241478],[71.4708542,51.124068],[71.4709889,51.1240462],[71.4710243,51.1241263]]]},"properties":{"OBJECTID":1811,"kind":"park","name":"Озеленение","source":"Astana municipal open geoportal","source_url":"https://gis.esaulet.kz/server/rest/services/Sloi_geoportala_otkrytiy_kontur_0702/MapServer/26","sourceId":"astana-municipal-green"}},{"type":"Feature","id":"municipal-green-1812","geometry":{"type":"Polygon","coordinates":[[[71.4698992,51.1241887],[71.4697623,51.1242107],[71.4697289,51.1241297],[71.4698665,51.1241083],[71.4698992,51.1241887]]]},"properties":{"OBJECTID":1812,"kind":"park","name":"Озеленение","source":"Astana municipal open geoportal","source_url":"https://gis.esaulet.kz/server/rest/services/Sloi_geoportala_otkrytiy_kontur_0702/MapServer/26","sourceId":"astana-municipal-green"}},{"type":"Feature","id":"municipal-green-1813","geometry":{"type":"Polygon","coordinates":[[[71.4697891,51.1200544],[71.4696513,51.1200764],[71.46962,51.1199943],[71.4697584,51.1199732],[71.4697891,51.1200544]]]},"properties":{"OBJECTID":1813,"kind":"park","name":"Озеленение","source":"Astana municipal open geoportal","source_url":"https://gis.esaulet.kz/server/rest/services/Sloi_geoportala_otkrytiy_kontur_0702/MapServer/26","sourceId":"astana-municipal-green"}},{"type":"Feature","id":"municipal-green-1814","geometry":{"type":"Polygon","coordinates":[[[71.4687712,51.1206548],[71.4687368,51.1206602],[71.468712,51.1205993],[71.4687467,51.1205938],[71.4687712,51.1206548]]]},"properties":{"OBJECTID":1814,"kind":"park","name":"Озеленение","source":"Astana municipal open geoportal","source_url":"https://gis.esaulet.kz/server/rest/services/Sloi_geoportala_otkrytiy_kontur_0702/MapServer/26","sourceId":"astana-municipal-green"}},{"type":"Feature","id":"municipal-green-1815","geometry":{"type":"Polygon","coordinates":[[[71.4687115,51.120506],[71.4687359,51.1205669],[71.4687022,51.1205724],[71.468677,51.1205113],[71.4687115,51.120506]]]},"properties":{"OBJECTID":1815,"kind":"park","name":"Озеленение","source":"Astana municipal open geoportal","source_url":"https://gis.esaulet.kz/server/rest/services/Sloi_geoportala_otkrytiy_kontur_0702/MapServer/26","sourceId":"astana-municipal-green"}},{"type":"Feature","id":"municipal-green-1816","geometry":{"type":"Polygon","coordinates":[[[71.4695726,51.1204649],[71.4695974,51.1205259],[71.4695645,51.1205311],[71.4695403,51.12047],[71.4695726,51.1204649]]]},"properties":{"OBJECTID":1816,"kind":"park","name":"Озеленение","source":"Astana municipal open geoportal","source_url":"https://gis.esaulet.kz/server/rest/services/Sloi_geoportala_otkrytiy_kontur_0702/MapServer/26","sourceId":"astana-municipal-green"}},{"type":"Feature","id":"municipal-green-1817","geometry":{"type":"Polygon","coordinates":[[[71.4695348,51.1217299],[71.4694702,51.1217394],[71.469454,51.121699],[71.4695175,51.1216892],[71.4695348,51.1217299]]]},"properties":{"OBJECTID":1817,"kind":"park","name":"Озеленение","source":"Astana municipal open geoportal","source_url":"https://gis.esaulet.kz/server/rest/services/Sloi_geoportala_otkrytiy_kontur_0702/MapServer/26","sourceId":"astana-municipal-green"}},{"type":"Feature","id":"municipal-green-1818","geometry":{"type":"Polygon","coordinates":[[[71.4707928,51.1236341],[71.4705713,51.1236691],[71.4705616,51.1236471],[71.4707834,51.1236124],[71.4707928,51.1236341]]]},"properties":{"OBJECTID":1818,"kind":"park","name":"Озеленение","source":"Astana municipal open geoportal","source_url":"https://gis.esaulet.kz/server/rest/services/Sloi_geoportala_otkrytiy_kontur_0702/MapServer/26","sourceId":"astana-municipal-green"}},{"type":"Feature","id":"municipal-green-1819","geometry":{"type":"Polygon","coordinates":[[[71.4391648,51.1169297],[71.439151,51.1169224],[71.439349,51.1169032],[71.4391648,51.1169297]]]},"properties":{"OBJECTID":1819,"kind":"park","name":"Озеленение","source":"Astana municipal open geoportal","source_url":"https://gis.esaulet.kz/server/rest/services/Sloi_geoportala_otkrytiy_kontur_0702/MapServer/26","sourceId":"astana-municipal-green"}},{"type":"Feature","id":"municipal-green-1820","geometry":{"type":"Polygon","coordinates":[[[71.4706458,51.1531516],[71.4707116,51.1531694],[71.4707207,51.1531916],[71.470666,51.1532629],[71.470831,51.1532938],[71.4708051,51.1533558],[71.4708831,51.1533795],[71.4708431,51.1534317],[71.4709012,51.1534493],[71.4708793,51.1535088],[71.4709672,51.1535355],[71.4710099,51.1536047],[71.4708664,51.1536356],[71.4706056,51.1531625],[71.4706458,51.1531516]]]},"properties":{"OBJECTID":1820,"kind":"park","name":"Озеленение","source":"Astana municipal open geoportal","source_url":"https://gis.esaulet.kz/server/rest/services/Sloi_geoportala_otkrytiy_kontur_0702/MapServer/26","sourceId":"astana-municipal-green"}},{"type":"Feature","id":"municipal-green-1824","geometry":{"type":"Polygon","coordinates":[[[71.4832323,51.1477785],[71.4832844,51.1477019],[71.4834158,51.1477394],[71.4833611,51.1478153],[71.4832323,51.1477785]]]},"properties":{"OBJECTID":1824,"kind":"park","name":"Озеленение","source":"Astana municipal open geoportal","source_url":"https://gis.esaulet.kz/server/rest/services/Sloi_geoportala_otkrytiy_kontur_0702/MapServer/26","sourceId":"astana-municipal-green"}},{"type":"Feature","id":"municipal-green-1825","geometry":{"type":"Polygon","coordinates":[[[71.476093,51.1385372],[71.4759916,51.1385083],[71.4759722,51.1385347],[71.475936,51.1385241],[71.4759937,51.1384764],[71.476107,51.1385097],[71.476093,51.1385372]]]},"properties":{"OBJECTID":1825,"kind":"park","name":"Озеленение","source":"Astana municipal open geoportal","source_url":"https://gis.esaulet.kz/server/rest/services/Sloi_geoportala_otkrytiy_kontur_0702/MapServer/26","sourceId":"astana-municipal-green"}},{"type":"Feature","id":"municipal-green-1826","geometry":{"type":"Polygon","coordinates":[[[71.476126,51.1387011],[71.4760946,51.1387364],[71.4758905,51.1386695],[71.4759123,51.1386401],[71.476126,51.1387011]]]},"properties":{"OBJECTID":1826,"kind":"park","name":"Озеленение","source":"Astana municipal open geoportal","source_url":"https://gis.esaulet.kz/server/rest/services/Sloi_geoportala_otkrytiy_kontur_0702/MapServer/26","sourceId":"astana-municipal-green"}},{"type":"Feature","id":"municipal-green-1827","geometry":{"type":"Polygon","coordinates":[[[71.4579208,51.1089611],[71.4578383,51.1089999],[71.4576916,51.1088764],[71.4577741,51.1088376],[71.4579208,51.1089611]]]},"properties":{"OBJECTID":1827,"kind":"park","name":"Озеленение","source":"Astana municipal open geoportal","source_url":"https://gis.esaulet.kz/server/rest/services/Sloi_geoportala_otkrytiy_kontur_0702/MapServer/26","sourceId":"astana-municipal-green"}},{"type":"Feature","id":"municipal-green-1828","geometry":{"type":"Polygon","coordinates":[[[71.471138,51.1536384],[71.4712364,51.1536171],[71.4713276,51.1536448],[71.4713663,51.1535943],[71.4714477,51.153619],[71.4714866,51.1535683],[71.4715652,51.1535916],[71.4714939,51.1536647],[71.4711869,51.1537307],[71.471138,51.1536384]]]},"properties":{"OBJECTID":1828,"kind":"park","name":"Озеленение","source":"Astana municipal open geoportal","source_url":"https://gis.esaulet.kz/server/rest/services/Sloi_geoportala_otkrytiy_kontur_0702/MapServer/26","sourceId":"astana-municipal-green"}},{"type":"Feature","id":"municipal-green-1829","geometry":{"type":"Polygon","coordinates":[[[71.4020204,51.0904892],[71.4019385,51.0904746],[71.4018039,51.0900988],[71.4019203,51.0900601],[71.4020227,51.0899655],[71.4020738,51.0899575],[71.4022291,51.0903887],[71.4021938,51.0904289],[71.4020204,51.0904892]]]},"properties":{"OBJECTID":1829,"kind":"park","name":"Озеленение","source":"Astana municipal open geoportal","source_url":"https://gis.esaulet.kz/server/rest/services/Sloi_geoportala_otkrytiy_kontur_0702/MapServer/26","sourceId":"astana-municipal-green"}},{"type":"Feature","id":"municipal-green-1830","geometry":{"type":"Polygon","coordinates":[[[71.402128,51.0908092],[71.4021295,51.0908306],[71.4020779,51.0908432],[71.401892,51.0908202],[71.4017972,51.0907682],[71.4017514,51.0906841],[71.401876,51.0906234],[71.4019846,51.0906334],[71.402128,51.0908092]]]},"properties":{"OBJECTID":1830,"kind":"park","name":"Озеленение","source":"Astana municipal open geoportal","source_url":"https://gis.esaulet.kz/server/rest/services/Sloi_geoportala_otkrytiy_kontur_0702/MapServer/26","sourceId":"astana-municipal-green"}},{"type":"Feature","id":"municipal-green-1831","geometry":{"type":"Polygon","coordinates":[[[71.4014294,51.0889436],[71.4014676,51.0889643],[71.4014582,51.0891626],[71.4013655,51.0892007],[71.401203,51.089177],[71.4011907,51.08911],[71.4012364,51.0890285],[71.4013088,51.0889787],[71.4014294,51.0889436]]]},"properties":{"OBJECTID":1831,"kind":"park","name":"Озеленение","source":"Astana municipal open geoportal","source_url":"https://gis.esaulet.kz/server/rest/services/Sloi_geoportala_otkrytiy_kontur_0702/MapServer/26","sourceId":"astana-municipal-green"}},{"type":"Feature","id":"municipal-green-1832","geometry":{"type":"Polygon","coordinates":[[[71.4714512,51.1226515],[71.4715012,51.1227786],[71.4714247,51.1227829],[71.47138,51.1226618],[71.4714512,51.1226515]]]},"properties":{"OBJECTID":1832,"kind":"park","name":"Озеленение","source":"Astana municipal open geoportal","source_url":"https://gis.esaulet.kz/server/rest/services/Sloi_geoportala_otkrytiy_kontur_0702/MapServer/26","sourceId":"astana-municipal-green"}},{"type":"Feature","id":"municipal-green-1833","geometry":{"type":"Polygon","coordinates":[[[71.4713751,51.1226496],[71.4711864,51.1221554],[71.4712803,51.1221405],[71.4714752,51.1226339],[71.4713751,51.1226496]]]},"properties":{"OBJECTID":1833,"kind":"park","name":"Озеленение","source":"Astana municipal open geoportal","source_url":"https://gis.esaulet.kz/server/rest/services/Sloi_geoportala_otkrytiy_kontur_0702/MapServer/26","sourceId":"astana-municipal-green"}},{"type":"Feature","id":"municipal-green-1834","geometry":{"type":"Polygon","coordinates":[[[71.4711266,51.1217035],[71.4710266,51.1217185],[71.4708331,51.1212285],[71.470925,51.1212138],[71.4711266,51.1217035]]]},"properties":{"OBJECTID":1834,"kind":"park","name":"Озеленение","source":"Astana municipal open geoportal","source_url":"https://gis.esaulet.kz/server/rest/services/Sloi_geoportala_otkrytiy_kontur_0702/MapServer/26","sourceId":"astana-municipal-green"}},{"type":"Feature","id":"municipal-green-1835","geometry":{"type":"Polygon","coordinates":[[[71.4708289,51.1212165],[71.470782,51.1211007],[71.4708481,51.1210803],[71.4709058,51.1212039],[71.4708289,51.1212165]]]},"properties":{"OBJECTID":1835,"kind":"park","name":"Озеленение","source":"Astana municipal open geoportal","source_url":"https://gis.esaulet.kz/server/rest/services/Sloi_geoportala_otkrytiy_kontur_0702/MapServer/26","sourceId":"astana-municipal-green"}},{"type":"Feature","id":"municipal-green-1836","geometry":{"type":"Polygon","coordinates":[[[71.4705929,51.1206168],[71.4705468,51.1204997],[71.4706226,51.1204886],[71.4706643,51.1206152],[71.4705929,51.1206168]]]},"properties":{"OBJECTID":1836,"kind":"park","name":"Озеленение","source":"Astana municipal open geoportal","source_url":"https://gis.esaulet.kz/server/rest/services/Sloi_geoportala_otkrytiy_kontur_0702/MapServer/26","sourceId":"astana-municipal-green"}},{"type":"Feature","id":"municipal-green-1837","geometry":{"type":"Polygon","coordinates":[[[71.4692712,51.1224254],[71.4693945,51.1224074],[71.4694831,51.1226464],[71.4696007,51.1226235],[71.4696324,51.1227021],[71.469368,51.1227428],[71.4692427,51.1224308],[71.4692712,51.1224254]]]},"properties":{"OBJECTID":1837,"kind":"park","name":"Озеленение","source":"Astana municipal open geoportal","source_url":"https://gis.esaulet.kz/server/rest/services/Sloi_geoportala_otkrytiy_kontur_0702/MapServer/26","sourceId":"astana-municipal-green"}},{"type":"Feature","id":"municipal-green-1838","geometry":{"type":"Polygon","coordinates":[[[71.4698908,51.1226269],[71.4698262,51.1226364],[71.46981,51.1225961],[71.4698744,51.1225865],[71.4698908,51.1226269]]]},"properties":{"OBJECTID":1838,"kind":"park","name":"Озеленение","source":"Astana municipal open geoportal","source_url":"https://gis.esaulet.kz/server/rest/services/Sloi_geoportala_otkrytiy_kontur_0702/MapServer/26","sourceId":"astana-municipal-green"}},{"type":"Feature","id":"municipal-green-1839","geometry":{"type":"Polygon","coordinates":[[[71.4716768,51.1233909],[71.4717744,51.1233747],[71.4719396,51.1238078],[71.4718485,51.1238222],[71.4716768,51.1233909]]]},"properties":{"OBJECTID":1839,"kind":"park","name":"Озеленение","source":"Astana municipal open geoportal","source_url":"https://gis.esaulet.kz/server/rest/services/Sloi_geoportala_otkrytiy_kontur_0702/MapServer/26","sourceId":"astana-municipal-green"}},{"type":"Feature","id":"municipal-green-1840","geometry":{"type":"Polygon","coordinates":[[[71.4728621,51.121552],[71.4728428,51.1215025],[71.4729642,51.1214824],[71.4729843,51.1215331],[71.4728621,51.121552]]]},"properties":{"OBJECTID":1840,"kind":"park","name":"Озеленение","source":"Astana municipal open geoportal","source_url":"https://gis.esaulet.kz/server/rest/services/Sloi_geoportala_otkrytiy_kontur_0702/MapServer/26","sourceId":"astana-municipal-green"}},{"type":"Feature","id":"municipal-green-1841","geometry":{"type":"Polygon","coordinates":[[[71.4729643,51.1218105],[71.4729446,51.121759],[71.4730665,51.12174],[71.4730854,51.1217909],[71.4729643,51.1218105]]]},"properties":{"OBJECTID":1841,"kind":"park","name":"Озеленение","source":"Astana municipal open geoportal","source_url":"https://gis.esaulet.kz/server/rest/services/Sloi_geoportala_otkrytiy_kontur_0702/MapServer/26","sourceId":"astana-municipal-green"}},{"type":"Feature","id":"municipal-green-1842","geometry":{"type":"Polygon","coordinates":[[[71.473194,51.1217737],[71.4731746,51.1217221],[71.4737964,51.1216246],[71.4738168,51.1216762],[71.473194,51.1217737]]]},"properties":{"OBJECTID":1842,"kind":"park","name":"Озеленение","source":"Astana municipal open geoportal","source_url":"https://gis.esaulet.kz/server/rest/services/Sloi_geoportala_otkrytiy_kontur_0702/MapServer/26","sourceId":"astana-municipal-green"}},{"type":"Feature","id":"municipal-green-1843","geometry":{"type":"Polygon","coordinates":[[[71.471587,51.1220267],[71.4715666,51.1219748],[71.4718297,51.1219334],[71.4718508,51.1219856],[71.471587,51.1220267]]]},"properties":{"OBJECTID":1843,"kind":"park","name":"Озеленение","source":"Astana municipal open geoportal","source_url":"https://gis.esaulet.kz/server/rest/services/Sloi_geoportala_otkrytiy_kontur_0702/MapServer/26","sourceId":"astana-municipal-green"}},{"type":"Feature","id":"municipal-green-1844","geometry":{"type":"Polygon","coordinates":[[[71.4717498,51.1217276],[71.4714876,51.1217705],[71.4714678,51.1217183],[71.4717296,51.1216763],[71.4717498,51.1217276]]]},"properties":{"OBJECTID":1844,"kind":"park","name":"Озеленение","source":"Astana municipal open geoportal","source_url":"https://gis.esaulet.kz/server/rest/services/Sloi_geoportala_otkrytiy_kontur_0702/MapServer/26","sourceId":"astana-municipal-green"}},{"type":"Feature","id":"municipal-green-1845","geometry":{"type":"Polygon","coordinates":[[[71.4384093,51.1167683],[71.4382795,51.1167877],[71.4383744,51.1167524],[71.4384093,51.1167683]]]},"properties":{"OBJECTID":1845,"kind":"park","name":"Озеленение","source":"Astana municipal open geoportal","source_url":"https://gis.esaulet.kz/server/rest/services/Sloi_geoportala_otkrytiy_kontur_0702/MapServer/26","sourceId":"astana-municipal-green"}},{"type":"Feature","id":"municipal-green-1846","geometry":{"type":"Polygon","coordinates":[[[71.4375476,51.116603],[71.4375795,51.1166108],[71.4376046,51.1166866],[71.4374726,51.1167061],[71.4374774,51.1166383],[71.4375476,51.116603]]]},"properties":{"OBJECTID":1846,"kind":"park","name":"Озеленение","source":"Astana municipal open geoportal","source_url":"https://gis.esaulet.kz/server/rest/services/Sloi_geoportala_otkrytiy_kontur_0702/MapServer/26","sourceId":"astana-municipal-green"}},{"type":"Feature","id":"municipal-green-1847","geometry":{"type":"Polygon","coordinates":[[[71.4574641,51.1095844],[71.4574275,51.1096019],[71.4573276,51.1095174],[71.4573669,51.1094988],[71.4574641,51.1095844]]]},"properties":{"OBJECTID":1847,"kind":"park","name":"Озеленение","source":"Astana municipal open geoportal","source_url":"https://gis.esaulet.kz/server/rest/services/Sloi_geoportala_otkrytiy_kontur_0702/MapServer/26","sourceId":"astana-municipal-green"}},{"type":"Feature","id":"municipal-green-1848","geometry":{"type":"Polygon","coordinates":[[[71.4578406,51.1094064],[71.457497,51.1095689],[71.4573966,51.1094847],[71.4577397,51.109322],[71.4578406,51.1094064]]]},"properties":{"OBJECTID":1848,"kind":"park","name":"Озеленение","source":"Astana municipal open geoportal","source_url":"https://gis.esaulet.kz/server/rest/services/Sloi_geoportala_otkrytiy_kontur_0702/MapServer/26","sourceId":"astana-municipal-green"}},{"type":"Feature","id":"municipal-green-1849","geometry":{"type":"Polygon","coordinates":[[[71.4579036,51.1093766],[71.4578734,51.1093909],[71.4577704,51.1093074],[71.4578035,51.1092919],[71.4579036,51.1093766]]]},"properties":{"OBJECTID":1849,"kind":"park","name":"Озеленение","source":"Astana municipal open geoportal","source_url":"https://gis.esaulet.kz/server/rest/services/Sloi_geoportala_otkrytiy_kontur_0702/MapServer/26","sourceId":"astana-municipal-green"}},{"type":"Feature","id":"municipal-green-1850","geometry":{"type":"Polygon","coordinates":[[[71.4294124,51.11605],[71.4292418,51.1160901],[71.4292241,51.1160764],[71.4292314,51.1160589],[71.4294124,51.11605]]]},"properties":{"OBJECTID":1850,"kind":"park","name":"Озеленение","source":"Astana municipal open geoportal","source_url":"https://gis.esaulet.kz/server/rest/services/Sloi_geoportala_otkrytiy_kontur_0702/MapServer/26","sourceId":"astana-municipal-green"}},{"type":"Feature","id":"municipal-green-1851","geometry":{"type":"Polygon","coordinates":[[[71.4109512,51.0849533],[71.4107884,51.0849793],[71.4107174,51.0849623],[71.4115384,51.0848445],[71.4115649,51.0849185],[71.4112073,51.0849704],[71.4109512,51.0849533]]]},"properties":{"OBJECTID":1851,"kind":"park","name":"Озеленение","source":"Astana municipal open geoportal","source_url":"https://gis.esaulet.kz/server/rest/services/Sloi_geoportala_otkrytiy_kontur_0702/MapServer/26","sourceId":"astana-municipal-green"}},{"type":"Feature","id":"municipal-green-1852","geometry":{"type":"Polygon","coordinates":[[[71.4266799,51.1161528],[71.4264847,51.1161801],[71.4266689,51.1161421],[71.4266799,51.1161528]]]},"properties":{"OBJECTID":1852,"kind":"park","name":"Озеленение","source":"Astana municipal open geoportal","source_url":"https://gis.esaulet.kz/server/rest/services/Sloi_geoportala_otkrytiy_kontur_0702/MapServer/26","sourceId":"astana-municipal-green"}},{"type":"Feature","id":"municipal-green-1853","geometry":{"type":"Polygon","coordinates":[[[71.4260347,51.1162377],[71.4260457,51.116304],[71.4258514,51.1163338],[71.4258023,51.1163128],[71.4257772,51.1162691],[71.4260347,51.1162377]]]},"properties":{"OBJECTID":1853,"kind":"park","name":"Озеленение","source":"Astana municipal open geoportal","source_url":"https://gis.esaulet.kz/server/rest/services/Sloi_geoportala_otkrytiy_kontur_0702/MapServer/26","sourceId":"astana-municipal-green"}},{"type":"Feature","id":"municipal-green-1854","geometry":{"type":"Polygon","coordinates":[[[71.4254024,51.1163328],[71.4254002,51.1163455],[71.4251996,51.1163629],[71.4254024,51.1163328]]]},"properties":{"OBJECTID":1854,"kind":"park","name":"Озеленение","source":"Astana municipal open geoportal","source_url":"https://gis.esaulet.kz/server/rest/services/Sloi_geoportala_otkrytiy_kontur_0702/MapServer/26","sourceId":"astana-municipal-green"}},{"type":"Feature","id":"municipal-green-1855","geometry":{"type":"Polygon","coordinates":[[[71.4251787,51.116366],[71.4249796,51.1163937],[71.4251686,51.1163549],[71.4251787,51.116366]]]},"properties":{"OBJECTID":1855,"kind":"park","name":"Озеленение","source":"Astana municipal open geoportal","source_url":"https://gis.esaulet.kz/server/rest/services/Sloi_geoportala_otkrytiy_kontur_0702/MapServer/26","sourceId":"astana-municipal-green"}},{"type":"Feature","id":"municipal-green-1856","geometry":{"type":"Polygon","coordinates":[[[71.4249583,51.1163967],[71.424756,51.1164268],[71.4247588,51.1164139],[71.4249583,51.1163967]]]},"properties":{"OBJECTID":1856,"kind":"park","name":"Озеленение","source":"Astana municipal open geoportal","source_url":"https://gis.esaulet.kz/server/rest/services/Sloi_geoportala_otkrytiy_kontur_0702/MapServer/26","sourceId":"astana-municipal-green"}},{"type":"Feature","id":"municipal-green-1857","geometry":{"type":"Polygon","coordinates":[[[71.4805675,51.1315657],[71.4807649,51.1315182],[71.4807754,51.1315355],[71.480578,51.1315829],[71.4805675,51.1315657]]]},"properties":{"OBJECTID":1857,"kind":"park","name":"Озеленение","source":"Astana municipal open geoportal","source_url":"https://gis.esaulet.kz/server/rest/services/Sloi_geoportala_otkrytiy_kontur_0702/MapServer/26","sourceId":"astana-municipal-green"}},{"type":"Feature","id":"municipal-green-1858","geometry":{"type":"Polygon","coordinates":[[[71.4809259,51.1314796],[71.4810783,51.1314424],[71.4810891,51.13146],[71.4809365,51.1314969],[71.4809259,51.1314796]]]},"properties":{"OBJECTID":1858,"kind":"park","name":"Озеленение","source":"Astana municipal open geoportal","source_url":"https://gis.esaulet.kz/server/rest/services/Sloi_geoportala_otkrytiy_kontur_0702/MapServer/26","sourceId":"astana-municipal-green"}},{"type":"Feature","id":"municipal-green-1859","geometry":{"type":"Polygon","coordinates":[[[71.4811468,51.1314268],[71.4812005,51.1314138],[71.4812111,51.1314311],[71.4811571,51.1314438],[71.4811468,51.1314268]]]},"properties":{"OBJECTID":1859,"kind":"park","name":"Озеленение","source":"Astana municipal open geoportal","source_url":"https://gis.esaulet.kz/server/rest/services/Sloi_geoportala_otkrytiy_kontur_0702/MapServer/26","sourceId":"astana-municipal-green"}},{"type":"Feature","id":"municipal-green-1860","geometry":{"type":"Polygon","coordinates":[[[71.4812645,51.1314184],[71.4812542,51.1314011],[71.4814305,51.1313589],[71.481441,51.1313765],[71.4812645,51.1314184]]]},"properties":{"OBJECTID":1860,"kind":"park","name":"Озеленение","source":"Astana municipal open geoportal","source_url":"https://gis.esaulet.kz/server/rest/services/Sloi_geoportala_otkrytiy_kontur_0702/MapServer/26","sourceId":"astana-municipal-green"}},{"type":"Feature","id":"municipal-green-1861","geometry":{"type":"Polygon","coordinates":[[[71.4815153,51.1313585],[71.4815048,51.1313412],[71.4817301,51.131288],[71.48174,51.1313044],[71.4815153,51.1313585]]]},"properties":{"OBJECTID":1861,"kind":"park","name":"Озеленение","source":"Astana municipal open geoportal","source_url":"https://gis.esaulet.kz/server/rest/services/Sloi_geoportala_otkrytiy_kontur_0702/MapServer/26","sourceId":"astana-municipal-green"}},{"type":"Feature","id":"municipal-green-1862","geometry":{"type":"Polygon","coordinates":[[[71.4818273,51.1312845],[71.4818043,51.1312697],[71.4818448,51.1312607],[71.4818273,51.1312845]]]},"properties":{"OBJECTID":1862,"kind":"park","name":"Озеленение","source":"Astana municipal open geoportal","source_url":"https://gis.esaulet.kz/server/rest/services/Sloi_geoportala_otkrytiy_kontur_0702/MapServer/26","sourceId":"astana-municipal-green"}},{"type":"Feature","id":"municipal-green-1865","geometry":{"type":"Polygon","coordinates":[[[71.480518,51.1315979],[71.480477,51.1316076],[71.4804662,51.1315898],[71.4805076,51.1315802],[71.480518,51.1315979]]]},"properties":{"OBJECTID":1865,"kind":"park","name":"Озеленение","source":"Astana municipal open geoportal","source_url":"https://gis.esaulet.kz/server/rest/services/Sloi_geoportala_otkrytiy_kontur_0702/MapServer/26","sourceId":"astana-municipal-green"}},{"type":"Feature","id":"municipal-green-1866","geometry":{"type":"Polygon","coordinates":[[[71.4763925,51.1387731],[71.476354,51.1388097],[71.4762047,51.1387569],[71.4762302,51.1387309],[71.4763925,51.1387731]]]},"properties":{"OBJECTID":1866,"kind":"park","name":"Озеленение","source":"Astana municipal open geoportal","source_url":"https://gis.esaulet.kz/server/rest/services/Sloi_geoportala_otkrytiy_kontur_0702/MapServer/26","sourceId":"astana-municipal-green"}},{"type":"Feature","id":"municipal-green-1867","geometry":{"type":"Polygon","coordinates":[[[71.4820804,51.1312032],[71.4828692,51.1310149],[71.4829529,51.1310002],[71.4829605,51.1310187],[71.4820908,51.1312204],[71.4820804,51.1312032]]]},"properties":{"OBJECTID":1867,"kind":"park","name":"Озеленение","source":"Astana municipal open geoportal","source_url":"https://gis.esaulet.kz/server/rest/services/Sloi_geoportala_otkrytiy_kontur_0702/MapServer/26","sourceId":"astana-municipal-green"}},{"type":"Feature","id":"municipal-green-1868","geometry":{"type":"Polygon","coordinates":[[[71.4870235,51.1320203],[71.486851,51.1320059],[71.4868624,51.1319897],[71.4870375,51.1320002],[71.4870235,51.1320203]]]},"properties":{"OBJECTID":1868,"kind":"park","name":"Озеленение","source":"Astana municipal open geoportal","source_url":"https://gis.esaulet.kz/server/rest/services/Sloi_geoportala_otkrytiy_kontur_0702/MapServer/26","sourceId":"astana-municipal-green"}},{"type":"Feature","id":"municipal-green-1869","geometry":{"type":"Polygon","coordinates":[[[71.4872094,51.1320469],[71.4873027,51.1321142],[71.4872822,51.132126],[71.4871932,51.1320679],[71.4872094,51.1320469]]]},"properties":{"OBJECTID":1869,"kind":"park","name":"Озеленение","source":"Astana municipal open geoportal","source_url":"https://gis.esaulet.kz/server/rest/services/Sloi_geoportala_otkrytiy_kontur_0702/MapServer/26","sourceId":"astana-municipal-green"}},{"type":"Feature","id":"municipal-green-1876","geometry":{"type":"Polygon","coordinates":[[[71.4068832,51.1637248],[71.406962,51.1637354],[71.4069252,51.1638427],[71.4068666,51.1638358],[71.4068832,51.1637248]]]},"properties":{"OBJECTID":1876,"kind":"park","name":"Озеленение","source":"Astana municipal open geoportal","source_url":"https://gis.esaulet.kz/server/rest/services/Sloi_geoportala_otkrytiy_kontur_0702/MapServer/26","sourceId":"astana-municipal-green"}},{"type":"Feature","id":"municipal-green-1877","geometry":{"type":"Polygon","coordinates":[[[71.451167,51.1412531],[71.4512128,51.1412118],[71.451404,51.1412611],[71.4513853,51.1413114],[71.4513087,51.1412911],[71.451306,51.1412654],[71.451167,51.1412531]]]},"properties":{"OBJECTID":1877,"kind":"park","name":"Озеленение","source":"Astana municipal open geoportal","source_url":"https://gis.esaulet.kz/server/rest/services/Sloi_geoportala_otkrytiy_kontur_0702/MapServer/26","sourceId":"astana-municipal-green"}},{"type":"Feature","id":"municipal-green-1878","geometry":{"type":"Polygon","coordinates":[[[71.4709892,51.1519863],[71.4709898,51.1519593],[71.4711619,51.1519604],[71.4711616,51.1518436],[71.4713845,51.1518465],[71.4712059,51.1518495],[71.4712021,51.1519609],[71.4713695,51.1519625],[71.471382,51.1518644],[71.4713818,51.1519893],[71.4712027,51.1519878],[71.4712027,51.1521004],[71.4713687,51.1521004],[71.4713689,51.1519892],[71.4713817,51.1520026],[71.4713828,51.1521541],[71.4712357,51.1521542],[71.471231,51.1522588],[71.4713609,51.1522478],[71.4714299,51.152154],[71.4714045,51.1521541],[71.4714055,51.1519528],[71.4714193,51.1520826],[71.4714887,51.1520826],[71.4713321,51.1523247],[71.471192,51.1522843],[71.4711917,51.1521525],[71.4709899,51.1521529],[71.470989,51.1521001],[71.4711602,51.1521002],[71.4711613,51.1519869],[71.4709892,51.1519863]]]},"properties":{"OBJECTID":1878,"kind":"park","name":"Озеленение","source":"Astana municipal open geoportal","source_url":"https://gis.esaulet.kz/server/rest/services/Sloi_geoportala_otkrytiy_kontur_0702/MapServer/26","sourceId":"astana-municipal-green"}},{"type":"Feature","id":"municipal-green-1882","geometry":{"type":"Polygon","coordinates":[[[71.4708509,51.1236918],[71.470817,51.1236972],[71.4707928,51.1236341],[71.4708262,51.1236284],[71.4708509,51.1236918]]]},"properties":{"OBJECTID":1882,"kind":"park","name":"Озеленение","source":"Astana municipal open geoportal","source_url":"https://gis.esaulet.kz/server/rest/services/Sloi_geoportala_otkrytiy_kontur_0702/MapServer/26","sourceId":"astana-municipal-green"}},{"type":"Feature","id":"municipal-green-1883","geometry":{"type":"Polygon","coordinates":[[[71.470884,51.1237784],[71.4708495,51.1237833],[71.4708261,51.1237219],[71.4708609,51.1237162],[71.470884,51.1237784]]]},"properties":{"OBJECTID":1883,"kind":"park","name":"Озеленение","source":"Astana municipal open geoportal","source_url":"https://gis.esaulet.kz/server/rest/services/Sloi_geoportala_otkrytiy_kontur_0702/MapServer/26","sourceId":"astana-municipal-green"}},{"type":"Feature","id":"municipal-green-1884","geometry":{"type":"Polygon","coordinates":[[[71.4708495,51.1237833],[71.4708589,51.1238058],[71.4706366,51.1238406],[71.4706278,51.1238189],[71.4708495,51.1237833]]]},"properties":{"OBJECTID":1884,"kind":"park","name":"Озеленение","source":"Astana municipal open geoportal","source_url":"https://gis.esaulet.kz/server/rest/services/Sloi_geoportala_otkrytiy_kontur_0702/MapServer/26","sourceId":"astana-municipal-green"}},{"type":"Feature","id":"municipal-green-1885","geometry":{"type":"Polygon","coordinates":[[[71.4702208,51.1237237],[71.4699999,51.1237584],[71.4699899,51.1237362],[71.470211,51.1237025],[71.4702208,51.1237237]]]},"properties":{"OBJECTID":1885,"kind":"park","name":"Озеленение","source":"Astana municipal open geoportal","source_url":"https://gis.esaulet.kz/server/rest/services/Sloi_geoportala_otkrytiy_kontur_0702/MapServer/26","sourceId":"astana-municipal-green"}},{"type":"Feature","id":"municipal-green-1886","geometry":{"type":"Polygon","coordinates":[[[71.4702882,51.1238954],[71.4700669,51.1239301],[71.470058,51.1239088],[71.470279,51.1238728],[71.4702882,51.1238954]]]},"properties":{"OBJECTID":1886,"kind":"park","name":"Озеленение","source":"Astana municipal open geoportal","source_url":"https://gis.esaulet.kz/server/rest/services/Sloi_geoportala_otkrytiy_kontur_0702/MapServer/26","sourceId":"astana-municipal-green"}},{"type":"Feature","id":"municipal-green-1887","geometry":{"type":"Polygon","coordinates":[[[71.470058,51.1239088],[71.4700238,51.1239141],[71.469999,51.1238512],[71.4700325,51.1238462],[71.470058,51.1239088]]]},"properties":{"OBJECTID":1887,"kind":"park","name":"Озеленение","source":"Astana municipal open geoportal","source_url":"https://gis.esaulet.kz/server/rest/services/Sloi_geoportala_otkrytiy_kontur_0702/MapServer/26","sourceId":"astana-municipal-green"}},{"type":"Feature","id":"municipal-green-1888","geometry":{"type":"Polygon","coordinates":[[[71.4684809,51.1206062],[71.4683431,51.120628],[71.4683113,51.1205463],[71.4684481,51.1205246],[71.4684809,51.1206062]]]},"properties":{"OBJECTID":1888,"kind":"park","name":"Озеленение","source":"Astana municipal open geoportal","source_url":"https://gis.esaulet.kz/server/rest/services/Sloi_geoportala_otkrytiy_kontur_0702/MapServer/26","sourceId":"astana-municipal-green"}},{"type":"Feature","id":"municipal-green-1889","geometry":{"type":"Polygon","coordinates":[[[71.4682995,51.1206338],[71.4681634,51.1206564],[71.4681319,51.1205751],[71.4682668,51.1205527],[71.4682995,51.1206338]]]},"properties":{"OBJECTID":1889,"kind":"park","name":"Озеленение","source":"Astana municipal open geoportal","source_url":"https://gis.esaulet.kz/server/rest/services/Sloi_geoportala_otkrytiy_kontur_0702/MapServer/26","sourceId":"astana-municipal-green"}},{"type":"Feature","id":"municipal-green-1890","geometry":{"type":"Polygon","coordinates":[[[71.4685234,51.1207164],[71.4683854,51.1207371],[71.4683539,51.1206555],[71.4684917,51.1206335],[71.4685234,51.1207164]]]},"properties":{"OBJECTID":1890,"kind":"park","name":"Озеленение","source":"Astana municipal open geoportal","source_url":"https://gis.esaulet.kz/server/rest/services/Sloi_geoportala_otkrytiy_kontur_0702/MapServer/26","sourceId":"astana-municipal-green"}},{"type":"Feature","id":"municipal-green-1891","geometry":{"type":"Polygon","coordinates":[[[71.4683425,51.1207432],[71.4682058,51.1207652],[71.4681744,51.1206838],[71.4683093,51.1206616],[71.4683425,51.1207432]]]},"properties":{"OBJECTID":1891,"kind":"park","name":"Озеленение","source":"Astana municipal open geoportal","source_url":"https://gis.esaulet.kz/server/rest/services/Sloi_geoportala_otkrytiy_kontur_0702/MapServer/26","sourceId":"astana-municipal-green"}},{"type":"Feature","id":"municipal-green-1892","geometry":{"type":"Polygon","coordinates":[[[71.4713914,51.1236063],[71.4712547,51.1236277],[71.4712216,51.1235454],[71.4713585,51.1235242],[71.4713914,51.1236063]]]},"properties":{"OBJECTID":1892,"kind":"park","name":"Озеленение","source":"Astana municipal open geoportal","source_url":"https://gis.esaulet.kz/server/rest/services/Sloi_geoportala_otkrytiy_kontur_0702/MapServer/26","sourceId":"astana-municipal-green"}},{"type":"Feature","id":"municipal-green-1893","geometry":{"type":"Polygon","coordinates":[[[71.4714343,51.1237141],[71.4712988,51.1237368],[71.4712647,51.1236547],[71.4714015,51.1236335],[71.4714343,51.1237141]]]},"properties":{"OBJECTID":1893,"kind":"park","name":"Озеленение","source":"Astana municipal open geoportal","source_url":"https://gis.esaulet.kz/server/rest/services/Sloi_geoportala_otkrytiy_kontur_0702/MapServer/26","sourceId":"astana-municipal-green"}},{"type":"Feature","id":"municipal-green-1894","geometry":{"type":"Polygon","coordinates":[[[71.4712542,51.1237434],[71.4711186,51.1237651],[71.4710843,51.1236825],[71.4712213,51.1236616],[71.4712542,51.1237434]]]},"properties":{"OBJECTID":1894,"kind":"park","name":"Озеленение","source":"Astana municipal open geoportal","source_url":"https://gis.esaulet.kz/server/rest/services/Sloi_geoportala_otkrytiy_kontur_0702/MapServer/26","sourceId":"astana-municipal-green"}},{"type":"Feature","id":"municipal-green-1895","geometry":{"type":"Polygon","coordinates":[[[71.471477,51.123824],[71.4713403,51.1238462],[71.471308,51.1237636],[71.4714444,51.1237424],[71.471477,51.123824]]]},"properties":{"OBJECTID":1895,"kind":"park","name":"Озеленение","source":"Astana municipal open geoportal","source_url":"https://gis.esaulet.kz/server/rest/services/Sloi_geoportala_otkrytiy_kontur_0702/MapServer/26","sourceId":"astana-municipal-green"}},{"type":"Feature","id":"municipal-green-1896","geometry":{"type":"Polygon","coordinates":[[[71.4712965,51.1238531],[71.4711606,51.1238746],[71.4711292,51.1237925],[71.4712639,51.1237708],[71.4712965,51.1238531]]]},"properties":{"OBJECTID":1896,"kind":"park","name":"Озеленение","source":"Astana municipal open geoportal","source_url":"https://gis.esaulet.kz/server/rest/services/Sloi_geoportala_otkrytiy_kontur_0702/MapServer/26","sourceId":"astana-municipal-green"}},{"type":"Feature","id":"municipal-green-1897","geometry":{"type":"Polygon","coordinates":[[[71.4697681,51.1238609],[71.4696312,51.1238822],[71.4695988,51.1238009],[71.4697358,51.1237779],[71.4697681,51.1238609]]]},"properties":{"OBJECTID":1897,"kind":"park","name":"Озеленение","source":"Astana municipal open geoportal","source_url":"https://gis.esaulet.kz/server/rest/services/Sloi_geoportala_otkrytiy_kontur_0702/MapServer/26","sourceId":"astana-municipal-green"}},{"type":"Feature","id":"municipal-green-1898","geometry":{"type":"Polygon","coordinates":[[[71.469589,51.1238886],[71.4694526,51.1239115],[71.4694187,51.1238293],[71.469554,51.1238074],[71.469589,51.1238886]]]},"properties":{"OBJECTID":1898,"kind":"park","name":"Озеленение","source":"Astana municipal open geoportal","source_url":"https://gis.esaulet.kz/server/rest/services/Sloi_geoportala_otkrytiy_kontur_0702/MapServer/26","sourceId":"astana-municipal-green"}},{"type":"Feature","id":"municipal-green-1899","geometry":{"type":"Polygon","coordinates":[[[71.4715194,51.1239336],[71.4713835,51.1239546],[71.4713502,51.1238739],[71.4714876,51.1238509],[71.4715194,51.1239336]]]},"properties":{"OBJECTID":1899,"kind":"park","name":"Озеленение","source":"Astana municipal open geoportal","source_url":"https://gis.esaulet.kz/server/rest/services/Sloi_geoportala_otkrytiy_kontur_0702/MapServer/26","sourceId":"astana-municipal-green"}},{"type":"Feature","id":"municipal-green-1900","geometry":{"type":"Polygon","coordinates":[[[71.4698118,51.1239705],[71.4696756,51.1239922],[71.4696434,51.1239107],[71.4697795,51.1238886],[71.4698118,51.1239705]]]},"properties":{"OBJECTID":1900,"kind":"park","name":"Озеленение","source":"Astana municipal open geoportal","source_url":"https://gis.esaulet.kz/server/rest/services/Sloi_geoportala_otkrytiy_kontur_0702/MapServer/26","sourceId":"astana-municipal-green"}},{"type":"Feature","id":"municipal-green-1901","geometry":{"type":"Polygon","coordinates":[[[71.47116,51.1239897],[71.4710236,51.1240113],[71.4709914,51.1239307],[71.4711284,51.1239087],[71.47116,51.1239897]]]},"properties":{"OBJECTID":1901,"kind":"park","name":"Озеленение","source":"Astana municipal open geoportal","source_url":"https://gis.esaulet.kz/server/rest/services/Sloi_geoportala_otkrytiy_kontur_0702/MapServer/26","sourceId":"astana-municipal-green"}},{"type":"Feature","id":"municipal-green-1902","geometry":{"type":"Polygon","coordinates":[[[71.4306709,51.1150807],[71.4305473,51.1150974],[71.4305304,51.1150478],[71.430654,51.1150311],[71.4306709,51.1150807]]]},"properties":{"OBJECTID":1902,"kind":"park","name":"Озеленение","source":"Astana municipal open geoportal","source_url":"https://gis.esaulet.kz/server/rest/services/Sloi_geoportala_otkrytiy_kontur_0702/MapServer/26","sourceId":"astana-municipal-green"}},{"type":"Feature","id":"municipal-green-1903","geometry":{"type":"Polygon","coordinates":[[[71.4416501,51.1532794],[71.4415825,51.1532439],[71.4415877,51.1528972],[71.4416346,51.152897],[71.4416343,51.1529866],[71.4416512,51.1529866],[71.4416333,51.15326],[71.4416501,51.1532794]]]},"properties":{"OBJECTID":1903,"kind":"park","name":"Озеленение","source":"Astana municipal open geoportal","source_url":"https://gis.esaulet.kz/server/rest/services/Sloi_geoportala_otkrytiy_kontur_0702/MapServer/26","sourceId":"astana-municipal-green"}},{"type":"Feature","id":"municipal-green-1904","geometry":{"type":"Polygon","coordinates":[[[71.4704832,51.1436999],[71.4704037,51.1437168],[71.4699858,51.143596],[71.4699537,51.1435547],[71.4699623,51.1435401],[71.4704832,51.1436999]]]},"properties":{"OBJECTID":1904,"kind":"park","name":"Озеленение","source":"Astana municipal open geoportal","source_url":"https://gis.esaulet.kz/server/rest/services/Sloi_geoportala_otkrytiy_kontur_0702/MapServer/26","sourceId":"astana-municipal-green"}},{"type":"Feature","id":"municipal-green-1905","geometry":{"type":"Polygon","coordinates":[[[71.4696319,51.1239984],[71.4694956,51.1240214],[71.469463,51.1239406],[71.4695986,51.1239171],[71.4696319,51.1239984]]]},"properties":{"OBJECTID":1905,"kind":"park","name":"Озеленение","source":"Astana municipal open geoportal","source_url":"https://gis.esaulet.kz/server/rest/services/Sloi_geoportala_otkrytiy_kontur_0702/MapServer/26","sourceId":"astana-municipal-green"}},{"type":"Feature","id":"municipal-green-1906","geometry":{"type":"Polygon","coordinates":[[[71.4709797,51.1240184],[71.4708426,51.12404],[71.4708112,51.1239588],[71.4709474,51.1239371],[71.4709797,51.1240184]]]},"properties":{"OBJECTID":1906,"kind":"park","name":"Озеленение","source":"Astana municipal open geoportal","source_url":"https://gis.esaulet.kz/server/rest/services/Sloi_geoportala_otkrytiy_kontur_0702/MapServer/26","sourceId":"astana-municipal-green"}},{"type":"Feature","id":"municipal-green-1907","geometry":{"type":"Polygon","coordinates":[[[71.4715621,51.1240413],[71.4714267,51.1240631],[71.4713931,51.1239828],[71.4715298,51.1239609],[71.4715621,51.1240413]]]},"properties":{"OBJECTID":1907,"kind":"park","name":"Озеленение","source":"Astana municipal open geoportal","source_url":"https://gis.esaulet.kz/server/rest/services/Sloi_geoportala_otkrytiy_kontur_0702/MapServer/26","sourceId":"astana-municipal-green"}},{"type":"Feature","id":"municipal-green-1910","geometry":{"type":"Polygon","coordinates":[[[71.4765387,51.1386815],[71.4764427,51.1386368],[71.4764696,51.1386122],[71.4766521,51.1386677],[71.4766351,51.1386921],[71.4765387,51.1386815]]]},"properties":{"OBJECTID":1910,"kind":"park","name":"Озеленение","source":"Astana municipal open geoportal","source_url":"https://gis.esaulet.kz/server/rest/services/Sloi_geoportala_otkrytiy_kontur_0702/MapServer/26","sourceId":"astana-municipal-green"}},{"type":"Feature","id":"municipal-green-1911","geometry":{"type":"Polygon","coordinates":[[[71.4767392,51.1387087],[71.4767784,51.1387196],[71.476722,51.1387169],[71.4767392,51.1387087]]]},"properties":{"OBJECTID":1911,"kind":"park","name":"Озеленение","source":"Astana municipal open geoportal","source_url":"https://gis.esaulet.kz/server/rest/services/Sloi_geoportala_otkrytiy_kontur_0702/MapServer/26","sourceId":"astana-municipal-green"}},{"type":"Feature","id":"municipal-green-1912","geometry":{"type":"Polygon","coordinates":[[[71.4762658,51.1386033],[71.4761751,51.1385607],[71.4762003,51.1385359],[71.4763767,51.1385872],[71.4763588,51.1386128],[71.4762658,51.1386033]]]},"properties":{"OBJECTID":1912,"kind":"park","name":"Озеленение","source":"Astana municipal open geoportal","source_url":"https://gis.esaulet.kz/server/rest/services/Sloi_geoportala_otkrytiy_kontur_0702/MapServer/26","sourceId":"astana-municipal-green"}},{"type":"Feature","id":"municipal-green-1917","geometry":{"type":"Polygon","coordinates":[[[71.4754404,51.1327187],[71.4753858,51.1327321],[71.4751662,51.1324009],[71.4755127,51.1323144],[71.4757235,51.1326475],[71.4756169,51.1326741],[71.4755142,51.1325093],[71.4756014,51.1324886],[71.47553,51.1323695],[71.475309,51.1324256],[71.475379,51.1325349],[71.4753332,51.1325461],[71.4754404,51.1327187]]]},"properties":{"OBJECTID":1917,"kind":"park","name":"Озеленение","source":"Astana municipal open geoportal","source_url":"https://gis.esaulet.kz/server/rest/services/Sloi_geoportala_otkrytiy_kontur_0702/MapServer/26","sourceId":"astana-municipal-green"}},{"type":"Feature","id":"municipal-green-1918","geometry":{"type":"Polygon","coordinates":[[[71.4583866,51.1095648],[71.458338,51.1095874],[71.4581647,51.1094401],[71.4582133,51.1094175],[71.4583866,51.1095648]]]},"properties":{"OBJECTID":1918,"kind":"park","name":"Озеленение","source":"Astana municipal open geoportal","source_url":"https://gis.esaulet.kz/server/rest/services/Sloi_geoportala_otkrytiy_kontur_0702/MapServer/26","sourceId":"astana-municipal-green"}},{"type":"Feature","id":"municipal-green-1919","geometry":{"type":"Polygon","coordinates":[[[71.4578778,51.1100613],[71.4573628,51.1103017],[71.4569814,51.1099794],[71.457495,51.1097382],[71.4578778,51.1100613]]]},"properties":{"OBJECTID":1919,"kind":"park","name":"Озеленение","source":"Astana municipal open geoportal","source_url":"https://gis.esaulet.kz/server/rest/services/Sloi_geoportala_otkrytiy_kontur_0702/MapServer/26","sourceId":"astana-municipal-green"}},{"type":"Feature","id":"municipal-green-1920","geometry":{"type":"Polygon","coordinates":[[[71.4579671,51.1084302],[71.457793,51.1085103],[71.4577411,51.1084664],[71.4579135,51.1083856],[71.4579671,51.1084302]]]},"properties":{"OBJECTID":1920,"kind":"park","name":"Озеленение","source":"Astana municipal open geoportal","source_url":"https://gis.esaulet.kz/server/rest/services/Sloi_geoportala_otkrytiy_kontur_0702/MapServer/26","sourceId":"astana-municipal-green"}},{"type":"Feature","id":"municipal-green-1921","geometry":{"type":"Polygon","coordinates":[[[71.4578513,51.1087229],[71.4575994,51.1088393],[71.4574342,51.1086994],[71.4576844,51.1085811],[71.4578513,51.1087229]]]},"properties":{"OBJECTID":1921,"kind":"park","name":"Озеленение","source":"Astana municipal open geoportal","source_url":"https://gis.esaulet.kz/server/rest/services/Sloi_geoportala_otkrytiy_kontur_0702/MapServer/26","sourceId":"astana-municipal-green"}},{"type":"Feature","id":"municipal-green-1922","geometry":{"type":"Polygon","coordinates":[[[71.4597673,51.1099517],[71.459595,51.1100324],[71.4594244,51.1098883],[71.4595978,51.1098077],[71.4597673,51.1099517]]]},"properties":{"OBJECTID":1922,"kind":"park","name":"Озеленение","source":"Astana municipal open geoportal","source_url":"https://gis.esaulet.kz/server/rest/services/Sloi_geoportala_otkrytiy_kontur_0702/MapServer/26","sourceId":"astana-municipal-green"}},{"type":"Feature","id":"municipal-green-1923","geometry":{"type":"Polygon","coordinates":[[[71.470896,51.1536835],[71.4710519,51.1536571],[71.4711051,51.1537479],[71.470968,51.1537375],[71.470896,51.1536835]]]},"properties":{"OBJECTID":1923,"kind":"park","name":"Озеленение","source":"Astana municipal open geoportal","source_url":"https://gis.esaulet.kz/server/rest/services/Sloi_geoportala_otkrytiy_kontur_0702/MapServer/26","sourceId":"astana-municipal-green"}},{"type":"Feature","id":"municipal-green-1924","geometry":{"type":"Polygon","coordinates":[[[71.4377622,51.1170443],[71.4377153,51.1170324],[71.4377555,51.117027],[71.4377622,51.1170443]]]},"properties":{"OBJECTID":1924,"kind":"park","name":"Озеленение","source":"Astana municipal open geoportal","source_url":"https://gis.esaulet.kz/server/rest/services/Sloi_geoportala_otkrytiy_kontur_0702/MapServer/26","sourceId":"astana-municipal-green"}},{"type":"Feature","id":"municipal-green-1925","geometry":{"type":"Polygon","coordinates":[[[71.4708001,51.1240462],[71.4706644,51.1240682],[71.4706311,51.123987],[71.4707663,51.1239652],[71.4708001,51.1240462]]]},"properties":{"OBJECTID":1925,"kind":"park","name":"Озеленение","source":"Astana municipal open geoportal","source_url":"https://gis.esaulet.kz/server/rest/services/Sloi_geoportala_otkrytiy_kontur_0702/MapServer/26","sourceId":"astana-municipal-green"}},{"type":"Feature","id":"municipal-green-1927","geometry":{"type":"Polygon","coordinates":[[[71.4385978,51.1170115],[71.4381993,51.1170596],[71.4385791,51.1170004],[71.4385978,51.1170115]]]},"properties":{"OBJECTID":1927,"kind":"park","name":"Озеленение","source":"Astana municipal open geoportal","source_url":"https://gis.esaulet.kz/server/rest/services/Sloi_geoportala_otkrytiy_kontur_0702/MapServer/26","sourceId":"astana-municipal-green"}},{"type":"Feature","id":"municipal-green-1930","geometry":{"type":"Polygon","coordinates":[[[71.4787903,51.1253936],[71.4788275,51.1254886],[71.4788084,51.1254915],[71.4787815,51.1254218],[71.4786809,51.1254375],[71.478671,51.1254122],[71.4787903,51.1253936]]]},"properties":{"OBJECTID":1930,"kind":"park","name":"Озеленение","source":"Astana municipal open geoportal","source_url":"https://gis.esaulet.kz/server/rest/services/Sloi_geoportala_otkrytiy_kontur_0702/MapServer/26","sourceId":"astana-municipal-green"}},{"type":"Feature","id":"municipal-green-1931","geometry":{"type":"Polygon","coordinates":[[[71.478584,51.1255268],[71.4785642,51.1255299],[71.4785262,51.1254348],[71.4786492,51.1254156],[71.4786591,51.1254409],[71.4785561,51.1254569],[71.478584,51.1255268]]]},"properties":{"OBJECTID":1931,"kind":"park","name":"Озеленение","source":"Astana municipal open geoportal","source_url":"https://gis.esaulet.kz/server/rest/services/Sloi_geoportala_otkrytiy_kontur_0702/MapServer/26","sourceId":"astana-municipal-green"}},{"type":"Feature","id":"municipal-green-1932","geometry":{"type":"Polygon","coordinates":[[[71.4301924,51.1158776],[71.4302636,51.1158969],[71.4302911,51.1159393],[71.4298599,51.1160006],[71.4298274,51.115945],[71.429848,51.1159249],[71.4301924,51.1158776]]]},"properties":{"OBJECTID":1932,"kind":"park","name":"Озеленение","source":"Astana municipal open geoportal","source_url":"https://gis.esaulet.kz/server/rest/services/Sloi_geoportala_otkrytiy_kontur_0702/MapServer/26","sourceId":"astana-municipal-green"}},{"type":"Feature","id":"municipal-green-1933","geometry":{"type":"Polygon","coordinates":[[[71.429826,51.115991],[71.4296568,51.1160301],[71.4296365,51.1160168],[71.4296413,51.1160002],[71.429807,51.1159773],[71.429826,51.115991]]]},"properties":{"OBJECTID":1933,"kind":"park","name":"Озеленение","source":"Astana municipal open geoportal","source_url":"https://gis.esaulet.kz/server/rest/services/Sloi_geoportala_otkrytiy_kontur_0702/MapServer/26","sourceId":"astana-municipal-green"}},{"type":"Feature","id":"municipal-green-1934","geometry":{"type":"Polygon","coordinates":[[[71.4296191,51.1160189],[71.4294468,51.1160601],[71.4294321,51.116047],[71.4294349,51.11603],[71.4296191,51.1160189]]]},"properties":{"OBJECTID":1934,"kind":"park","name":"Озеленение","source":"Astana municipal open geoportal","source_url":"https://gis.esaulet.kz/server/rest/services/Sloi_geoportala_otkrytiy_kontur_0702/MapServer/26","sourceId":"astana-municipal-green"}},{"type":"Feature","id":"municipal-green-1935","geometry":{"type":"Polygon","coordinates":[[[71.4127537,51.0847491],[71.4120729,51.084847],[71.4120445,51.0847727],[71.4127273,51.0846757],[71.4127537,51.0847491]]]},"properties":{"OBJECTID":1935,"kind":"park","name":"Озеленение","source":"Astana municipal open geoportal","source_url":"https://gis.esaulet.kz/server/rest/services/Sloi_geoportala_otkrytiy_kontur_0702/MapServer/26","sourceId":"astana-municipal-green"}},{"type":"Feature","id":"municipal-green-1936","geometry":{"type":"Polygon","coordinates":[[[71.4164072,51.0842291],[71.4159771,51.0842906],[71.4159506,51.0842166],[71.4163809,51.0841558],[71.4164072,51.0842291]]]},"properties":{"OBJECTID":1936,"kind":"park","name":"Озеленение","source":"Astana municipal open geoportal","source_url":"https://gis.esaulet.kz/server/rest/services/Sloi_geoportala_otkrytiy_kontur_0702/MapServer/26","sourceId":"astana-municipal-green"}},{"type":"Feature","id":"municipal-green-1937","geometry":{"type":"Polygon","coordinates":[[[71.4291977,51.1157856],[71.4292132,51.1158524],[71.4291079,51.1158568],[71.429092,51.1158005],[71.4291977,51.1157856]]]},"properties":{"OBJECTID":1937,"kind":"park","name":"Озеленение","source":"Astana municipal open geoportal","source_url":"https://gis.esaulet.kz/server/rest/services/Sloi_geoportala_otkrytiy_kontur_0702/MapServer/26","sourceId":"astana-municipal-green"}},{"type":"Feature","id":"municipal-green-1938","geometry":{"type":"Polygon","coordinates":[[[71.426464,51.1161831],[71.4262709,51.1162113],[71.4262758,51.116198],[71.426464,51.1161831]]]},"properties":{"OBJECTID":1938,"kind":"park","name":"Озеленение","source":"Astana municipal open geoportal","source_url":"https://gis.esaulet.kz/server/rest/services/Sloi_geoportala_otkrytiy_kontur_0702/MapServer/26","sourceId":"astana-municipal-green"}},{"type":"Feature","id":"municipal-green-1939","geometry":{"type":"Polygon","coordinates":[[[71.4262505,51.1162137],[71.4260577,51.1162405],[71.4262375,51.1162034],[71.4262505,51.1162137]]]},"properties":{"OBJECTID":1939,"kind":"park","name":"Озеленение","source":"Astana municipal open geoportal","source_url":"https://gis.esaulet.kz/server/rest/services/Sloi_geoportala_otkrytiy_kontur_0702/MapServer/26","sourceId":"astana-municipal-green"}},{"type":"Feature","id":"municipal-green-1940","geometry":{"type":"Polygon","coordinates":[[[71.4266646,51.1164561],[71.42634,51.1165003],[71.426332,51.116477],[71.4266542,51.1164308],[71.4266646,51.1164561]]]},"properties":{"OBJECTID":1940,"kind":"park","name":"Озеленение","source":"Astana municipal open geoportal","source_url":"https://gis.esaulet.kz/server/rest/services/Sloi_geoportala_otkrytiy_kontur_0702/MapServer/26","sourceId":"astana-municipal-green"}},{"type":"Feature","id":"municipal-green-1941","geometry":{"type":"Polygon","coordinates":[[[71.4263203,51.1165031],[71.4259997,51.1165482],[71.4259912,51.1165255],[71.4263113,51.1164797],[71.4263203,51.1165031]]]},"properties":{"OBJECTID":1941,"kind":"park","name":"Озеленение","source":"Astana municipal open geoportal","source_url":"https://gis.esaulet.kz/server/rest/services/Sloi_geoportala_otkrytiy_kontur_0702/MapServer/26","sourceId":"astana-municipal-green"}},{"type":"Feature","id":"municipal-green-1942","geometry":{"type":"Polygon","coordinates":[[[71.4451707,51.1688069],[71.4453855,51.1688271],[71.445381,51.1688451],[71.4451273,51.1688199],[71.445133,51.1687803],[71.4451506,51.1687901],[71.445116,51.1687611],[71.4451212,51.1687354],[71.44553,51.1687935],[71.4455221,51.168821],[71.4453925,51.1688097],[71.4453989,51.1687839],[71.4451812,51.1687623],[71.4451707,51.1688069]]]},"properties":{"OBJECTID":1942,"kind":"park","name":"Озеленение","source":"Astana municipal open geoportal","source_url":"https://gis.esaulet.kz/server/rest/services/Sloi_geoportala_otkrytiy_kontur_0702/MapServer/26","sourceId":"astana-municipal-green"}},{"type":"Feature","id":"municipal-green-1944","geometry":{"type":"Polygon","coordinates":[[[71.4705178,51.1389615],[71.4704959,51.1389716],[71.47052,51.1390102],[71.4703939,51.1389806],[71.4703537,51.1389222],[71.4702921,51.1389351],[71.4702515,51.1388671],[71.470401,51.1388309],[71.4703757,51.1387872],[71.4703934,51.1387796],[71.4703088,51.1386868],[71.4703347,51.1386818],[71.4702475,51.1385856],[71.4701152,51.1386192],[71.4701258,51.1386449],[71.4700521,51.138666],[71.4700334,51.1386385],[71.4698984,51.1386721],[71.4699197,51.1387167],[71.4699033,51.1387209],[71.4699852,51.1388145],[71.4699647,51.1388238],[71.469994,51.1388753],[71.4700171,51.1388728],[71.4700478,51.1389217],[71.4698893,51.1388791],[71.4698252,51.1387736],[71.4697663,51.138788],[71.469725,51.1387187],[71.4698711,51.1386797],[71.4698499,51.1386386],[71.469869,51.1386335],[71.4698342,51.1385786],[71.4698083,51.1385845],[71.4697803,51.138539],[71.4698049,51.1385332],[71.4697244,51.138437],[71.469584,51.1384706],[71.4695986,51.1384963],[71.4695196,51.1385148],[71.4695049,51.138489],[71.4693658,51.1385243],[71.4693898,51.1385689],[71.4693734,51.1385748],[71.4694068,51.138628],[71.4694327,51.1386238],[71.4694566,51.1386659],[71.4694321,51.1386717],[71.4694709,51.1387275],[71.4695153,51.1387671],[71.4696353,51.1387394],[71.4696792,51.1388074],[71.4695293,51.1388424],[71.4693015,51.1387771],[71.469222,51.1387281],[71.4692042,51.138665],[71.4693985,51.1383786],[71.469457,51.1383502],[71.4695309,51.1383511],[71.4705568,51.1386383],[71.4706322,51.1386791],[71.4706514,51.1387075],[71.4706324,51.1387511],[71.4706597,51.1387953],[71.4705793,51.1388138],[71.4705619,51.1387872],[71.4704242,51.1388208],[71.4704679,51.1389236],[71.4704911,51.138922],[71.4705178,51.1389615]]]},"properties":{"OBJECTID":1944,"kind":"park","name":"Озеленение","source":"Astana municipal open geoportal","source_url":"https://gis.esaulet.kz/server/rest/services/Sloi_geoportala_otkrytiy_kontur_0702/MapServer/26","sourceId":"astana-municipal-green"}},{"type":"Feature","id":"municipal-green-1945","geometry":{"type":"Polygon","coordinates":[[[71.4338031,51.1430853],[71.4338799,51.1429506],[71.4341537,51.1430178],[71.4341199,51.1430846],[71.4340801,51.1430979],[71.4338031,51.1430853]]]},"properties":{"OBJECTID":1945,"kind":"park","name":"Озеленение","source":"Astana municipal open geoportal","source_url":"https://gis.esaulet.kz/server/rest/services/Sloi_geoportala_otkrytiy_kontur_0702/MapServer/26","sourceId":"astana-municipal-green"}},{"type":"Feature","id":"municipal-green-1946","geometry":{"type":"Polygon","coordinates":[[[71.4068901,51.1637028],[71.4069365,51.1636077],[71.4070041,51.1636167],[71.4069697,51.1637136],[71.4068901,51.1637028]]]},"properties":{"OBJECTID":1946,"kind":"park","name":"Озеленение","source":"Astana municipal open geoportal","source_url":"https://gis.esaulet.kz/server/rest/services/Sloi_geoportala_otkrytiy_kontur_0702/MapServer/26","sourceId":"astana-municipal-green"}},{"type":"Feature","id":"municipal-green-1947","geometry":{"type":"Polygon","coordinates":[[[71.4077333,51.1635269],[71.4077488,51.1634794],[71.4079422,51.1635036],[71.4079268,51.163551],[71.4077333,51.1635269]]]},"properties":{"OBJECTID":1947,"kind":"park","name":"Озеленение","source":"Astana municipal open geoportal","source_url":"https://gis.esaulet.kz/server/rest/services/Sloi_geoportala_otkrytiy_kontur_0702/MapServer/26","sourceId":"astana-municipal-green"}},{"type":"Feature","id":"municipal-green-1949","geometry":{"type":"Polygon","coordinates":[[[71.4511054,51.1411477],[71.4515637,51.1412541],[71.4515553,51.1412654],[71.4511054,51.1411477]]]},"properties":{"OBJECTID":1949,"kind":"park","name":"Озеленение","source":"Astana municipal open geoportal","source_url":"https://gis.esaulet.kz/server/rest/services/Sloi_geoportala_otkrytiy_kontur_0702/MapServer/26","sourceId":"astana-municipal-green"}},{"type":"Feature","id":"municipal-green-1950","geometry":{"type":"Polygon","coordinates":[[[71.470824,51.1518862],[71.4708254,51.1517543],[71.4710575,51.1517552],[71.4709396,51.1517645],[71.4709244,51.1518866],[71.470824,51.1518862]]]},"properties":{"OBJECTID":1950,"kind":"park","name":"Озеленение","source":"Astana municipal open geoportal","source_url":"https://gis.esaulet.kz/server/rest/services/Sloi_geoportala_otkrytiy_kontur_0702/MapServer/26","sourceId":"astana-municipal-green"}},{"type":"Feature","id":"municipal-green-1951","geometry":{"type":"Polygon","coordinates":[[[71.4702657,51.1517558],[71.4702908,51.1516413],[71.4703247,51.1516435],[71.4702982,51.1517311],[71.4702657,51.1517558]]]},"properties":{"OBJECTID":1951,"kind":"park","name":"Озеленение","source":"Astana municipal open geoportal","source_url":"https://gis.esaulet.kz/server/rest/services/Sloi_geoportala_otkrytiy_kontur_0702/MapServer/26","sourceId":"astana-municipal-green"}},{"type":"Feature","id":"municipal-green-1952","geometry":{"type":"Polygon","coordinates":[[[71.4019978,51.0899033],[71.4019688,51.0899763],[71.401896,51.0900357],[71.4018048,51.0899612],[71.4018485,51.0899171],[71.4019978,51.0899033]]]},"properties":{"OBJECTID":1952,"kind":"park","name":"Озеленение","source":"Astana municipal open geoportal","source_url":"https://gis.esaulet.kz/server/rest/services/Sloi_geoportala_otkrytiy_kontur_0702/MapServer/26","sourceId":"astana-municipal-green"}},{"type":"Feature","id":"municipal-green-1953","geometry":{"type":"Polygon","coordinates":[[[71.403186,51.144075],[71.4033156,51.1440811],[71.4033292,51.1441124],[71.4033622,51.1441158],[71.4031689,51.144095],[71.403131,51.1440665],[71.4031243,51.1440272],[71.403192,51.1440292],[71.403186,51.144075]]]},"properties":{"OBJECTID":1953,"kind":"park","name":"Озеленение","source":"Astana municipal open geoportal","source_url":"https://gis.esaulet.kz/server/rest/services/Sloi_geoportala_otkrytiy_kontur_0702/MapServer/26","sourceId":"astana-municipal-green"}},{"type":"Feature","id":"municipal-green-1957","geometry":{"type":"Polygon","coordinates":[[[71.4698556,51.1240803],[71.4697185,51.1241024],[71.469687,51.1240211],[71.4698234,51.1239986],[71.4698556,51.1240803]]]},"properties":{"OBJECTID":1957,"kind":"park","name":"Озеленение","source":"Astana municipal open geoportal","source_url":"https://gis.esaulet.kz/server/rest/services/Sloi_geoportala_otkrytiy_kontur_0702/MapServer/26","sourceId":"astana-municipal-green"}},{"type":"Feature","id":"municipal-green-1958","geometry":{"type":"Polygon","coordinates":[[[71.4712026,51.1240981],[71.4710675,51.1241194],[71.4710336,51.124039],[71.4711696,51.1240176],[71.4712026,51.1240981]]]},"properties":{"OBJECTID":1958,"kind":"park","name":"Озеленение","source":"Astana municipal open geoportal","source_url":"https://gis.esaulet.kz/server/rest/services/Sloi_geoportala_otkrytiy_kontur_0702/MapServer/26","sourceId":"astana-municipal-green"}},{"type":"Feature","id":"municipal-green-1959","geometry":{"type":"Polygon","coordinates":[[[71.4704407,51.124103],[71.4703053,51.1241255],[71.4702736,51.1240436],[71.4704071,51.1240223],[71.4704407,51.124103]]]},"properties":{"OBJECTID":1959,"kind":"park","name":"Озеленение","source":"Astana municipal open geoportal","source_url":"https://gis.esaulet.kz/server/rest/services/Sloi_geoportala_otkrytiy_kontur_0702/MapServer/26","sourceId":"astana-municipal-green"}},{"type":"Feature","id":"municipal-green-1960","geometry":{"type":"Polygon","coordinates":[[[71.4696742,51.1241086],[71.4695386,51.1241315],[71.4695068,51.1240502],[71.4696422,51.124027],[71.4696742,51.1241086]]]},"properties":{"OBJECTID":1960,"kind":"park","name":"Озеленение","source":"Astana municipal open geoportal","source_url":"https://gis.esaulet.kz/server/rest/services/Sloi_geoportala_otkrytiy_kontur_0702/MapServer/26","sourceId":"astana-municipal-green"}},{"type":"Feature","id":"municipal-green-1961","geometry":{"type":"Polygon","coordinates":[[[71.4702604,51.1241315],[71.4701243,51.1241534],[71.4700937,51.1240721],[71.4702291,51.1240503],[71.4702604,51.1241315]]]},"properties":{"OBJECTID":1961,"kind":"park","name":"Озеленение","source":"Astana municipal open geoportal","source_url":"https://gis.esaulet.kz/server/rest/services/Sloi_geoportala_otkrytiy_kontur_0702/MapServer/26","sourceId":"astana-municipal-green"}},{"type":"Feature","id":"municipal-green-1962","geometry":{"type":"Polygon","coordinates":[[[71.4708439,51.1241546],[71.4707073,51.1241771],[71.4706742,51.1240964],[71.4708102,51.1240743],[71.4708439,51.1241546]]]},"properties":{"OBJECTID":1962,"kind":"park","name":"Озеленение","source":"Astana municipal open geoportal","source_url":"https://gis.esaulet.kz/server/rest/services/Sloi_geoportala_otkrytiy_kontur_0702/MapServer/26","sourceId":"astana-municipal-green"}},{"type":"Feature","id":"municipal-green-1963","geometry":{"type":"Polygon","coordinates":[[[71.4706643,51.1241833],[71.4705278,51.1242053],[71.4704949,51.1241245],[71.4706304,51.1241029],[71.4706643,51.1241833]]]},"properties":{"OBJECTID":1963,"kind":"park","name":"Озеленение","source":"Astana municipal open geoportal","source_url":"https://gis.esaulet.kz/server/rest/services/Sloi_geoportala_otkrytiy_kontur_0702/MapServer/26","sourceId":"astana-municipal-green"}},{"type":"Feature","id":"municipal-green-1964","geometry":{"type":"Polygon","coordinates":[[[71.4704836,51.1242118],[71.4703474,51.1242347],[71.4703145,51.1241532],[71.4704509,51.1241311],[71.4704836,51.1242118]]]},"properties":{"OBJECTID":1964,"kind":"park","name":"Озеленение","source":"Astana municipal open geoportal","source_url":"https://gis.esaulet.kz/server/rest/services/Sloi_geoportala_otkrytiy_kontur_0702/MapServer/26","sourceId":"astana-municipal-green"}},{"type":"Feature","id":"municipal-green-1965","geometry":{"type":"Polygon","coordinates":[[[71.4697176,51.1242174],[71.4695817,51.1242399],[71.4695492,51.1241599],[71.4696859,51.1241366],[71.4697176,51.1242174]]]},"properties":{"OBJECTID":1965,"kind":"park","name":"Озеленение","source":"Astana municipal open geoportal","source_url":"https://gis.esaulet.kz/server/rest/services/Sloi_geoportala_otkrytiy_kontur_0702/MapServer/26","sourceId":"astana-municipal-green"}},{"type":"Feature","id":"municipal-green-1966","geometry":{"type":"Polygon","coordinates":[[[71.4701231,51.124269],[71.4699864,51.1242908],[71.469955,51.1242106],[71.4700906,51.124188],[71.4701231,51.124269]]]},"properties":{"OBJECTID":1966,"kind":"park","name":"Озеленение","source":"Astana municipal open geoportal","source_url":"https://gis.esaulet.kz/server/rest/services/Sloi_geoportala_otkrytiy_kontur_0702/MapServer/26","sourceId":"astana-municipal-green"}},{"type":"Feature","id":"municipal-green-1967","geometry":{"type":"Polygon","coordinates":[[[71.4699426,51.1242973],[71.4698066,51.124319],[71.4697731,51.1242388],[71.4699091,51.1242173],[71.4699426,51.1242973]]]},"properties":{"OBJECTID":1967,"kind":"park","name":"Озеленение","source":"Astana municipal open geoportal","source_url":"https://gis.esaulet.kz/server/rest/services/Sloi_geoportala_otkrytiy_kontur_0702/MapServer/26","sourceId":"astana-municipal-green"}},{"type":"Feature","id":"municipal-green-1968","geometry":{"type":"Polygon","coordinates":[[[71.4697612,51.1243262],[71.4696257,51.1243471],[71.4695915,51.124268],[71.4697278,51.1242454],[71.4697612,51.1243262]]]},"properties":{"OBJECTID":1968,"kind":"park","name":"Озеленение","source":"Astana municipal open geoportal","source_url":"https://gis.esaulet.kz/server/rest/services/Sloi_geoportala_otkrytiy_kontur_0702/MapServer/26","sourceId":"astana-municipal-green"}},{"type":"Feature","id":"municipal-green-1969","geometry":{"type":"Polygon","coordinates":[[[71.4709292,51.1243079],[71.4705716,51.1242805],[71.4703965,51.1243086],[71.4703818,51.1242709],[71.4715792,51.1240826],[71.4715938,51.1241147],[71.4713958,51.1242353],[71.4709292,51.1243079]]]},"properties":{"OBJECTID":1969,"kind":"park","name":"Озеленение","source":"Astana municipal open geoportal","source_url":"https://gis.esaulet.kz/server/rest/services/Sloi_geoportala_otkrytiy_kontur_0702/MapServer/26","sourceId":"astana-municipal-green"}},{"type":"Feature","id":"municipal-green-1970","geometry":{"type":"Polygon","coordinates":[[[71.45107,51.141282],[71.4510421,51.1412593],[71.4510927,51.1411834],[71.4511478,51.1411986],[71.4511479,51.1412236],[71.4510953,51.1412095],[71.4510595,51.1412625],[71.45107,51.141282]]]},"properties":{"OBJECTID":1970,"kind":"park","name":"Озеленение","source":"Astana municipal open geoportal","source_url":"https://gis.esaulet.kz/server/rest/services/Sloi_geoportala_otkrytiy_kontur_0702/MapServer/26","sourceId":"astana-municipal-green"}},{"type":"Feature","id":"municipal-green-1971","geometry":{"type":"Polygon","coordinates":[[[71.4703078,51.1243227],[71.4701796,51.1243427],[71.4701119,51.1243903],[71.4697152,51.1244988],[71.4696681,51.1243841],[71.4702942,51.1242846],[71.4703078,51.1243227]]]},"properties":{"OBJECTID":1971,"kind":"park","name":"Озеленение","source":"Astana municipal open geoportal","source_url":"https://gis.esaulet.kz/server/rest/services/Sloi_geoportala_otkrytiy_kontur_0702/MapServer/26","sourceId":"astana-municipal-green"}},{"type":"Feature","id":"municipal-green-1972","geometry":{"type":"Polygon","coordinates":[[[71.4689249,51.1204496],[71.4689335,51.1204713],[71.4687115,51.120506],[71.4687028,51.1204843],[71.4689249,51.1204496]]]},"properties":{"OBJECTID":1972,"kind":"park","name":"Озеленение","source":"Astana municipal open geoportal","source_url":"https://gis.esaulet.kz/server/rest/services/Sloi_geoportala_otkrytiy_kontur_0702/MapServer/26","sourceId":"astana-municipal-green"}},{"type":"Feature","id":"municipal-green-1973","geometry":{"type":"Polygon","coordinates":[[[71.4537601,51.1060037],[71.4531226,51.1063028],[71.4527988,51.1062469],[71.4527071,51.1061934],[71.4528789,51.1060721],[71.4529749,51.1059237],[71.4535732,51.105813],[71.4537601,51.1060037]]]},"properties":{"OBJECTID":1973,"kind":"park","name":"Озеленение","source":"Astana municipal open geoportal","source_url":"https://gis.esaulet.kz/server/rest/services/Sloi_geoportala_otkrytiy_kontur_0702/MapServer/26","sourceId":"astana-municipal-green"}},{"type":"Feature","id":"municipal-green-1974","geometry":{"type":"Polygon","coordinates":[[[71.452639,51.1059521],[71.4525331,51.1060863],[71.452396,51.1059992],[71.4524483,51.1059382],[71.452639,51.1059521]]]},"properties":{"OBJECTID":1974,"kind":"park","name":"Озеленение","source":"Astana municipal open geoportal","source_url":"https://gis.esaulet.kz/server/rest/services/Sloi_geoportala_otkrytiy_kontur_0702/MapServer/26","sourceId":"astana-municipal-green"}},{"type":"Feature","id":"municipal-green-1975","geometry":{"type":"Polygon","coordinates":[[[71.4620819,51.1060765],[71.4620809,51.1060516],[71.4621252,51.1060509],[71.4621262,51.1060758],[71.4620819,51.1060765]]]},"properties":{"OBJECTID":1975,"kind":"park","name":"Озеленение","source":"Astana municipal open geoportal","source_url":"https://gis.esaulet.kz/server/rest/services/Sloi_geoportala_otkrytiy_kontur_0702/MapServer/26","sourceId":"astana-municipal-green"}},{"type":"Feature","id":"municipal-green-1976","geometry":{"type":"Polygon","coordinates":[[[71.4621996,51.1060759],[71.4621985,51.1060499],[71.4622402,51.1060492],[71.4622414,51.1060752],[71.4621996,51.1060759]]]},"properties":{"OBJECTID":1976,"kind":"park","name":"Озеленение","source":"Astana municipal open geoportal","source_url":"https://gis.esaulet.kz/server/rest/services/Sloi_geoportala_otkrytiy_kontur_0702/MapServer/26","sourceId":"astana-municipal-green"}},{"type":"Feature","id":"municipal-green-1977","geometry":{"type":"Polygon","coordinates":[[[71.4587512,51.1063699],[71.4587399,51.1063434],[71.4587809,51.1063365],[71.4587922,51.1063629],[71.4587512,51.1063699]]]},"properties":{"OBJECTID":1977,"kind":"park","name":"Озеленение","source":"Astana municipal open geoportal","source_url":"https://gis.esaulet.kz/server/rest/services/Sloi_geoportala_otkrytiy_kontur_0702/MapServer/26","sourceId":"astana-municipal-green"}},{"type":"Feature","id":"municipal-green-1978","geometry":{"type":"Polygon","coordinates":[[[71.4588592,51.1063505],[71.4588486,51.1063257],[71.4588909,51.1063185],[71.4589015,51.1063434],[71.4588592,51.1063505]]]},"properties":{"OBJECTID":1978,"kind":"park","name":"Озеленение","source":"Astana municipal open geoportal","source_url":"https://gis.esaulet.kz/server/rest/services/Sloi_geoportala_otkrytiy_kontur_0702/MapServer/26","sourceId":"astana-municipal-green"}},{"type":"Feature","id":"municipal-green-1979","geometry":{"type":"Polygon","coordinates":[[[71.4589726,51.1063338],[71.4589626,51.106308],[71.4590046,51.1063016],[71.459016,51.1063271],[71.4589726,51.1063338]]]},"properties":{"OBJECTID":1979,"kind":"park","name":"Озеленение","source":"Astana municipal open geoportal","source_url":"https://gis.esaulet.kz/server/rest/services/Sloi_geoportala_otkrytiy_kontur_0702/MapServer/26","sourceId":"astana-municipal-green"}},{"type":"Feature","id":"municipal-green-1980","geometry":{"type":"Polygon","coordinates":[[[71.4583832,51.1064369],[71.4583425,51.1064444],[71.4583304,51.1064181],[71.4583711,51.1064107],[71.4583832,51.1064369]]]},"properties":{"OBJECTID":1980,"kind":"park","name":"Озеленение","source":"Astana municipal open geoportal","source_url":"https://gis.esaulet.kz/server/rest/services/Sloi_geoportala_otkrytiy_kontur_0702/MapServer/26","sourceId":"astana-municipal-green"}},{"type":"Feature","id":"municipal-green-1981","geometry":{"type":"Polygon","coordinates":[[[71.4582718,51.1064583],[71.4582314,51.1064663],[71.4582183,51.1064402],[71.4582588,51.1064322],[71.4582718,51.1064583]]]},"properties":{"OBJECTID":1981,"kind":"park","name":"Озеленение","source":"Astana municipal open geoportal","source_url":"https://gis.esaulet.kz/server/rest/services/Sloi_geoportala_otkrytiy_kontur_0702/MapServer/26","sourceId":"astana-municipal-green"}},{"type":"Feature","id":"municipal-green-1982","geometry":{"type":"Polygon","coordinates":[[[71.4432732,51.1191544],[71.4428488,51.1192216],[71.442722,51.1188778],[71.4431476,51.1188115],[71.4432732,51.1191544]]]},"properties":{"OBJECTID":1982,"kind":"park","name":"Озеленение","source":"Astana municipal open geoportal","source_url":"https://gis.esaulet.kz/server/rest/services/Sloi_geoportala_otkrytiy_kontur_0702/MapServer/26","sourceId":"astana-municipal-green"}},{"type":"Feature","id":"municipal-green-1984","geometry":{"type":"Polygon","coordinates":[[[71.443354,51.1191418],[71.4433727,51.1191676],[71.443326,51.1191672],[71.443354,51.1191418]]]},"properties":{"OBJECTID":1984,"kind":"park","name":"Озеленение","source":"Astana municipal open geoportal","source_url":"https://gis.esaulet.kz/server/rest/services/Sloi_geoportala_otkrytiy_kontur_0702/MapServer/26","sourceId":"astana-municipal-green"}},{"type":"Feature","id":"municipal-green-1985","geometry":{"type":"Polygon","coordinates":[[[71.4431596,51.1196502],[71.4429997,51.1196331],[71.4428585,51.1192481],[71.4432833,51.1191819],[71.4433413,51.1192075],[71.4433877,51.1193389],[71.4433818,51.1193997],[71.4431596,51.1196502]]]},"properties":{"OBJECTID":1985,"kind":"park","name":"Озеленение","source":"Astana municipal open geoportal","source_url":"https://gis.esaulet.kz/server/rest/services/Sloi_geoportala_otkrytiy_kontur_0702/MapServer/26","sourceId":"astana-municipal-green"}},{"type":"Feature","id":"municipal-green-1987","geometry":{"type":"Polygon","coordinates":[[[71.4866548,51.1427345],[71.4866378,51.1427295],[71.486692,51.1426848],[71.4869692,51.1427653],[71.4869554,51.1427853],[71.4869842,51.1427902],[71.4869304,51.1428657],[71.4868915,51.1428538],[71.4869029,51.1428363],[71.4866592,51.1427674],[71.4866548,51.1427345]]]},"properties":{"OBJECTID":1987,"kind":"park","name":"Озеленение","source":"Astana municipal open geoportal","source_url":"https://gis.esaulet.kz/server/rest/services/Sloi_geoportala_otkrytiy_kontur_0702/MapServer/26","sourceId":"astana-municipal-green"}},{"type":"Feature","id":"municipal-green-1988","geometry":{"type":"Polygon","coordinates":[[[71.4868738,51.1428798],[71.4869119,51.1428915],[71.4867824,51.1430713],[71.4867475,51.1430662],[71.4868738,51.1428798]]]},"properties":{"OBJECTID":1988,"kind":"park","name":"Озеленение","source":"Astana municipal open geoportal","source_url":"https://gis.esaulet.kz/server/rest/services/Sloi_geoportala_otkrytiy_kontur_0702/MapServer/26","sourceId":"astana-municipal-green"}},{"type":"Feature","id":"municipal-green-1990","geometry":{"type":"Polygon","coordinates":[[[71.4872767,51.1433504],[71.4873224,51.1432849],[71.4874338,51.1433153],[71.487301,51.1435311],[71.4871724,51.1434946],[71.4872193,51.1434291],[71.4872687,51.1434422],[71.4873247,51.1433648],[71.4872767,51.1433504]]]},"properties":{"OBJECTID":1990,"kind":"park","name":"Озеленение","source":"Astana municipal open geoportal","source_url":"https://gis.esaulet.kz/server/rest/services/Sloi_geoportala_otkrytiy_kontur_0702/MapServer/26","sourceId":"astana-municipal-green"}},{"type":"Feature","id":"municipal-green-1991","geometry":{"type":"Polygon","coordinates":[[[71.4329235,51.0905731],[71.4324887,51.0906492],[71.4324553,51.0906273],[71.4329235,51.0905731]]]},"properties":{"OBJECTID":1991,"kind":"park","name":"Озеленение","source":"Astana municipal open geoportal","source_url":"https://gis.esaulet.kz/server/rest/services/Sloi_geoportala_otkrytiy_kontur_0702/MapServer/26","sourceId":"astana-municipal-green"}},{"type":"Feature","id":"municipal-green-1992","geometry":{"type":"Polygon","coordinates":[[[71.4429083,51.1195504],[71.4429421,51.1196405],[71.4429167,51.1196443],[71.442883,51.1195542],[71.4429083,51.1195504]]]},"properties":{"OBJECTID":1992,"kind":"park","name":"Озеленение","source":"Astana municipal open geoportal","source_url":"https://gis.esaulet.kz/server/rest/services/Sloi_geoportala_otkrytiy_kontur_0702/MapServer/26","sourceId":"astana-municipal-green"}},{"type":"Feature","id":"municipal-green-1994","geometry":{"type":"Polygon","coordinates":[[[71.4015719,51.0911534],[71.4014117,51.0911615],[71.4014323,51.0911257],[71.4014871,51.0911091],[71.4015442,51.0911211],[71.4015719,51.0911534]]]},"properties":{"OBJECTID":1994,"kind":"park","name":"Озеленение","source":"Astana municipal open geoportal","source_url":"https://gis.esaulet.kz/server/rest/services/Sloi_geoportala_otkrytiy_kontur_0702/MapServer/26","sourceId":"astana-municipal-green"}},{"type":"Feature","id":"municipal-green-1995","geometry":{"type":"Polygon","coordinates":[[[71.4007229,51.0912735],[71.4005738,51.0912949],[71.4005696,51.0912799],[71.4005907,51.0912456],[71.4006429,51.0912306],[71.4006971,51.0912425],[71.4007229,51.0912735]]]},"properties":{"OBJECTID":1995,"kind":"park","name":"Озеленение","source":"Astana municipal open geoportal","source_url":"https://gis.esaulet.kz/server/rest/services/Sloi_geoportala_otkrytiy_kontur_0702/MapServer/26","sourceId":"astana-municipal-green"}},{"type":"Feature","id":"municipal-green-1996","geometry":{"type":"Polygon","coordinates":[[[71.4077173,51.1486159],[71.4075965,51.1486012],[71.4075997,51.1485948],[71.4077173,51.1486159]]]},"properties":{"OBJECTID":1996,"kind":"park","name":"Озеленение","source":"Astana municipal open geoportal","source_url":"https://gis.esaulet.kz/server/rest/services/Sloi_geoportala_otkrytiy_kontur_0702/MapServer/26","sourceId":"astana-municipal-green"}},{"type":"Feature","id":"municipal-green-1997","geometry":{"type":"Polygon","coordinates":[[[71.4077168,51.1476388],[71.4077101,51.1476506],[71.4076213,51.1476309],[71.4077168,51.1476388]]]},"properties":{"OBJECTID":1997,"kind":"park","name":"Озеленение","source":"Astana municipal open geoportal","source_url":"https://gis.esaulet.kz/server/rest/services/Sloi_geoportala_otkrytiy_kontur_0702/MapServer/26","sourceId":"astana-municipal-green"}},{"type":"Feature","id":"municipal-green-1998","geometry":{"type":"Polygon","coordinates":[[[71.4078578,51.1476661],[71.4078602,51.1476784],[71.407781,51.1476629],[71.4078578,51.1476661]]]},"properties":{"OBJECTID":1998,"kind":"park","name":"Озеленение","source":"Astana municipal open geoportal","source_url":"https://gis.esaulet.kz/server/rest/services/Sloi_geoportala_otkrytiy_kontur_0702/MapServer/26","sourceId":"astana-municipal-green"}},{"type":"Feature","id":"municipal-green-1999","geometry":{"type":"Polygon","coordinates":[[[71.4079855,51.1476909],[71.4081486,51.1477174],[71.4079572,51.1476968],[71.4079855,51.1476909]]]},"properties":{"OBJECTID":1999,"kind":"park","name":"Озеленение","source":"Astana municipal open geoportal","source_url":"https://gis.esaulet.kz/server/rest/services/Sloi_geoportala_otkrytiy_kontur_0702/MapServer/26","sourceId":"astana-municipal-green"}},{"type":"Feature","id":"municipal-green-2000","geometry":{"type":"Polygon","coordinates":[[[71.4092585,51.1480327],[71.4092478,51.1480575],[71.4089934,51.1480195],[71.409005,51.1479918],[71.4092585,51.1480327]]]},"properties":{"OBJECTID":2000,"kind":"park","name":"Озеленение","source":"Astana municipal open geoportal","source_url":"https://gis.esaulet.kz/server/rest/services/Sloi_geoportala_otkrytiy_kontur_0702/MapServer/26","sourceId":"astana-municipal-green"}},{"type":"Feature","id":"municipal-green-2001","geometry":{"type":"Polygon","coordinates":[[[71.4102319,51.1481906],[71.4102245,51.1482066],[71.4100571,51.1481798],[71.4100715,51.1481645],[71.4102319,51.1481906]]]},"properties":{"OBJECTID":2001,"kind":"park","name":"Озеленение","source":"Astana municipal open geoportal","source_url":"https://gis.esaulet.kz/server/rest/services/Sloi_geoportala_otkrytiy_kontur_0702/MapServer/26","sourceId":"astana-municipal-green"}},{"type":"Feature","id":"municipal-green-2002","geometry":{"type":"Polygon","coordinates":[[[71.4106127,51.1482529],[71.4105194,51.1482504],[71.4105295,51.1482393],[71.4106127,51.1482529]]]},"properties":{"OBJECTID":2002,"kind":"park","name":"Озеленение","source":"Astana municipal open geoportal","source_url":"https://gis.esaulet.kz/server/rest/services/Sloi_geoportala_otkrytiy_kontur_0702/MapServer/26","sourceId":"astana-municipal-green"}},{"type":"Feature","id":"municipal-green-2003","geometry":{"type":"Polygon","coordinates":[[[71.4310195,51.1167078],[71.430933,51.1167213],[71.4309154,51.1166764],[71.4310089,51.1166702],[71.4310195,51.1167078]]]},"properties":{"OBJECTID":2003,"kind":"park","name":"Озеленение","source":"Astana municipal open geoportal","source_url":"https://gis.esaulet.kz/server/rest/services/Sloi_geoportala_otkrytiy_kontur_0702/MapServer/26","sourceId":"astana-municipal-green"}},{"type":"Feature","id":"municipal-green-2004","geometry":{"type":"Polygon","coordinates":[[[71.4495138,51.1439614],[71.4495435,51.143988],[71.4495178,51.1440382],[71.4493534,51.1439957],[71.4493968,51.1439307],[71.4495138,51.1439614]]]},"properties":{"OBJECTID":2004,"kind":"park","name":"Озеленение","source":"Astana municipal open geoportal","source_url":"https://gis.esaulet.kz/server/rest/services/Sloi_geoportala_otkrytiy_kontur_0702/MapServer/26","sourceId":"astana-municipal-green"}},{"type":"Feature","id":"municipal-green-2008","geometry":{"type":"Polygon","coordinates":[[[71.4230983,51.1221581],[71.4227222,51.1221581],[71.4225232,51.1221133],[71.4224356,51.1220665],[71.4225597,51.1220007],[71.4227129,51.1219746],[71.4226786,51.1220043],[71.4226905,51.1220274],[71.422658,51.1220985],[71.4225382,51.1220562],[71.4224967,51.1220866],[71.4226343,51.1221108],[71.4226601,51.1221378],[71.4227075,51.1221226],[71.4229241,51.1221571],[71.4231706,51.1221159],[71.4232187,51.1221297],[71.4232415,51.1220994],[71.423376,51.1220653],[71.4233322,51.122037],[71.4232153,51.1220888],[71.4231663,51.1220197],[71.4231735,51.1219974],[71.4231342,51.1219711],[71.4232776,51.122004],[71.4233796,51.1220552],[71.4233475,51.122097],[71.4230983,51.1221581]]]},"properties":{"OBJECTID":2008,"kind":"park","name":"Озеленение","source":"Astana municipal open geoportal","source_url":"https://gis.esaulet.kz/server/rest/services/Sloi_geoportala_otkrytiy_kontur_0702/MapServer/26","sourceId":"astana-municipal-green"}},{"type":"Feature","id":"municipal-green-2009","geometry":{"type":"Polygon","coordinates":[[[71.4230296,51.1215903],[71.4230252,51.1216539],[71.4229172,51.121652],[71.4228809,51.1216221],[71.4229856,51.1215628],[71.4230296,51.1215903]]]},"properties":{"OBJECTID":2009,"kind":"park","name":"Озеленение","source":"Astana municipal open geoportal","source_url":"https://gis.esaulet.kz/server/rest/services/Sloi_geoportala_otkrytiy_kontur_0702/MapServer/26","sourceId":"astana-municipal-green"}},{"type":"Feature","id":"municipal-green-2010","geometry":{"type":"Polygon","coordinates":[[[71.4231497,51.1215965],[71.4231448,51.1216591],[71.4230577,51.1216569],[71.4230622,51.1215938],[71.4231497,51.1215965]]]},"properties":{"OBJECTID":2010,"kind":"park","name":"Озеленение","source":"Astana municipal open geoportal","source_url":"https://gis.esaulet.kz/server/rest/services/Sloi_geoportala_otkrytiy_kontur_0702/MapServer/26","sourceId":"astana-municipal-green"}},{"type":"Feature","id":"municipal-green-2011","geometry":{"type":"Polygon","coordinates":[[[71.4232653,51.1215886],[71.4232662,51.1216621],[71.4231935,51.1216603],[71.4232,51.1215846],[71.4232653,51.1215886]]]},"properties":{"OBJECTID":2011,"kind":"park","name":"Озеленение","source":"Astana municipal open geoportal","source_url":"https://gis.esaulet.kz/server/rest/services/Sloi_geoportala_otkrytiy_kontur_0702/MapServer/26","sourceId":"astana-municipal-green"}},{"type":"Feature","id":"municipal-green-2012","geometry":{"type":"Polygon","coordinates":[[[71.4074067,51.1475722],[71.4076049,51.1476152],[71.4074043,51.1475843],[71.4074067,51.1475722]]]},"properties":{"OBJECTID":2012,"kind":"park","name":"Озеленение","source":"Astana municipal open geoportal","source_url":"https://gis.esaulet.kz/server/rest/services/Sloi_geoportala_otkrytiy_kontur_0702/MapServer/26","sourceId":"astana-municipal-green"}},{"type":"Feature","id":"municipal-green-2013","geometry":{"type":"Polygon","coordinates":[[[71.423191,51.1216938],[71.4231927,51.121671],[71.4232542,51.1216731],[71.4232523,51.1216958],[71.423191,51.1216938]]]},"properties":{"OBJECTID":2013,"kind":"park","name":"Озеленение","source":"Astana municipal open geoportal","source_url":"https://gis.esaulet.kz/server/rest/services/Sloi_geoportala_otkrytiy_kontur_0702/MapServer/26","sourceId":"astana-municipal-green"}},{"type":"Feature","id":"municipal-green-2019","geometry":{"type":"Polygon","coordinates":[[[71.4249026,51.1308089],[71.4250288,51.1311257],[71.4254554,51.1310468],[71.4254136,51.1309456],[71.4254413,51.1309411],[71.4254911,51.1310644],[71.4246512,51.1311941],[71.4244718,51.1311471],[71.4242762,51.1311281],[71.4242279,51.1310099],[71.4242565,51.1310055],[71.424298,51.1311074],[71.4244867,51.1311249],[71.4246533,51.1311826],[71.4250203,51.1311279],[71.4249989,51.1311223],[71.4248806,51.1308271],[71.4243979,51.1309039],[71.4243922,51.1308882],[71.4249026,51.1308089]]]},"properties":{"OBJECTID":2019,"kind":"park","name":"Озеленение","source":"Astana municipal open geoportal","source_url":"https://gis.esaulet.kz/server/rest/services/Sloi_geoportala_otkrytiy_kontur_0702/MapServer/26","sourceId":"astana-municipal-green"}},{"type":"Feature","id":"municipal-green-2020","geometry":{"type":"Polygon","coordinates":[[[71.4225547,51.1315185],[71.4225022,51.1313839],[71.4225303,51.1313792],[71.4225776,51.1314966],[71.4229311,51.1314547],[71.4228009,51.1311376],[71.4233125,51.131056],[71.4233186,51.1310712],[71.4228354,51.131148],[71.422952,51.1314414],[71.4229388,51.1314533],[71.4233556,51.1313849],[71.4233488,51.131369],[71.4234076,51.1313186],[71.4235721,51.1312287],[71.4235277,51.1311207],[71.4235593,51.1311157],[71.4236054,51.1312399],[71.4233632,51.1313929],[71.4225547,51.1315185]]]},"properties":{"OBJECTID":2020,"kind":"park","name":"Озеленение","source":"Astana municipal open geoportal","source_url":"https://gis.esaulet.kz/server/rest/services/Sloi_geoportala_otkrytiy_kontur_0702/MapServer/26","sourceId":"astana-municipal-green"}},{"type":"Feature","id":"municipal-green-2021","geometry":{"type":"Polygon","coordinates":[[[71.4244826,51.131265],[71.4244247,51.1312633],[71.4244788,51.1312551],[71.4244826,51.131265]]]},"properties":{"OBJECTID":2021,"kind":"park","name":"Озеленение","source":"Astana municipal open geoportal","source_url":"https://gis.esaulet.kz/server/rest/services/Sloi_geoportala_otkrytiy_kontur_0702/MapServer/26","sourceId":"astana-municipal-green"}},{"type":"Feature","id":"municipal-green-2022","geometry":{"type":"Polygon","coordinates":[[[71.4244047,51.131277],[71.4241601,51.1313045],[71.4244008,51.1312671],[71.4244047,51.131277]]]},"properties":{"OBJECTID":2022,"kind":"park","name":"Озеленение","source":"Astana municipal open geoportal","source_url":"https://gis.esaulet.kz/server/rest/services/Sloi_geoportala_otkrytiy_kontur_0702/MapServer/26","sourceId":"astana-municipal-green"}},{"type":"Feature","id":"municipal-green-2023","geometry":{"type":"Polygon","coordinates":[[[71.4241403,51.131318],[71.4240672,51.1313192],[71.4241364,51.1313082],[71.4241403,51.131318]]]},"properties":{"OBJECTID":2023,"kind":"park","name":"Озеленение","source":"Astana municipal open geoportal","source_url":"https://gis.esaulet.kz/server/rest/services/Sloi_geoportala_otkrytiy_kontur_0702/MapServer/26","sourceId":"astana-municipal-green"}},{"type":"Feature","id":"municipal-green-2024","geometry":{"type":"Polygon","coordinates":[[[71.4106511,51.1482592],[71.4107373,51.1482736],[71.410647,51.1482696],[71.4106511,51.1482592]]]},"properties":{"OBJECTID":2024,"kind":"park","name":"Озеленение","source":"Astana municipal open geoportal","source_url":"https://gis.esaulet.kz/server/rest/services/Sloi_geoportala_otkrytiy_kontur_0702/MapServer/26","sourceId":"astana-municipal-green"}},{"type":"Feature","id":"municipal-green-2025","geometry":{"type":"Polygon","coordinates":[[[71.4109894,51.1483113],[71.4111177,51.1483305],[71.4107982,51.1482942],[71.4109894,51.1483113]]]},"properties":{"OBJECTID":2025,"kind":"park","name":"Озеленение","source":"Astana municipal open geoportal","source_url":"https://gis.esaulet.kz/server/rest/services/Sloi_geoportala_otkrytiy_kontur_0702/MapServer/26","sourceId":"astana-municipal-green"}},{"type":"Feature","id":"municipal-green-2026","geometry":{"type":"Polygon","coordinates":[[[71.4112651,51.1483563],[71.4114874,51.1483863],[71.4115184,51.1484232],[71.4115034,51.148461],[71.4113617,51.1484383],[71.4113814,51.1483834],[71.4112511,51.1483641],[71.4112651,51.1483563]]]},"properties":{"OBJECTID":2026,"kind":"park","name":"Озеленение","source":"Astana municipal open geoportal","source_url":"https://gis.esaulet.kz/server/rest/services/Sloi_geoportala_otkrytiy_kontur_0702/MapServer/26","sourceId":"astana-municipal-green"}},{"type":"Feature","id":"municipal-green-2027","geometry":{"type":"Polygon","coordinates":[[[71.4111471,51.1483351],[71.4112019,51.1483555],[71.4111429,51.1483465],[71.4111471,51.1483351]]]},"properties":{"OBJECTID":2027,"kind":"park","name":"Озеленение","source":"Astana municipal open geoportal","source_url":"https://gis.esaulet.kz/server/rest/services/Sloi_geoportala_otkrytiy_kontur_0702/MapServer/26","sourceId":"astana-municipal-green"}},{"type":"Feature","id":"municipal-green-2028","geometry":{"type":"Polygon","coordinates":[[[71.4072028,51.1475211],[71.4071431,51.147535],[71.4069918,51.1474936],[71.4070053,51.1474727],[71.4072028,51.1475211]]]},"properties":{"OBJECTID":2028,"kind":"park","name":"Озеленение","source":"Astana municipal open geoportal","source_url":"https://gis.esaulet.kz/server/rest/services/Sloi_geoportala_otkrytiy_kontur_0702/MapServer/26","sourceId":"astana-municipal-green"}},{"type":"Feature","id":"municipal-green-2029","geometry":{"type":"Polygon","coordinates":[[[71.477931,51.1683125],[71.4781514,51.1685127],[71.4780588,51.1685551],[71.4776881,51.1682044],[71.4777088,51.1681913],[71.477931,51.1683125]]]},"properties":{"OBJECTID":2029,"kind":"park","name":"Озеленение","source":"Astana municipal open geoportal","source_url":"https://gis.esaulet.kz/server/rest/services/Sloi_geoportala_otkrytiy_kontur_0702/MapServer/26","sourceId":"astana-municipal-green"}},{"type":"Feature","id":"municipal-green-2032","geometry":{"type":"Polygon","coordinates":[[[71.4018724,51.1326855],[71.4017065,51.132702],[71.4016875,51.1324192],[71.4017742,51.132141],[71.4019688,51.1318821],[71.402113,51.131943],[71.4019721,51.1321271],[71.4018851,51.1323147],[71.4018513,51.1325007],[71.4018724,51.1326855]]]},"properties":{"OBJECTID":2032,"kind":"park","name":"Озеленение","source":"Astana municipal open geoportal","source_url":"https://gis.esaulet.kz/server/rest/services/Sloi_geoportala_otkrytiy_kontur_0702/MapServer/26","sourceId":"astana-municipal-green"}},{"type":"Feature","id":"municipal-green-2033","geometry":{"type":"Polygon","coordinates":[[[71.3982362,51.1499061],[71.398069,51.1499225],[71.3980617,51.1498591],[71.3982274,51.1498519],[71.3982016,51.1498742],[71.3982353,51.1498728],[71.3982362,51.1499061]]]},"properties":{"OBJECTID":2033,"kind":"park","name":"Озеленение","source":"Astana municipal open geoportal","source_url":"https://gis.esaulet.kz/server/rest/services/Sloi_geoportala_otkrytiy_kontur_0702/MapServer/26","sourceId":"astana-municipal-green"}},{"type":"Feature","id":"municipal-green-2034","geometry":{"type":"Polygon","coordinates":[[[71.3982251,51.1500284],[71.3981839,51.1500303],[71.3982242,51.1500207],[71.3982251,51.1500284]]]},"properties":{"OBJECTID":2034,"kind":"park","name":"Озеленение","source":"Astana municipal open geoportal","source_url":"https://gis.esaulet.kz/server/rest/services/Sloi_geoportala_otkrytiy_kontur_0702/MapServer/26","sourceId":"astana-municipal-green"}},{"type":"Feature","id":"municipal-green-2035","geometry":{"type":"Polygon","coordinates":[[[71.3981318,51.1500328],[71.3978981,51.1500435],[71.3981271,51.1500252],[71.3981318,51.1500328]]]},"properties":{"OBJECTID":2035,"kind":"park","name":"Озеленение","source":"Astana municipal open geoportal","source_url":"https://gis.esaulet.kz/server/rest/services/Sloi_geoportala_otkrytiy_kontur_0702/MapServer/26","sourceId":"astana-municipal-green"}},{"type":"Feature","id":"municipal-green-2036","geometry":{"type":"Polygon","coordinates":[[[71.4011429,51.1495144],[71.4010966,51.149567],[71.4011332,51.1495074],[71.4011429,51.1495144]]]},"properties":{"OBJECTID":2036,"kind":"park","name":"Озеленение","source":"Astana municipal open geoportal","source_url":"https://gis.esaulet.kz/server/rest/services/Sloi_geoportala_otkrytiy_kontur_0702/MapServer/26","sourceId":"astana-municipal-green"}},{"type":"Feature","id":"municipal-green-2037","geometry":{"type":"Polygon","coordinates":[[[71.4011972,51.1497746],[71.4012629,51.1497899],[71.4012251,51.1498524],[71.4012733,51.149863],[71.4012498,51.1499002],[71.4011313,51.1498652],[71.401181,51.1497709],[71.4011972,51.1497746]]]},"properties":{"OBJECTID":2037,"kind":"park","name":"Озеленение","source":"Astana municipal open geoportal","source_url":"https://gis.esaulet.kz/server/rest/services/Sloi_geoportala_otkrytiy_kontur_0702/MapServer/26","sourceId":"astana-municipal-green"}},{"type":"Feature","id":"municipal-green-2038","geometry":{"type":"Polygon","coordinates":[[[71.3981988,51.1487616],[71.3980953,51.1487822],[71.3980947,51.1487593],[71.3979902,51.1487618],[71.3979814,51.1487334],[71.3981963,51.148738],[71.3981988,51.1487616]]]},"properties":{"OBJECTID":2038,"kind":"park","name":"Озеленение","source":"Astana municipal open geoportal","source_url":"https://gis.esaulet.kz/server/rest/services/Sloi_geoportala_otkrytiy_kontur_0702/MapServer/26","sourceId":"astana-municipal-green"}},{"type":"Feature","id":"municipal-green-2039","geometry":{"type":"Polygon","coordinates":[[[71.4000809,51.1497798],[71.4000851,51.1498194],[71.4000089,51.1498227],[71.4000066,51.1497802],[71.4000809,51.1497798]]]},"properties":{"OBJECTID":2039,"kind":"park","name":"Озеленение","source":"Astana municipal open geoportal","source_url":"https://gis.esaulet.kz/server/rest/services/Sloi_geoportala_otkrytiy_kontur_0702/MapServer/26","sourceId":"astana-municipal-green"}},{"type":"Feature","id":"municipal-green-2040","geometry":{"type":"Polygon","coordinates":[[[71.4018643,51.1486584],[71.4019354,51.1486756],[71.401832,51.1488484],[71.4017593,51.1488311],[71.4018643,51.1486584]]]},"properties":{"OBJECTID":2040,"kind":"park","name":"Озеленение","source":"Astana municipal open geoportal","source_url":"https://gis.esaulet.kz/server/rest/services/Sloi_geoportala_otkrytiy_kontur_0702/MapServer/26","sourceId":"astana-municipal-green"}},{"type":"Feature","id":"municipal-green-2041","geometry":{"type":"Polygon","coordinates":[[[71.4009973,51.1498535],[71.4008757,51.1498344],[71.4009056,51.1497806],[71.4009567,51.1497968],[71.4010887,51.14958],[71.401071,51.1496338],[71.4011188,51.1496456],[71.4009973,51.1498535]]]},"properties":{"OBJECTID":2041,"kind":"park","name":"Озеленение","source":"Astana municipal open geoportal","source_url":"https://gis.esaulet.kz/server/rest/services/Sloi_geoportala_otkrytiy_kontur_0702/MapServer/26","sourceId":"astana-municipal-green"}},{"type":"Feature","id":"municipal-green-2042","geometry":{"type":"Polygon","coordinates":[[[71.401832,51.1488484],[71.4017712,51.1489489],[71.4016742,51.1489251],[71.401736,51.1488254],[71.401832,51.1488484]]]},"properties":{"OBJECTID":2042,"kind":"park","name":"Озеленение","source":"Astana municipal open geoportal","source_url":"https://gis.esaulet.kz/server/rest/services/Sloi_geoportala_otkrytiy_kontur_0702/MapServer/26","sourceId":"astana-municipal-green"}},{"type":"Feature","id":"municipal-green-2046","geometry":{"type":"Polygon","coordinates":[[[71.4474285,51.1417908],[71.4475545,51.1418191],[71.4475499,51.1418677],[71.4471409,51.1418577],[71.4472328,51.1417887],[71.4474285,51.1417908]]]},"properties":{"OBJECTID":2046,"kind":"park","name":"Озеленение","source":"Astana municipal open geoportal","source_url":"https://gis.esaulet.kz/server/rest/services/Sloi_geoportala_otkrytiy_kontur_0702/MapServer/26","sourceId":"astana-municipal-green"}},{"type":"Feature","id":"municipal-green-2047","geometry":{"type":"Polygon","coordinates":[[[71.443016,51.119668],[71.4431264,51.1196801],[71.4430179,51.1196852],[71.443016,51.119668]]]},"properties":{"OBJECTID":2047,"kind":"park","name":"Озеленение","source":"Astana municipal open geoportal","source_url":"https://gis.esaulet.kz/server/rest/services/Sloi_geoportala_otkrytiy_kontur_0702/MapServer/26","sourceId":"astana-municipal-green"}},{"type":"Feature","id":"municipal-green-2048","geometry":{"type":"Polygon","coordinates":[[[71.487287,51.1435499],[71.4868713,51.1441312],[71.4868247,51.1441182],[71.4868603,51.1440255],[71.4868519,51.1438333],[71.4870287,51.1435815],[71.4871414,51.1435095],[71.487287,51.1435499]]]},"properties":{"OBJECTID":2048,"kind":"park","name":"Озеленение","source":"Astana municipal open geoportal","source_url":"https://gis.esaulet.kz/server/rest/services/Sloi_geoportala_otkrytiy_kontur_0702/MapServer/26","sourceId":"astana-municipal-green"}},{"type":"Feature","id":"municipal-green-2049","geometry":{"type":"Polygon","coordinates":[[[71.4320499,51.0906976],[71.431977,51.0907223],[71.431954,51.0906987],[71.4320499,51.0906976]]]},"properties":{"OBJECTID":2049,"kind":"park","name":"Озеленение","source":"Astana municipal open geoportal","source_url":"https://gis.esaulet.kz/server/rest/services/Sloi_geoportala_otkrytiy_kontur_0702/MapServer/26","sourceId":"astana-municipal-green"}},{"type":"Feature","id":"municipal-green-2050","geometry":{"type":"Polygon","coordinates":[[[71.4339487,51.090916],[71.4339817,51.0909578],[71.4339162,51.090967],[71.4339003,51.0909222],[71.4339487,51.090916]]]},"properties":{"OBJECTID":2050,"kind":"park","name":"Озеленение","source":"Astana municipal open geoportal","source_url":"https://gis.esaulet.kz/server/rest/services/Sloi_geoportala_otkrytiy_kontur_0702/MapServer/26","sourceId":"astana-municipal-green"}},{"type":"Feature","id":"municipal-green-2051","geometry":{"type":"Polygon","coordinates":[[[71.4447395,51.1119906],[71.4447843,51.1121036],[71.4445301,51.1122199],[71.4443536,51.1118353],[71.444523,51.111723],[71.4446027,51.1117221],[71.4447194,51.1119352],[71.4446301,51.111951],[71.444636,51.1119858],[71.4447395,51.1119906]]]},"properties":{"OBJECTID":2051,"kind":"park","name":"Озеленение","source":"Astana municipal open geoportal","source_url":"https://gis.esaulet.kz/server/rest/services/Sloi_geoportala_otkrytiy_kontur_0702/MapServer/26","sourceId":"astana-municipal-green"}},{"type":"Feature","id":"municipal-green-2054","geometry":{"type":"Polygon","coordinates":[[[71.4443805,51.1120198],[71.4439081,51.1122249],[71.4438129,51.1122121],[71.4443113,51.111865],[71.4443805,51.1120198]]]},"properties":{"OBJECTID":2054,"kind":"park","name":"Озеленение","source":"Astana municipal open geoportal","source_url":"https://gis.esaulet.kz/server/rest/services/Sloi_geoportala_otkrytiy_kontur_0702/MapServer/26","sourceId":"astana-municipal-green"}},{"type":"Feature","id":"municipal-green-2055","geometry":{"type":"Polygon","coordinates":[[[71.4444317,51.1121356],[71.4441693,51.1122574],[71.4439413,51.112229],[71.4443872,51.112035],[71.4444317,51.1121356]]]},"properties":{"OBJECTID":2055,"kind":"park","name":"Озеленение","source":"Astana municipal open geoportal","source_url":"https://gis.esaulet.kz/server/rest/services/Sloi_geoportala_otkrytiy_kontur_0702/MapServer/26","sourceId":"astana-municipal-green"}},{"type":"Feature","id":"municipal-green-2056","geometry":{"type":"Polygon","coordinates":[[[71.4444805,51.1122434],[71.4443905,51.1122847],[71.4442011,51.1122614],[71.4444389,51.1121513],[71.4444805,51.1122434]]]},"properties":{"OBJECTID":2056,"kind":"park","name":"Озеленение","source":"Astana municipal open geoportal","source_url":"https://gis.esaulet.kz/server/rest/services/Sloi_geoportala_otkrytiy_kontur_0702/MapServer/26","sourceId":"astana-municipal-green"}},{"type":"Feature","id":"municipal-green-2057","geometry":{"type":"Polygon","coordinates":[[[71.4296934,51.1382469],[71.4296313,51.1381792],[71.4296463,51.1381774],[71.4296934,51.1382469]]]},"properties":{"OBJECTID":2057,"kind":"park","name":"Озеленение","source":"Astana municipal open geoportal","source_url":"https://gis.esaulet.kz/server/rest/services/Sloi_geoportala_otkrytiy_kontur_0702/MapServer/26","sourceId":"astana-municipal-green"}},{"type":"Feature","id":"municipal-green-2058","geometry":{"type":"Polygon","coordinates":[[[71.4297315,51.1383064],[71.429827,51.1384581],[71.4297176,51.1383098],[71.4297315,51.1383064]]]},"properties":{"OBJECTID":2058,"kind":"park","name":"Озеленение","source":"Astana municipal open geoportal","source_url":"https://gis.esaulet.kz/server/rest/services/Sloi_geoportala_otkrytiy_kontur_0702/MapServer/26","sourceId":"astana-municipal-green"}},{"type":"Feature","id":"municipal-green-2059","geometry":{"type":"Polygon","coordinates":[[[71.4299025,51.0916761],[71.4298435,51.0916959],[71.429785,51.0915376],[71.4293409,51.0916008],[71.4293347,51.0915621],[71.4298028,51.0915091],[71.4298445,51.0915234],[71.4299025,51.0916761]]]},"properties":{"OBJECTID":2059,"kind":"park","name":"Озеленение","source":"Astana municipal open geoportal","source_url":"https://gis.esaulet.kz/server/rest/services/Sloi_geoportala_otkrytiy_kontur_0702/MapServer/26","sourceId":"astana-municipal-green"}},{"type":"Feature","id":"municipal-green-2060","geometry":{"type":"Polygon","coordinates":[[[71.4031749,51.1215786],[71.4030529,51.1215996],[71.4030429,51.1215756],[71.4031656,51.1215556],[71.4031749,51.1215786]]]},"properties":{"OBJECTID":2060,"kind":"park","name":"Озеленение","source":"Astana municipal open geoportal","source_url":"https://gis.esaulet.kz/server/rest/services/Sloi_geoportala_otkrytiy_kontur_0702/MapServer/26","sourceId":"astana-municipal-green"}},{"type":"Feature","id":"municipal-green-2061","geometry":{"type":"Polygon","coordinates":[[[71.4297542,51.091429],[71.4293154,51.0915074],[71.4293018,51.0914826],[71.4297542,51.091429]]]},"properties":{"OBJECTID":2061,"kind":"park","name":"Озеленение","source":"Astana municipal open geoportal","source_url":"https://gis.esaulet.kz/server/rest/services/Sloi_geoportala_otkrytiy_kontur_0702/MapServer/26","sourceId":"astana-municipal-green"}},{"type":"Feature","id":"municipal-green-2062","geometry":{"type":"Polygon","coordinates":[[[71.4090424,51.12108],[71.4090058,51.1210665],[71.4088854,51.1207731],[71.4089187,51.1207671],[71.4090424,51.12108]]]},"properties":{"OBJECTID":2062,"kind":"park","name":"Озеленение","source":"Astana municipal open geoportal","source_url":"https://gis.esaulet.kz/server/rest/services/Sloi_geoportala_otkrytiy_kontur_0702/MapServer/26","sourceId":"astana-municipal-green"}},{"type":"Feature","id":"municipal-green-2063","geometry":{"type":"Polygon","coordinates":[[[71.4042986,51.1213978],[71.4043244,51.1213697],[71.4046146,51.121323],[71.4047724,51.1213214],[71.4042986,51.1213978]]]},"properties":{"OBJECTID":2063,"kind":"park","name":"Озеленение","source":"Astana municipal open geoportal","source_url":"https://gis.esaulet.kz/server/rest/services/Sloi_geoportala_otkrytiy_kontur_0702/MapServer/26","sourceId":"astana-municipal-green"}},{"type":"Feature","id":"municipal-green-2064","geometry":{"type":"Polygon","coordinates":[[[71.4102606,51.1481946],[71.410458,51.1482418],[71.4102539,51.1482099],[71.4102606,51.1481946]]]},"properties":{"OBJECTID":2064,"kind":"park","name":"Озеленение","source":"Astana municipal open geoportal","source_url":"https://gis.esaulet.kz/server/rest/services/Sloi_geoportala_otkrytiy_kontur_0702/MapServer/26","sourceId":"astana-municipal-green"}},{"type":"Feature","id":"municipal-green-2068","geometry":{"type":"Polygon","coordinates":[[[71.4229483,51.1217118],[71.4229299,51.1217453],[71.4229375,51.1218366],[71.422902,51.1218358],[71.422922,51.1216642],[71.4231441,51.1216697],[71.4231425,51.1216921],[71.4229504,51.1216866],[71.4229483,51.1217118]]]},"properties":{"OBJECTID":2068,"kind":"park","name":"Озеленение","source":"Astana municipal open geoportal","source_url":"https://gis.esaulet.kz/server/rest/services/Sloi_geoportala_otkrytiy_kontur_0702/MapServer/26","sourceId":"astana-municipal-green"}},{"type":"Feature","id":"municipal-green-2069","geometry":{"type":"Polygon","coordinates":[[[71.4231771,51.1220981],[71.4229469,51.1221257],[71.4229493,51.1220678],[71.42313,51.1220309],[71.4231771,51.1220981]]]},"properties":{"OBJECTID":2069,"kind":"park","name":"Озеленение","source":"Astana municipal open geoportal","source_url":"https://gis.esaulet.kz/server/rest/services/Sloi_geoportala_otkrytiy_kontur_0702/MapServer/26","sourceId":"astana-municipal-green"}},{"type":"Feature","id":"municipal-green-2070","geometry":{"type":"Polygon","coordinates":[[[71.4836041,51.1310722],[71.483592,51.131089],[71.4835507,51.1310616],[71.4836041,51.1310722]]]},"properties":{"OBJECTID":2070,"kind":"park","name":"Озеленение","source":"Astana municipal open geoportal","source_url":"https://gis.esaulet.kz/server/rest/services/Sloi_geoportala_otkrytiy_kontur_0702/MapServer/26","sourceId":"astana-municipal-green"}},{"type":"Feature","id":"municipal-green-2071","geometry":{"type":"Polygon","coordinates":[[[71.484055,51.1312],[71.4840436,51.1312162],[71.4836773,51.1311145],[71.4836899,51.1310966],[71.484055,51.1312]]]},"properties":{"OBJECTID":2071,"kind":"park","name":"Озеленение","source":"Astana municipal open geoportal","source_url":"https://gis.esaulet.kz/server/rest/services/Sloi_geoportala_otkrytiy_kontur_0702/MapServer/26","sourceId":"astana-municipal-green"}},{"type":"Feature","id":"municipal-green-2072","geometry":{"type":"Polygon","coordinates":[[[71.4843016,51.1312694],[71.4842891,51.131287],[71.484095,51.1312326],[71.4841073,51.1312152],[71.4843016,51.1312694]]]},"properties":{"OBJECTID":2072,"kind":"park","name":"Озеленение","source":"Astana municipal open geoportal","source_url":"https://gis.esaulet.kz/server/rest/services/Sloi_geoportala_otkrytiy_kontur_0702/MapServer/26","sourceId":"astana-municipal-green"}},{"type":"Feature","id":"municipal-green-2073","geometry":{"type":"Polygon","coordinates":[[[71.4845923,51.1313514],[71.4847101,51.1313779],[71.4846932,51.1314004],[71.4843799,51.1313136],[71.4843925,51.1312956],[71.4845923,51.1313514]]]},"properties":{"OBJECTID":2073,"kind":"park","name":"Озеленение","source":"Astana municipal open geoportal","source_url":"https://gis.esaulet.kz/server/rest/services/Sloi_geoportala_otkrytiy_kontur_0702/MapServer/26","sourceId":"astana-municipal-green"}},{"type":"Feature","id":"municipal-green-2074","geometry":{"type":"Polygon","coordinates":[[[71.4852663,51.1315421],[71.485256,51.1315571],[71.4851529,51.1315292],[71.4851638,51.1315132],[71.4852663,51.1315421]]]},"properties":{"OBJECTID":2074,"kind":"park","name":"Озеленение","source":"Astana municipal open geoportal","source_url":"https://gis.esaulet.kz/server/rest/services/Sloi_geoportala_otkrytiy_kontur_0702/MapServer/26","sourceId":"astana-municipal-green"}},{"type":"Feature","id":"municipal-green-2075","geometry":{"type":"Polygon","coordinates":[[[71.4853444,51.1315642],[71.485256,51.1315571],[71.4852663,51.1315421],[71.4853444,51.1315642]]]},"properties":{"OBJECTID":2075,"kind":"park","name":"Озеленение","source":"Astana municipal open geoportal","source_url":"https://gis.esaulet.kz/server/rest/services/Sloi_geoportala_otkrytiy_kontur_0702/MapServer/26","sourceId":"astana-municipal-green"}},{"type":"Feature","id":"municipal-green-2078","geometry":{"type":"Polygon","coordinates":[[[71.4319846,51.1081055],[71.4319186,51.108083],[71.4318295,51.1078356],[71.4318496,51.107804],[71.4318745,51.1077976],[71.4319846,51.1081055]]]},"properties":{"OBJECTID":2078,"kind":"park","name":"Озеленение","source":"Astana municipal open geoportal","source_url":"https://gis.esaulet.kz/server/rest/services/Sloi_geoportala_otkrytiy_kontur_0702/MapServer/26","sourceId":"astana-municipal-green"}},{"type":"Feature","id":"municipal-green-2079","geometry":{"type":"Polygon","coordinates":[[[71.4324175,51.1122845],[71.4324848,51.1123184],[71.4325682,51.1125548],[71.4325313,51.1126026],[71.4325148,51.1126071],[71.4323981,51.1122851],[71.4324175,51.1122845]]]},"properties":{"OBJECTID":2079,"kind":"park","name":"Озеленение","source":"Astana municipal open geoportal","source_url":"https://gis.esaulet.kz/server/rest/services/Sloi_geoportala_otkrytiy_kontur_0702/MapServer/26","sourceId":"astana-municipal-green"}},{"type":"Feature","id":"municipal-green-2080","geometry":{"type":"Polygon","coordinates":[[[71.4898713,51.1563482],[71.4898164,51.1562935],[71.4898534,51.1562795],[71.4899072,51.1563351],[71.4898713,51.1563482]]]},"properties":{"OBJECTID":2080,"kind":"park","name":"Озеленение","source":"Astana municipal open geoportal","source_url":"https://gis.esaulet.kz/server/rest/services/Sloi_geoportala_otkrytiy_kontur_0702/MapServer/26","sourceId":"astana-municipal-green"}},{"type":"Feature","id":"municipal-green-2081","geometry":{"type":"Polygon","coordinates":[[[71.4080711,51.1486757],[71.4077749,51.1486316],[71.4077717,51.1486249],[71.4080711,51.1486757]]]},"properties":{"OBJECTID":2081,"kind":"park","name":"Озеленение","source":"Astana municipal open geoportal","source_url":"https://gis.esaulet.kz/server/rest/services/Sloi_geoportala_otkrytiy_kontur_0702/MapServer/26","sourceId":"astana-municipal-green"}},{"type":"Feature","id":"municipal-green-2082","geometry":{"type":"Polygon","coordinates":[[[71.4067021,51.1479838],[71.4066907,51.1480173],[71.4065975,51.1479958],[71.4067368,51.1475512],[71.4068336,51.1475299],[71.4072464,51.1476388],[71.4072308,51.1476644],[71.4068464,51.1475682],[71.4067021,51.1479838]]]},"properties":{"OBJECTID":2082,"kind":"park","name":"Озеленение","source":"Astana municipal open geoportal","source_url":"https://gis.esaulet.kz/server/rest/services/Sloi_geoportala_otkrytiy_kontur_0702/MapServer/26","sourceId":"astana-municipal-green"}},{"type":"Feature","id":"municipal-green-2083","geometry":{"type":"Polygon","coordinates":[[[71.4399467,51.1247311],[71.4400024,51.1247527],[71.4400037,51.1247951],[71.4399476,51.1248181],[71.4398865,51.1248003],[71.4398821,51.1247533],[71.4399467,51.1247311]]]},"properties":{"OBJECTID":2083,"kind":"park","name":"Озеленение","source":"Astana municipal open geoportal","source_url":"https://gis.esaulet.kz/server/rest/services/Sloi_geoportala_otkrytiy_kontur_0702/MapServer/26","sourceId":"astana-municipal-green"}},{"type":"Feature","id":"municipal-green-2085","geometry":{"type":"Polygon","coordinates":[[[71.3861553,51.1661328],[71.3861848,51.1661687],[71.3861192,51.1661715],[71.3861182,51.1661435],[71.3861553,51.1661328]]]},"properties":{"OBJECTID":2085,"kind":"park","name":"Озеленение","source":"Astana municipal open geoportal","source_url":"https://gis.esaulet.kz/server/rest/services/Sloi_geoportala_otkrytiy_kontur_0702/MapServer/26","sourceId":"astana-municipal-green"}},{"type":"Feature","id":"municipal-green-2086","geometry":{"type":"Polygon","coordinates":[[[71.3856665,51.166512],[71.3856479,51.1665119],[71.385649,51.1664365],[71.3857093,51.1664371],[71.3857083,51.166496],[71.3856665,51.166512]]]},"properties":{"OBJECTID":2086,"kind":"park","name":"Озеленение","source":"Astana municipal open geoportal","source_url":"https://gis.esaulet.kz/server/rest/services/Sloi_geoportala_otkrytiy_kontur_0702/MapServer/26","sourceId":"astana-municipal-green"}},{"type":"Feature","id":"municipal-green-2087","geometry":{"type":"Polygon","coordinates":[[[71.3870875,51.1670969],[71.3870482,51.1670964],[71.3870494,51.1670003],[71.3871044,51.1669951],[71.3870875,51.1670969]]]},"properties":{"OBJECTID":2087,"kind":"park","name":"Озеленение","source":"Astana municipal open geoportal","source_url":"https://gis.esaulet.kz/server/rest/services/Sloi_geoportala_otkrytiy_kontur_0702/MapServer/26","sourceId":"astana-municipal-green"}},{"type":"Feature","id":"municipal-green-2088","geometry":{"type":"Polygon","coordinates":[[[71.4327551,51.1257342],[71.4326931,51.1257876],[71.4321986,51.1258653],[71.4322507,51.1260032],[71.4316719,51.1260923],[71.4315904,51.1258888],[71.4327437,51.1257057],[71.4327551,51.1257342]]]},"properties":{"OBJECTID":2088,"kind":"park","name":"Озеленение","source":"Astana municipal open geoportal","source_url":"https://gis.esaulet.kz/server/rest/services/Sloi_geoportala_otkrytiy_kontur_0702/MapServer/26","sourceId":"astana-municipal-green"}},{"type":"Feature","id":"municipal-green-2089","geometry":{"type":"Polygon","coordinates":[[[71.4328444,51.1265667],[71.4328762,51.1265818],[71.4328992,51.1266394],[71.4328799,51.1266642],[71.4328277,51.1266582],[71.4328008,51.1265986],[71.4328444,51.1265667]]]},"properties":{"OBJECTID":2089,"kind":"park","name":"Озеленение","source":"Astana municipal open geoportal","source_url":"https://gis.esaulet.kz/server/rest/services/Sloi_geoportala_otkrytiy_kontur_0702/MapServer/26","sourceId":"astana-municipal-green"}},{"type":"Feature","id":"municipal-green-2091","geometry":{"type":"Polygon","coordinates":[[[71.4606603,51.1630029],[71.4605275,51.1630438],[71.4604395,51.1629271],[71.4605698,51.1628883],[71.4606603,51.1630029]]]},"properties":{"OBJECTID":2091,"kind":"park","name":"Озеленение","source":"Astana municipal open geoportal","source_url":"https://gis.esaulet.kz/server/rest/services/Sloi_geoportala_otkrytiy_kontur_0702/MapServer/26","sourceId":"astana-municipal-green"}},{"type":"Feature","id":"municipal-green-2092","geometry":{"type":"Polygon","coordinates":[[[71.460258,51.1629719],[71.4600946,51.163025],[71.4600662,51.1629924],[71.4602309,51.1629377],[71.460258,51.1629719]]]},"properties":{"OBJECTID":2092,"kind":"park","name":"Озеленение","source":"Astana municipal open geoportal","source_url":"https://gis.esaulet.kz/server/rest/services/Sloi_geoportala_otkrytiy_kontur_0702/MapServer/26","sourceId":"astana-municipal-green"}},{"type":"Feature","id":"municipal-green-2093","geometry":{"type":"Polygon","coordinates":[[[71.4598053,51.1632],[71.4597148,51.1632301],[71.4596313,51.1631368],[71.4597205,51.1631053],[71.4598053,51.1632]]]},"properties":{"OBJECTID":2093,"kind":"park","name":"Озеленение","source":"Astana municipal open geoportal","source_url":"https://gis.esaulet.kz/server/rest/services/Sloi_geoportala_otkrytiy_kontur_0702/MapServer/26","sourceId":"astana-municipal-green"}},{"type":"Feature","id":"municipal-green-2094","geometry":{"type":"Polygon","coordinates":[[[71.4604274,51.1629148],[71.460397,51.1628788],[71.4605271,51.1628354],[71.4605595,51.1628748],[71.4604274,51.1629148]],[[71.460507,51.1628723],[71.4604883,51.1628498],[71.4604541,51.162861],[71.4604728,51.1628835],[71.460507,51.1628723]]]},"properties":{"OBJECTID":2094,"kind":"park","name":"Озеленение","source":"Astana municipal open geoportal","source_url":"https://gis.esaulet.kz/server/rest/services/Sloi_geoportala_otkrytiy_kontur_0702/MapServer/26","sourceId":"astana-municipal-green"}},{"type":"Feature","id":"municipal-green-2095","geometry":{"type":"Polygon","coordinates":[[[71.4732582,51.1415057],[71.4733329,51.1415258],[71.4733428,51.1415544],[71.4733273,51.141568],[71.473238,51.1415437],[71.4732582,51.1415057]]]},"properties":{"OBJECTID":2095,"kind":"park","name":"Озеленение","source":"Astana municipal open geoportal","source_url":"https://gis.esaulet.kz/server/rest/services/Sloi_geoportala_otkrytiy_kontur_0702/MapServer/26","sourceId":"astana-municipal-green"}},{"type":"Feature","id":"municipal-green-2096","geometry":{"type":"Polygon","coordinates":[[[71.4290668,51.1358796],[71.4289647,51.1358969],[71.4289569,51.1358787],[71.4290583,51.1358613],[71.4290668,51.1358796]]]},"properties":{"OBJECTID":2096,"kind":"park","name":"Озеленение","source":"Astana municipal open geoportal","source_url":"https://gis.esaulet.kz/server/rest/services/Sloi_geoportala_otkrytiy_kontur_0702/MapServer/26","sourceId":"astana-municipal-green"}},{"type":"Feature","id":"municipal-green-2097","geometry":{"type":"Polygon","coordinates":[[[71.4792117,51.1475416],[71.479284,51.1474376],[71.4793307,51.1474511],[71.4792591,51.147555],[71.4792117,51.1475416]]]},"properties":{"OBJECTID":2097,"kind":"park","name":"Озеленение","source":"Astana municipal open geoportal","source_url":"https://gis.esaulet.kz/server/rest/services/Sloi_geoportala_otkrytiy_kontur_0702/MapServer/26","sourceId":"astana-municipal-green"}},{"type":"Feature","id":"municipal-green-2098","geometry":{"type":"Polygon","coordinates":[[[71.4732453,51.1440505],[71.4731697,51.1440292],[71.4732699,51.1438882],[71.4733469,51.1439099],[71.4732453,51.1440505]]]},"properties":{"OBJECTID":2098,"kind":"park","name":"Озеленение","source":"Astana municipal open geoportal","source_url":"https://gis.esaulet.kz/server/rest/services/Sloi_geoportala_otkrytiy_kontur_0702/MapServer/26","sourceId":"astana-municipal-green"}},{"type":"Feature","id":"municipal-green-2099","geometry":{"type":"Polygon","coordinates":[[[71.4289323,51.0996659],[71.4287704,51.0996891],[71.4286878,51.0996406],[71.4285815,51.0994097],[71.4284409,51.0992465],[71.4284394,51.0991156],[71.428496,51.0989251],[71.4287702,51.0996471],[71.4289463,51.0996421],[71.4289323,51.0996659]]]},"properties":{"OBJECTID":2099,"kind":"park","name":"Озеленение","source":"Astana municipal open geoportal","source_url":"https://gis.esaulet.kz/server/rest/services/Sloi_geoportala_otkrytiy_kontur_0702/MapServer/26","sourceId":"astana-municipal-green"}},{"type":"Feature","id":"municipal-green-2100","geometry":{"type":"Polygon","coordinates":[[[71.3873977,51.1670559],[71.3873192,51.1670446],[71.3873222,51.1667969],[71.3871068,51.1667958],[71.3871063,51.1668327],[71.3870733,51.166845],[71.3870535,51.166845],[71.387058,51.1668049],[71.3871137,51.1667819],[71.3874027,51.1667831],[71.3873977,51.1670559]]]},"properties":{"OBJECTID":2100,"kind":"park","name":"Озеленение","source":"Astana municipal open geoportal","source_url":"https://gis.esaulet.kz/server/rest/services/Sloi_geoportala_otkrytiy_kontur_0702/MapServer/26","sourceId":"astana-municipal-green"}},{"type":"Feature","id":"municipal-green-2101","geometry":{"type":"Polygon","coordinates":[[[71.4013977,51.1489566],[71.4014743,51.1489751],[71.401492,51.1490021],[71.4012307,51.1494521],[71.4011863,51.1494419],[71.4011562,51.1494695],[71.4014058,51.1490592],[71.4013431,51.1490438],[71.4013977,51.1489566]]]},"properties":{"OBJECTID":2101,"kind":"park","name":"Озеленение","source":"Astana municipal open geoportal","source_url":"https://gis.esaulet.kz/server/rest/services/Sloi_geoportala_otkrytiy_kontur_0702/MapServer/26","sourceId":"astana-municipal-green"}},{"type":"Feature","id":"municipal-green-2102","geometry":{"type":"Polygon","coordinates":[[[71.4017436,51.1489946],[71.4014643,51.1494566],[71.4014138,51.1494445],[71.4016712,51.1489776],[71.4017436,51.1489946]]]},"properties":{"OBJECTID":2102,"kind":"park","name":"Озеленение","source":"Astana municipal open geoportal","source_url":"https://gis.esaulet.kz/server/rest/services/Sloi_geoportala_otkrytiy_kontur_0702/MapServer/26","sourceId":"astana-municipal-green"}},{"type":"Feature","id":"municipal-green-2103","geometry":{"type":"Polygon","coordinates":[[[71.4009036,51.1497842],[71.400876,51.1498345],[71.4007072,51.1498018],[71.4006951,51.1497584],[71.4007048,51.149737],[71.4009036,51.1497842]]]},"properties":{"OBJECTID":2103,"kind":"park","name":"Озеленение","source":"Astana municipal open geoportal","source_url":"https://gis.esaulet.kz/server/rest/services/Sloi_geoportala_otkrytiy_kontur_0702/MapServer/26","sourceId":"astana-municipal-green"}},{"type":"Feature","id":"municipal-green-2104","geometry":{"type":"Polygon","coordinates":[[[71.4010985,51.1500778],[71.4010144,51.1500604],[71.4010669,51.149976],[71.4011941,51.1499883],[71.4011722,51.1500228],[71.4011377,51.1500149],[71.4010985,51.1500778]]]},"properties":{"OBJECTID":2104,"kind":"park","name":"Озеленение","source":"Astana municipal open geoportal","source_url":"https://gis.esaulet.kz/server/rest/services/Sloi_geoportala_otkrytiy_kontur_0702/MapServer/26","sourceId":"astana-municipal-green"}},{"type":"Feature","id":"municipal-green-2105","geometry":{"type":"Polygon","coordinates":[[[71.4321054,51.1104489],[71.4323938,51.1112633],[71.4323746,51.1116507],[71.432347,51.1116541],[71.4317161,51.1098952],[71.4317028,51.1097405],[71.4317626,51.1094954],[71.4321054,51.1104489]]]},"properties":{"OBJECTID":2105,"kind":"park","name":"Озеленение","source":"Astana municipal open geoportal","source_url":"https://gis.esaulet.kz/server/rest/services/Sloi_geoportala_otkrytiy_kontur_0702/MapServer/26","sourceId":"astana-municipal-green"}},{"type":"Feature","id":"municipal-green-2106","geometry":{"type":"Polygon","coordinates":[[[71.4291053,51.1006817],[71.4291894,51.1007813],[71.4291399,51.1007896],[71.4291053,51.1006817]]]},"properties":{"OBJECTID":2106,"kind":"park","name":"Озеленение","source":"Astana municipal open geoportal","source_url":"https://gis.esaulet.kz/server/rest/services/Sloi_geoportala_otkrytiy_kontur_0702/MapServer/26","sourceId":"astana-municipal-green"}},{"type":"Feature","id":"municipal-green-2107","geometry":{"type":"Polygon","coordinates":[[[71.3876705,51.167604],[71.3874238,51.1676034],[71.3874241,51.1675772],[71.3876709,51.1675778],[71.3876705,51.167604]]]},"properties":{"OBJECTID":2107,"kind":"park","name":"Озеленение","source":"Astana municipal open geoportal","source_url":"https://gis.esaulet.kz/server/rest/services/Sloi_geoportala_otkrytiy_kontur_0702/MapServer/26","sourceId":"astana-municipal-green"}},{"type":"Feature","id":"municipal-green-2108","geometry":{"type":"Polygon","coordinates":[[[71.3874023,51.1676033],[71.3871152,51.1676027],[71.3871146,51.1675765],[71.3874026,51.1675771],[71.3874023,51.1676033]]]},"properties":{"OBJECTID":2108,"kind":"park","name":"Озеленение","source":"Astana municipal open geoportal","source_url":"https://gis.esaulet.kz/server/rest/services/Sloi_geoportala_otkrytiy_kontur_0702/MapServer/26","sourceId":"astana-municipal-green"}},{"type":"Feature","id":"municipal-green-2109","geometry":{"type":"Polygon","coordinates":[[[71.3880022,51.1678452],[71.3880472,51.1678712],[71.3879886,51.1678717],[71.3880022,51.1678452]]]},"properties":{"OBJECTID":2109,"kind":"park","name":"Озеленение","source":"Astana municipal open geoportal","source_url":"https://gis.esaulet.kz/server/rest/services/Sloi_geoportala_otkrytiy_kontur_0702/MapServer/26","sourceId":"astana-municipal-green"}},{"type":"Feature","id":"municipal-green-2110","geometry":{"type":"Polygon","coordinates":[[[71.3879668,51.1678719],[71.3877785,51.1678713],[71.3877806,51.1676177],[71.3879659,51.167618],[71.3879665,51.1677129],[71.3878453,51.1677135],[71.3878502,51.1678401],[71.3879659,51.1678404],[71.3879668,51.1678719]]]},"properties":{"OBJECTID":2110,"kind":"park","name":"Озеленение","source":"Astana municipal open geoportal","source_url":"https://gis.esaulet.kz/server/rest/services/Sloi_geoportala_otkrytiy_kontur_0702/MapServer/26","sourceId":"astana-municipal-green"}},{"type":"Feature","id":"municipal-green-2111","geometry":{"type":"Polygon","coordinates":[[[71.3873986,51.167915],[71.3871096,51.167914],[71.3871106,51.1678842],[71.3873986,51.1678843],[71.3873986,51.167915]]]},"properties":{"OBJECTID":2111,"kind":"park","name":"Озеленение","source":"Astana municipal open geoportal","source_url":"https://gis.esaulet.kz/server/rest/services/Sloi_geoportala_otkrytiy_kontur_0702/MapServer/26","sourceId":"astana-municipal-green"}},{"type":"Feature","id":"municipal-green-2112","geometry":{"type":"Polygon","coordinates":[[[71.387967,51.167946],[71.3876567,51.1679454],[71.3876568,51.1679296],[71.3879666,51.1679306],[71.387967,51.167946]]]},"properties":{"OBJECTID":2112,"kind":"park","name":"Озеленение","source":"Astana municipal open geoportal","source_url":"https://gis.esaulet.kz/server/rest/services/Sloi_geoportala_otkrytiy_kontur_0702/MapServer/26","sourceId":"astana-municipal-green"}},{"type":"Feature","id":"municipal-green-2115","geometry":{"type":"Polygon","coordinates":[[[71.44377,51.1118752],[71.4436701,51.1117647],[71.443681,51.1117299],[71.4440689,51.111444],[71.4443664,51.1114369],[71.44377,51.1118752]]]},"properties":{"OBJECTID":2115,"kind":"park","name":"Озеленение","source":"Astana municipal open geoportal","source_url":"https://gis.esaulet.kz/server/rest/services/Sloi_geoportala_otkrytiy_kontur_0702/MapServer/26","sourceId":"astana-municipal-green"}},{"type":"Feature","id":"municipal-green-2116","geometry":{"type":"Polygon","coordinates":[[[71.4036824,51.1212742],[71.4036362,51.1213223],[71.4029823,51.1214262],[71.4029672,51.1213863],[71.4036824,51.1212742]]]},"properties":{"OBJECTID":2116,"kind":"park","name":"Озеленение","source":"Astana municipal open geoportal","source_url":"https://gis.esaulet.kz/server/rest/services/Sloi_geoportala_otkrytiy_kontur_0702/MapServer/26","sourceId":"astana-municipal-green"}},{"type":"Feature","id":"municipal-green-2117","geometry":{"type":"Polygon","coordinates":[[[71.4100151,51.1242319],[71.410077,51.1243435],[71.4100214,51.1243838],[71.4099612,51.1242389],[71.4100151,51.1242319]]]},"properties":{"OBJECTID":2117,"kind":"park","name":"Озеленение","source":"Astana municipal open geoportal","source_url":"https://gis.esaulet.kz/server/rest/services/Sloi_geoportala_otkrytiy_kontur_0702/MapServer/26","sourceId":"astana-municipal-green"}},{"type":"Feature","id":"municipal-green-2118","geometry":{"type":"Polygon","coordinates":[[[71.4652693,51.1434283],[71.4651892,51.1434577],[71.4649332,51.1434583],[71.4649349,51.1434177],[71.4651695,51.1434066],[71.4651725,51.1433486],[71.4653602,51.1433525],[71.4652693,51.1434283]]]},"properties":{"OBJECTID":2118,"kind":"park","name":"Озеленение","source":"Astana municipal open geoportal","source_url":"https://gis.esaulet.kz/server/rest/services/Sloi_geoportala_otkrytiy_kontur_0702/MapServer/26","sourceId":"astana-municipal-green"}},{"type":"Feature","id":"municipal-green-2119","geometry":{"type":"Polygon","coordinates":[[[71.44404,51.1114256],[71.4436644,51.1117115],[71.4436656,51.1114789],[71.4437695,51.1114158],[71.44404,51.1114256]]]},"properties":{"OBJECTID":2119,"kind":"park","name":"Озеленение","source":"Astana municipal open geoportal","source_url":"https://gis.esaulet.kz/server/rest/services/Sloi_geoportala_otkrytiy_kontur_0702/MapServer/26","sourceId":"astana-municipal-green"}},{"type":"Feature","id":"municipal-green-2120","geometry":{"type":"Polygon","coordinates":[[[71.4435591,51.1114681],[71.4434619,51.1115443],[71.443431,51.1115286],[71.4435282,51.1114525],[71.4435591,51.1114681]]]},"properties":{"OBJECTID":2120,"kind":"park","name":"Озеленение","source":"Astana municipal open geoportal","source_url":"https://gis.esaulet.kz/server/rest/services/Sloi_geoportala_otkrytiy_kontur_0702/MapServer/26","sourceId":"astana-municipal-green"}},{"type":"Feature","id":"municipal-green-2121","geometry":{"type":"Polygon","coordinates":[[[71.4526446,51.1058482],[71.4526497,51.1059193],[71.4524569,51.1059053],[71.4524528,51.1058801],[71.4526446,51.1058482]]]},"properties":{"OBJECTID":2121,"kind":"park","name":"Озеленение","source":"Astana municipal open geoportal","source_url":"https://gis.esaulet.kz/server/rest/services/Sloi_geoportala_otkrytiy_kontur_0702/MapServer/26","sourceId":"astana-municipal-green"}},{"type":"Feature","id":"municipal-green-2122","geometry":{"type":"Polygon","coordinates":[[[71.458452,51.1064227],[71.4584399,51.1063964],[71.4584807,51.106389],[71.4584928,51.1064153],[71.458452,51.1064227]]]},"properties":{"OBJECTID":2122,"kind":"park","name":"Озеленение","source":"Astana municipal open geoportal","source_url":"https://gis.esaulet.kz/server/rest/services/Sloi_geoportala_otkrytiy_kontur_0702/MapServer/26","sourceId":"astana-municipal-green"}},{"type":"Feature","id":"municipal-green-2123","geometry":{"type":"Polygon","coordinates":[[[71.4550069,51.1073681],[71.4549859,51.1073447],[71.4550242,51.1073311],[71.4550452,51.1073545],[71.4550069,51.1073681]]]},"properties":{"OBJECTID":2123,"kind":"park","name":"Озеленение","source":"Astana municipal open geoportal","source_url":"https://gis.esaulet.kz/server/rest/services/Sloi_geoportala_otkrytiy_kontur_0702/MapServer/26","sourceId":"astana-municipal-green"}},{"type":"Feature","id":"municipal-green-2124","geometry":{"type":"Polygon","coordinates":[[[71.4551074,51.107332],[71.4550863,51.1073083],[71.4551252,51.1072949],[71.4551461,51.1073184],[71.4551074,51.107332]]]},"properties":{"OBJECTID":2124,"kind":"park","name":"Озеленение","source":"Astana municipal open geoportal","source_url":"https://gis.esaulet.kz/server/rest/services/Sloi_geoportala_otkrytiy_kontur_0702/MapServer/26","sourceId":"astana-municipal-green"}},{"type":"Feature","id":"municipal-green-2125","geometry":{"type":"Polygon","coordinates":[[[71.4523701,51.1056365],[71.4525803,51.1057312],[71.4526357,51.1058211],[71.4524466,51.105866],[71.4523903,51.1058085],[71.4522991,51.105773],[71.4523701,51.1056365]]]},"properties":{"OBJECTID":2125,"kind":"park","name":"Озеленение","source":"Astana municipal open geoportal","source_url":"https://gis.esaulet.kz/server/rest/services/Sloi_geoportala_otkrytiy_kontur_0702/MapServer/26","sourceId":"astana-municipal-green"}},{"type":"Feature","id":"municipal-green-2126","geometry":{"type":"Polygon","coordinates":[[[71.4522026,51.1057721],[71.4521066,51.1057936],[71.4519347,51.1056926],[71.4521326,51.1056282],[71.4523354,51.1056298],[71.4522758,51.1057697],[71.4522026,51.1057721]]]},"properties":{"OBJECTID":2126,"kind":"park","name":"Озеленение","source":"Astana municipal open geoportal","source_url":"https://gis.esaulet.kz/server/rest/services/Sloi_geoportala_otkrytiy_kontur_0702/MapServer/26","sourceId":"astana-municipal-green"}},{"type":"Feature","id":"municipal-green-2127","geometry":{"type":"Polygon","coordinates":[[[71.4520847,51.1058102],[71.4520286,51.1058828],[71.4517974,51.1059144],[71.4518307,51.1057959],[71.4519167,51.1057048],[71.4520847,51.1058102]]]},"properties":{"OBJECTID":2127,"kind":"park","name":"Озеленение","source":"Astana municipal open geoportal","source_url":"https://gis.esaulet.kz/server/rest/services/Sloi_geoportala_otkrytiy_kontur_0702/MapServer/26","sourceId":"astana-municipal-green"}},{"type":"Feature","id":"municipal-green-2128","geometry":{"type":"Polygon","coordinates":[[[71.4507951,51.1070206],[71.4505912,51.1071396],[71.4504257,51.1072731],[71.4497158,51.1080308],[71.4496059,51.1080947],[71.4495226,51.1081133],[71.4498407,51.1075566],[71.4501643,51.107151],[71.4508197,51.1067822],[71.4507951,51.1070206]]]},"properties":{"OBJECTID":2128,"kind":"park","name":"Озеленение","source":"Astana municipal open geoportal","source_url":"https://gis.esaulet.kz/server/rest/services/Sloi_geoportala_otkrytiy_kontur_0702/MapServer/26","sourceId":"astana-municipal-green"}},{"type":"Feature","id":"municipal-green-2129","geometry":{"type":"Polygon","coordinates":[[[71.4520482,51.1060112],[71.4520794,51.1059935],[71.4521074,51.1060125],[71.4520759,51.1060302],[71.4520482,51.1060112]]]},"properties":{"OBJECTID":2129,"kind":"park","name":"Озеленение","source":"Astana municipal open geoportal","source_url":"https://gis.esaulet.kz/server/rest/services/Sloi_geoportala_otkrytiy_kontur_0702/MapServer/26","sourceId":"astana-municipal-green"}},{"type":"Feature","id":"municipal-green-2130","geometry":{"type":"Polygon","coordinates":[[[71.3859601,51.1690555],[71.3856661,51.1690539],[71.3856168,51.1690232],[71.3856154,51.1688818],[71.3856732,51.1688787],[71.3856716,51.1690165],[71.3858882,51.1690175],[71.3859078,51.1689561],[71.3859366,51.1689562],[71.3859368,51.1689354],[71.3858893,51.168926],[71.3858926,51.1686509],[71.3859431,51.1686301],[71.3859434,51.1686093],[71.3858931,51.1685998],[71.3858962,51.1683522],[71.3856797,51.1683512],[71.385679,51.1683895],[71.3856354,51.1683944],[71.3856787,51.1684408],[71.3856772,51.1684999],[71.3856595,51.1684996],[71.3856207,51.1684899],[71.385624,51.1683502],[71.3856539,51.1683214],[71.3859719,51.168316],[71.3859601,51.1690555]]]},"properties":{"OBJECTID":2130,"kind":"park","name":"Озеленение","source":"Astana municipal open geoportal","source_url":"https://gis.esaulet.kz/server/rest/services/Sloi_geoportala_otkrytiy_kontur_0702/MapServer/26","sourceId":"astana-municipal-green"}},{"type":"Feature","id":"municipal-green-2131","geometry":{"type":"Polygon","coordinates":[[[71.4233575,51.1217037],[71.4233488,51.1218077],[71.4233176,51.1218066],[71.4233267,51.1217025],[71.4233575,51.1217037]]]},"properties":{"OBJECTID":2131,"kind":"park","name":"Озеленение","source":"Astana municipal open geoportal","source_url":"https://gis.esaulet.kz/server/rest/services/Sloi_geoportala_otkrytiy_kontur_0702/MapServer/26","sourceId":"astana-municipal-green"}},{"type":"Feature","id":"municipal-green-2132","geometry":{"type":"Polygon","coordinates":[[[71.412265,51.141085],[71.4122364,51.1411003],[71.4121546,51.1410313],[71.4121689,51.1410194],[71.412265,51.141085]]]},"properties":{"OBJECTID":2132,"kind":"park","name":"Озеленение","source":"Astana municipal open geoportal","source_url":"https://gis.esaulet.kz/server/rest/services/Sloi_geoportala_otkrytiy_kontur_0702/MapServer/26","sourceId":"astana-municipal-green"}},{"type":"Feature","id":"municipal-green-2133","geometry":{"type":"Polygon","coordinates":[[[71.4850756,51.1314882],[71.4850647,51.1315041],[71.4849875,51.1314826],[71.4849987,51.1314667],[71.4850756,51.1314882]]]},"properties":{"OBJECTID":2133,"kind":"park","name":"Озеленение","source":"Astana municipal open geoportal","source_url":"https://gis.esaulet.kz/server/rest/services/Sloi_geoportala_otkrytiy_kontur_0702/MapServer/26","sourceId":"astana-municipal-green"}},{"type":"Feature","id":"municipal-green-2135","geometry":{"type":"Polygon","coordinates":[[[71.4316485,51.1076823],[71.431933,51.1084544],[71.4317521,51.1084802],[71.4315976,51.1080511],[71.4315853,51.1078494],[71.4316485,51.1076823]]]},"properties":{"OBJECTID":2135,"kind":"park","name":"Озеленение","source":"Astana municipal open geoportal","source_url":"https://gis.esaulet.kz/server/rest/services/Sloi_geoportala_otkrytiy_kontur_0702/MapServer/26","sourceId":"astana-municipal-green"}},{"type":"Feature","id":"municipal-green-2136","geometry":{"type":"Polygon","coordinates":[[[71.4310792,51.1080369],[71.4313144,51.1082735],[71.4314188,51.1085287],[71.4312385,51.1085536],[71.4310571,51.1080473],[71.4310792,51.1080369]]]},"properties":{"OBJECTID":2136,"kind":"park","name":"Озеленение","source":"Astana municipal open geoportal","source_url":"https://gis.esaulet.kz/server/rest/services/Sloi_geoportala_otkrytiy_kontur_0702/MapServer/26","sourceId":"astana-municipal-green"}},{"type":"Feature","id":"municipal-green-2138","geometry":{"type":"Polygon","coordinates":[[[71.3868209,51.1689907],[71.3868873,51.1690158],[71.3868887,51.1690655],[71.386825,51.1690921],[71.3867533,51.1690725],[71.3867466,51.1690168],[71.3868209,51.1689907]]]},"properties":{"OBJECTID":2138,"kind":"park","name":"Озеленение","source":"Astana municipal open geoportal","source_url":"https://gis.esaulet.kz/server/rest/services/Sloi_geoportala_otkrytiy_kontur_0702/MapServer/26","sourceId":"astana-municipal-green"}},{"type":"Feature","id":"municipal-green-2139","geometry":{"type":"Polygon","coordinates":[[[71.3866117,51.1690221],[71.3865526,51.1690579],[71.3862649,51.1690568],[71.3862741,51.1683172],[71.3865575,51.1683191],[71.3866171,51.1683513],[71.3866182,51.1683997],[71.3865591,51.1683987],[71.3865601,51.1683548],[71.3863443,51.1683539],[71.3863438,51.1683952],[71.3862968,51.1684398],[71.3863437,51.1684472],[71.3863407,51.1687198],[71.386292,51.168745],[71.3862918,51.1687667],[71.3863402,51.168772],[71.3863375,51.1690194],[71.3865533,51.1690202],[71.3865537,51.1689833],[71.3865974,51.1689786],[71.3865542,51.1689324],[71.386559,51.1688737],[71.3865789,51.1688737],[71.3866114,51.1688797],[71.3866117,51.1690221]]]},"properties":{"OBJECTID":2139,"kind":"park","name":"Озеленение","source":"Astana municipal open geoportal","source_url":"https://gis.esaulet.kz/server/rest/services/Sloi_geoportala_otkrytiy_kontur_0702/MapServer/26","sourceId":"astana-municipal-green"}},{"type":"Feature","id":"municipal-green-2140","geometry":{"type":"Polygon","coordinates":[[[71.4326105,51.1123217],[71.432873,51.1125899],[71.4329566,51.1128226],[71.4327765,51.1128481],[71.4325911,51.112332],[71.4326105,51.1123217]]]},"properties":{"OBJECTID":2140,"kind":"park","name":"Озеленение","source":"Astana municipal open geoportal","source_url":"https://gis.esaulet.kz/server/rest/services/Sloi_geoportala_otkrytiy_kontur_0702/MapServer/26","sourceId":"astana-municipal-green"}},{"type":"Feature","id":"municipal-green-2141","geometry":{"type":"Polygon","coordinates":[[[71.3796982,51.1689929],[71.3799047,51.1692223],[71.3800084,51.1695794],[71.3798391,51.1695975],[71.3797892,51.1694783],[71.3797064,51.1695169],[71.3796928,51.1694719],[71.3797336,51.1694671],[71.3797262,51.1694413],[71.3796801,51.1694298],[71.3797211,51.1694251],[71.3797135,51.1693988],[71.3796673,51.1693876],[71.3797081,51.1693828],[71.3797012,51.1693567],[71.3796547,51.1693456],[71.379696,51.169341],[71.379688,51.1693132],[71.3796463,51.169318],[71.3796022,51.169267],[71.3795278,51.1690133],[71.379559,51.1690086],[71.3796041,51.1691657],[71.3797436,51.1691484],[71.3796982,51.1689929]]]},"properties":{"OBJECTID":2141,"kind":"park","name":"Озеленение","source":"Astana municipal open geoportal","source_url":"https://gis.esaulet.kz/server/rest/services/Sloi_geoportala_otkrytiy_kontur_0702/MapServer/26","sourceId":"astana-municipal-green"}},{"type":"Feature","id":"municipal-green-2142","geometry":{"type":"Polygon","coordinates":[[[71.3801315,51.1699193],[71.380064,51.1696928],[71.3803007,51.1696649],[71.3804395,51.1698126],[71.3804882,51.1699785],[71.3804607,51.169997],[71.3804268,51.1698863],[71.3801315,51.1699193]]]},"properties":{"OBJECTID":2142,"kind":"park","name":"Озеленение","source":"Astana municipal open geoportal","source_url":"https://gis.esaulet.kz/server/rest/services/Sloi_geoportala_otkrytiy_kontur_0702/MapServer/26","sourceId":"astana-municipal-green"}},{"type":"Feature","id":"municipal-green-2145","geometry":{"type":"Polygon","coordinates":[[[71.3866263,51.1668141],[71.386577,51.1668343],[71.3863645,51.1668337],[71.3862943,51.1668022],[71.3862998,51.1662217],[71.3863716,51.1662326],[71.3863676,51.1665098],[71.3863536,51.1665358],[71.3863195,51.1665356],[71.3863191,51.1665591],[71.3863669,51.1665593],[71.3863524,51.1667942],[71.3863632,51.1668114],[71.3865815,51.1668127],[71.3865822,51.1667716],[71.3866304,51.1667659],[71.3866307,51.1667438],[71.3865829,51.1667185],[71.3865835,51.1666803],[71.3866399,51.1666717],[71.3866263,51.1668141]]]},"properties":{"OBJECTID":2145,"kind":"park","name":"Озеленение","source":"Astana municipal open geoportal","source_url":"https://gis.esaulet.kz/server/rest/services/Sloi_geoportala_otkrytiy_kontur_0702/MapServer/26","sourceId":"astana-municipal-green"}},{"type":"Feature","id":"municipal-green-2146","geometry":{"type":"Polygon","coordinates":[[[71.4356483,51.1252773],[71.4356333,51.1253131],[71.4355877,51.1253357],[71.4343691,51.1255255],[71.4343004,51.1255139],[71.4342685,51.1254717],[71.4356405,51.1252575],[71.4356483,51.1252773]]]},"properties":{"OBJECTID":2146,"kind":"park","name":"Озеленение","source":"Astana municipal open geoportal","source_url":"https://gis.esaulet.kz/server/rest/services/Sloi_geoportala_otkrytiy_kontur_0702/MapServer/26","sourceId":"astana-municipal-green"}},{"type":"Feature","id":"municipal-green-2147","geometry":{"type":"Polygon","coordinates":[[[71.4326298,51.1255833],[71.4327003,51.1256083],[71.4327328,51.1256782],[71.4318409,51.1258198],[71.4317981,51.1257101],[71.4326298,51.1255833]]]},"properties":{"OBJECTID":2147,"kind":"park","name":"Озеленение","source":"Astana municipal open geoportal","source_url":"https://gis.esaulet.kz/server/rest/services/Sloi_geoportala_otkrytiy_kontur_0702/MapServer/26","sourceId":"astana-municipal-green"}},{"type":"Feature","id":"municipal-green-2148","geometry":{"type":"Polygon","coordinates":[[[71.4333301,51.1265127],[71.433336,51.1265271],[71.4332916,51.1265339],[71.4332658,51.1264675],[71.4334422,51.1264451],[71.4335291,51.1264952],[71.4333301,51.1265127]]]},"properties":{"OBJECTID":2148,"kind":"park","name":"Озеленение","source":"Astana municipal open geoportal","source_url":"https://gis.esaulet.kz/server/rest/services/Sloi_geoportala_otkrytiy_kontur_0702/MapServer/26","sourceId":"astana-municipal-green"}},{"type":"Feature","id":"municipal-green-2149","geometry":{"type":"Polygon","coordinates":[[[71.4185524,51.0838197],[71.4194754,51.0836882],[71.4194917,51.0837337],[71.4194738,51.0837756],[71.4194271,51.0838009],[71.4188756,51.0838795],[71.4185685,51.0838657],[71.4185524,51.0838197]]]},"properties":{"OBJECTID":2149,"kind":"park","name":"Озеленение","source":"Astana municipal open geoportal","source_url":"https://gis.esaulet.kz/server/rest/services/Sloi_geoportala_otkrytiy_kontur_0702/MapServer/26","sourceId":"astana-municipal-green"}},{"type":"Feature","id":"municipal-green-2150","geometry":{"type":"Polygon","coordinates":[[[71.4605702,51.1628286],[71.4606158,51.1628441],[71.4610036,51.1633496],[71.4609604,51.1633603],[71.4605538,51.1628289],[71.4605702,51.1628286]]]},"properties":{"OBJECTID":2150,"kind":"park","name":"Озеленение","source":"Astana municipal open geoportal","source_url":"https://gis.esaulet.kz/server/rest/services/Sloi_geoportala_otkrytiy_kontur_0702/MapServer/26","sourceId":"astana-municipal-green"}},{"type":"Feature","id":"municipal-green-2153","geometry":{"type":"Polygon","coordinates":[[[71.4394212,51.1057465],[71.4394312,51.1057674],[71.4391867,51.1059066],[71.4390452,51.1058069],[71.4394212,51.1057465]]]},"properties":{"OBJECTID":2153,"kind":"park","name":"Озеленение","source":"Astana municipal open geoportal","source_url":"https://gis.esaulet.kz/server/rest/services/Sloi_geoportala_otkrytiy_kontur_0702/MapServer/26","sourceId":"astana-municipal-green"}},{"type":"Feature","id":"municipal-green-2154","geometry":{"type":"Polygon","coordinates":[[[71.3874062,51.168722],[71.3874094,51.1684889],[71.3874672,51.168489],[71.3874664,51.1686944],[71.3875067,51.1686946],[71.3875064,51.1687223],[71.3874062,51.168722]]]},"properties":{"OBJECTID":2154,"kind":"park","name":"Озеленение","source":"Astana municipal open geoportal","source_url":"https://gis.esaulet.kz/server/rest/services/Sloi_geoportala_otkrytiy_kontur_0702/MapServer/26","sourceId":"astana-municipal-green"}},{"type":"Feature","id":"municipal-green-2155","geometry":{"type":"Polygon","coordinates":[[[71.3875835,51.1684704],[71.387585,51.1682608],[71.3876439,51.1682611],[71.3876413,51.1684707],[71.3875835,51.1684704]]]},"properties":{"OBJECTID":2155,"kind":"park","name":"Озеленение","source":"Astana municipal open geoportal","source_url":"https://gis.esaulet.kz/server/rest/services/Sloi_geoportala_otkrytiy_kontur_0702/MapServer/26","sourceId":"astana-municipal-green"}},{"type":"Feature","id":"municipal-green-2156","geometry":{"type":"Polygon","coordinates":[[[71.4365794,51.1312583],[71.436327,51.1312967],[71.4362547,51.1311981],[71.4365395,51.1311513],[71.4365794,51.1312583]]]},"properties":{"OBJECTID":2156,"kind":"park","name":"Озеленение","source":"Astana municipal open geoportal","source_url":"https://gis.esaulet.kz/server/rest/services/Sloi_geoportala_otkrytiy_kontur_0702/MapServer/26","sourceId":"astana-municipal-green"}},{"type":"Feature","id":"municipal-green-2157","geometry":{"type":"Polygon","coordinates":[[[71.428269,51.1363431],[71.4282735,51.1363743],[71.4282197,51.1363836],[71.4281654,51.1362537],[71.4282261,51.1362434],[71.428269,51.1363431]]]},"properties":{"OBJECTID":2157,"kind":"park","name":"Озеленение","source":"Astana municipal open geoportal","source_url":"https://gis.esaulet.kz/server/rest/services/Sloi_geoportala_otkrytiy_kontur_0702/MapServer/26","sourceId":"astana-municipal-green"}},{"type":"Feature","id":"municipal-green-2158","geometry":{"type":"Polygon","coordinates":[[[71.4291442,51.1358899],[71.4290858,51.1358806],[71.4290761,51.135858],[71.4292396,51.1358302],[71.4292677,51.1358529],[71.4292569,51.1358277],[71.4294719,51.13579],[71.4295287,51.1358839],[71.4294863,51.1358382],[71.429389,51.1358358],[71.4291442,51.1358899]]]},"properties":{"OBJECTID":2158,"kind":"park","name":"Озеленение","source":"Astana municipal open geoportal","source_url":"https://gis.esaulet.kz/server/rest/services/Sloi_geoportala_otkrytiy_kontur_0702/MapServer/26","sourceId":"astana-municipal-green"}},{"type":"Feature","id":"municipal-green-2159","geometry":{"type":"Polygon","coordinates":[[[71.4349844,51.1316947],[71.4349582,51.1316848],[71.4349124,51.1315688],[71.4352473,51.1314999],[71.4352616,51.1315307],[71.4349449,51.13158],[71.4349779,51.1316642],[71.4353018,51.1316123],[71.4353318,51.131641],[71.4349844,51.1316947]]]},"properties":{"OBJECTID":2159,"kind":"park","name":"Озеленение","source":"Astana municipal open geoportal","source_url":"https://gis.esaulet.kz/server/rest/services/Sloi_geoportala_otkrytiy_kontur_0702/MapServer/26","sourceId":"astana-municipal-green"}},{"type":"Feature","id":"municipal-green-2160","geometry":{"type":"Polygon","coordinates":[[[71.4341563,51.1314064],[71.4340767,51.1314186],[71.4340565,51.1313661],[71.434136,51.1313539],[71.4341563,51.1314064]]]},"properties":{"OBJECTID":2160,"kind":"park","name":"Озеленение","source":"Astana municipal open geoportal","source_url":"https://gis.esaulet.kz/server/rest/services/Sloi_geoportala_otkrytiy_kontur_0702/MapServer/26","sourceId":"astana-municipal-green"}},{"type":"Feature","id":"municipal-green-2161","geometry":{"type":"Polygon","coordinates":[[[71.3991832,51.0896343],[71.3991527,51.0896745],[71.3990039,51.0892713],[71.3990512,51.0892641],[71.3991832,51.0896343]]]},"properties":{"OBJECTID":2161,"kind":"park","name":"Озеленение","source":"Astana municipal open geoportal","source_url":"https://gis.esaulet.kz/server/rest/services/Sloi_geoportala_otkrytiy_kontur_0702/MapServer/26","sourceId":"astana-municipal-green"}},{"type":"Feature","id":"municipal-green-2162","geometry":{"type":"Polygon","coordinates":[[[71.3982192,51.0893644],[71.3982078,51.0893122],[71.3982525,51.0892801],[71.3983172,51.0892819],[71.3983572,51.0893166],[71.3988991,51.0892399],[71.3989017,51.0892006],[71.3989492,51.0891783],[71.3990174,51.0891928],[71.3990452,51.0892474],[71.3982192,51.0893644]]]},"properties":{"OBJECTID":2162,"kind":"park","name":"Озеленение","source":"Astana municipal open geoportal","source_url":"https://gis.esaulet.kz/server/rest/services/Sloi_geoportala_otkrytiy_kontur_0702/MapServer/26","sourceId":"astana-municipal-green"}},{"type":"Feature","id":"municipal-green-2163","geometry":{"type":"Polygon","coordinates":[[[71.3991207,51.0892368],[71.3991105,51.0891793],[71.3991605,51.0891473],[71.3992244,51.0891532],[71.3992573,51.0891883],[71.3998005,51.0891114],[71.3997992,51.0890727],[71.400011,51.0890391],[71.4000626,51.0890653],[71.4000563,51.0891045],[71.3991207,51.0892368]]]},"properties":{"OBJECTID":2163,"kind":"park","name":"Озеленение","source":"Astana municipal open geoportal","source_url":"https://gis.esaulet.kz/server/rest/services/Sloi_geoportala_otkrytiy_kontur_0702/MapServer/26","sourceId":"astana-municipal-green"}},{"type":"Feature","id":"municipal-green-2164","geometry":{"type":"Polygon","coordinates":[[[71.4006113,51.0884693],[71.4006079,51.0885082],[71.4005502,51.0885362],[71.4004836,51.0885228],[71.4004526,51.0884856],[71.4006113,51.0884693]]]},"properties":{"OBJECTID":2164,"kind":"park","name":"Озеленение","source":"Astana municipal open geoportal","source_url":"https://gis.esaulet.kz/server/rest/services/Sloi_geoportala_otkrytiy_kontur_0702/MapServer/26","sourceId":"astana-municipal-green"}},{"type":"Feature","id":"municipal-green-2165","geometry":{"type":"Polygon","coordinates":[[[71.4832666,51.1609898],[71.4828872,51.1611218],[71.4832563,51.1609793],[71.4832666,51.1609898]]]},"properties":{"OBJECTID":2165,"kind":"park","name":"Озеленение","source":"Astana municipal open geoportal","source_url":"https://gis.esaulet.kz/server/rest/services/Sloi_geoportala_otkrytiy_kontur_0702/MapServer/26","sourceId":"astana-municipal-green"}},{"type":"Feature","id":"municipal-green-2166","geometry":{"type":"Polygon","coordinates":[[[71.4366529,51.1310684],[71.4367316,51.1311039],[71.4365554,51.1311334],[71.4365777,51.1310878],[71.4366529,51.1310684]]]},"properties":{"OBJECTID":2166,"kind":"park","name":"Озеленение","source":"Astana municipal open geoportal","source_url":"https://gis.esaulet.kz/server/rest/services/Sloi_geoportala_otkrytiy_kontur_0702/MapServer/26","sourceId":"astana-municipal-green"}},{"type":"Feature","id":"municipal-green-2167","geometry":{"type":"Polygon","coordinates":[[[71.3870939,51.1676027],[71.3870185,51.1675957],[71.3870432,51.1675631],[71.3870945,51.1675501],[71.3870939,51.1676027]]]},"properties":{"OBJECTID":2167,"kind":"park","name":"Озеленение","source":"Astana municipal open geoportal","source_url":"https://gis.esaulet.kz/server/rest/services/Sloi_geoportala_otkrytiy_kontur_0702/MapServer/26","sourceId":"astana-municipal-green"}},{"type":"Feature","id":"municipal-green-2168","geometry":{"type":"Polygon","coordinates":[[[71.3870886,51.1678694],[71.3870143,51.1678696],[71.3870185,51.1676163],[71.3870933,51.1676165],[71.3870886,51.1678694]]]},"properties":{"OBJECTID":2168,"kind":"park","name":"Озеленение","source":"Astana municipal open geoportal","source_url":"https://gis.esaulet.kz/server/rest/services/Sloi_geoportala_otkrytiy_kontur_0702/MapServer/26","sourceId":"astana-municipal-green"}},{"type":"Feature","id":"municipal-green-2172","geometry":{"type":"Polygon","coordinates":[[[71.4434968,51.111425],[71.4432937,51.1115801],[71.4432499,51.1115573],[71.4432364,51.1114553],[71.4432663,51.1114362],[71.4434968,51.111425]]]},"properties":{"OBJECTID":2172,"kind":"park","name":"Озеленение","source":"Astana municipal open geoportal","source_url":"https://gis.esaulet.kz/server/rest/services/Sloi_geoportala_otkrytiy_kontur_0702/MapServer/26","sourceId":"astana-municipal-green"}},{"type":"Feature","id":"municipal-green-2173","geometry":{"type":"Polygon","coordinates":[[[71.4635264,51.1435812],[71.4631784,51.143569],[71.4635398,51.1430706],[71.4636041,51.1430487],[71.464072,51.143147],[71.4641444,51.1430388],[71.464693,51.1430252],[71.4646473,51.1430511],[71.4641641,51.1430487],[71.4640788,51.1431554],[71.4638294,51.1431541],[71.4637878,51.1432051],[71.4637793,51.1435893],[71.4635264,51.1435812]],[[71.4635646,51.1431757],[71.463512,51.1431606],[71.4634875,51.1431942],[71.4635401,51.1432094],[71.4635646,51.1431757]],[[71.4634923,51.1432754],[71.46344,51.1432603],[71.4634155,51.1432939],[71.4634678,51.143309],[71.4634923,51.1432754]],[[71.4636353,51.1430764],[71.4635825,51.1430617],[71.4635591,51.1430949],[71.4636119,51.1431096],[71.4636353,51.1430764]],[[71.4633511,51.1434719],[71.4632991,51.1434574],[71.4632754,51.1434912],[71.4633273,51.1435056],[71.4633511,51.1434719]],[[71.4636753,51.1435105],[71.4636198,51.1435042],[71.4636094,51.1435404],[71.463665,51.1435467],[71.4636753,51.1435105]],[[71.4634226,51.1433719],[71.4633702,51.1433573],[71.4633477,51.1433897],[71.4633998,51.1434042],[71.4634226,51.1433719]]]},"properties":{"OBJECTID":2173,"kind":"park","name":"Озеленение","source":"Astana municipal open geoportal","source_url":"https://gis.esaulet.kz/server/rest/services/Sloi_geoportala_otkrytiy_kontur_0702/MapServer/26","sourceId":"astana-municipal-green"}},{"type":"Feature","id":"municipal-green-2174","geometry":{"type":"Polygon","coordinates":[[[71.464503,51.1434126],[71.4646933,51.1434224],[71.4647005,51.1434563],[71.4645089,51.1434527],[71.4644692,51.1434203],[71.464503,51.1434126]]]},"properties":{"OBJECTID":2174,"kind":"park","name":"Озеленение","source":"Astana municipal open geoportal","source_url":"https://gis.esaulet.kz/server/rest/services/Sloi_geoportala_otkrytiy_kontur_0702/MapServer/26","sourceId":"astana-municipal-green"}},{"type":"Feature","id":"municipal-green-2175","geometry":{"type":"Polygon","coordinates":[[[71.4637749,51.1436052],[71.4637754,51.1436993],[71.4643431,51.1436939],[71.4644229,51.1437422],[71.4635154,51.1437398],[71.4635264,51.1435812],[71.4637749,51.1436052]]]},"properties":{"OBJECTID":2175,"kind":"park","name":"Озеленение","source":"Astana municipal open geoportal","source_url":"https://gis.esaulet.kz/server/rest/services/Sloi_geoportala_otkrytiy_kontur_0702/MapServer/26","sourceId":"astana-municipal-green"}},{"type":"Feature","id":"municipal-green-2176","geometry":{"type":"Polygon","coordinates":[[[71.4653455,51.1437449],[71.4644709,51.143742],[71.4644683,51.143529],[71.4644908,51.1434966],[71.465155,51.1434917],[71.465269,51.1434654],[71.4653597,51.1434156],[71.4654145,51.1433498],[71.4654367,51.1431176],[71.4655336,51.1430886],[71.4655339,51.1430561],[71.4647906,51.143052],[71.464756,51.143024],[71.4654759,51.1430313],[71.4658554,51.1430919],[71.4653455,51.1437449]],[[71.4653448,51.1435862],[71.4653977,51.1436018],[71.4654227,51.1435686],[71.4653696,51.1435529],[71.4653448,51.1435862]],[[71.465691,51.1430742],[71.4656352,51.1430633],[71.465618,51.1430982],[71.4656738,51.1431091],[71.465691,51.1430742]],[[71.4647668,51.1435584],[71.4647093,51.1435538],[71.4647019,51.1435901],[71.4647593,51.1435947],[71.4647668,51.1435584]],[[71.4649619,51.1436344],[71.4649033,51.1436281],[71.4648936,51.1436632],[71.4649522,51.1436696],[71.4649619,51.1436344]],[[71.4655218,51.1434004],[71.465574,51.1434149],[71.4655977,51.1433812],[71.465546,51.1433664],[71.4655218,51.1434004]],[[71.4651155,51.1436624],[71.4650598,51.1436511],[71.4650423,51.1436852],[71.465098,51.1436965],[71.4651155,51.1436624]],[[71.4652275,51.1436839],[71.4651716,51.1436736],[71.4651555,51.1437078],[71.4652114,51.1437182],[71.4652275,51.1436839]],[[71.4648078,51.1436119],[71.4648648,51.1436184],[71.464875,51.1435832],[71.464818,51.1435767],[71.4648078,51.1436119]],[[71.4654837,51.1434944],[71.4655098,51.1434636],[71.4654578,51.1434461],[71.4654316,51.1434769],[71.4654837,51.1434944]],[[71.4652465,51.1437222],[71.4653012,51.1437345],[71.4653201,51.143701],[71.4652656,51.1436887],[71.4652465,51.1437222]]]},"properties":{"OBJECTID":2176,"kind":"park","name":"Озеленение","source":"Astana municipal open geoportal","source_url":"https://gis.esaulet.kz/server/rest/services/Sloi_geoportala_otkrytiy_kontur_0702/MapServer/26","sourceId":"astana-municipal-green"}},{"type":"Feature","id":"municipal-green-2177","geometry":{"type":"Polygon","coordinates":[[[71.4432726,51.1116377],[71.4431842,51.1116136],[71.4432504,51.1115836],[71.4432905,51.1116099],[71.4432726,51.1116377]]]},"properties":{"OBJECTID":2177,"kind":"park","name":"Озеленение","source":"Astana municipal open geoportal","source_url":"https://gis.esaulet.kz/server/rest/services/Sloi_geoportala_otkrytiy_kontur_0702/MapServer/26","sourceId":"astana-municipal-green"}},{"type":"Feature","id":"municipal-green-2178","geometry":{"type":"Polygon","coordinates":[[[71.4542923,51.1057693],[71.4543066,51.105784],[71.453969,51.1059084],[71.4537739,51.1057296],[71.453952,51.1056418],[71.4539941,51.1056985],[71.4540763,51.1057447],[71.4542923,51.1057693]]]},"properties":{"OBJECTID":2178,"kind":"park","name":"Озеленение","source":"Astana municipal open geoportal","source_url":"https://gis.esaulet.kz/server/rest/services/Sloi_geoportala_otkrytiy_kontur_0702/MapServer/26","sourceId":"astana-municipal-green"}},{"type":"Feature","id":"municipal-green-2179","geometry":{"type":"Polygon","coordinates":[[[71.4522444,51.1058412],[71.4523261,51.105871],[71.4521481,51.1058777],[71.4522444,51.1058412]]]},"properties":{"OBJECTID":2179,"kind":"park","name":"Озеленение","source":"Astana municipal open geoportal","source_url":"https://gis.esaulet.kz/server/rest/services/Sloi_geoportala_otkrytiy_kontur_0702/MapServer/26","sourceId":"astana-municipal-green"}},{"type":"Feature","id":"municipal-green-2180","geometry":{"type":"Polygon","coordinates":[[[71.4510844,51.1065116],[71.451085,51.106392],[71.4511129,51.1063836],[71.4511,51.1063658],[71.4511332,51.1063172],[71.4511634,51.1063107],[71.4511529,51.1062929],[71.4512262,51.1062491],[71.4512198,51.1062293],[71.451428,51.1060925],[71.4517507,51.1059608],[71.4518047,51.1061048],[71.4510844,51.1065116]]]},"properties":{"OBJECTID":2180,"kind":"park","name":"Озеленение","source":"Astana municipal open geoportal","source_url":"https://gis.esaulet.kz/server/rest/services/Sloi_geoportala_otkrytiy_kontur_0702/MapServer/26","sourceId":"astana-municipal-green"}},{"type":"Feature","id":"municipal-green-2181","geometry":{"type":"Polygon","coordinates":[[[71.4518859,51.1061373],[71.4518617,51.1061509],[71.4518348,51.1061312],[71.4518594,51.1061179],[71.4518859,51.1061373]]]},"properties":{"OBJECTID":2181,"kind":"park","name":"Озеленение","source":"Astana municipal open geoportal","source_url":"https://gis.esaulet.kz/server/rest/services/Sloi_geoportala_otkrytiy_kontur_0702/MapServer/26","sourceId":"astana-municipal-green"}},{"type":"Feature","id":"municipal-green-2182","geometry":{"type":"Polygon","coordinates":[[[71.3810743,51.170366],[71.3802855,51.1704576],[71.3803208,51.1704121],[71.3809544,51.1703356],[71.3803195,51.1696626],[71.3804196,51.1696504],[71.3810743,51.170366]]]},"properties":{"OBJECTID":2182,"kind":"park","name":"Озеленение","source":"Astana municipal open geoportal","source_url":"https://gis.esaulet.kz/server/rest/services/Sloi_geoportala_otkrytiy_kontur_0702/MapServer/26","sourceId":"astana-municipal-green"}},{"type":"Feature","id":"municipal-green-2184","geometry":{"type":"Polygon","coordinates":[[[71.3796463,51.169318],[71.379688,51.1693132],[71.379696,51.169341],[71.3796547,51.1693456],[71.3796463,51.169318]]]},"properties":{"OBJECTID":2184,"kind":"park","name":"Озеленение","source":"Astana municipal open geoportal","source_url":"https://gis.esaulet.kz/server/rest/services/Sloi_geoportala_otkrytiy_kontur_0702/MapServer/26","sourceId":"astana-municipal-green"}},{"type":"Feature","id":"municipal-green-2185","geometry":{"type":"Polygon","coordinates":[[[71.3791198,51.1690169],[71.3793301,51.1689935],[71.3793374,51.1690194],[71.3789561,51.1690624],[71.3789482,51.1690358],[71.3791198,51.1690169]]]},"properties":{"OBJECTID":2185,"kind":"park","name":"Озеленение","source":"Astana municipal open geoportal","source_url":"https://gis.esaulet.kz/server/rest/services/Sloi_geoportala_otkrytiy_kontur_0702/MapServer/26","sourceId":"astana-municipal-green"}},{"type":"Feature","id":"municipal-green-2186","geometry":{"type":"Polygon","coordinates":[[[71.4232714,51.1307219],[71.422955,51.130772],[71.4229715,51.1308119],[71.4229465,51.1308158],[71.4229238,51.1307622],[71.4232714,51.1307219]]]},"properties":{"OBJECTID":2186,"kind":"park","name":"Озеленение","source":"Astana municipal open geoportal","source_url":"https://gis.esaulet.kz/server/rest/services/Sloi_geoportala_otkrytiy_kontur_0702/MapServer/26","sourceId":"astana-municipal-green"}},{"type":"Feature","id":"municipal-green-2187","geometry":{"type":"Polygon","coordinates":[[[71.4254074,51.130857],[71.4253819,51.130861],[71.4252017,51.130404],[71.425228,51.1303999],[71.4254074,51.130857]]]},"properties":{"OBJECTID":2187,"kind":"park","name":"Озеленение","source":"Astana municipal open geoportal","source_url":"https://gis.esaulet.kz/server/rest/services/Sloi_geoportala_otkrytiy_kontur_0702/MapServer/26","sourceId":"astana-municipal-green"}},{"type":"Feature","id":"municipal-green-2188","geometry":{"type":"Polygon","coordinates":[[[71.4244837,51.1305308],[71.4241789,51.1305654],[71.4247653,51.130474],[71.4247884,51.1305354],[71.4247645,51.1305393],[71.4247444,51.1304902],[71.4244837,51.1305308]]]},"properties":{"OBJECTID":2188,"kind":"park","name":"Озеленение","source":"Astana municipal open geoportal","source_url":"https://gis.esaulet.kz/server/rest/services/Sloi_geoportala_otkrytiy_kontur_0702/MapServer/26","sourceId":"astana-municipal-green"}},{"type":"Feature","id":"municipal-green-2189","geometry":{"type":"Polygon","coordinates":[[[71.4775846,51.1250402],[71.4774779,51.1250574],[71.4774114,51.1248921],[71.4775211,51.124875],[71.4775846,51.1250402]]]},"properties":{"OBJECTID":2189,"kind":"park","name":"Озеленение","source":"Astana municipal open geoportal","source_url":"https://gis.esaulet.kz/server/rest/services/Sloi_geoportala_otkrytiy_kontur_0702/MapServer/26","sourceId":"astana-municipal-green"}},{"type":"Feature","id":"municipal-green-2190","geometry":{"type":"Polygon","coordinates":[[[71.4764146,51.124295],[71.4768626,51.1242269],[71.4770254,51.1246395],[71.4769225,51.124656],[71.4767891,51.1243216],[71.4764472,51.1243758],[71.4764146,51.124295]],[[71.4767444,51.124307],[71.476728,51.1242664],[71.4764498,51.1243082],[71.4764679,51.1243513],[71.4767444,51.124307]]]},"properties":{"OBJECTID":2190,"kind":"park","name":"Озеленение","source":"Astana municipal open geoportal","source_url":"https://gis.esaulet.kz/server/rest/services/Sloi_geoportala_otkrytiy_kontur_0702/MapServer/26","sourceId":"astana-municipal-green"}},{"type":"Feature","id":"municipal-green-2191","geometry":{"type":"Polygon","coordinates":[[[71.433995,51.125736],[71.4340039,51.1257581],[71.4338903,51.1257762],[71.4338815,51.1257541],[71.433995,51.125736]]]},"properties":{"OBJECTID":2191,"kind":"park","name":"Озеленение","source":"Astana municipal open geoportal","source_url":"https://gis.esaulet.kz/server/rest/services/Sloi_geoportala_otkrytiy_kontur_0702/MapServer/26","sourceId":"astana-municipal-green"}},{"type":"Feature","id":"municipal-green-2192","geometry":{"type":"Polygon","coordinates":[[[71.4338276,51.125738],[71.4334235,51.125801],[71.4334142,51.1257771],[71.4338183,51.1257144],[71.4338276,51.125738]]]},"properties":{"OBJECTID":2192,"kind":"park","name":"Озеленение","source":"Astana municipal open geoportal","source_url":"https://gis.esaulet.kz/server/rest/services/Sloi_geoportala_otkrytiy_kontur_0702/MapServer/26","sourceId":"astana-municipal-green"}},{"type":"Feature","id":"municipal-green-2193","geometry":{"type":"Polygon","coordinates":[[[71.4338448,51.1257825],[71.433447,51.1258681],[71.4334309,51.1258248],[71.4338363,51.1257606],[71.4338448,51.1257825]]]},"properties":{"OBJECTID":2193,"kind":"park","name":"Озеленение","source":"Astana municipal open geoportal","source_url":"https://gis.esaulet.kz/server/rest/services/Sloi_geoportala_otkrytiy_kontur_0702/MapServer/26","sourceId":"astana-municipal-green"}},{"type":"Feature","id":"municipal-green-2194","geometry":{"type":"Polygon","coordinates":[[[71.4333794,51.1258075],[71.4329981,51.1258685],[71.4329879,51.1258438],[71.4333699,51.125784],[71.4333794,51.1258075]]]},"properties":{"OBJECTID":2194,"kind":"park","name":"Озеленение","source":"Astana municipal open geoportal","source_url":"https://gis.esaulet.kz/server/rest/services/Sloi_geoportala_otkrytiy_kontur_0702/MapServer/26","sourceId":"astana-municipal-green"}},{"type":"Feature","id":"municipal-green-2195","geometry":{"type":"Polygon","coordinates":[[[71.4334045,51.1258747],[71.4330239,51.1259343],[71.4330074,51.1258911],[71.4333874,51.1258316],[71.4334045,51.1258747]]]},"properties":{"OBJECTID":2195,"kind":"park","name":"Озеленение","source":"Astana municipal open geoportal","source_url":"https://gis.esaulet.kz/server/rest/services/Sloi_geoportala_otkrytiy_kontur_0702/MapServer/26","sourceId":"astana-municipal-green"}},{"type":"Feature","id":"municipal-green-2196","geometry":{"type":"Polygon","coordinates":[[[71.4329543,51.1258755],[71.4325731,51.1259359],[71.4325631,51.1259107],[71.4329444,51.1258506],[71.4329543,51.1258755]]]},"properties":{"OBJECTID":2196,"kind":"park","name":"Озеленение","source":"Astana municipal open geoportal","source_url":"https://gis.esaulet.kz/server/rest/services/Sloi_geoportala_otkrytiy_kontur_0702/MapServer/26","sourceId":"astana-municipal-green"}},{"type":"Feature","id":"municipal-green-2197","geometry":{"type":"Polygon","coordinates":[[[71.4329817,51.1259408],[71.4326002,51.126001],[71.4325821,51.1259582],[71.4329636,51.1258981],[71.4329817,51.1259408]]]},"properties":{"OBJECTID":2197,"kind":"park","name":"Озеленение","source":"Astana municipal open geoportal","source_url":"https://gis.esaulet.kz/server/rest/services/Sloi_geoportala_otkrytiy_kontur_0702/MapServer/26","sourceId":"astana-municipal-green"}},{"type":"Feature","id":"municipal-green-2198","geometry":{"type":"Polygon","coordinates":[[[71.4892488,51.1556998],[71.4891219,51.1555681],[71.4891587,51.1555543],[71.4892846,51.1556866],[71.4892488,51.1556998]]]},"properties":{"OBJECTID":2198,"kind":"park","name":"Озеленение","source":"Astana municipal open geoportal","source_url":"https://gis.esaulet.kz/server/rest/services/Sloi_geoportala_otkrytiy_kontur_0702/MapServer/26","sourceId":"astana-municipal-green"}},{"type":"Feature","id":"municipal-green-2199","geometry":{"type":"Polygon","coordinates":[[[71.3798939,51.1698379],[71.3799096,51.169836],[71.379881,51.169741],[71.3800497,51.1697213],[71.380196,51.1702109],[71.3801466,51.1702164],[71.3801602,51.1702706],[71.3801352,51.1702968],[71.3799756,51.1703227],[71.379906,51.1702967],[71.3798434,51.1700837],[71.3798614,51.1700502],[71.379906,51.1700452],[71.3798982,51.1700178],[71.3798535,51.1700228],[71.3798487,51.1700063],[71.3798934,51.1700012],[71.379885,51.1699745],[71.379841,51.1699795],[71.3798361,51.1699625],[71.37988,51.1699575],[71.3798726,51.16993],[71.3798281,51.1699351],[71.3798233,51.1699186],[71.3798673,51.1699135],[71.3798585,51.1698865],[71.3798155,51.1698914],[71.3798032,51.169849],[71.3799021,51.1698645],[71.3798939,51.1698379]]]},"properties":{"OBJECTID":2199,"kind":"park","name":"Озеленение","source":"Astana municipal open geoportal","source_url":"https://gis.esaulet.kz/server/rest/services/Sloi_geoportala_otkrytiy_kontur_0702/MapServer/26","sourceId":"astana-municipal-green"}},{"type":"Feature","id":"municipal-green-2201","geometry":{"type":"Polygon","coordinates":[[[71.4323912,51.1260718],[71.4323714,51.1260749],[71.4323411,51.1259962],[71.4325388,51.1259652],[71.4325563,51.1260074],[71.4323767,51.1260369],[71.4323912,51.1260718]]]},"properties":{"OBJECTID":2201,"kind":"park","name":"Озеленение","source":"Astana municipal open geoportal","source_url":"https://gis.esaulet.kz/server/rest/services/Sloi_geoportala_otkrytiy_kontur_0702/MapServer/26","sourceId":"astana-municipal-green"}},{"type":"Feature","id":"municipal-green-2202","geometry":{"type":"Polygon","coordinates":[[[71.4012067,51.1422346],[71.401278,51.1422379],[71.4012686,51.1423117],[71.4011987,51.1423085],[71.4012067,51.1422346]]]},"properties":{"OBJECTID":2202,"kind":"park","name":"Озеленение","source":"Astana municipal open geoportal","source_url":"https://gis.esaulet.kz/server/rest/services/Sloi_geoportala_otkrytiy_kontur_0702/MapServer/26","sourceId":"astana-municipal-green"}},{"type":"Feature","id":"municipal-green-2203","geometry":{"type":"Polygon","coordinates":[[[71.4075226,51.148581],[71.4075817,51.1485916],[71.4074361,51.1485687],[71.4075226,51.148581]]]},"properties":{"OBJECTID":2203,"kind":"park","name":"Озеленение","source":"Astana municipal open geoportal","source_url":"https://gis.esaulet.kz/server/rest/services/Sloi_geoportala_otkrytiy_kontur_0702/MapServer/26","sourceId":"astana-municipal-green"}},{"type":"Feature","id":"municipal-green-2204","geometry":{"type":"Polygon","coordinates":[[[71.4085288,51.1477806],[71.4083129,51.1477576],[71.4083179,51.1477463],[71.4085288,51.1477806]]]},"properties":{"OBJECTID":2204,"kind":"park","name":"Озеленение","source":"Astana municipal open geoportal","source_url":"https://gis.esaulet.kz/server/rest/services/Sloi_geoportala_otkrytiy_kontur_0702/MapServer/26","sourceId":"astana-municipal-green"}},{"type":"Feature","id":"municipal-green-2205","geometry":{"type":"Polygon","coordinates":[[[71.4399,51.1056956],[71.439863,51.1058069],[71.4397562,51.1057318],[71.4398644,51.1056706],[71.4399,51.1056956]],[[71.4398599,51.1057732],[71.4398402,51.1057591],[71.4398178,51.1057715],[71.4398599,51.1057732]]]},"properties":{"OBJECTID":2205,"kind":"park","name":"Озеленение","source":"Astana municipal open geoportal","source_url":"https://gis.esaulet.kz/server/rest/services/Sloi_geoportala_otkrytiy_kontur_0702/MapServer/26","sourceId":"astana-municipal-green"}},{"type":"Feature","id":"municipal-green-2206","geometry":{"type":"Polygon","coordinates":[[[71.4390335,51.1067431],[71.4390661,51.1067387],[71.4390581,51.1067154],[71.4391291,51.1066599],[71.4391657,51.1067642],[71.4390838,51.1067746],[71.4390719,51.1067396],[71.4390335,51.1067431]]]},"properties":{"OBJECTID":2206,"kind":"park","name":"Озеленение","source":"Astana municipal open geoportal","source_url":"https://gis.esaulet.kz/server/rest/services/Sloi_geoportala_otkrytiy_kontur_0702/MapServer/26","sourceId":"astana-municipal-green"}},{"type":"Feature","id":"municipal-green-2207","geometry":{"type":"Polygon","coordinates":[[[71.4394918,51.1066207],[71.4395328,51.1066484],[71.4392383,51.1068203],[71.4391916,51.1066844],[71.4394918,51.1066207]],[[71.4393401,51.1067575],[71.4393163,51.1067406],[71.4392891,51.1067558],[71.4393128,51.1067727],[71.4393401,51.1067575]]]},"properties":{"OBJECTID":2207,"kind":"park","name":"Озеленение","source":"Astana municipal open geoportal","source_url":"https://gis.esaulet.kz/server/rest/services/Sloi_geoportala_otkrytiy_kontur_0702/MapServer/26","sourceId":"astana-municipal-green"}},{"type":"Feature","id":"municipal-green-2215","geometry":{"type":"Polygon","coordinates":[[[71.4663551,51.139257],[71.4663648,51.1392981],[71.466334,51.1392675],[71.4663551,51.139257]]]},"properties":{"OBJECTID":2215,"kind":"park","name":"Озеленение","source":"Astana municipal open geoportal","source_url":"https://gis.esaulet.kz/server/rest/services/Sloi_geoportala_otkrytiy_kontur_0702/MapServer/26","sourceId":"astana-municipal-green"}},{"type":"Feature","id":"municipal-green-2216","geometry":{"type":"Polygon","coordinates":[[[71.4667048,51.139232],[71.4666989,51.139247],[71.4664681,51.139221],[71.4667048,51.139232]]]},"properties":{"OBJECTID":2216,"kind":"park","name":"Озеленение","source":"Astana municipal open geoportal","source_url":"https://gis.esaulet.kz/server/rest/services/Sloi_geoportala_otkrytiy_kontur_0702/MapServer/26","sourceId":"astana-municipal-green"}},{"type":"Feature","id":"municipal-green-2220","geometry":{"type":"Polygon","coordinates":[[[71.4068909,51.1470702],[71.4067844,51.1474143],[71.4069137,51.1474483],[71.4069017,51.1474647],[71.406761,51.1474222],[71.4068702,51.1470686],[71.4068909,51.1470702]]]},"properties":{"OBJECTID":2220,"kind":"park","name":"Озеленение","source":"Astana municipal open geoportal","source_url":"https://gis.esaulet.kz/server/rest/services/Sloi_geoportala_otkrytiy_kontur_0702/MapServer/26","sourceId":"astana-municipal-green"}},{"type":"Feature","id":"municipal-green-2222","geometry":{"type":"Polygon","coordinates":[[[71.4405721,51.1061097],[71.4406629,51.1061626],[71.4405168,51.1062522],[71.440407,51.1062027],[71.4405721,51.1061097]]]},"properties":{"OBJECTID":2222,"kind":"park","name":"Озеленение","source":"Astana municipal open geoportal","source_url":"https://gis.esaulet.kz/server/rest/services/Sloi_geoportala_otkrytiy_kontur_0702/MapServer/26","sourceId":"astana-municipal-green"}},{"type":"Feature","id":"municipal-green-2223","geometry":{"type":"Polygon","coordinates":[[[71.4391289,51.1070225],[71.4390753,51.1069729],[71.4387134,51.1058024],[71.4395259,51.1056694],[71.4397608,51.1055349],[71.4405721,51.1061097],[71.440407,51.1062027],[71.4402922,51.1061221],[71.4404477,51.1060428],[71.440331,51.105963],[71.4401904,51.106036],[71.4402764,51.1061118],[71.4400485,51.1059511],[71.4401655,51.1060183],[71.4403025,51.1059446],[71.4401834,51.1058579],[71.4400327,51.1059399],[71.4399018,51.1058481],[71.440021,51.1059174],[71.4401579,51.1058416],[71.4400392,51.1057551],[71.4398867,51.1058374],[71.4398677,51.1058242],[71.4400201,51.1057417],[71.4398928,51.1056546],[71.4397562,51.1057318],[71.439852,51.1058132],[71.4397244,51.1057234],[71.4398732,51.1056383],[71.439753,51.1055553],[71.4396155,51.1056322],[71.4397112,51.1057],[71.4396823,51.1057162],[71.4396078,51.1056638],[71.438863,51.1057859],[71.4388423,51.1058231],[71.4387401,51.1058436],[71.4390892,51.1069072],[71.4395328,51.1066484],[71.4395016,51.1066151],[71.4396607,51.1067311],[71.4396423,51.1067619],[71.4391289,51.1070225]],[[71.44055,51.1061154],[71.4404609,51.1060526],[71.4403151,51.1061253],[71.4404101,51.106192],[71.44055,51.1061154]]]},"properties":{"OBJECTID":2223,"kind":"park","name":"Озеленение","source":"Astana municipal open geoportal","source_url":"https://gis.esaulet.kz/server/rest/services/Sloi_geoportala_otkrytiy_kontur_0702/MapServer/26","sourceId":"astana-municipal-green"}},{"type":"Feature","id":"municipal-green-2224","geometry":{"type":"Polygon","coordinates":[[[71.4063886,51.1486689],[71.4064247,51.1485512],[71.4064983,51.1485648],[71.4064593,51.1486902],[71.4063886,51.1486689]]]},"properties":{"OBJECTID":2224,"kind":"park","name":"Озеленение","source":"Astana municipal open geoportal","source_url":"https://gis.esaulet.kz/server/rest/services/Sloi_geoportala_otkrytiy_kontur_0702/MapServer/26","sourceId":"astana-municipal-green"}},{"type":"Feature","id":"municipal-green-2225","geometry":{"type":"Polygon","coordinates":[[[71.4059319,51.132311],[71.4059252,51.1324952],[71.4058553,51.1326852],[71.4056959,51.1329222],[71.4055064,51.1331098],[71.4052688,51.133275],[71.4049885,51.1334166],[71.4046751,51.1335302],[71.4043439,51.1336108],[71.4042924,51.1335069],[71.4048527,51.1333131],[71.4050769,51.1332002],[71.4052654,51.1330669],[71.4054403,51.1328973],[71.4055697,51.1327123],[71.4056503,51.1325166],[71.4056811,51.1323095],[71.4059319,51.132311]]]},"properties":{"OBJECTID":2225,"kind":"park","name":"Озеленение","source":"Astana municipal open geoportal","source_url":"https://gis.esaulet.kz/server/rest/services/Sloi_geoportala_otkrytiy_kontur_0702/MapServer/26","sourceId":"astana-municipal-green"}},{"type":"Feature","id":"municipal-green-2227","geometry":{"type":"Polygon","coordinates":[[[71.4729372,51.1172842],[71.4731582,51.1178405],[71.4729874,51.1177299],[71.4728853,51.117473],[71.472884,51.1172926],[71.4729372,51.1172842]]]},"properties":{"OBJECTID":2227,"kind":"park","name":"Озеленение","source":"Astana municipal open geoportal","source_url":"https://gis.esaulet.kz/server/rest/services/Sloi_geoportala_otkrytiy_kontur_0702/MapServer/26","sourceId":"astana-municipal-green"}},{"type":"Feature","id":"municipal-green-2228","geometry":{"type":"Polygon","coordinates":[[[71.429348,51.1380067],[71.4292998,51.1379392],[71.4293232,51.1379397],[71.4293619,51.1379938],[71.429348,51.1380067]]]},"properties":{"OBJECTID":2228,"kind":"park","name":"Озеленение","source":"Astana municipal open geoportal","source_url":"https://gis.esaulet.kz/server/rest/services/Sloi_geoportala_otkrytiy_kontur_0702/MapServer/26","sourceId":"astana-municipal-green"}},{"type":"Feature","id":"municipal-green-2229","geometry":{"type":"Polygon","coordinates":[[[71.4746684,51.1217964],[71.4745288,51.1216135],[71.4746432,51.1215963],[71.4747187,51.1217895],[71.4746684,51.1217964]]]},"properties":{"OBJECTID":2229,"kind":"park","name":"Озеленение","source":"Astana municipal open geoportal","source_url":"https://gis.esaulet.kz/server/rest/services/Sloi_geoportala_otkrytiy_kontur_0702/MapServer/26","sourceId":"astana-municipal-green"}},{"type":"Feature","id":"municipal-green-2230","geometry":{"type":"Polygon","coordinates":[[[71.4741308,51.1212508],[71.4740123,51.1212671],[71.4739477,51.1210946],[71.4739992,51.1210866],[71.4741308,51.1212508]]]},"properties":{"OBJECTID":2230,"kind":"park","name":"Озеленение","source":"Astana municipal open geoportal","source_url":"https://gis.esaulet.kz/server/rest/services/Sloi_geoportala_otkrytiy_kontur_0702/MapServer/26","sourceId":"astana-municipal-green"}},{"type":"Feature","id":"municipal-green-2231","geometry":{"type":"Polygon","coordinates":[[[71.4753432,51.1243025],[71.4752756,51.1244528],[71.4750779,51.1239539],[71.4751983,51.1239345],[71.4753432,51.1243025]]]},"properties":{"OBJECTID":2231,"kind":"park","name":"Озеленение","source":"Astana municipal open geoportal","source_url":"https://gis.esaulet.kz/server/rest/services/Sloi_geoportala_otkrytiy_kontur_0702/MapServer/26","sourceId":"astana-municipal-green"}},{"type":"Feature","id":"municipal-green-2232","geometry":{"type":"Polygon","coordinates":[[[71.4012837,51.1496187],[71.4013383,51.1494993],[71.4014352,51.1495047],[71.4012921,51.1497415],[71.4012096,51.1497216],[71.4012283,51.1496886],[71.4012787,51.1497007],[71.401323,51.1496285],[71.4012837,51.1496187]]]},"properties":{"OBJECTID":2232,"kind":"park","name":"Озеленение","source":"Astana municipal open geoportal","source_url":"https://gis.esaulet.kz/server/rest/services/Sloi_geoportala_otkrytiy_kontur_0702/MapServer/26","sourceId":"astana-municipal-green"}},{"type":"Feature","id":"municipal-green-2235","geometry":{"type":"Polygon","coordinates":[[[71.4749186,51.1239493],[71.4749023,51.1239082],[71.475011,51.1238914],[71.475027,51.1239323],[71.4749186,51.1239493]]]},"properties":{"OBJECTID":2235,"kind":"park","name":"Озеленение","source":"Astana municipal open geoportal","source_url":"https://gis.esaulet.kz/server/rest/services/Sloi_geoportala_otkrytiy_kontur_0702/MapServer/26","sourceId":"astana-municipal-green"}},{"type":"Feature","id":"municipal-green-2236","geometry":{"type":"Polygon","coordinates":[[[71.4354614,51.1155823],[71.4355424,51.1157609],[71.4355005,51.1157535],[71.4355171,51.1157418],[71.4354614,51.1155823]]]},"properties":{"OBJECTID":2236,"kind":"park","name":"Озеленение","source":"Astana municipal open geoportal","source_url":"https://gis.esaulet.kz/server/rest/services/Sloi_geoportala_otkrytiy_kontur_0702/MapServer/26","sourceId":"astana-municipal-green"}},{"type":"Feature","id":"municipal-green-2237","geometry":{"type":"Polygon","coordinates":[[[71.4405981,51.1128986],[71.4405688,51.112903],[71.4405548,51.1128853],[71.4405981,51.1128986]]]},"properties":{"OBJECTID":2237,"kind":"park","name":"Озеленение","source":"Astana municipal open geoportal","source_url":"https://gis.esaulet.kz/server/rest/services/Sloi_geoportala_otkrytiy_kontur_0702/MapServer/26","sourceId":"astana-municipal-green"}},{"type":"Feature","id":"municipal-green-2238","geometry":{"type":"Polygon","coordinates":[[[71.4374293,51.1137318],[71.4373514,51.1135125],[71.4374007,51.1135059],[71.4374134,51.113541],[71.4374371,51.1135376],[71.4374903,51.1136843],[71.4375962,51.11367],[71.4375859,51.1136431],[71.4376388,51.1136351],[71.4377992,51.1136375],[71.4378106,51.1136667],[71.4382219,51.1136059],[71.4382077,51.1135678],[71.4383407,51.1135475],[71.4383731,51.1135725],[71.4387843,51.1135115],[71.438775,51.1134878],[71.4389737,51.1134471],[71.4390566,51.1134657],[71.4390152,51.1135064],[71.4374293,51.1137318]]]},"properties":{"OBJECTID":2238,"kind":"park","name":"Озеленение","source":"Astana municipal open geoportal","source_url":"https://gis.esaulet.kz/server/rest/services/Sloi_geoportala_otkrytiy_kontur_0702/MapServer/26","sourceId":"astana-municipal-green"}},{"type":"Feature","id":"municipal-green-2239","geometry":{"type":"Polygon","coordinates":[[[71.4550785,51.1052998],[71.4550776,51.1053726],[71.4550458,51.1054426],[71.4548642,51.1055899],[71.4546209,51.1056961],[71.4543338,51.1057768],[71.4543158,51.1057528],[71.4546599,51.1056263],[71.4547131,51.105587],[71.4547526,51.1055298],[71.4547514,51.1054703],[71.4546722,51.1054037],[71.4546622,51.1053598],[71.4550537,51.1052409],[71.4550785,51.1052998]]]},"properties":{"OBJECTID":2239,"kind":"park","name":"Озеленение","source":"Astana municipal open geoportal","source_url":"https://gis.esaulet.kz/server/rest/services/Sloi_geoportala_otkrytiy_kontur_0702/MapServer/26","sourceId":"astana-municipal-green"}},{"type":"Feature","id":"municipal-green-2240","geometry":{"type":"Polygon","coordinates":[[[71.4386495,51.1142849],[71.4386622,51.1142734],[71.4386657,51.1142824],[71.4386495,51.1142849]]]},"properties":{"OBJECTID":2240,"kind":"park","name":"Озеленение","source":"Astana municipal open geoportal","source_url":"https://gis.esaulet.kz/server/rest/services/Sloi_geoportala_otkrytiy_kontur_0702/MapServer/26","sourceId":"astana-municipal-green"}},{"type":"Feature","id":"municipal-green-2241","geometry":{"type":"Polygon","coordinates":[[[71.4437373,51.1119881],[71.4437119,51.1120067],[71.4436826,51.1119909],[71.443708,51.1119723],[71.4437373,51.1119881]]]},"properties":{"OBJECTID":2241,"kind":"park","name":"Озеленение","source":"Astana municipal open geoportal","source_url":"https://gis.esaulet.kz/server/rest/services/Sloi_geoportala_otkrytiy_kontur_0702/MapServer/26","sourceId":"astana-municipal-green"}},{"type":"Feature","id":"municipal-green-2242","geometry":{"type":"Polygon","coordinates":[[[71.4436952,51.1118944],[71.4437128,51.1119168],[71.4436731,51.1119174],[71.4436952,51.1118944]]]},"properties":{"OBJECTID":2242,"kind":"park","name":"Озеленение","source":"Astana municipal open geoportal","source_url":"https://gis.esaulet.kz/server/rest/services/Sloi_geoportala_otkrytiy_kontur_0702/MapServer/26","sourceId":"astana-municipal-green"}},{"type":"Feature","id":"municipal-green-2243","geometry":{"type":"Polygon","coordinates":[[[71.4431782,51.1114419],[71.4432064,51.1114564],[71.4432207,51.1115587],[71.4431621,51.1116012],[71.4429258,51.1114706],[71.442944,51.1114533],[71.4431782,51.1114419]]]},"properties":{"OBJECTID":2243,"kind":"park","name":"Озеленение","source":"Astana municipal open geoportal","source_url":"https://gis.esaulet.kz/server/rest/services/Sloi_geoportala_otkrytiy_kontur_0702/MapServer/26","sourceId":"astana-municipal-green"}},{"type":"Feature","id":"municipal-green-2244","geometry":{"type":"Polygon","coordinates":[[[71.4435535,51.1109438],[71.4435897,51.1109657],[71.4435822,51.1111461],[71.4432266,51.1114062],[71.4428676,51.1114272],[71.4435535,51.1109438]]]},"properties":{"OBJECTID":2244,"kind":"park","name":"Озеленение","source":"Astana municipal open geoportal","source_url":"https://gis.esaulet.kz/server/rest/services/Sloi_geoportala_otkrytiy_kontur_0702/MapServer/26","sourceId":"astana-municipal-green"}},{"type":"Feature","id":"municipal-green-2245","geometry":{"type":"Polygon","coordinates":[[[71.4086118,51.1692356],[71.4086199,51.1692119],[71.4087086,51.1692234],[71.4087005,51.1692475],[71.4086118,51.1692356]]]},"properties":{"OBJECTID":2245,"kind":"park","name":"Озеленение","source":"Astana municipal open geoportal","source_url":"https://gis.esaulet.kz/server/rest/services/Sloi_geoportala_otkrytiy_kontur_0702/MapServer/26","sourceId":"astana-municipal-green"}},{"type":"Feature","id":"municipal-green-2246","geometry":{"type":"Polygon","coordinates":[[[71.4090364,51.1691132],[71.4092071,51.1691359],[71.4091904,51.1691815],[71.4090211,51.1691588],[71.4090364,51.1691132]]]},"properties":{"OBJECTID":2246,"kind":"park","name":"Озеленение","source":"Astana municipal open geoportal","source_url":"https://gis.esaulet.kz/server/rest/services/Sloi_geoportala_otkrytiy_kontur_0702/MapServer/26","sourceId":"astana-municipal-green"}},{"type":"Feature","id":"municipal-green-2247","geometry":{"type":"Polygon","coordinates":[[[71.4087958,51.1691289],[71.4088112,51.1690831],[71.4089749,51.1691051],[71.4089595,51.1691506],[71.4087958,51.1691289]]]},"properties":{"OBJECTID":2247,"kind":"park","name":"Озеленение","source":"Astana municipal open geoportal","source_url":"https://gis.esaulet.kz/server/rest/services/Sloi_geoportala_otkrytiy_kontur_0702/MapServer/26","sourceId":"astana-municipal-green"}},{"type":"Feature","id":"municipal-green-2248","geometry":{"type":"Polygon","coordinates":[[[71.408738,51.1691212],[71.4085734,51.1690995],[71.4085886,51.1690535],[71.4087529,51.1690754],[71.408738,51.1691212]]]},"properties":{"OBJECTID":2248,"kind":"park","name":"Озеленение","source":"Astana municipal open geoportal","source_url":"https://gis.esaulet.kz/server/rest/services/Sloi_geoportala_otkrytiy_kontur_0702/MapServer/26","sourceId":"astana-municipal-green"}},{"type":"Feature","id":"municipal-green-2249","geometry":{"type":"Polygon","coordinates":[[[71.4619691,51.1060531],[71.4619701,51.1060778],[71.4604283,51.1061691],[71.4604105,51.1060749],[71.4621727,51.1059828],[71.4643285,51.1059856],[71.4643272,51.1060787],[71.462783,51.1060757],[71.4627833,51.1060492],[71.4627423,51.1060489],[71.4627427,51.1060756],[71.4626698,51.1060752],[71.4626711,51.1060492],[71.4626293,51.106049],[71.4626292,51.106075],[71.4625562,51.1060747],[71.4625567,51.1060487],[71.4625156,51.1060489],[71.4625155,51.1060745],[71.4624451,51.1060742],[71.462446,51.1060276],[71.4623184,51.1060291],[71.4623183,51.1060742],[71.4622414,51.1060752],[71.4622402,51.1060492],[71.4621985,51.1060499],[71.4621996,51.1060759],[71.4621262,51.1060758],[71.4621252,51.1060509],[71.462016,51.1060773],[71.4620149,51.1060523],[71.4619691,51.1060531]]]},"properties":{"OBJECTID":2249,"kind":"park","name":"Озеленение","source":"Astana municipal open geoportal","source_url":"https://gis.esaulet.kz/server/rest/services/Sloi_geoportala_otkrytiy_kontur_0702/MapServer/26","sourceId":"astana-municipal-green"}},{"type":"Feature","id":"municipal-green-2250","geometry":{"type":"Polygon","coordinates":[[[71.4309824,51.1165933],[71.4309317,51.1166006],[71.4309132,51.1165497],[71.4309628,51.1165424],[71.4309824,51.1165933]]]},"properties":{"OBJECTID":2250,"kind":"park","name":"Озеленение","source":"Astana municipal open geoportal","source_url":"https://gis.esaulet.kz/server/rest/services/Sloi_geoportala_otkrytiy_kontur_0702/MapServer/26","sourceId":"astana-municipal-green"}},{"type":"Feature","id":"municipal-green-2251","geometry":{"type":"Polygon","coordinates":[[[71.4482189,51.1436283],[71.448182,51.1436842],[71.4479558,51.1436243],[71.4480044,51.1435709],[71.4482189,51.1436283]]]},"properties":{"OBJECTID":2251,"kind":"park","name":"Озеленение","source":"Astana municipal open geoportal","source_url":"https://gis.esaulet.kz/server/rest/services/Sloi_geoportala_otkrytiy_kontur_0702/MapServer/26","sourceId":"astana-municipal-green"}},{"type":"Feature","id":"municipal-green-2252","geometry":{"type":"Polygon","coordinates":[[[71.4507131,51.1442965],[71.4506822,51.144342],[71.4504931,51.1442921],[71.4505234,51.1442457],[71.4507131,51.1442965]]]},"properties":{"OBJECTID":2252,"kind":"park","name":"Озеленение","source":"Astana municipal open geoportal","source_url":"https://gis.esaulet.kz/server/rest/services/Sloi_geoportala_otkrytiy_kontur_0702/MapServer/26","sourceId":"astana-municipal-green"}},{"type":"Feature","id":"municipal-green-2253","geometry":{"type":"Polygon","coordinates":[[[71.4508534,51.1443338],[71.4508303,51.1443812],[71.4507376,51.1443566],[71.4507685,51.1443111],[71.4508534,51.1443338]]]},"properties":{"OBJECTID":2253,"kind":"park","name":"Озеленение","source":"Astana municipal open geoportal","source_url":"https://gis.esaulet.kz/server/rest/services/Sloi_geoportala_otkrytiy_kontur_0702/MapServer/26","sourceId":"astana-municipal-green"}},{"type":"Feature","id":"municipal-green-2254","geometry":{"type":"Polygon","coordinates":[[[71.4510382,51.1443823],[71.4510218,51.1444319],[71.4508867,51.1443961],[71.4509265,51.1443529],[71.4510382,51.1443823]]]},"properties":{"OBJECTID":2254,"kind":"park","name":"Озеленение","source":"Astana municipal open geoportal","source_url":"https://gis.esaulet.kz/server/rest/services/Sloi_geoportala_otkrytiy_kontur_0702/MapServer/26","sourceId":"astana-municipal-green"}},{"type":"Feature","id":"municipal-green-2255","geometry":{"type":"Polygon","coordinates":[[[71.4499391,51.1440893],[71.4504184,51.1442176],[71.4503873,51.1442645],[71.4499042,51.1441383],[71.4499391,51.1440893]]]},"properties":{"OBJECTID":2255,"kind":"park","name":"Озеленение","source":"Astana municipal open geoportal","source_url":"https://gis.esaulet.kz/server/rest/services/Sloi_geoportala_otkrytiy_kontur_0702/MapServer/26","sourceId":"astana-municipal-green"}},{"type":"Feature","id":"municipal-green-2256","geometry":{"type":"Polygon","coordinates":[[[71.4460677,51.1448029],[71.4459501,51.1447648],[71.4462412,51.1443206],[71.4462918,51.1443314],[71.4463081,51.1443082],[71.4464941,51.1443466],[71.4464789,51.1443684],[71.4463712,51.1443382],[71.4460677,51.1448029]]]},"properties":{"OBJECTID":2256,"kind":"park","name":"Озеленение","source":"Astana municipal open geoportal","source_url":"https://gis.esaulet.kz/server/rest/services/Sloi_geoportala_otkrytiy_kontur_0702/MapServer/26","sourceId":"astana-municipal-green"}},{"type":"Feature","id":"municipal-green-2257","geometry":{"type":"Polygon","coordinates":[[[71.4459438,51.1448164],[71.4460421,51.1448413],[71.4458271,51.1451713],[71.4457014,51.1451441],[71.4459154,51.1448184],[71.4459438,51.1448164]]]},"properties":{"OBJECTID":2257,"kind":"park","name":"Озеленение","source":"Astana municipal open geoportal","source_url":"https://gis.esaulet.kz/server/rest/services/Sloi_geoportala_otkrytiy_kontur_0702/MapServer/26","sourceId":"astana-municipal-green"}},{"type":"Feature","id":"municipal-green-2258","geometry":{"type":"Polygon","coordinates":[[[71.4521855,51.161024],[71.4521259,51.1610443],[71.4520981,51.1610122],[71.4521577,51.1609918],[71.4521855,51.161024]]]},"properties":{"OBJECTID":2258,"kind":"park","name":"Озеленение","source":"Astana municipal open geoportal","source_url":"https://gis.esaulet.kz/server/rest/services/Sloi_geoportala_otkrytiy_kontur_0702/MapServer/26","sourceId":"astana-municipal-green"}},{"type":"Feature","id":"municipal-green-2259","geometry":{"type":"Polygon","coordinates":[[[71.4528268,51.160339],[71.4528304,51.1603707],[71.4528031,51.160396],[71.4526923,51.1604331],[71.4526676,51.1604035],[71.4528268,51.160339]]]},"properties":{"OBJECTID":2259,"kind":"park","name":"Озеленение","source":"Astana municipal open geoportal","source_url":"https://gis.esaulet.kz/server/rest/services/Sloi_geoportala_otkrytiy_kontur_0702/MapServer/26","sourceId":"astana-municipal-green"}},{"type":"Feature","id":"municipal-green-2267","geometry":{"type":"Polygon","coordinates":[[[71.4112311,51.1491466],[71.4111823,51.1491811],[71.4111038,51.1491775],[71.4111263,51.14913],[71.4112311,51.1491466]]]},"properties":{"OBJECTID":2267,"kind":"park","name":"Озеленение","source":"Astana municipal open geoportal","source_url":"https://gis.esaulet.kz/server/rest/services/Sloi_geoportala_otkrytiy_kontur_0702/MapServer/26","sourceId":"astana-municipal-green"}},{"type":"Feature","id":"municipal-green-2269","geometry":{"type":"Polygon","coordinates":[[[71.4787301,51.1256245],[71.4786089,51.1256435],[71.4785715,51.1255476],[71.4785906,51.1255442],[71.4786185,51.1256147],[71.4787199,51.1255987],[71.4787301,51.1256245]]]},"properties":{"OBJECTID":2269,"kind":"park","name":"Озеленение","source":"Astana municipal open geoportal","source_url":"https://gis.esaulet.kz/server/rest/services/Sloi_geoportala_otkrytiy_kontur_0702/MapServer/26","sourceId":"astana-municipal-green"}},{"type":"Feature","id":"municipal-green-2272","geometry":{"type":"Polygon","coordinates":[[[71.4092344,51.1489427],[71.4095599,51.1489923],[71.4092129,51.1489524],[71.4092344,51.1489427]]]},"properties":{"OBJECTID":2272,"kind":"park","name":"Озеленение","source":"Astana municipal open geoportal","source_url":"https://gis.esaulet.kz/server/rest/services/Sloi_geoportala_otkrytiy_kontur_0702/MapServer/26","sourceId":"astana-municipal-green"}},{"type":"Feature","id":"municipal-green-2273","geometry":{"type":"Polygon","coordinates":[[[71.4473046,51.1482381],[71.4475643,51.1480394],[71.4476703,51.1480939],[71.4474113,51.148293],[71.4473046,51.1482381]]]},"properties":{"OBJECTID":2273,"kind":"park","name":"Озеленение","source":"Astana municipal open geoportal","source_url":"https://gis.esaulet.kz/server/rest/services/Sloi_geoportala_otkrytiy_kontur_0702/MapServer/26","sourceId":"astana-municipal-green"}},{"type":"Feature","id":"municipal-green-2274","geometry":{"type":"Polygon","coordinates":[[[71.4482039,51.1476493],[71.4482316,51.1476274],[71.4481896,51.1476065],[71.4482319,51.1475272],[71.4485825,51.1472631],[71.4486704,51.1473173],[71.4482289,51.1476606],[71.4482039,51.1476493]]]},"properties":{"OBJECTID":2274,"kind":"park","name":"Озеленение","source":"Astana municipal open geoportal","source_url":"https://gis.esaulet.kz/server/rest/services/Sloi_geoportala_otkrytiy_kontur_0702/MapServer/26","sourceId":"astana-municipal-green"}},{"type":"Feature","id":"municipal-green-2275","geometry":{"type":"Polygon","coordinates":[[[71.422319,51.1310418],[71.4222764,51.1310362],[71.4222676,51.1310087],[71.4222992,51.1309936],[71.422319,51.1310418]]]},"properties":{"OBJECTID":2275,"kind":"park","name":"Озеленение","source":"Astana municipal open geoportal","source_url":"https://gis.esaulet.kz/server/rest/services/Sloi_geoportala_otkrytiy_kontur_0702/MapServer/26","sourceId":"astana-municipal-green"}},{"type":"Feature","id":"municipal-green-2276","geometry":{"type":"Polygon","coordinates":[[[71.4031664,51.1504337],[71.403224,51.1504845],[71.4031559,51.1506325],[71.4030587,51.1506129],[71.4031305,51.1504698],[71.4030364,51.1504509],[71.4030564,51.1504096],[71.4031664,51.1504337]]]},"properties":{"OBJECTID":2276,"kind":"park","name":"Озеленение","source":"Astana municipal open geoportal","source_url":"https://gis.esaulet.kz/server/rest/services/Sloi_geoportala_otkrytiy_kontur_0702/MapServer/26","sourceId":"astana-municipal-green"}},{"type":"Feature","id":"municipal-green-2277","geometry":{"type":"Polygon","coordinates":[[[71.4065876,51.1480327],[71.4066831,51.1480471],[71.4065771,51.1483585],[71.4069858,51.1484425],[71.4069759,51.1484588],[71.4064878,51.1483443],[71.4065876,51.1480327]]]},"properties":{"OBJECTID":2277,"kind":"park","name":"Озеленение","source":"Astana municipal open geoportal","source_url":"https://gis.esaulet.kz/server/rest/services/Sloi_geoportala_otkrytiy_kontur_0702/MapServer/26","sourceId":"astana-municipal-green"}},{"type":"Feature","id":"municipal-green-2278","geometry":{"type":"Polygon","coordinates":[[[71.4089132,51.1479848],[71.4089051,51.1480055],[71.4085642,51.1479529],[71.4085832,51.1479305],[71.4089132,51.1479848]]]},"properties":{"OBJECTID":2278,"kind":"park","name":"Озеленение","source":"Astana municipal open geoportal","source_url":"https://gis.esaulet.kz/server/rest/services/Sloi_geoportala_otkrytiy_kontur_0702/MapServer/26","sourceId":"astana-municipal-green"}},{"type":"Feature","id":"municipal-green-2279","geometry":{"type":"Polygon","coordinates":[[[71.4476921,51.1480771],[71.4475876,51.1480219],[71.4477426,51.1479058],[71.4479152,51.1478241],[71.4479958,51.1478404],[71.4476921,51.1480771]]]},"properties":{"OBJECTID":2279,"kind":"park","name":"Озеленение","source":"Astana municipal open geoportal","source_url":"https://gis.esaulet.kz/server/rest/services/Sloi_geoportala_otkrytiy_kontur_0702/MapServer/26","sourceId":"astana-municipal-green"}},{"type":"Feature","id":"municipal-green-2280","geometry":{"type":"Polygon","coordinates":[[[71.4491832,51.1465871],[71.4489442,51.1467326],[71.4488999,51.1467075],[71.4491352,51.1465309],[71.4491832,51.1465871]]]},"properties":{"OBJECTID":2280,"kind":"park","name":"Озеленение","source":"Astana municipal open geoportal","source_url":"https://gis.esaulet.kz/server/rest/services/Sloi_geoportala_otkrytiy_kontur_0702/MapServer/26","sourceId":"astana-municipal-green"}},{"type":"Feature","id":"municipal-green-2281","geometry":{"type":"Polygon","coordinates":[[[71.4493475,51.146469],[71.4492904,51.1464963],[71.449191,51.1464897],[71.4493732,51.1463544],[71.4494449,51.1463915],[71.4493475,51.146469]]]},"properties":{"OBJECTID":2281,"kind":"park","name":"Озеленение","source":"Astana municipal open geoportal","source_url":"https://gis.esaulet.kz/server/rest/services/Sloi_geoportala_otkrytiy_kontur_0702/MapServer/26","sourceId":"astana-municipal-green"}},{"type":"Feature","id":"municipal-green-2282","geometry":{"type":"Polygon","coordinates":[[[71.4509332,51.1455908],[71.4503933,51.146004],[71.4502897,51.1459505],[71.4508262,51.1455345],[71.4509332,51.1455908]]]},"properties":{"OBJECTID":2282,"kind":"park","name":"Озеленение","source":"Astana municipal open geoportal","source_url":"https://gis.esaulet.kz/server/rest/services/Sloi_geoportala_otkrytiy_kontur_0702/MapServer/26","sourceId":"astana-municipal-green"}},{"type":"Feature","id":"municipal-green-2283","geometry":{"type":"Polygon","coordinates":[[[71.4497232,51.1465208],[71.4496021,51.1466147],[71.4495279,51.1465475],[71.4496146,51.1464653],[71.4497232,51.1465208]]]},"properties":{"OBJECTID":2283,"kind":"park","name":"Озеленение","source":"Astana municipal open geoportal","source_url":"https://gis.esaulet.kz/server/rest/services/Sloi_geoportala_otkrytiy_kontur_0702/MapServer/26","sourceId":"astana-municipal-green"}},{"type":"Feature","id":"municipal-green-2284","geometry":{"type":"Polygon","coordinates":[[[71.4522474,51.1445814],[71.4521387,51.1445263],[71.4524186,51.1443095],[71.452464,51.1443057],[71.4525532,51.144346],[71.4522474,51.1445814]],[[71.4525078,51.1443661],[71.4524807,51.1443526],[71.452459,51.1443699],[71.452486,51.1443834],[71.4525078,51.1443661]]]},"properties":{"OBJECTID":2284,"kind":"park","name":"Озеленение","source":"Astana municipal open geoportal","source_url":"https://gis.esaulet.kz/server/rest/services/Sloi_geoportala_otkrytiy_kontur_0702/MapServer/26","sourceId":"astana-municipal-green"}},{"type":"Feature","id":"municipal-green-2285","geometry":{"type":"Polygon","coordinates":[[[71.4517576,51.1446176],[71.451469,51.1448374],[71.4514095,51.144819],[71.4516924,51.1445862],[71.4517576,51.1446176]]]},"properties":{"OBJECTID":2285,"kind":"park","name":"Озеленение","source":"Astana municipal open geoportal","source_url":"https://gis.esaulet.kz/server/rest/services/Sloi_geoportala_otkrytiy_kontur_0702/MapServer/26","sourceId":"astana-municipal-green"}},{"type":"Feature","id":"municipal-green-2286","geometry":{"type":"Polygon","coordinates":[[[71.4560751,51.141359],[71.4557611,51.141757],[71.4552916,51.1422286],[71.4543297,51.1429741],[71.4542206,51.1429187],[71.4552945,51.1420734],[71.4557805,51.1415421],[71.4559534,51.141322],[71.4560751,51.141359]]]},"properties":{"OBJECTID":2286,"kind":"park","name":"Озеленение","source":"Astana municipal open geoportal","source_url":"https://gis.esaulet.kz/server/rest/services/Sloi_geoportala_otkrytiy_kontur_0702/MapServer/26","sourceId":"astana-municipal-green"}},{"type":"Feature","id":"municipal-green-2287","geometry":{"type":"Polygon","coordinates":[[[71.4502119,51.1461426],[71.4499067,51.1463787],[71.4497977,51.1463229],[71.4501016,51.1460883],[71.4502119,51.1461426]]]},"properties":{"OBJECTID":2287,"kind":"park","name":"Озеленение","source":"Astana municipal open geoportal","source_url":"https://gis.esaulet.kz/server/rest/services/Sloi_geoportala_otkrytiy_kontur_0702/MapServer/26","sourceId":"astana-municipal-green"}},{"type":"Feature","id":"municipal-green-2288","geometry":{"type":"Polygon","coordinates":[[[71.4518644,51.1447378],[71.4521178,51.1445426],[71.4522278,51.144598],[71.4519729,51.1447935],[71.4518644,51.1447378]]]},"properties":{"OBJECTID":2288,"kind":"park","name":"Озеленение","source":"Astana municipal open geoportal","source_url":"https://gis.esaulet.kz/server/rest/services/Sloi_geoportala_otkrytiy_kontur_0702/MapServer/26","sourceId":"astana-municipal-green"}},{"type":"Feature","id":"municipal-green-2289","geometry":{"type":"Polygon","coordinates":[[[71.4355071,51.1185308],[71.4354715,51.1184343],[71.4355218,51.1184286],[71.4355071,51.1185308]]]},"properties":{"OBJECTID":2289,"kind":"park","name":"Озеленение","source":"Astana municipal open geoportal","source_url":"https://gis.esaulet.kz/server/rest/services/Sloi_geoportala_otkrytiy_kontur_0702/MapServer/26","sourceId":"astana-municipal-green"}},{"type":"Feature","id":"municipal-green-2290","geometry":{"type":"Polygon","coordinates":[[[71.4310433,51.1079008],[71.4309601,51.1077973],[71.4310049,51.1077927],[71.4310433,51.1079008]]]},"properties":{"OBJECTID":2290,"kind":"park","name":"Озеленение","source":"Astana municipal open geoportal","source_url":"https://gis.esaulet.kz/server/rest/services/Sloi_geoportala_otkrytiy_kontur_0702/MapServer/26","sourceId":"astana-municipal-green"}},{"type":"Feature","id":"municipal-green-2291","geometry":{"type":"Polygon","coordinates":[[[71.3856977,51.1666082],[71.3856456,51.1666078],[71.3856481,51.1665257],[71.3856919,51.166531],[71.3857072,51.1665563],[71.3856977,51.1666082]]]},"properties":{"OBJECTID":2291,"kind":"park","name":"Озеленение","source":"Astana municipal open geoportal","source_url":"https://gis.esaulet.kz/server/rest/services/Sloi_geoportala_otkrytiy_kontur_0702/MapServer/26","sourceId":"astana-municipal-green"}},{"type":"Feature","id":"municipal-green-2292","geometry":{"type":"Polygon","coordinates":[[[71.435258,51.1158036],[71.4352233,51.1158084],[71.4351772,51.1156782],[71.4352119,51.1156733],[71.435258,51.1158036]]]},"properties":{"OBJECTID":2292,"kind":"park","name":"Озеленение","source":"Astana municipal open geoportal","source_url":"https://gis.esaulet.kz/server/rest/services/Sloi_geoportala_otkrytiy_kontur_0702/MapServer/26","sourceId":"astana-municipal-green"}},{"type":"Feature","id":"municipal-green-2293","geometry":{"type":"Polygon","coordinates":[[[71.4353007,51.1159257],[71.4352664,51.1159305],[71.4352283,51.1158229],[71.4352627,51.1158181],[71.4353007,51.1159257]]]},"properties":{"OBJECTID":2293,"kind":"park","name":"Озеленение","source":"Astana municipal open geoportal","source_url":"https://gis.esaulet.kz/server/rest/services/Sloi_geoportala_otkrytiy_kontur_0702/MapServer/26","sourceId":"astana-municipal-green"}},{"type":"Feature","id":"municipal-green-2294","geometry":{"type":"Polygon","coordinates":[[[71.4355176,51.1158034],[71.4355484,51.1157759],[71.4355947,51.1159076],[71.4355587,51.1159439],[71.4354857,51.1159549],[71.4354338,51.1158067],[71.4354478,51.1157885],[71.4354927,51.1157985],[71.4354561,51.1158119],[71.4354979,51.1159312],[71.4355664,51.1159209],[71.4355373,51.1158006],[71.4355176,51.1158034]]]},"properties":{"OBJECTID":2294,"kind":"park","name":"Озеленение","source":"Astana municipal open geoportal","source_url":"https://gis.esaulet.kz/server/rest/services/Sloi_geoportala_otkrytiy_kontur_0702/MapServer/26","sourceId":"astana-municipal-green"}},{"type":"Feature","id":"municipal-green-2295","geometry":{"type":"Polygon","coordinates":[[[71.4042134,51.1336336],[71.4038754,51.1336759],[71.4035297,51.1336852],[71.4031875,51.1336611],[71.402869,51.1336043],[71.4029351,51.1335041],[71.4032373,51.1335546],[71.4035485,51.133576],[71.4041657,51.1335303],[71.4042134,51.1336336]]]},"properties":{"OBJECTID":2295,"kind":"park","name":"Озеленение","source":"Astana municipal open geoportal","source_url":"https://gis.esaulet.kz/server/rest/services/Sloi_geoportala_otkrytiy_kontur_0702/MapServer/26","sourceId":"astana-municipal-green"}},{"type":"Feature","id":"municipal-green-2296","geometry":{"type":"Polygon","coordinates":[[[71.4735812,51.1189088],[71.4734621,51.1189273],[71.4733563,51.1186613],[71.4733382,51.1185883],[71.4733993,51.1184481],[71.4735812,51.1189088]]]},"properties":{"OBJECTID":2296,"kind":"park","name":"Озеленение","source":"Astana municipal open geoportal","source_url":"https://gis.esaulet.kz/server/rest/services/Sloi_geoportala_otkrytiy_kontur_0702/MapServer/26","sourceId":"astana-municipal-green"}},{"type":"Feature","id":"municipal-green-2297","geometry":{"type":"Polygon","coordinates":[[[71.4750049,51.1225208],[71.4753653,51.1234354],[71.4752459,51.1232883],[71.4751228,51.1230013],[71.4749859,51.1227722],[71.4747686,51.1222248],[71.4747612,51.1220279],[71.474808,51.122021],[71.4750049,51.1225208]]]},"properties":{"OBJECTID":2297,"kind":"park","name":"Озеленение","source":"Astana municipal open geoportal","source_url":"https://gis.esaulet.kz/server/rest/services/Sloi_geoportala_otkrytiy_kontur_0702/MapServer/26","sourceId":"astana-municipal-green"}},{"type":"Feature","id":"municipal-green-2298","geometry":{"type":"Polygon","coordinates":[[[71.4759689,51.1248442],[71.4761618,51.1253253],[71.4761199,51.1253279],[71.4759307,51.1248529],[71.4759689,51.1248442]]]},"properties":{"OBJECTID":2298,"kind":"park","name":"Озеленение","source":"Astana municipal open geoportal","source_url":"https://gis.esaulet.kz/server/rest/services/Sloi_geoportala_otkrytiy_kontur_0702/MapServer/26","sourceId":"astana-municipal-green"}},{"type":"Feature","id":"municipal-green-2299","geometry":{"type":"Polygon","coordinates":[[[71.4353159,51.1156028],[71.435336,51.1155999],[71.4353961,51.1157688],[71.4353804,51.1157847],[71.4353323,51.1157657],[71.435373,51.1157604],[71.4353159,51.1156028]]]},"properties":{"OBJECTID":2299,"kind":"park","name":"Озеленение","source":"Astana municipal open geoportal","source_url":"https://gis.esaulet.kz/server/rest/services/Sloi_geoportala_otkrytiy_kontur_0702/MapServer/26","sourceId":"astana-municipal-green"}},{"type":"Feature","id":"municipal-green-2300","geometry":{"type":"Polygon","coordinates":[[[71.4351995,51.1158118],[71.4351424,51.1158208],[71.4350896,51.1157321],[71.4351727,51.1157323],[71.4351995,51.1158118]]]},"properties":{"OBJECTID":2300,"kind":"park","name":"Озеленение","source":"Astana municipal open geoportal","source_url":"https://gis.esaulet.kz/server/rest/services/Sloi_geoportala_otkrytiy_kontur_0702/MapServer/26","sourceId":"astana-municipal-green"}},{"type":"Feature","id":"municipal-green-2301","geometry":{"type":"Polygon","coordinates":[[[71.4357224,51.1154764],[71.4357269,51.1154891],[71.4356516,51.1154863],[71.4357224,51.1154764]]]},"properties":{"OBJECTID":2301,"kind":"park","name":"Озеленение","source":"Astana municipal open geoportal","source_url":"https://gis.esaulet.kz/server/rest/services/Sloi_geoportala_otkrytiy_kontur_0702/MapServer/26","sourceId":"astana-municipal-green"}},{"type":"Feature","id":"municipal-green-2302","geometry":{"type":"Polygon","coordinates":[[[71.4356281,51.1154893],[71.4355636,51.1155109],[71.4355055,51.1153543],[71.4356871,51.1153286],[71.4356922,51.1153427],[71.435528,51.1153664],[71.4355757,51.1154961],[71.4356281,51.1154893]]]},"properties":{"OBJECTID":2302,"kind":"park","name":"Озеленение","source":"Astana municipal open geoportal","source_url":"https://gis.esaulet.kz/server/rest/services/Sloi_geoportala_otkrytiy_kontur_0702/MapServer/26","sourceId":"astana-municipal-green"}},{"type":"Feature","id":"municipal-green-2303","geometry":{"type":"Polygon","coordinates":[[[71.3879739,51.1682433],[71.3880285,51.1682449],[71.3880279,51.1683157],[71.3879881,51.1683113],[71.3879739,51.1682433]]]},"properties":{"OBJECTID":2303,"kind":"park","name":"Озеленение","source":"Astana municipal open geoportal","source_url":"https://gis.esaulet.kz/server/rest/services/Sloi_geoportala_otkrytiy_kontur_0702/MapServer/26","sourceId":"astana-municipal-green"}},{"type":"Feature","id":"municipal-green-2304","geometry":{"type":"Polygon","coordinates":[[[71.3879674,51.1684995],[71.3879723,51.1683395],[71.3880278,51.1683243],[71.3880264,51.1684985],[71.3879674,51.1684995]]]},"properties":{"OBJECTID":2304,"kind":"park","name":"Озеленение","source":"Astana municipal open geoportal","source_url":"https://gis.esaulet.kz/server/rest/services/Sloi_geoportala_otkrytiy_kontur_0702/MapServer/26","sourceId":"astana-municipal-green"}},{"type":"Feature","id":"municipal-green-2305","geometry":{"type":"Polygon","coordinates":[[[71.440467,51.1248855],[71.4403672,51.1249361],[71.4403097,51.1250089],[71.4401827,51.1255569],[71.4400861,51.1255565],[71.4401538,51.1251778],[71.4402792,51.1248009],[71.4402967,51.1247752],[71.4403507,51.1247853],[71.440467,51.1248855]]]},"properties":{"OBJECTID":2305,"kind":"park","name":"Озеленение","source":"Astana municipal open geoportal","source_url":"https://gis.esaulet.kz/server/rest/services/Sloi_geoportala_otkrytiy_kontur_0702/MapServer/26","sourceId":"astana-municipal-green"}},{"type":"Feature","id":"municipal-green-2306","geometry":{"type":"Polygon","coordinates":[[[71.4522464,51.1062166],[71.4520905,51.1062118],[71.4519238,51.1061597],[71.4521559,51.1060295],[71.4522464,51.1062166]]]},"properties":{"OBJECTID":2306,"kind":"park","name":"Озеленение","source":"Astana municipal open geoportal","source_url":"https://gis.esaulet.kz/server/rest/services/Sloi_geoportala_otkrytiy_kontur_0702/MapServer/26","sourceId":"astana-municipal-green"}},{"type":"Feature","id":"municipal-green-2307","geometry":{"type":"Polygon","coordinates":[[[71.4518223,51.1061732],[71.451663,51.106264],[71.451635,51.1062443],[71.4517951,51.106154],[71.4518223,51.1061732]]]},"properties":{"OBJECTID":2307,"kind":"park","name":"Озеленение","source":"Astana municipal open geoportal","source_url":"https://gis.esaulet.kz/server/rest/services/Sloi_geoportala_otkrytiy_kontur_0702/MapServer/26","sourceId":"astana-municipal-green"}},{"type":"Feature","id":"municipal-green-2308","geometry":{"type":"Polygon","coordinates":[[[71.4516297,51.1062827],[71.4515953,51.1063017],[71.4515682,51.1062824],[71.4516026,51.1062633],[71.4516297,51.1062827]]]},"properties":{"OBJECTID":2308,"kind":"park","name":"Озеленение","source":"Astana municipal open geoportal","source_url":"https://gis.esaulet.kz/server/rest/services/Sloi_geoportala_otkrytiy_kontur_0702/MapServer/26","sourceId":"astana-municipal-green"}},{"type":"Feature","id":"municipal-green-2309","geometry":{"type":"Polygon","coordinates":[[[71.451562,51.1063203],[71.4514044,51.1064088],[71.4513767,51.106389],[71.4515332,51.106302],[71.451562,51.1063203]]]},"properties":{"OBJECTID":2309,"kind":"park","name":"Озеленение","source":"Astana municipal open geoportal","source_url":"https://gis.esaulet.kz/server/rest/services/Sloi_geoportala_otkrytiy_kontur_0702/MapServer/26","sourceId":"astana-municipal-green"}},{"type":"Feature","id":"municipal-green-2310","geometry":{"type":"Polygon","coordinates":[[[71.4513721,51.1064272],[71.4513377,51.1064466],[71.45131,51.1064273],[71.4513443,51.1064078],[71.4513721,51.1064272]]]},"properties":{"OBJECTID":2310,"kind":"park","name":"Озеленение","source":"Astana municipal open geoportal","source_url":"https://gis.esaulet.kz/server/rest/services/Sloi_geoportala_otkrytiy_kontur_0702/MapServer/26","sourceId":"astana-municipal-green"}},{"type":"Feature","id":"municipal-green-2311","geometry":{"type":"Polygon","coordinates":[[[71.4513058,51.1064645],[71.4511567,51.1065493],[71.4511287,51.1065298],[71.4512779,51.106445],[71.4513058,51.1064645]]]},"properties":{"OBJECTID":2311,"kind":"park","name":"Озеленение","source":"Astana municipal open geoportal","source_url":"https://gis.esaulet.kz/server/rest/services/Sloi_geoportala_otkrytiy_kontur_0702/MapServer/26","sourceId":"astana-municipal-green"}},{"type":"Feature","id":"municipal-green-2312","geometry":{"type":"Polygon","coordinates":[[[71.4428671,51.1196738],[71.4422592,51.1195128],[71.4422808,51.1193943],[71.4423085,51.1193774],[71.44227,51.119344],[71.4422946,51.11932],[71.4422541,51.119309],[71.4422523,51.1192689],[71.4421013,51.1191774],[71.4423813,51.118973],[71.4424996,51.1190273],[71.4426314,51.1190351],[71.4428671,51.1196738]]]},"properties":{"OBJECTID":2312,"kind":"park","name":"Озеленение","source":"Astana municipal open geoportal","source_url":"https://gis.esaulet.kz/server/rest/services/Sloi_geoportala_otkrytiy_kontur_0702/MapServer/26","sourceId":"astana-municipal-green"}},{"type":"Feature","id":"municipal-green-2313","geometry":{"type":"Polygon","coordinates":[[[71.4339464,51.0908634],[71.4338883,51.090888],[71.4338303,51.0907243],[71.4338929,51.090715],[71.4339464,51.0908634]]]},"properties":{"OBJECTID":2313,"kind":"park","name":"Озеленение","source":"Astana municipal open geoportal","source_url":"https://gis.esaulet.kz/server/rest/services/Sloi_geoportala_otkrytiy_kontur_0702/MapServer/26","sourceId":"astana-municipal-green"}},{"type":"Feature","id":"municipal-green-2314","geometry":{"type":"Polygon","coordinates":[[[71.4338699,51.0906959],[71.4338842,51.0907028],[71.4338226,51.0907022],[71.4338699,51.0906959]]]},"properties":{"OBJECTID":2314,"kind":"park","name":"Озеленение","source":"Astana municipal open geoportal","source_url":"https://gis.esaulet.kz/server/rest/services/Sloi_geoportala_otkrytiy_kontur_0702/MapServer/26","sourceId":"astana-municipal-green"}},{"type":"Feature","id":"municipal-green-2315","geometry":{"type":"Polygon","coordinates":[[[71.4336963,51.0905756],[71.4328465,51.0906971],[71.432833,51.0906673],[71.433716,51.0905312],[71.43382,51.0905647],[71.4338643,51.0906497],[71.433811,51.0906677],[71.4337725,51.0905864],[71.4336963,51.0905756]]]},"properties":{"OBJECTID":2315,"kind":"park","name":"Озеленение","source":"Astana municipal open geoportal","source_url":"https://gis.esaulet.kz/server/rest/services/Sloi_geoportala_otkrytiy_kontur_0702/MapServer/26","sourceId":"astana-municipal-green"}},{"type":"Feature","id":"municipal-green-2316","geometry":{"type":"Polygon","coordinates":[[[71.4327884,51.0907038],[71.4327204,51.0907135],[71.4327106,51.0906869],[71.4327789,51.0906771],[71.4327884,51.0907038]]]},"properties":{"OBJECTID":2316,"kind":"park","name":"Озеленение","source":"Astana municipal open geoportal","source_url":"https://gis.esaulet.kz/server/rest/services/Sloi_geoportala_otkrytiy_kontur_0702/MapServer/26","sourceId":"astana-municipal-green"}},{"type":"Feature","id":"municipal-green-2317","geometry":{"type":"Polygon","coordinates":[[[71.4319045,51.0907186],[71.4314619,51.0907954],[71.4314177,51.0907973],[71.4314103,51.0907759],[71.4319045,51.0907186]]]},"properties":{"OBJECTID":2317,"kind":"park","name":"Озеленение","source":"Astana municipal open geoportal","source_url":"https://gis.esaulet.kz/server/rest/services/Sloi_geoportala_otkrytiy_kontur_0702/MapServer/26","sourceId":"astana-municipal-green"}},{"type":"Feature","id":"municipal-green-2318","geometry":{"type":"Polygon","coordinates":[[[71.4327004,51.0907164],[71.4324495,51.0907521],[71.4325887,51.090982],[71.4328279,51.0912348],[71.4327719,51.0912582],[71.4325334,51.0910014],[71.4324065,51.0907961],[71.4324497,51.0907241],[71.4326907,51.0906897],[71.4327004,51.0907164]]]},"properties":{"OBJECTID":2318,"kind":"park","name":"Озеленение","source":"Astana municipal open geoportal","source_url":"https://gis.esaulet.kz/server/rest/services/Sloi_geoportala_otkrytiy_kontur_0702/MapServer/26","sourceId":"astana-municipal-green"}},{"type":"Feature","id":"municipal-green-2319","geometry":{"type":"Polygon","coordinates":[[[71.4328495,51.0912554],[71.4327837,51.0912679],[71.4328386,51.091245],[71.4328495,51.0912554]]]},"properties":{"OBJECTID":2319,"kind":"park","name":"Озеленение","source":"Astana municipal open geoportal","source_url":"https://gis.esaulet.kz/server/rest/services/Sloi_geoportala_otkrytiy_kontur_0702/MapServer/26","sourceId":"astana-municipal-green"}},{"type":"Feature","id":"municipal-green-2320","geometry":{"type":"Polygon","coordinates":[[[71.4331439,51.0914606],[71.4330946,51.0914911],[71.4330485,51.0914573],[71.4330865,51.0914275],[71.4331439,51.0914606]]]},"properties":{"OBJECTID":2320,"kind":"park","name":"Озеленение","source":"Astana municipal open geoportal","source_url":"https://gis.esaulet.kz/server/rest/services/Sloi_geoportala_otkrytiy_kontur_0702/MapServer/26","sourceId":"astana-municipal-green"}},{"type":"Feature","id":"municipal-green-2321","geometry":{"type":"Polygon","coordinates":[[[71.4333105,51.0915566],[71.4333798,51.0915889],[71.433317,51.0916118],[71.4331093,51.0915001],[71.4331578,51.0914686],[71.4333105,51.0915566]]]},"properties":{"OBJECTID":2321,"kind":"park","name":"Озеленение","source":"Astana municipal open geoportal","source_url":"https://gis.esaulet.kz/server/rest/services/Sloi_geoportala_otkrytiy_kontur_0702/MapServer/26","sourceId":"astana-municipal-green"}},{"type":"Feature","id":"municipal-green-2322","geometry":{"type":"Polygon","coordinates":[[[71.4438501,51.118745],[71.4440017,51.1187936],[71.4438704,51.1189285],[71.4438063,51.1187534],[71.4438501,51.118745]]]},"properties":{"OBJECTID":2322,"kind":"park","name":"Озеленение","source":"Astana municipal open geoportal","source_url":"https://gis.esaulet.kz/server/rest/services/Sloi_geoportala_otkrytiy_kontur_0702/MapServer/26","sourceId":"astana-municipal-green"}},{"type":"Feature","id":"municipal-green-2323","geometry":{"type":"Polygon","coordinates":[[[71.4336545,51.0918077],[71.4336603,51.0918394],[71.4333976,51.0917407],[71.4334436,51.0917315],[71.4336545,51.0918077]]]},"properties":{"OBJECTID":2323,"kind":"park","name":"Озеленение","source":"Astana municipal open geoportal","source_url":"https://gis.esaulet.kz/server/rest/services/Sloi_geoportala_otkrytiy_kontur_0702/MapServer/26","sourceId":"astana-municipal-green"}},{"type":"Feature","id":"municipal-green-2324","geometry":{"type":"Polygon","coordinates":[[[71.4326065,51.0912141],[71.4327419,51.0913215],[71.4327084,51.0913371],[71.4325782,51.0912195],[71.4326065,51.0912141]]]},"properties":{"OBJECTID":2324,"kind":"park","name":"Озеленение","source":"Astana municipal open geoportal","source_url":"https://gis.esaulet.kz/server/rest/services/Sloi_geoportala_otkrytiy_kontur_0702/MapServer/26","sourceId":"astana-municipal-green"}},{"type":"Feature","id":"municipal-green-2325","geometry":{"type":"Polygon","coordinates":[[[71.413209,51.0846274],[71.4129611,51.0847201],[71.4128392,51.0847375],[71.4128119,51.0846638],[71.4132024,51.0846082],[71.413209,51.0846274]]]},"properties":{"OBJECTID":2325,"kind":"park","name":"Озеленение","source":"Astana municipal open geoportal","source_url":"https://gis.esaulet.kz/server/rest/services/Sloi_geoportala_otkrytiy_kontur_0702/MapServer/26","sourceId":"astana-municipal-green"}},{"type":"Feature","id":"municipal-green-2326","geometry":{"type":"Polygon","coordinates":[[[71.47898,51.1254651],[71.4789382,51.1254717],[71.4789103,51.1254166],[71.4788213,51.1254156],[71.478812,51.1253903],[71.4789302,51.1253921],[71.47898,51.1254651]]]},"properties":{"OBJECTID":2326,"kind":"park","name":"Озеленение","source":"Astana municipal open geoportal","source_url":"https://gis.esaulet.kz/server/rest/services/Sloi_geoportala_otkrytiy_kontur_0702/MapServer/26","sourceId":"astana-municipal-green"}},{"type":"Feature","id":"municipal-green-2327","geometry":{"type":"Polygon","coordinates":[[[71.4291492,51.1160259],[71.4291861,51.1160434],[71.4291971,51.1160951],[71.428908,51.1161361],[71.4289018,51.1160886],[71.4289356,51.1160546],[71.4291492,51.1160259]]]},"properties":{"OBJECTID":2327,"kind":"park","name":"Озеленение","source":"Astana municipal open geoportal","source_url":"https://gis.esaulet.kz/server/rest/services/Sloi_geoportala_otkrytiy_kontur_0702/MapServer/26","sourceId":"astana-municipal-green"}},{"type":"Feature","id":"municipal-green-2328","geometry":{"type":"Polygon","coordinates":[[[71.4820056,51.1312214],[71.4820169,51.1312383],[71.4819656,51.1312314],[71.4820056,51.1312214]]]},"properties":{"OBJECTID":2328,"kind":"park","name":"Озеленение","source":"Astana municipal open geoportal","source_url":"https://gis.esaulet.kz/server/rest/services/Sloi_geoportala_otkrytiy_kontur_0702/MapServer/26","sourceId":"astana-municipal-green"}},{"type":"Feature","id":"municipal-green-2331","geometry":{"type":"Polygon","coordinates":[[[71.4894196,51.1328385],[71.4892511,51.1327913],[71.4892634,51.1327752],[71.4894318,51.1328221],[71.4894196,51.1328385]]]},"properties":{"OBJECTID":2331,"kind":"park","name":"Озеленение","source":"Astana municipal open geoportal","source_url":"https://gis.esaulet.kz/server/rest/services/Sloi_geoportala_otkrytiy_kontur_0702/MapServer/26","sourceId":"astana-municipal-green"}},{"type":"Feature","id":"municipal-green-2332","geometry":{"type":"Polygon","coordinates":[[[71.3957889,51.1462759],[71.3957632,51.1462533],[71.3957802,51.1462506],[71.3957889,51.1462759]]]},"properties":{"OBJECTID":2332,"kind":"park","name":"Озеленение","source":"Astana municipal open geoportal","source_url":"https://gis.esaulet.kz/server/rest/services/Sloi_geoportala_otkrytiy_kontur_0702/MapServer/26","sourceId":"astana-municipal-green"}},{"type":"Feature","id":"municipal-green-2333","geometry":{"type":"Polygon","coordinates":[[[71.48819,51.1323668],[71.4881782,51.1323828],[71.4878544,51.1322888],[71.4878651,51.1322741],[71.48819,51.1323668]]]},"properties":{"OBJECTID":2333,"kind":"park","name":"Озеленение","source":"Astana municipal open geoportal","source_url":"https://gis.esaulet.kz/server/rest/services/Sloi_geoportala_otkrytiy_kontur_0702/MapServer/26","sourceId":"astana-municipal-green"}},{"type":"Feature","id":"municipal-green-2334","geometry":{"type":"Polygon","coordinates":[[[71.4883902,51.1324254],[71.4883984,51.1324476],[71.4882556,51.1324056],[71.4882675,51.1323896],[71.4883902,51.1324254]]]},"properties":{"OBJECTID":2334,"kind":"park","name":"Озеленение","source":"Astana municipal open geoportal","source_url":"https://gis.esaulet.kz/server/rest/services/Sloi_geoportala_otkrytiy_kontur_0702/MapServer/26","sourceId":"astana-municipal-green"}},{"type":"Feature","id":"municipal-green-2335","geometry":{"type":"Polygon","coordinates":[[[71.4885442,51.1324703],[71.4885329,51.1324859],[71.4884524,51.1324626],[71.4885442,51.1324703]]]},"properties":{"OBJECTID":2335,"kind":"park","name":"Озеленение","source":"Astana municipal open geoportal","source_url":"https://gis.esaulet.kz/server/rest/services/Sloi_geoportala_otkrytiy_kontur_0702/MapServer/26","sourceId":"astana-municipal-green"}},{"type":"Feature","id":"municipal-green-2336","geometry":{"type":"Polygon","coordinates":[[[71.4886413,51.1324979],[71.4885736,51.1324976],[71.4885851,51.1324815],[71.4886413,51.1324979]]]},"properties":{"OBJECTID":2336,"kind":"park","name":"Озеленение","source":"Astana municipal open geoportal","source_url":"https://gis.esaulet.kz/server/rest/services/Sloi_geoportala_otkrytiy_kontur_0702/MapServer/26","sourceId":"astana-municipal-green"}},{"type":"Feature","id":"municipal-green-2337","geometry":{"type":"Polygon","coordinates":[[[71.4893136,51.1326917],[71.4893024,51.1327069],[71.4891857,51.1326746],[71.4891443,51.1326435],[71.4893136,51.1326917]]]},"properties":{"OBJECTID":2337,"kind":"park","name":"Озеленение","source":"Astana municipal open geoportal","source_url":"https://gis.esaulet.kz/server/rest/services/Sloi_geoportala_otkrytiy_kontur_0702/MapServer/26","sourceId":"astana-municipal-green"}},{"type":"Feature","id":"municipal-green-2338","geometry":{"type":"Polygon","coordinates":[[[71.4895752,51.1327649],[71.4895646,51.1327802],[71.4893934,51.1327327],[71.4894045,51.1327168],[71.4895752,51.1327649]]]},"properties":{"OBJECTID":2338,"kind":"park","name":"Озеленение","source":"Astana municipal open geoportal","source_url":"https://gis.esaulet.kz/server/rest/services/Sloi_geoportala_otkrytiy_kontur_0702/MapServer/26","sourceId":"astana-municipal-green"}},{"type":"Feature","id":"municipal-green-2339","geometry":{"type":"Polygon","coordinates":[[[71.4898619,51.1328458],[71.4898511,51.1328612],[71.4896496,51.1328049],[71.4896612,51.1327896],[71.4898619,51.1328458]]]},"properties":{"OBJECTID":2339,"kind":"park","name":"Озеленение","source":"Astana municipal open geoportal","source_url":"https://gis.esaulet.kz/server/rest/services/Sloi_geoportala_otkrytiy_kontur_0702/MapServer/26","sourceId":"astana-municipal-green"}},{"type":"Feature","id":"municipal-green-2340","geometry":{"type":"Polygon","coordinates":[[[71.4890997,51.1555442],[71.4889737,51.1554134],[71.4890104,51.1553996],[71.4891355,51.155531],[71.4890997,51.1555442]]]},"properties":{"OBJECTID":2340,"kind":"park","name":"Озеленение","source":"Astana municipal open geoportal","source_url":"https://gis.esaulet.kz/server/rest/services/Sloi_geoportala_otkrytiy_kontur_0702/MapServer/26","sourceId":"astana-municipal-green"}},{"type":"Feature","id":"municipal-green-2341","geometry":{"type":"Polygon","coordinates":[[[71.4556454,51.1202491],[71.4555705,51.1202778],[71.4554396,51.1202289],[71.4556221,51.1200486],[71.4557101,51.1200838],[71.4557379,51.1201224],[71.4556454,51.1202491]]]},"properties":{"OBJECTID":2341,"kind":"park","name":"Озеленение","source":"Astana municipal open geoportal","source_url":"https://gis.esaulet.kz/server/rest/services/Sloi_geoportala_otkrytiy_kontur_0702/MapServer/26","sourceId":"astana-municipal-green"}},{"type":"Feature","id":"municipal-green-2342","geometry":{"type":"Polygon","coordinates":[[[71.4789869,51.1254829],[71.4789966,51.1255637],[71.4788945,51.1255988],[71.4788842,51.1255728],[71.4789624,51.1255461],[71.4789453,51.1254894],[71.4789869,51.1254829]]]},"properties":{"OBJECTID":2342,"kind":"park","name":"Озеленение","source":"Astana municipal open geoportal","source_url":"https://gis.esaulet.kz/server/rest/services/Sloi_geoportala_otkrytiy_kontur_0702/MapServer/26","sourceId":"astana-municipal-green"}},{"type":"Feature","id":"municipal-green-2343","geometry":{"type":"Polygon","coordinates":[[[71.4889515,51.1553895],[71.488833,51.1552667],[71.4888817,51.1552668],[71.4889874,51.1553763],[71.4889515,51.1553895]]]},"properties":{"OBJECTID":2343,"kind":"park","name":"Озеленение","source":"Astana municipal open geoportal","source_url":"https://gis.esaulet.kz/server/rest/services/Sloi_geoportala_otkrytiy_kontur_0702/MapServer/26","sourceId":"astana-municipal-green"}},{"type":"Feature","id":"municipal-green-2344","geometry":{"type":"Polygon","coordinates":[[[71.4889474,51.1554642],[71.488871,51.1554942],[71.4887367,51.1553491],[71.4885487,51.1554138],[71.4887007,51.155311],[71.4887246,51.1553363],[71.4887859,51.155297],[71.4889474,51.1554642]]]},"properties":{"OBJECTID":2344,"kind":"park","name":"Озеленение","source":"Astana municipal open geoportal","source_url":"https://gis.esaulet.kz/server/rest/services/Sloi_geoportala_otkrytiy_kontur_0702/MapServer/26","sourceId":"astana-municipal-green"}},{"type":"Feature","id":"municipal-green-2346","geometry":{"type":"Polygon","coordinates":[[[71.3866469,51.1663275],[71.3866431,51.1665147],[71.3865787,51.1665142],[71.3865868,51.1664475],[71.3866369,51.1664421],[71.3866372,51.1664206],[71.3865876,51.1663952],[71.3865885,51.1663313],[71.3866469,51.1663275]]]},"properties":{"OBJECTID":2346,"kind":"park","name":"Озеленение","source":"Astana municipal open geoportal","source_url":"https://gis.esaulet.kz/server/rest/services/Sloi_geoportala_otkrytiy_kontur_0702/MapServer/26","sourceId":"astana-municipal-green"}},{"type":"Feature","id":"municipal-green-2347","geometry":{"type":"Polygon","coordinates":[[[71.3870887,51.1670969],[71.3871024,51.1671599],[71.3870551,51.1671668],[71.3870549,51.1671875],[71.3870863,51.1671877],[71.3871013,51.1672488],[71.3870968,51.1672662],[71.3870456,51.167266],[71.387048,51.1671103],[71.3870887,51.1670969]]]},"properties":{"OBJECTID":2347,"kind":"park","name":"Озеленение","source":"Astana municipal open geoportal","source_url":"https://gis.esaulet.kz/server/rest/services/Sloi_geoportala_otkrytiy_kontur_0702/MapServer/26","sourceId":"astana-municipal-green"}},{"type":"Feature","id":"municipal-green-2348","geometry":{"type":"Polygon","coordinates":[[[71.387082,51.1674267],[71.3870441,51.1674266],[71.3870443,51.1673291],[71.3871007,51.167327],[71.387082,51.1674267]]]},"properties":{"OBJECTID":2348,"kind":"park","name":"Озеленение","source":"Astana municipal open geoportal","source_url":"https://gis.esaulet.kz/server/rest/services/Sloi_geoportala_otkrytiy_kontur_0702/MapServer/26","sourceId":"astana-municipal-green"}},{"type":"Feature","id":"municipal-green-2349","geometry":{"type":"Polygon","coordinates":[[[71.3873971,51.1670687],[71.3873925,51.1673843],[71.3873312,51.1673796],[71.3873156,51.167374],[71.3873186,51.1670977],[71.3873346,51.1670716],[71.3873971,51.1670687]]]},"properties":{"OBJECTID":2349,"kind":"park","name":"Озеленение","source":"Astana municipal open geoportal","source_url":"https://gis.esaulet.kz/server/rest/services/Sloi_geoportala_otkrytiy_kontur_0702/MapServer/26","sourceId":"astana-municipal-green"}},{"type":"Feature","id":"municipal-green-2350","geometry":{"type":"Polygon","coordinates":[[[71.3874238,51.1674867],[71.3874289,51.167024],[71.3874804,51.167024],[71.3874747,51.1674596],[71.3875977,51.1674601],[71.3876074,51.1668099],[71.3875621,51.1668096],[71.3875625,51.1667839],[71.3876596,51.1667844],[71.3876496,51.1674871],[71.3874238,51.1674867]]]},"properties":{"OBJECTID":2350,"kind":"park","name":"Озеленение","source":"Astana municipal open geoportal","source_url":"https://gis.esaulet.kz/server/rest/services/Sloi_geoportala_otkrytiy_kontur_0702/MapServer/26","sourceId":"astana-municipal-green"}},{"type":"Feature","id":"municipal-green-2351","geometry":{"type":"Polygon","coordinates":[[[71.3879813,51.166999],[71.3880407,51.1669993],[71.3880388,51.1671045],[71.3879957,51.1671042],[71.3879813,51.166999]]]},"properties":{"OBJECTID":2351,"kind":"park","name":"Озеленение","source":"Astana municipal open geoportal","source_url":"https://gis.esaulet.kz/server/rest/services/Sloi_geoportala_otkrytiy_kontur_0702/MapServer/26","sourceId":"astana-municipal-green"}},{"type":"Feature","id":"municipal-green-2352","geometry":{"type":"Polygon","coordinates":[[[71.4337097,51.113851],[71.4339415,51.1145018],[71.4339437,51.1145846],[71.4336543,51.1137774],[71.4337097,51.113851]]]},"properties":{"OBJECTID":2352,"kind":"park","name":"Озеленение","source":"Astana municipal open geoportal","source_url":"https://gis.esaulet.kz/server/rest/services/Sloi_geoportala_otkrytiy_kontur_0702/MapServer/26","sourceId":"astana-municipal-green"}},{"type":"Feature","id":"municipal-green-2353","geometry":{"type":"Polygon","coordinates":[[[71.3982796,51.0897596],[71.3982538,51.0898041],[71.3981072,51.0893994],[71.398148,51.0893936],[71.3982796,51.0897596]]]},"properties":{"OBJECTID":2353,"kind":"park","name":"Озеленение","source":"Astana municipal open geoportal","source_url":"https://gis.esaulet.kz/server/rest/services/Sloi_geoportala_otkrytiy_kontur_0702/MapServer/26","sourceId":"astana-municipal-green"}},{"type":"Feature","id":"municipal-green-2354","geometry":{"type":"Polygon","coordinates":[[[71.3973814,51.0898912],[71.3973534,51.089932],[71.3972122,51.0895281],[71.397248,51.0895228],[71.3973814,51.0898912]]]},"properties":{"OBJECTID":2354,"kind":"park","name":"Озеленение","source":"Astana municipal open geoportal","source_url":"https://gis.esaulet.kz/server/rest/services/Sloi_geoportala_otkrytiy_kontur_0702/MapServer/26","sourceId":"astana-municipal-green"}},{"type":"Feature","id":"municipal-green-2355","geometry":{"type":"Polygon","coordinates":[[[71.3975251,51.0899472],[71.3976337,51.0902388],[71.3975897,51.0902455],[71.3973258,51.0895112],[71.3973694,51.089505],[71.3975251,51.0899472]]]},"properties":{"OBJECTID":2355,"kind":"park","name":"Озеленение","source":"Astana municipal open geoportal","source_url":"https://gis.esaulet.kz/server/rest/services/Sloi_geoportala_otkrytiy_kontur_0702/MapServer/26","sourceId":"astana-municipal-green"}},{"type":"Feature","id":"municipal-green-2356","geometry":{"type":"Polygon","coordinates":[[[71.4607802,51.1633943],[71.4607519,51.1633582],[71.4606902,51.1633765],[71.4605027,51.163182],[71.4605899,51.1631548],[71.4607504,51.1633562],[71.4607679,51.1633508],[71.4605409,51.1630557],[71.4606703,51.1630162],[71.4609307,51.1633468],[71.4607802,51.1633943]]]},"properties":{"OBJECTID":2356,"kind":"park","name":"Озеленение","source":"Astana municipal open geoportal","source_url":"https://gis.esaulet.kz/server/rest/services/Sloi_geoportala_otkrytiy_kontur_0702/MapServer/26","sourceId":"astana-municipal-green"}},{"type":"Feature","id":"municipal-green-2357","geometry":{"type":"Polygon","coordinates":[[[71.4282211,51.1362318],[71.4281605,51.1362421],[71.4281389,51.1361917],[71.4281683,51.1361867],[71.4281843,51.1362231],[71.4282211,51.1362318]]]},"properties":{"OBJECTID":2357,"kind":"park","name":"Озеленение","source":"Astana municipal open geoportal","source_url":"https://gis.esaulet.kz/server/rest/services/Sloi_geoportala_otkrytiy_kontur_0702/MapServer/26","sourceId":"astana-municipal-green"}},{"type":"Feature","id":"municipal-green-2358","geometry":{"type":"Polygon","coordinates":[[[71.4286296,51.1365468],[71.4285903,51.1365853],[71.4284412,51.1366102],[71.428433,51.1365912],[71.4285907,51.1365644],[71.4285743,51.1365266],[71.4286178,51.1365192],[71.4286296,51.1365468]]]},"properties":{"OBJECTID":2358,"kind":"park","name":"Озеленение","source":"Astana municipal open geoportal","source_url":"https://gis.esaulet.kz/server/rest/services/Sloi_geoportala_otkrytiy_kontur_0702/MapServer/26","sourceId":"astana-municipal-green"}},{"type":"Feature","id":"municipal-green-2360","geometry":{"type":"Polygon","coordinates":[[[71.4275602,51.0963714],[71.4276357,51.096461],[71.4275881,51.0964704],[71.4275602,51.0963714]]]},"properties":{"OBJECTID":2360,"kind":"park","name":"Озеленение","source":"Astana municipal open geoportal","source_url":"https://gis.esaulet.kz/server/rest/services/Sloi_geoportala_otkrytiy_kontur_0702/MapServer/26","sourceId":"astana-municipal-green"}},{"type":"Feature","id":"municipal-green-2361","geometry":{"type":"Polygon","coordinates":[[[71.4401769,51.1256734],[71.4402051,51.1261895],[71.4400927,51.1262072],[71.4400719,51.1256729],[71.4401769,51.1256734]]]},"properties":{"OBJECTID":2361,"kind":"park","name":"Озеленение","source":"Astana municipal open geoportal","source_url":"https://gis.esaulet.kz/server/rest/services/Sloi_geoportala_otkrytiy_kontur_0702/MapServer/26","sourceId":"astana-municipal-green"}},{"type":"Feature","id":"municipal-green-2362","geometry":{"type":"Polygon","coordinates":[[[71.4401609,51.1246648],[71.4401408,51.1247199],[71.4399939,51.1246662],[71.4397697,51.1246564],[71.439782,51.1246257],[71.4401609,51.1246648]]]},"properties":{"OBJECTID":2362,"kind":"park","name":"Озеленение","source":"Astana municipal open geoportal","source_url":"https://gis.esaulet.kz/server/rest/services/Sloi_geoportala_otkrytiy_kontur_0702/MapServer/26","sourceId":"astana-municipal-green"}},{"type":"Feature","id":"municipal-green-2363","geometry":{"type":"Polygon","coordinates":[[[71.4786752,51.0954951],[71.4787701,51.0955058],[71.4788068,51.0955503],[71.4786026,51.0955321],[71.4786752,51.0954951]]]},"properties":{"OBJECTID":2363,"kind":"park","name":"Озеленение","source":"Astana municipal open geoportal","source_url":"https://gis.esaulet.kz/server/rest/services/Sloi_geoportala_otkrytiy_kontur_0702/MapServer/26","sourceId":"astana-municipal-green"}},{"type":"Feature","id":"municipal-green-2364","geometry":{"type":"Polygon","coordinates":[[[71.3876868,51.1670605],[71.3876888,51.1667846],[71.3879856,51.1667859],[71.3880381,51.1668116],[71.3880414,51.1669367],[71.387987,51.1669406],[71.3879829,51.1668919],[71.3880341,51.1668685],[71.3880344,51.1668474],[71.3879837,51.1668354],[71.3879842,51.1668002],[71.3877696,51.1667989],[71.3877659,51.167046],[71.3876868,51.1670605]]]},"properties":{"OBJECTID":2364,"kind":"park","name":"Озеленение","source":"Astana municipal open geoportal","source_url":"https://gis.esaulet.kz/server/rest/services/Sloi_geoportala_otkrytiy_kontur_0702/MapServer/26","sourceId":"astana-municipal-green"}},{"type":"Feature","id":"municipal-green-2365","geometry":{"type":"Polygon","coordinates":[[[71.3880339,51.167445],[71.3879698,51.1674877],[71.3876791,51.1674875],[71.3876814,51.1673988],[71.3877433,51.1674038],[71.3877597,51.1674655],[71.3879744,51.1674668],[71.3879747,51.1674446],[71.3880339,51.167445]]]},"properties":{"OBJECTID":2365,"kind":"park","name":"Озеленение","source":"Astana municipal open geoportal","source_url":"https://gis.esaulet.kz/server/rest/services/Sloi_geoportala_otkrytiy_kontur_0702/MapServer/26","sourceId":"astana-municipal-green"}},{"type":"Feature","id":"municipal-green-2366","geometry":{"type":"Polygon","coordinates":[[[71.3880444,51.1676271],[71.3879876,51.1676603],[71.3879881,51.167618],[71.3880444,51.1676271]]]},"properties":{"OBJECTID":2366,"kind":"park","name":"Озеленение","source":"Astana municipal open geoportal","source_url":"https://gis.esaulet.kz/server/rest/services/Sloi_geoportala_otkrytiy_kontur_0702/MapServer/26","sourceId":"astana-municipal-green"}},{"type":"Feature","id":"municipal-green-2367","geometry":{"type":"Polygon","coordinates":[[[71.3870873,51.1679422],[71.3870347,51.1679213],[71.3870144,51.1678841],[71.3870886,51.1678842],[71.3870873,51.1679422]]]},"properties":{"OBJECTID":2367,"kind":"park","name":"Озеленение","source":"Astana municipal open geoportal","source_url":"https://gis.esaulet.kz/server/rest/services/Sloi_geoportala_otkrytiy_kontur_0702/MapServer/26","sourceId":"astana-municipal-green"}},{"type":"Feature","id":"municipal-green-2368","geometry":{"type":"Polygon","coordinates":[[[71.4778475,51.0955458],[71.4778058,51.0955768],[71.4778336,51.0956128],[71.4778072,51.0957239],[71.4777354,51.0957183],[71.4778009,51.0954221],[71.4782588,51.0954596],[71.4783401,51.0955616],[71.4783327,51.0955908],[71.4780529,51.0955666],[71.478071,51.095487],[71.4778635,51.0954692],[71.4778475,51.0955458]]]},"properties":{"OBJECTID":2368,"kind":"park","name":"Озеленение","source":"Astana municipal open geoportal","source_url":"https://gis.esaulet.kz/server/rest/services/Sloi_geoportala_otkrytiy_kontur_0702/MapServer/26","sourceId":"astana-municipal-green"}},{"type":"Feature","id":"municipal-green-2369","geometry":{"type":"Polygon","coordinates":[[[71.4262696,51.1304803],[71.4262291,51.1304119],[71.4261794,51.1304096],[71.4261718,51.13038],[71.4262269,51.1303648],[71.4262696,51.1304803]]]},"properties":{"OBJECTID":2369,"kind":"park","name":"Озеленение","source":"Astana municipal open geoportal","source_url":"https://gis.esaulet.kz/server/rest/services/Sloi_geoportala_otkrytiy_kontur_0702/MapServer/26","sourceId":"astana-municipal-green"}},{"type":"Feature","id":"municipal-green-2370","geometry":{"type":"Polygon","coordinates":[[[71.4263088,51.1305747],[71.4262794,51.1305957],[71.4262346,51.1305813],[71.4262835,51.1305519],[71.4262675,51.1305076],[71.4263088,51.1305747]]]},"properties":{"OBJECTID":2370,"kind":"park","name":"Озеленение","source":"Astana municipal open geoportal","source_url":"https://gis.esaulet.kz/server/rest/services/Sloi_geoportala_otkrytiy_kontur_0702/MapServer/26","sourceId":"astana-municipal-green"}},{"type":"Feature","id":"municipal-green-2371","geometry":{"type":"Polygon","coordinates":[[[71.4257208,51.1165888],[71.425398,51.1166353],[71.4253904,51.1166113],[71.4257114,51.1165658],[71.4257208,51.1165888]]]},"properties":{"OBJECTID":2371,"kind":"park","name":"Озеленение","source":"Astana municipal open geoportal","source_url":"https://gis.esaulet.kz/server/rest/services/Sloi_geoportala_otkrytiy_kontur_0702/MapServer/26","sourceId":"astana-municipal-green"}},{"type":"Feature","id":"municipal-green-2372","geometry":{"type":"Polygon","coordinates":[[[71.433642,51.1154637],[71.4333075,51.1155111],[71.4332773,51.1154497],[71.4336152,51.1153907],[71.433642,51.1154637]]]},"properties":{"OBJECTID":2372,"kind":"park","name":"Озеленение","source":"Astana municipal open geoportal","source_url":"https://gis.esaulet.kz/server/rest/services/Sloi_geoportala_otkrytiy_kontur_0702/MapServer/26","sourceId":"astana-municipal-green"}},{"type":"Feature","id":"municipal-green-2373","geometry":{"type":"Polygon","coordinates":[[[71.4332669,51.1155028],[71.4332616,51.1155174],[71.4330844,51.1155298],[71.4332669,51.1155028]]]},"properties":{"OBJECTID":2373,"kind":"park","name":"Озеленение","source":"Astana municipal open geoportal","source_url":"https://gis.esaulet.kz/server/rest/services/Sloi_geoportala_otkrytiy_kontur_0702/MapServer/26","sourceId":"astana-municipal-green"}},{"type":"Feature","id":"municipal-green-2374","geometry":{"type":"Polygon","coordinates":[[[71.3997632,51.0887671],[71.3997617,51.0888054],[71.3997155,51.0888286],[71.3996228,51.0887899],[71.3997632,51.0887671]]]},"properties":{"OBJECTID":2374,"kind":"park","name":"Озеленение","source":"Astana municipal open geoportal","source_url":"https://gis.esaulet.kz/server/rest/services/Sloi_geoportala_otkrytiy_kontur_0702/MapServer/26","sourceId":"astana-municipal-green"}},{"type":"Feature","id":"municipal-green-2375","geometry":{"type":"Polygon","coordinates":[[[71.3875853,51.1682419],[71.3875892,51.1680367],[71.3874749,51.1680363],[71.3874714,51.1682423],[71.3874129,51.168242],[71.3874162,51.1680081],[71.387647,51.1680093],[71.3876442,51.1682422],[71.3875853,51.1682419]]]},"properties":{"OBJECTID":2375,"kind":"park","name":"Озеленение","source":"Astana municipal open geoportal","source_url":"https://gis.esaulet.kz/server/rest/services/Sloi_geoportala_otkrytiy_kontur_0702/MapServer/26","sourceId":"astana-municipal-green"}},{"type":"Feature","id":"municipal-green-2376","geometry":{"type":"Polygon","coordinates":[[[71.3880248,51.1685725],[71.3880246,51.1686481],[71.3879856,51.1686412],[71.3879667,51.1685711],[71.3880248,51.1685725]]]},"properties":{"OBJECTID":2376,"kind":"park","name":"Озеленение","source":"Astana municipal open geoportal","source_url":"https://gis.esaulet.kz/server/rest/services/Sloi_geoportala_otkrytiy_kontur_0702/MapServer/26","sourceId":"astana-municipal-green"}},{"type":"Feature","id":"municipal-green-2377","geometry":{"type":"Polygon","coordinates":[[[71.4834279,51.160913],[71.4836765,51.160817],[71.4836863,51.160828],[71.4834279,51.160913]]]},"properties":{"OBJECTID":2377,"kind":"park","name":"Озеленение","source":"Astana municipal open geoportal","source_url":"https://gis.esaulet.kz/server/rest/services/Sloi_geoportala_otkrytiy_kontur_0702/MapServer/26","sourceId":"astana-municipal-green"}},{"type":"Feature","id":"municipal-green-2378","geometry":{"type":"Polygon","coordinates":[[[71.4300784,51.0910506],[71.4301003,51.0910747],[71.4299526,51.0911069],[71.4298773,51.0911749],[71.4298725,51.0912273],[71.4299314,51.091394],[71.4298689,51.0913368],[71.4298293,51.0912247],[71.429837,51.0911662],[71.4299242,51.0910857],[71.4300784,51.0910506]]]},"properties":{"OBJECTID":2378,"kind":"park","name":"Озеленение","source":"Astana municipal open geoportal","source_url":"https://gis.esaulet.kz/server/rest/services/Sloi_geoportala_otkrytiy_kontur_0702/MapServer/26","sourceId":"astana-municipal-green"}},{"type":"Feature","id":"municipal-green-2379","geometry":{"type":"Polygon","coordinates":[[[71.4312648,51.0933329],[71.4313015,51.0933672],[71.4312681,51.0933721],[71.4312648,51.0933329]]]},"properties":{"OBJECTID":2379,"kind":"park","name":"Озеленение","source":"Astana municipal open geoportal","source_url":"https://gis.esaulet.kz/server/rest/services/Sloi_geoportala_otkrytiy_kontur_0702/MapServer/26","sourceId":"astana-municipal-green"}},{"type":"Feature","id":"municipal-green-2380","geometry":{"type":"Polygon","coordinates":[[[71.4312209,51.0941206],[71.4311565,51.0941665],[71.4311418,51.0941302],[71.4312209,51.0941206]]]},"properties":{"OBJECTID":2380,"kind":"park","name":"Озеленение","source":"Astana municipal open geoportal","source_url":"https://gis.esaulet.kz/server/rest/services/Sloi_geoportala_otkrytiy_kontur_0702/MapServer/26","sourceId":"astana-municipal-green"}},{"type":"Feature","id":"municipal-green-2381","geometry":{"type":"Polygon","coordinates":[[[71.4330128,51.0922454],[71.4329827,51.0922764],[71.4327032,51.0921587],[71.4327375,51.0921287],[71.4330128,51.0922454]]]},"properties":{"OBJECTID":2381,"kind":"park","name":"Озеленение","source":"Astana municipal open geoportal","source_url":"https://gis.esaulet.kz/server/rest/services/Sloi_geoportala_otkrytiy_kontur_0702/MapServer/26","sourceId":"astana-municipal-green"}},{"type":"Feature","id":"municipal-green-2382","geometry":{"type":"Polygon","coordinates":[[[71.4314581,51.0910161],[71.4315093,51.0911069],[71.4314589,51.0911192],[71.4313672,51.0909405],[71.4313797,51.0909019],[71.4314042,51.0908984],[71.4314581,51.0910161]]]},"properties":{"OBJECTID":2382,"kind":"park","name":"Озеленение","source":"Astana municipal open geoportal","source_url":"https://gis.esaulet.kz/server/rest/services/Sloi_geoportala_otkrytiy_kontur_0702/MapServer/26","sourceId":"astana-municipal-green"}},{"type":"Feature","id":"municipal-green-2383","geometry":{"type":"Polygon","coordinates":[[[71.4440353,51.1110889],[71.4440609,51.1111201],[71.4440051,51.1111215],[71.4440037,51.1110991],[71.4440353,51.1110889]]]},"properties":{"OBJECTID":2383,"kind":"park","name":"Озеленение","source":"Astana municipal open geoportal","source_url":"https://gis.esaulet.kz/server/rest/services/Sloi_geoportala_otkrytiy_kontur_0702/MapServer/26","sourceId":"astana-municipal-green"}},{"type":"Feature","id":"municipal-green-2384","geometry":{"type":"Polygon","coordinates":[[[71.444185,51.111659],[71.4441596,51.1116776],[71.4441295,51.1116613],[71.4441549,51.1116427],[71.444185,51.111659]]]},"properties":{"OBJECTID":2384,"kind":"park","name":"Озеленение","source":"Astana municipal open geoportal","source_url":"https://gis.esaulet.kz/server/rest/services/Sloi_geoportala_otkrytiy_kontur_0702/MapServer/26","sourceId":"astana-municipal-green"}},{"type":"Feature","id":"municipal-green-2385","geometry":{"type":"Polygon","coordinates":[[[71.4441286,51.1117004],[71.4440155,51.1117849],[71.4439856,51.1117691],[71.4440987,51.1116845],[71.4441286,51.1117004]]]},"properties":{"OBJECTID":2385,"kind":"park","name":"Озеленение","source":"Astana municipal open geoportal","source_url":"https://gis.esaulet.kz/server/rest/services/Sloi_geoportala_otkrytiy_kontur_0702/MapServer/26","sourceId":"astana-municipal-green"}},{"type":"Feature","id":"municipal-green-2386","geometry":{"type":"Polygon","coordinates":[[[71.4438495,51.1119067],[71.4438249,51.1119246],[71.443795,51.1119083],[71.4438196,51.1118904],[71.4438495,51.1119067]]]},"properties":{"OBJECTID":2386,"kind":"park","name":"Озеленение","source":"Astana municipal open geoportal","source_url":"https://gis.esaulet.kz/server/rest/services/Sloi_geoportala_otkrytiy_kontur_0702/MapServer/26","sourceId":"astana-municipal-green"}},{"type":"Feature","id":"municipal-green-2387","geometry":{"type":"Polygon","coordinates":[[[71.4437933,51.1119475],[71.4437688,51.1119652],[71.4437378,51.1119482],[71.4437622,51.1119305],[71.4437933,51.1119475]]]},"properties":{"OBJECTID":2387,"kind":"park","name":"Озеленение","source":"Astana municipal open geoportal","source_url":"https://gis.esaulet.kz/server/rest/services/Sloi_geoportala_otkrytiy_kontur_0702/MapServer/26","sourceId":"astana-municipal-green"}},{"type":"Feature","id":"municipal-green-2388","geometry":{"type":"Polygon","coordinates":[[[71.4412984,51.1131319],[71.44125,51.1131194],[71.4412829,51.1131138],[71.4412984,51.1131319]]]},"properties":{"OBJECTID":2388,"kind":"park","name":"Озеленение","source":"Astana municipal open geoportal","source_url":"https://gis.esaulet.kz/server/rest/services/Sloi_geoportala_otkrytiy_kontur_0702/MapServer/26","sourceId":"astana-municipal-green"}},{"type":"Feature","id":"municipal-green-2389","geometry":{"type":"Polygon","coordinates":[[[71.4411961,51.1131058],[71.4411457,51.1130917],[71.4411775,51.1130872],[71.4411961,51.1131058]]]},"properties":{"OBJECTID":2389,"kind":"park","name":"Озеленение","source":"Astana municipal open geoportal","source_url":"https://gis.esaulet.kz/server/rest/services/Sloi_geoportala_otkrytiy_kontur_0702/MapServer/26","sourceId":"astana-municipal-green"}},{"type":"Feature","id":"municipal-green-2390","geometry":{"type":"Polygon","coordinates":[[[71.4410886,51.1130765],[71.4410438,51.1130651],[71.4410741,51.1130598],[71.4410886,51.1130765]]]},"properties":{"OBJECTID":2390,"kind":"park","name":"Озеленение","source":"Astana municipal open geoportal","source_url":"https://gis.esaulet.kz/server/rest/services/Sloi_geoportala_otkrytiy_kontur_0702/MapServer/26","sourceId":"astana-municipal-green"}},{"type":"Feature","id":"municipal-green-2391","geometry":{"type":"Polygon","coordinates":[[[71.4409872,51.1130497],[71.4409424,51.1130384],[71.4409726,51.1130331],[71.4409872,51.1130497]]]},"properties":{"OBJECTID":2391,"kind":"park","name":"Озеленение","source":"Astana municipal open geoportal","source_url":"https://gis.esaulet.kz/server/rest/services/Sloi_geoportala_otkrytiy_kontur_0702/MapServer/26","sourceId":"astana-municipal-green"}},{"type":"Feature","id":"municipal-green-2393","geometry":{"type":"Polygon","coordinates":[[[71.4408807,51.113021],[71.4408468,51.1130253],[71.4408265,51.113009],[71.4408807,51.113021]]]},"properties":{"OBJECTID":2393,"kind":"park","name":"Озеленение","source":"Astana municipal open geoportal","source_url":"https://gis.esaulet.kz/server/rest/services/Sloi_geoportala_otkrytiy_kontur_0702/MapServer/26","sourceId":"astana-municipal-green"}},{"type":"Feature","id":"municipal-green-2394","geometry":{"type":"Polygon","coordinates":[[[71.4408118,51.1129563],[71.4407619,51.1129428],[71.4407945,51.1129336],[71.4408118,51.1129563]]]},"properties":{"OBJECTID":2394,"kind":"park","name":"Озеленение","source":"Astana municipal open geoportal","source_url":"https://gis.esaulet.kz/server/rest/services/Sloi_geoportala_otkrytiy_kontur_0702/MapServer/26","sourceId":"astana-municipal-green"}},{"type":"Feature","id":"municipal-green-2395","geometry":{"type":"Polygon","coordinates":[[[71.4405414,51.1129794],[71.4404967,51.1129681],[71.4405269,51.1129628],[71.4405414,51.1129794]]]},"properties":{"OBJECTID":2395,"kind":"park","name":"Озеленение","source":"Astana municipal open geoportal","source_url":"https://gis.esaulet.kz/server/rest/services/Sloi_geoportala_otkrytiy_kontur_0702/MapServer/26","sourceId":"astana-municipal-green"}},{"type":"Feature","id":"municipal-green-2396","geometry":{"type":"Polygon","coordinates":[[[71.4405937,51.1129453],[71.440549,51.112934],[71.4405792,51.1129287],[71.4405937,51.1129453]]]},"properties":{"OBJECTID":2396,"kind":"park","name":"Озеленение","source":"Astana municipal open geoportal","source_url":"https://gis.esaulet.kz/server/rest/services/Sloi_geoportala_otkrytiy_kontur_0702/MapServer/26","sourceId":"astana-municipal-green"}},{"type":"Feature","id":"municipal-green-2397","geometry":{"type":"Polygon","coordinates":[[[71.4891135,51.1550178],[71.4892853,51.1551745],[71.4892691,51.1551806],[71.4895056,51.1554051],[71.4894894,51.1554112],[71.4896799,51.1556106],[71.4897136,51.1556228],[71.4896673,51.1556408],[71.489735,51.1557105],[71.4896618,51.1557391],[71.4890111,51.1550568],[71.4891135,51.1550178]]]},"properties":{"OBJECTID":2397,"kind":"park","name":"Озеленение","source":"Astana municipal open geoportal","source_url":"https://gis.esaulet.kz/server/rest/services/Sloi_geoportala_otkrytiy_kontur_0702/MapServer/26","sourceId":"astana-municipal-green"}},{"type":"Feature","id":"municipal-green-2398","geometry":{"type":"Polygon","coordinates":[[[71.4898207,51.1558263],[71.4898429,51.1558503],[71.4897719,51.1558551],[71.489679,51.1557566],[71.4897362,51.1557351],[71.4898207,51.1558263]]]},"properties":{"OBJECTID":2398,"kind":"park","name":"Озеленение","source":"Astana municipal open geoportal","source_url":"https://gis.esaulet.kz/server/rest/services/Sloi_geoportala_otkrytiy_kontur_0702/MapServer/26","sourceId":"astana-municipal-green"}},{"type":"Feature","id":"municipal-green-2411","geometry":{"type":"Polygon","coordinates":[[[71.43278,51.1123331],[71.4327258,51.112257],[71.4325007,51.1116343],[71.4324932,51.1115337],[71.43278,51.1123331]]]},"properties":{"OBJECTID":2411,"kind":"park","name":"Озеленение","source":"Astana municipal open geoportal","source_url":"https://gis.esaulet.kz/server/rest/services/Sloi_geoportala_otkrytiy_kontur_0702/MapServer/26","sourceId":"astana-municipal-green"}},{"type":"Feature","id":"municipal-green-2412","geometry":{"type":"Polygon","coordinates":[[[71.4248663,51.1671342],[71.4248103,51.1673215],[71.4247608,51.1673156],[71.4247646,51.1672551],[71.4248108,51.1672606],[71.4248178,51.1672373],[71.4247776,51.1672325],[71.424792,51.1671721],[71.4248191,51.1671285],[71.4248663,51.1671342]]]},"properties":{"OBJECTID":2412,"kind":"park","name":"Озеленение","source":"Astana municipal open geoportal","source_url":"https://gis.esaulet.kz/server/rest/services/Sloi_geoportala_otkrytiy_kontur_0702/MapServer/26","sourceId":"astana-municipal-green"}},{"type":"Feature","id":"municipal-green-2413","geometry":{"type":"Polygon","coordinates":[[[71.4223919,51.1311016],[71.4224123,51.1310827],[71.4224967,51.1312946],[71.4224671,51.1312994],[71.4223919,51.1311016]]]},"properties":{"OBJECTID":2413,"kind":"park","name":"Озеленение","source":"Astana municipal open geoportal","source_url":"https://gis.esaulet.kz/server/rest/services/Sloi_geoportala_otkrytiy_kontur_0702/MapServer/26","sourceId":"astana-municipal-green"}},{"type":"Feature","id":"municipal-green-2414","geometry":{"type":"Polygon","coordinates":[[[71.4764472,51.1243758],[71.4763278,51.1243885],[71.4762824,51.1243418],[71.4763123,51.1243123],[71.4764146,51.124295],[71.4764472,51.1243758]]]},"properties":{"OBJECTID":2414,"kind":"park","name":"Озеленение","source":"Astana municipal open geoportal","source_url":"https://gis.esaulet.kz/server/rest/services/Sloi_geoportala_otkrytiy_kontur_0702/MapServer/26","sourceId":"astana-municipal-green"}},{"type":"Feature","id":"municipal-green-2415","geometry":{"type":"Polygon","coordinates":[[[71.4885146,51.1548804],[71.4887227,51.1550868],[71.4887437,51.1551619],[71.4887211,51.155209],[71.4884241,51.1554266],[71.4883878,51.1553904],[71.4884492,51.1553669],[71.4879391,51.1548383],[71.4880747,51.1547883],[71.4885146,51.1548804]]]},"properties":{"OBJECTID":2415,"kind":"park","name":"Озеленение","source":"Astana municipal open geoportal","source_url":"https://gis.esaulet.kz/server/rest/services/Sloi_geoportala_otkrytiy_kontur_0702/MapServer/26","sourceId":"astana-municipal-green"}},{"type":"Feature","id":"municipal-green-2416","geometry":{"type":"Polygon","coordinates":[[[71.3883345,51.1675618],[71.3882116,51.1675857],[71.3881707,51.1675319],[71.3882059,51.1674955],[71.3882784,51.1674874],[71.3883368,51.1675211],[71.3883345,51.1675618]]]},"properties":{"OBJECTID":2416,"kind":"park","name":"Озеленение","source":"Astana municipal open geoportal","source_url":"https://gis.esaulet.kz/server/rest/services/Sloi_geoportala_otkrytiy_kontur_0702/MapServer/26","sourceId":"astana-municipal-green"}},{"type":"Feature","id":"municipal-green-2417","geometry":{"type":"Polygon","coordinates":[[[71.3874803,51.1670105],[71.3874296,51.1670102],[71.3874327,51.1667833],[71.3875307,51.1667837],[71.3875302,51.1668095],[71.3874837,51.1668094],[71.3874803,51.1670105]]]},"properties":{"OBJECTID":2417,"kind":"park","name":"Озеленение","source":"Astana municipal open geoportal","source_url":"https://gis.esaulet.kz/server/rest/services/Sloi_geoportala_otkrytiy_kontur_0702/MapServer/26","sourceId":"astana-municipal-green"}},{"type":"Feature","id":"municipal-green-2418","geometry":{"type":"Polygon","coordinates":[[[71.3984138,51.0897801],[71.3983582,51.0897478],[71.398225,51.0893824],[71.3982682,51.0893762],[71.3984138,51.0897801]]]},"properties":{"OBJECTID":2418,"kind":"park","name":"Озеленение","source":"Astana municipal open geoportal","source_url":"https://gis.esaulet.kz/server/rest/services/Sloi_geoportala_otkrytiy_kontur_0702/MapServer/26","sourceId":"astana-municipal-green"}},{"type":"Feature","id":"municipal-green-2420","geometry":{"type":"Polygon","coordinates":[[[71.4636403,51.1597648],[71.4635173,51.1597447],[71.4634842,51.1597086],[71.4634907,51.159671],[71.4635395,51.1596353],[71.4636403,51.1597648]]]},"properties":{"OBJECTID":2420,"kind":"park","name":"Озеленение","source":"Astana municipal open geoportal","source_url":"https://gis.esaulet.kz/server/rest/services/Sloi_geoportala_otkrytiy_kontur_0702/MapServer/26","sourceId":"astana-municipal-green"}},{"type":"Feature","id":"municipal-green-2425","geometry":{"type":"Polygon","coordinates":[[[71.4666238,51.1393552],[71.4666162,51.1393691],[71.4663908,51.1393044],[71.4666238,51.1393552]]]},"properties":{"OBJECTID":2425,"kind":"park","name":"Озеленение","source":"Astana municipal open geoportal","source_url":"https://gis.esaulet.kz/server/rest/services/Sloi_geoportala_otkrytiy_kontur_0702/MapServer/26","sourceId":"astana-municipal-green"}},{"type":"Feature","id":"municipal-green-2428","geometry":{"type":"Polygon","coordinates":[[[71.4056298,51.1310805],[71.4044124,51.1308443],[71.4041765,51.1308799],[71.4039921,51.1303996],[71.4040499,51.1303888],[71.4040391,51.1303615],[71.4052172,51.1301771],[71.4051922,51.1301127],[71.4052475,51.1301041],[71.4056298,51.1310805]]]},"properties":{"OBJECTID":2428,"kind":"park","name":"Озеленение","source":"Astana municipal open geoportal","source_url":"https://gis.esaulet.kz/server/rest/services/Sloi_geoportala_otkrytiy_kontur_0702/MapServer/26","sourceId":"astana-municipal-green"}},{"type":"Feature","id":"municipal-green-2429","geometry":{"type":"Polygon","coordinates":[[[71.4072464,51.1341325],[71.4072579,51.1341609],[71.4069391,51.13421],[71.4069523,51.1341994],[71.406926,51.1341766],[71.4068751,51.1340465],[71.4068909,51.1340441],[71.4067238,51.1336587],[71.4068734,51.1336319],[71.4068906,51.1336757],[71.4069652,51.133664],[71.4071186,51.1338157],[71.4072389,51.1341139],[71.4071771,51.1341234],[71.4071844,51.1341422],[71.4072464,51.1341325]]]},"properties":{"OBJECTID":2429,"kind":"park","name":"Озеленение","source":"Astana municipal open geoportal","source_url":"https://gis.esaulet.kz/server/rest/services/Sloi_geoportala_otkrytiy_kontur_0702/MapServer/26","sourceId":"astana-municipal-green"}},{"type":"Feature","id":"municipal-green-2430","geometry":{"type":"Polygon","coordinates":[[[71.4068627,51.1336044],[71.4067112,51.1336279],[71.4066464,51.1334626],[71.4067984,51.1334391],[71.4068627,51.1336044]]]},"properties":{"OBJECTID":2430,"kind":"park","name":"Озеленение","source":"Astana municipal open geoportal","source_url":"https://gis.esaulet.kz/server/rest/services/Sloi_geoportala_otkrytiy_kontur_0702/MapServer/26","sourceId":"astana-municipal-green"}},{"type":"Feature","id":"municipal-green-2431","geometry":{"type":"Polygon","coordinates":[[[71.405909,51.1325596],[71.4059089,51.1325598],[71.4059096,51.1325574],[71.405909,51.1325596]]]},"properties":{"OBJECTID":2431,"kind":"park","name":"Озеленение","source":"Astana municipal open geoportal","source_url":"https://gis.esaulet.kz/server/rest/services/Sloi_geoportala_otkrytiy_kontur_0702/MapServer/26","sourceId":"astana-municipal-green"}},{"type":"Feature","id":"municipal-green-2432","geometry":{"type":"Polygon","coordinates":[[[71.405909,51.1325596],[71.4059086,51.1325606],[71.4059089,51.1325598],[71.405909,51.1325596]]]},"properties":{"OBJECTID":2432,"kind":"park","name":"Озеленение","source":"Astana municipal open geoportal","source_url":"https://gis.esaulet.kz/server/rest/services/Sloi_geoportala_otkrytiy_kontur_0702/MapServer/26","sourceId":"astana-municipal-green"}},{"type":"Feature","id":"municipal-green-2433","geometry":{"type":"Polygon","coordinates":[[[71.4059086,51.1325606],[71.4059083,51.1325618],[71.4059081,51.1325623],[71.4059086,51.1325606]]]},"properties":{"OBJECTID":2433,"kind":"park","name":"Озеленение","source":"Astana municipal open geoportal","source_url":"https://gis.esaulet.kz/server/rest/services/Sloi_geoportala_otkrytiy_kontur_0702/MapServer/26","sourceId":"astana-municipal-green"}},{"type":"Feature","id":"municipal-green-2434","geometry":{"type":"Polygon","coordinates":[[[71.4059081,51.1325623],[71.4059074,51.1325645],[71.4059088,51.1325599],[71.4059081,51.1325623]]]},"properties":{"OBJECTID":2434,"kind":"park","name":"Озеленение","source":"Astana municipal open geoportal","source_url":"https://gis.esaulet.kz/server/rest/services/Sloi_geoportala_otkrytiy_kontur_0702/MapServer/26","sourceId":"astana-municipal-green"}},{"type":"Feature","id":"municipal-green-2435","geometry":{"type":"Polygon","coordinates":[[[71.4067429,51.1340524],[71.4055314,51.134241],[71.4055184,51.1342062],[71.4054902,51.1342106],[71.4053167,51.1337636],[71.4055596,51.1337236],[71.4064557,51.1331551],[71.4067992,51.1340276],[71.4067583,51.1340232],[71.4067429,51.1340524]]]},"properties":{"OBJECTID":2435,"kind":"park","name":"Озеленение","source":"Astana municipal open geoportal","source_url":"https://gis.esaulet.kz/server/rest/services/Sloi_geoportala_otkrytiy_kontur_0702/MapServer/26","sourceId":"astana-municipal-green"}},{"type":"Feature","id":"municipal-green-2438","geometry":{"type":"Polygon","coordinates":[[[71.4845182,51.160188],[71.4845929,51.1602808],[71.484511,51.160312],[71.4844222,51.160224],[71.4845182,51.160188]]]},"properties":{"OBJECTID":2438,"kind":"park","name":"Озеленение","source":"Astana municipal open geoportal","source_url":"https://gis.esaulet.kz/server/rest/services/Sloi_geoportala_otkrytiy_kontur_0702/MapServer/26","sourceId":"astana-municipal-green"}},{"type":"Feature","id":"municipal-green-2439","geometry":{"type":"Polygon","coordinates":[[[71.414493,51.122467],[71.4144064,51.1224796],[71.4143752,51.1223944],[71.4144608,51.1223819],[71.414493,51.122467]]]},"properties":{"OBJECTID":2439,"kind":"park","name":"Озеленение","source":"Astana municipal open geoportal","source_url":"https://gis.esaulet.kz/server/rest/services/Sloi_geoportala_otkrytiy_kontur_0702/MapServer/26","sourceId":"astana-municipal-green"}},{"type":"Feature","id":"municipal-green-2440","geometry":{"type":"Polygon","coordinates":[[[71.4144608,51.122072],[71.4145657,51.1223525],[71.4144818,51.1223649],[71.4143769,51.1220843],[71.4144608,51.122072]]]},"properties":{"OBJECTID":2440,"kind":"park","name":"Озеленение","source":"Astana municipal open geoportal","source_url":"https://gis.esaulet.kz/server/rest/services/Sloi_geoportala_otkrytiy_kontur_0702/MapServer/26","sourceId":"astana-municipal-green"}},{"type":"Feature","id":"municipal-green-2441","geometry":{"type":"Polygon","coordinates":[[[71.4143994,51.1220377],[71.4144559,51.122059],[71.414372,51.1220712],[71.4143604,51.1220401],[71.4143994,51.1220377]]]},"properties":{"OBJECTID":2441,"kind":"park","name":"Озеленение","source":"Astana municipal open geoportal","source_url":"https://gis.esaulet.kz/server/rest/services/Sloi_geoportala_otkrytiy_kontur_0702/MapServer/26","sourceId":"astana-municipal-green"}},{"type":"Feature","id":"municipal-green-2442","geometry":{"type":"Polygon","coordinates":[[[71.4140742,51.1213428],[71.4139864,51.1213552],[71.413863,51.1210238],[71.4139493,51.1210102],[71.4140742,51.1213428]]]},"properties":{"OBJECTID":2442,"kind":"park","name":"Озеленение","source":"Astana municipal open geoportal","source_url":"https://gis.esaulet.kz/server/rest/services/Sloi_geoportala_otkrytiy_kontur_0702/MapServer/26","sourceId":"astana-municipal-green"}},{"type":"Feature","id":"municipal-green-2443","geometry":{"type":"Polygon","coordinates":[[[71.4141337,51.1215047],[71.4140465,51.1215168],[71.4139913,51.1213681],[71.414079,51.1213558],[71.4141337,51.1215047]]]},"properties":{"OBJECTID":2443,"kind":"park","name":"Озеленение","source":"Astana municipal open geoportal","source_url":"https://gis.esaulet.kz/server/rest/services/Sloi_geoportala_otkrytiy_kontur_0702/MapServer/26","sourceId":"astana-municipal-green"}},{"type":"Feature","id":"municipal-green-2444","geometry":{"type":"Polygon","coordinates":[[[71.4138989,51.1208721],[71.4138112,51.1208856],[71.413694,51.1205692],[71.4137822,51.1205573],[71.4138989,51.1208721]]]},"properties":{"OBJECTID":2444,"kind":"park","name":"Озеленение","source":"Astana municipal open geoportal","source_url":"https://gis.esaulet.kz/server/rest/services/Sloi_geoportala_otkrytiy_kontur_0702/MapServer/26","sourceId":"astana-municipal-green"}},{"type":"Feature","id":"municipal-green-2445","geometry":{"type":"Polygon","coordinates":[[[71.4140124,51.1208737],[71.413945,51.1209087],[71.4139268,51.1208821],[71.4140124,51.1208737]]]},"properties":{"OBJECTID":2445,"kind":"park","name":"Озеленение","source":"Astana municipal open geoportal","source_url":"https://gis.esaulet.kz/server/rest/services/Sloi_geoportala_otkrytiy_kontur_0702/MapServer/26","sourceId":"astana-municipal-green"}},{"type":"Feature","id":"municipal-green-2446","geometry":{"type":"Polygon","coordinates":[[[71.4722223,51.1499288],[71.4722735,51.1498575],[71.4728171,51.1500097],[71.4727798,51.1500615],[71.4728609,51.1500852],[71.4728493,51.1501072],[71.4722223,51.1499288]]]},"properties":{"OBJECTID":2446,"kind":"park","name":"Озеленение","source":"Astana municipal open geoportal","source_url":"https://gis.esaulet.kz/server/rest/services/Sloi_geoportala_otkrytiy_kontur_0702/MapServer/26","sourceId":"astana-municipal-green"}},{"type":"Feature","id":"municipal-green-2448","geometry":{"type":"Polygon","coordinates":[[[71.4080938,51.1684827],[71.408045,51.1684772],[71.408123,51.1682017],[71.4081634,51.1682378],[71.4080938,51.1684827]]]},"properties":{"OBJECTID":2448,"kind":"park","name":"Озеленение","source":"Astana municipal open geoportal","source_url":"https://gis.esaulet.kz/server/rest/services/Sloi_geoportala_otkrytiy_kontur_0702/MapServer/26","sourceId":"astana-municipal-green"}},{"type":"Feature","id":"municipal-green-2449","geometry":{"type":"Polygon","coordinates":[[[71.4352076,51.0925243],[71.4350867,51.0925297],[71.4350852,51.0924982],[71.435196,51.0924932],[71.4352076,51.0925243]]]},"properties":{"OBJECTID":2449,"kind":"park","name":"Озеленение","source":"Astana municipal open geoportal","source_url":"https://gis.esaulet.kz/server/rest/services/Sloi_geoportala_otkrytiy_kontur_0702/MapServer/26","sourceId":"astana-municipal-green"}},{"type":"Feature","id":"municipal-green-2450","geometry":{"type":"Polygon","coordinates":[[[71.4347219,51.0925178],[71.4346879,51.092531],[71.434673,51.09249],[71.4347219,51.0925178]]]},"properties":{"OBJECTID":2450,"kind":"park","name":"Озеленение","source":"Astana municipal open geoportal","source_url":"https://gis.esaulet.kz/server/rest/services/Sloi_geoportala_otkrytiy_kontur_0702/MapServer/26","sourceId":"astana-municipal-green"}},{"type":"Feature","id":"municipal-green-2451","geometry":{"type":"Polygon","coordinates":[[[71.4350432,51.0924991],[71.4350428,51.0925322],[71.4347604,51.0925324],[71.4348471,51.0924711],[71.4350432,51.0924991]]]},"properties":{"OBJECTID":2451,"kind":"park","name":"Озеленение","source":"Astana municipal open geoportal","source_url":"https://gis.esaulet.kz/server/rest/services/Sloi_geoportala_otkrytiy_kontur_0702/MapServer/26","sourceId":"astana-municipal-green"}},{"type":"Feature","id":"municipal-green-2453","geometry":{"type":"Polygon","coordinates":[[[71.3957209,51.151763],[71.3957865,51.1517892],[71.3957843,51.1518385],[71.3957198,51.1518622],[71.395652,51.1518409],[71.3956482,51.1517881],[71.3957209,51.151763]]]},"properties":{"OBJECTID":2453,"kind":"park","name":"Озеленение","source":"Astana municipal open geoportal","source_url":"https://gis.esaulet.kz/server/rest/services/Sloi_geoportala_otkrytiy_kontur_0702/MapServer/26","sourceId":"astana-municipal-green"}},{"type":"Feature","id":"municipal-green-2456","geometry":{"type":"Polygon","coordinates":[[[71.4577565,51.1594123],[71.4577848,51.1594483],[71.4577453,51.1594616],[71.457689,51.1593937],[71.4577111,51.1593864],[71.4576354,51.159295],[71.4576131,51.1593023],[71.4575264,51.1591642],[71.457505,51.1591713],[71.457355,51.1590065],[71.457282,51.1589886],[71.4573887,51.1589499],[71.4577565,51.1594123]]]},"properties":{"OBJECTID":2456,"kind":"park","name":"Озеленение","source":"Astana municipal open geoportal","source_url":"https://gis.esaulet.kz/server/rest/services/Sloi_geoportala_otkrytiy_kontur_0702/MapServer/26","sourceId":"astana-municipal-green"}},{"type":"Feature","id":"municipal-green-2457","geometry":{"type":"Polygon","coordinates":[[[71.450721,51.1083575],[71.4508053,51.1083916],[71.4504399,51.108829],[71.4502356,51.1091119],[71.4500938,51.1093701],[71.4499059,51.1098539],[71.4498378,51.1102697],[71.4497383,51.110267],[71.449841,51.1097218],[71.4500515,51.1092464],[71.4503472,51.1088054],[71.450721,51.1083575]]]},"properties":{"OBJECTID":2457,"kind":"park","name":"Озеленение","source":"Astana municipal open geoportal","source_url":"https://gis.esaulet.kz/server/rest/services/Sloi_geoportala_otkrytiy_kontur_0702/MapServer/26","sourceId":"astana-municipal-green"}},{"type":"Feature","id":"municipal-green-2458","geometry":{"type":"Polygon","coordinates":[[[71.4437926,51.1180001],[71.4438088,51.1180417],[71.4437853,51.118234],[71.4438717,51.1184043],[71.4437489,51.118453],[71.4436025,51.118054],[71.4437815,51.1179772],[71.4437926,51.1180001]]]},"properties":{"OBJECTID":2458,"kind":"park","name":"Озеленение","source":"Astana municipal open geoportal","source_url":"https://gis.esaulet.kz/server/rest/services/Sloi_geoportala_otkrytiy_kontur_0702/MapServer/26","sourceId":"astana-municipal-green"}},{"type":"Feature","id":"municipal-green-2459","geometry":{"type":"Polygon","coordinates":[[[71.4438912,51.1184266],[71.4440305,51.1185182],[71.4439549,51.1185962],[71.4439177,51.1187459],[71.4438447,51.1187223],[71.4437541,51.1184672],[71.4438912,51.1184266]]]},"properties":{"OBJECTID":2459,"kind":"park","name":"Озеленение","source":"Astana municipal open geoportal","source_url":"https://gis.esaulet.kz/server/rest/services/Sloi_geoportala_otkrytiy_kontur_0702/MapServer/26","sourceId":"astana-municipal-green"}},{"type":"Feature","id":"municipal-green-2460","geometry":{"type":"Polygon","coordinates":[[[71.443702,51.1187303],[71.4437663,51.1187588],[71.4438387,51.1189585],[71.443542,51.1192382],[71.4433935,51.1187735],[71.443702,51.1187303]]]},"properties":{"OBJECTID":2460,"kind":"park","name":"Озеленение","source":"Astana municipal open geoportal","source_url":"https://gis.esaulet.kz/server/rest/services/Sloi_geoportala_otkrytiy_kontur_0702/MapServer/26","sourceId":"astana-municipal-green"}},{"type":"Feature","id":"municipal-green-2461","geometry":{"type":"Polygon","coordinates":[[[71.4329442,51.0914796],[71.4331147,51.0915909],[71.4331001,51.0916021],[71.4329032,51.0914879],[71.4329442,51.0914796]]]},"properties":{"OBJECTID":2461,"kind":"park","name":"Озеленение","source":"Astana municipal open geoportal","source_url":"https://gis.esaulet.kz/server/rest/services/Sloi_geoportala_otkrytiy_kontur_0702/MapServer/26","sourceId":"astana-municipal-green"}},{"type":"Feature","id":"municipal-green-2462","geometry":{"type":"Polygon","coordinates":[[[71.4325259,51.0911334],[71.432564,51.0911473],[71.43256,51.0911785],[71.4325432,51.0911865],[71.4324971,51.0911379],[71.4325259,51.0911334]]]},"properties":{"OBJECTID":2462,"kind":"park","name":"Озеленение","source":"Astana municipal open geoportal","source_url":"https://gis.esaulet.kz/server/rest/services/Sloi_geoportala_otkrytiy_kontur_0702/MapServer/26","sourceId":"astana-municipal-green"}},{"type":"Feature","id":"municipal-green-2463","geometry":{"type":"Polygon","coordinates":[[[71.4322911,51.0907748],[71.4323567,51.0908987],[71.4323325,51.0909068],[71.4322575,51.0907792],[71.4322911,51.0907748]]]},"properties":{"OBJECTID":2463,"kind":"park","name":"Озеленение","source":"Astana municipal open geoportal","source_url":"https://gis.esaulet.kz/server/rest/services/Sloi_geoportala_otkrytiy_kontur_0702/MapServer/26","sourceId":"astana-municipal-green"}},{"type":"Feature","id":"municipal-green-2464","geometry":{"type":"Polygon","coordinates":[[[71.43136,51.0907702],[71.4313125,51.0907764],[71.4312863,51.0907559],[71.4312673,51.0907173],[71.4312834,51.0906848],[71.4313221,51.0906659],[71.43136,51.0907702]]]},"properties":{"OBJECTID":2464,"kind":"park","name":"Озеленение","source":"Astana municipal open geoportal","source_url":"https://gis.esaulet.kz/server/rest/services/Sloi_geoportala_otkrytiy_kontur_0702/MapServer/26","sourceId":"astana-municipal-green"}},{"type":"Feature","id":"municipal-green-2465","geometry":{"type":"Polygon","coordinates":[[[71.4436727,51.1176939],[71.4437618,51.1179234],[71.4435828,51.1180001],[71.4434752,51.1177061],[71.4436727,51.1176939]]]},"properties":{"OBJECTID":2465,"kind":"park","name":"Озеленение","source":"Astana municipal open geoportal","source_url":"https://gis.esaulet.kz/server/rest/services/Sloi_geoportala_otkrytiy_kontur_0702/MapServer/26","sourceId":"astana-municipal-green"}},{"type":"Feature","id":"municipal-green-2466","geometry":{"type":"Polygon","coordinates":[[[71.4439903,51.1139629],[71.444053,51.1136456],[71.4443638,51.1136915],[71.444169,51.1140002],[71.4440441,51.1139417],[71.4439977,51.1139834],[71.4439903,51.1139629]]]},"properties":{"OBJECTID":2466,"kind":"park","name":"Озеленение","source":"Astana municipal open geoportal","source_url":"https://gis.esaulet.kz/server/rest/services/Sloi_geoportala_otkrytiy_kontur_0702/MapServer/26","sourceId":"astana-municipal-green"}},{"type":"Feature","id":"municipal-green-2467","geometry":{"type":"Polygon","coordinates":[[[71.4459374,51.1166207],[71.445711,51.1168845],[71.4454041,51.1168546],[71.4453666,51.116776],[71.4456894,51.1165941],[71.4458129,51.1165737],[71.4459374,51.1166207]]]},"properties":{"OBJECTID":2467,"kind":"park","name":"Озеленение","source":"Astana municipal open geoportal","source_url":"https://gis.esaulet.kz/server/rest/services/Sloi_geoportala_otkrytiy_kontur_0702/MapServer/26","sourceId":"astana-municipal-green"}},{"type":"Feature","id":"municipal-green-2468","geometry":{"type":"Polygon","coordinates":[[[71.4527607,51.1062459],[71.452292,51.106298],[71.452278,51.10624],[71.4524882,51.1062384],[71.4526872,51.1062024],[71.4527607,51.1062459]]]},"properties":{"OBJECTID":2468,"kind":"park","name":"Озеленение","source":"Astana municipal open geoportal","source_url":"https://gis.esaulet.kz/server/rest/services/Sloi_geoportala_otkrytiy_kontur_0702/MapServer/26","sourceId":"astana-municipal-green"}},{"type":"Feature","id":"municipal-green-2469","geometry":{"type":"Polygon","coordinates":[[[71.4532892,51.1081933],[71.4526019,51.1085594],[71.4523722,51.1087304],[71.4523377,51.1087142],[71.4523114,51.1087365],[71.4523459,51.1087526],[71.4522518,51.1087974],[71.4522853,51.1088109],[71.4522512,51.1088469],[71.4522174,51.1088336],[71.452193,51.1088581],[71.4522267,51.1088715],[71.4521933,51.1089109],[71.4521311,51.1088881],[71.4520694,51.1089568],[71.452133,51.1089782],[71.4520945,51.1090178],[71.4520574,51.1090041],[71.4520357,51.1090274],[71.4520728,51.1090411],[71.4520429,51.1090793],[71.4520076,51.1090675],[71.4519866,51.1090926],[71.4520219,51.1091043],[71.4519898,51.1091448],[71.4519538,51.1091327],[71.4519326,51.1091578],[71.4519686,51.1091699],[71.4517502,51.1094461],[71.4515517,51.1097953],[71.4514834,51.1099649],[71.4514645,51.1100853],[71.4513944,51.1108539],[71.4512431,51.1108533],[71.45129,51.1102294],[71.4513417,51.1099606],[71.4515389,51.1095199],[71.4516896,51.1093107],[71.452054,51.1088732],[71.4523926,51.1085643],[71.4531973,51.1081238],[71.4532892,51.1081933]]]},"properties":{"OBJECTID":2469,"kind":"park","name":"Озеленение","source":"Astana municipal open geoportal","source_url":"https://gis.esaulet.kz/server/rest/services/Sloi_geoportala_otkrytiy_kontur_0702/MapServer/26","sourceId":"astana-municipal-green"}},{"type":"Feature","id":"municipal-green-2470","geometry":{"type":"Polygon","coordinates":[[[71.4497363,51.1102916],[71.4498349,51.1102939],[71.4497849,51.1108473],[71.4496346,51.1108467],[71.4496348,51.1108307],[71.4496788,51.1108317],[71.4496806,51.1108026],[71.4496365,51.1108015],[71.4496453,51.1107104],[71.4496992,51.1107012],[71.4497363,51.1102916]]]},"properties":{"OBJECTID":2470,"kind":"park","name":"Озеленение","source":"Astana municipal open geoportal","source_url":"https://gis.esaulet.kz/server/rest/services/Sloi_geoportala_otkrytiy_kontur_0702/MapServer/26","sourceId":"astana-municipal-green"}},{"type":"Feature","id":"municipal-green-2471","geometry":{"type":"Polygon","coordinates":[[[71.4457013,51.1168981],[71.4456097,51.1169954],[71.4454569,51.117025],[71.4453046,51.1171115],[71.4452237,51.1169134],[71.4453698,51.1168633],[71.4457013,51.1168981]]]},"properties":{"OBJECTID":2471,"kind":"park","name":"Озеленение","source":"Astana municipal open geoportal","source_url":"https://gis.esaulet.kz/server/rest/services/Sloi_geoportala_otkrytiy_kontur_0702/MapServer/26","sourceId":"astana-municipal-green"}},{"type":"Feature","id":"municipal-green-2472","geometry":{"type":"Polygon","coordinates":[[[71.4313687,51.0907946],[71.4313333,51.0907858],[71.4313647,51.0907823],[71.4313687,51.0907946]]]},"properties":{"OBJECTID":2472,"kind":"park","name":"Озеленение","source":"Astana municipal open geoportal","source_url":"https://gis.esaulet.kz/server/rest/services/Sloi_geoportala_otkrytiy_kontur_0702/MapServer/26","sourceId":"astana-municipal-green"}},{"type":"Feature","id":"municipal-green-2473","geometry":{"type":"Polygon","coordinates":[[[71.4325286,51.1259429],[71.4323325,51.1259731],[71.4323213,51.125934],[71.432356,51.1258982],[71.4324994,51.1258747],[71.4325286,51.1259429]]]},"properties":{"OBJECTID":2473,"kind":"park","name":"Озеленение","source":"Astana municipal open geoportal","source_url":"https://gis.esaulet.kz/server/rest/services/Sloi_geoportala_otkrytiy_kontur_0702/MapServer/26","sourceId":"astana-municipal-green"}},{"type":"Feature","id":"municipal-green-2474","geometry":{"type":"Polygon","coordinates":[[[71.4364818,51.1252521],[71.4365383,51.125271],[71.4365568,51.1253104],[71.4363476,51.1253441],[71.4363216,51.1252746],[71.4364818,51.1252521]]]},"properties":{"OBJECTID":2474,"kind":"park","name":"Озеленение","source":"Astana municipal open geoportal","source_url":"https://gis.esaulet.kz/server/rest/services/Sloi_geoportala_otkrytiy_kontur_0702/MapServer/26","sourceId":"astana-municipal-green"}},{"type":"Feature","id":"municipal-green-2475","geometry":{"type":"Polygon","coordinates":[[[71.4365823,51.1253753],[71.4363734,51.1254081],[71.4363565,51.1253656],[71.4365657,51.1253328],[71.4365823,51.1253753]]]},"properties":{"OBJECTID":2475,"kind":"park","name":"Озеленение","source":"Astana municipal open geoportal","source_url":"https://gis.esaulet.kz/server/rest/services/Sloi_geoportala_otkrytiy_kontur_0702/MapServer/26","sourceId":"astana-municipal-green"}},{"type":"Feature","id":"municipal-green-2476","geometry":{"type":"Polygon","coordinates":[[[71.4363047,51.1253507],[71.435935,51.125412],[71.4359231,51.1253856],[71.436294,51.125327],[71.4363047,51.1253507]]]},"properties":{"OBJECTID":2476,"kind":"park","name":"Озеленение","source":"Astana municipal open geoportal","source_url":"https://gis.esaulet.kz/server/rest/services/Sloi_geoportala_otkrytiy_kontur_0702/MapServer/26","sourceId":"astana-municipal-green"}},{"type":"Feature","id":"municipal-green-2477","geometry":{"type":"Polygon","coordinates":[[[71.4363305,51.1254094],[71.4359593,51.1254738],[71.435942,51.1254326],[71.4363142,51.1253722],[71.4363305,51.1254094]]]},"properties":{"OBJECTID":2477,"kind":"park","name":"Озеленение","source":"Astana municipal open geoportal","source_url":"https://gis.esaulet.kz/server/rest/services/Sloi_geoportala_otkrytiy_kontur_0702/MapServer/26","sourceId":"astana-municipal-green"}},{"type":"Feature","id":"municipal-green-2478","geometry":{"type":"Polygon","coordinates":[[[71.4358913,51.1254163],[71.4355048,51.1254772],[71.4354946,51.1254535],[71.4358812,51.1253928],[71.4358913,51.1254163]]]},"properties":{"OBJECTID":2478,"kind":"park","name":"Озеленение","source":"Astana municipal open geoportal","source_url":"https://gis.esaulet.kz/server/rest/services/Sloi_geoportala_otkrytiy_kontur_0702/MapServer/26","sourceId":"astana-municipal-green"}},{"type":"Feature","id":"municipal-green-2479","geometry":{"type":"Polygon","coordinates":[[[71.4737327,51.1419438],[71.4737473,51.1419908],[71.4736989,51.1419763],[71.4737327,51.1419438]]]},"properties":{"OBJECTID":2479,"kind":"park","name":"Озеленение","source":"Astana municipal open geoportal","source_url":"https://gis.esaulet.kz/server/rest/services/Sloi_geoportala_otkrytiy_kontur_0702/MapServer/26","sourceId":"astana-municipal-green"}},{"type":"Feature","id":"municipal-green-2480","geometry":{"type":"Polygon","coordinates":[[[71.4736609,51.1421156],[71.4735818,51.1421402],[71.4736097,51.1421011],[71.4736609,51.1421156]]]},"properties":{"OBJECTID":2480,"kind":"park","name":"Озеленение","source":"Astana municipal open geoportal","source_url":"https://gis.esaulet.kz/server/rest/services/Sloi_geoportala_otkrytiy_kontur_0702/MapServer/26","sourceId":"astana-municipal-green"}},{"type":"Feature","id":"municipal-green-2481","geometry":{"type":"Polygon","coordinates":[[[71.4732448,51.141948],[71.4732816,51.1419755],[71.4733356,51.141973],[71.4733835,51.1420268],[71.4732211,51.1419807],[71.4732448,51.141948]]]},"properties":{"OBJECTID":2481,"kind":"park","name":"Озеленение","source":"Astana municipal open geoportal","source_url":"https://gis.esaulet.kz/server/rest/services/Sloi_geoportala_otkrytiy_kontur_0702/MapServer/26","sourceId":"astana-municipal-green"}},{"type":"Feature","id":"municipal-green-2482","geometry":{"type":"Polygon","coordinates":[[[71.4731212,51.1418389],[71.473061,51.1419244],[71.4730003,51.141906],[71.4730607,51.141822],[71.4731212,51.1418389]]]},"properties":{"OBJECTID":2482,"kind":"park","name":"Озеленение","source":"Astana municipal open geoportal","source_url":"https://gis.esaulet.kz/server/rest/services/Sloi_geoportala_otkrytiy_kontur_0702/MapServer/26","sourceId":"astana-municipal-green"}},{"type":"Feature","id":"municipal-green-2483","geometry":{"type":"Polygon","coordinates":[[[71.4730226,51.1419457],[71.4730421,51.1419512],[71.4730251,51.1419754],[71.4729501,51.1419485],[71.472962,51.141932],[71.4730226,51.1419457]]]},"properties":{"OBJECTID":2483,"kind":"park","name":"Озеленение","source":"Astana municipal open geoportal","source_url":"https://gis.esaulet.kz/server/rest/services/Sloi_geoportala_otkrytiy_kontur_0702/MapServer/26","sourceId":"astana-municipal-green"}},{"type":"Feature","id":"municipal-green-2484","geometry":{"type":"Polygon","coordinates":[[[71.4735004,51.1421898],[71.4734833,51.1422138],[71.473171,51.1421258],[71.473189,51.1421011],[71.4735004,51.1421898]]]},"properties":{"OBJECTID":2484,"kind":"park","name":"Озеленение","source":"Astana municipal open geoportal","source_url":"https://gis.esaulet.kz/server/rest/services/Sloi_geoportala_otkrytiy_kontur_0702/MapServer/26","sourceId":"astana-municipal-green"}},{"type":"Feature","id":"municipal-green-2485","geometry":{"type":"Polygon","coordinates":[[[71.4727865,51.1418534],[71.4727387,51.1418378],[71.472811,51.1417426],[71.4728554,51.1417553],[71.4728303,51.1417899],[71.4728494,51.1417953],[71.4727865,51.1418534]]]},"properties":{"OBJECTID":2485,"kind":"park","name":"Озеленение","source":"Astana municipal open geoportal","source_url":"https://gis.esaulet.kz/server/rest/services/Sloi_geoportala_otkrytiy_kontur_0702/MapServer/26","sourceId":"astana-municipal-green"}},{"type":"Feature","id":"municipal-green-2486","geometry":{"type":"Polygon","coordinates":[[[71.4729248,51.1420172],[71.4728954,51.1420582],[71.4728713,51.1420513],[71.4729002,51.1420102],[71.4729248,51.1420172]]]},"properties":{"OBJECTID":2486,"kind":"park","name":"Озеленение","source":"Astana municipal open geoportal","source_url":"https://gis.esaulet.kz/server/rest/services/Sloi_geoportala_otkrytiy_kontur_0702/MapServer/26","sourceId":"astana-municipal-green"}},{"type":"Feature","id":"municipal-green-2487","geometry":{"type":"Polygon","coordinates":[[[71.473123,51.1418041],[71.4730672,51.1417863],[71.4730913,51.1417706],[71.4731567,51.1417892],[71.473123,51.1418041]]]},"properties":{"OBJECTID":2487,"kind":"park","name":"Озеленение","source":"Astana municipal open geoportal","source_url":"https://gis.esaulet.kz/server/rest/services/Sloi_geoportala_otkrytiy_kontur_0702/MapServer/26","sourceId":"astana-municipal-green"}},{"type":"Feature","id":"municipal-green-2488","geometry":{"type":"Polygon","coordinates":[[[71.4731492,51.1416999],[71.4732098,51.141717],[71.4731776,51.1417605],[71.4731177,51.1417434],[71.4731492,51.1416999]]]},"properties":{"OBJECTID":2488,"kind":"park","name":"Озеленение","source":"Astana municipal open geoportal","source_url":"https://gis.esaulet.kz/server/rest/services/Sloi_geoportala_otkrytiy_kontur_0702/MapServer/26","sourceId":"astana-municipal-green"}},{"type":"Feature","id":"municipal-green-2489","geometry":{"type":"Polygon","coordinates":[[[71.4730184,51.1414401],[71.4731648,51.1414801],[71.4731396,51.1415169],[71.4730579,51.1415071],[71.4729701,51.1416296],[71.4728841,51.1416232],[71.4730184,51.1414401]]]},"properties":{"OBJECTID":2489,"kind":"park","name":"Озеленение","source":"Astana municipal open geoportal","source_url":"https://gis.esaulet.kz/server/rest/services/Sloi_geoportala_otkrytiy_kontur_0702/MapServer/26","sourceId":"astana-municipal-green"}},{"type":"Feature","id":"municipal-green-2490","geometry":{"type":"Polygon","coordinates":[[[71.4729688,51.1422748],[71.4729469,51.142307],[71.4728913,51.1422912],[71.4729342,51.1422304],[71.4729896,51.1422463],[71.4729688,51.1422748]]]},"properties":{"OBJECTID":2490,"kind":"park","name":"Озеленение","source":"Astana municipal open geoportal","source_url":"https://gis.esaulet.kz/server/rest/services/Sloi_geoportala_otkrytiy_kontur_0702/MapServer/26","sourceId":"astana-municipal-green"}},{"type":"Feature","id":"municipal-green-2491","geometry":{"type":"Polygon","coordinates":[[[71.4525468,51.1614427],[71.4524877,51.1614626],[71.452456,51.161426],[71.4525149,51.1614058],[71.4525468,51.1614427]]]},"properties":{"OBJECTID":2491,"kind":"park","name":"Озеленение","source":"Astana municipal open geoportal","source_url":"https://gis.esaulet.kz/server/rest/services/Sloi_geoportala_otkrytiy_kontur_0702/MapServer/26","sourceId":"astana-municipal-green"}},{"type":"Feature","id":"municipal-green-2492","geometry":{"type":"Polygon","coordinates":[[[71.4892745,51.1490005],[71.4893032,51.1490055],[71.4892858,51.1490269],[71.4892249,51.1490089],[71.4892745,51.1490005]]]},"properties":{"OBJECTID":2492,"kind":"park","name":"Озеленение","source":"Astana municipal open geoportal","source_url":"https://gis.esaulet.kz/server/rest/services/Sloi_geoportala_otkrytiy_kontur_0702/MapServer/26","sourceId":"astana-municipal-green"}},{"type":"Feature","id":"municipal-green-2494","geometry":{"type":"Polygon","coordinates":[[[71.4769225,51.124656],[71.4766138,51.1247037],[71.4765739,51.1246749],[71.4765835,51.1246566],[71.4768987,51.1245974],[71.4769225,51.124656]]]},"properties":{"OBJECTID":2494,"kind":"park","name":"Озеленение","source":"Astana municipal open geoportal","source_url":"https://gis.esaulet.kz/server/rest/services/Sloi_geoportala_otkrytiy_kontur_0702/MapServer/26","sourceId":"astana-municipal-green"}},{"type":"Feature","id":"municipal-green-2500","geometry":{"type":"Polygon","coordinates":[[[71.4053353,51.129857],[71.4054492,51.129874],[71.4055398,51.1299182],[71.4052597,51.1299623],[71.4052233,51.1298707],[71.4053353,51.129857]]]},"properties":{"OBJECTID":2500,"kind":"park","name":"Озеленение","source":"Astana municipal open geoportal","source_url":"https://gis.esaulet.kz/server/rest/services/Sloi_geoportala_otkrytiy_kontur_0702/MapServer/26","sourceId":"astana-municipal-green"}},{"type":"Feature","id":"municipal-green-2501","geometry":{"type":"Polygon","coordinates":[[[71.4767637,51.1233478],[71.476513,51.1234308],[71.4757387,51.1235214],[71.4755834,51.1235171],[71.4754431,51.1234772],[71.476735,51.1232747],[71.4767637,51.1233478]]]},"properties":{"OBJECTID":2501,"kind":"park","name":"Озеленение","source":"Astana municipal open geoportal","source_url":"https://gis.esaulet.kz/server/rest/services/Sloi_geoportala_otkrytiy_kontur_0702/MapServer/26","sourceId":"astana-municipal-green"}},{"type":"Feature","id":"municipal-green-2504","geometry":{"type":"Polygon","coordinates":[[[71.4519869,51.1443831],[71.4520028,51.1444268],[71.4519161,51.1444967],[71.451845,51.1444607],[71.4519552,51.1443692],[71.4519869,51.1443831]]]},"properties":{"OBJECTID":2504,"kind":"park","name":"Озеленение","source":"Astana municipal open geoportal","source_url":"https://gis.esaulet.kz/server/rest/services/Sloi_geoportala_otkrytiy_kontur_0702/MapServer/26","sourceId":"astana-municipal-green"}},{"type":"Feature","id":"municipal-green-2505","geometry":{"type":"Polygon","coordinates":[[[71.4549452,51.1421511],[71.4539991,51.1428874],[71.4538523,51.1428594],[71.4548513,51.1421053],[71.4549452,51.1421511]]]},"properties":{"OBJECTID":2505,"kind":"park","name":"Озеленение","source":"Astana municipal open geoportal","source_url":"https://gis.esaulet.kz/server/rest/services/Sloi_geoportala_otkrytiy_kontur_0702/MapServer/26","sourceId":"astana-municipal-green"}},{"type":"Feature","id":"municipal-green-2506","geometry":{"type":"Polygon","coordinates":[[[71.4505714,51.1455284],[71.4501122,51.1458805],[71.4500493,51.1458481],[71.4505086,51.1454959],[71.4505714,51.1455284]]]},"properties":{"OBJECTID":2506,"kind":"park","name":"Озеленение","source":"Astana municipal open geoportal","source_url":"https://gis.esaulet.kz/server/rest/services/Sloi_geoportala_otkrytiy_kontur_0702/MapServer/26","sourceId":"astana-municipal-green"}},{"type":"Feature","id":"municipal-green-2507","geometry":{"type":"Polygon","coordinates":[[[71.4498855,51.146395],[71.4497437,51.1465045],[71.4496354,51.1464492],[71.4497766,51.1463393],[71.4498855,51.146395]]]},"properties":{"OBJECTID":2507,"kind":"park","name":"Озеленение","source":"Astana municipal open geoportal","source_url":"https://gis.esaulet.kz/server/rest/services/Sloi_geoportala_otkrytiy_kontur_0702/MapServer/26","sourceId":"astana-municipal-green"}},{"type":"Feature","id":"municipal-green-2508","geometry":{"type":"Polygon","coordinates":[[[71.4527834,51.1441581],[71.4525992,51.1443082],[71.4525057,51.1442588],[71.4526821,51.1441083],[71.4527834,51.1441581]]]},"properties":{"OBJECTID":2508,"kind":"park","name":"Озеленение","source":"Astana municipal open geoportal","source_url":"https://gis.esaulet.kz/server/rest/services/Sloi_geoportala_otkrytiy_kontur_0702/MapServer/26","sourceId":"astana-municipal-green"}},{"type":"Feature","id":"municipal-green-2509","geometry":{"type":"Polygon","coordinates":[[[71.4560837,51.1406509],[71.4562048,51.1406955],[71.4560135,51.1409442],[71.4558804,51.1409163],[71.4560837,51.1406509]]]},"properties":{"OBJECTID":2509,"kind":"park","name":"Озеленение","source":"Astana municipal open geoportal","source_url":"https://gis.esaulet.kz/server/rest/services/Sloi_geoportala_otkrytiy_kontur_0702/MapServer/26","sourceId":"astana-municipal-green"}},{"type":"Feature","id":"municipal-green-2510","geometry":{"type":"Polygon","coordinates":[[[71.4565814,51.1406981],[71.4561671,51.1412405],[71.4560417,51.1412027],[71.4562962,51.1408699],[71.456502,51.1406738],[71.4565814,51.1406981]]]},"properties":{"OBJECTID":2510,"kind":"park","name":"Озеленение","source":"Astana municipal open geoportal","source_url":"https://gis.esaulet.kz/server/rest/services/Sloi_geoportala_otkrytiy_kontur_0702/MapServer/26","sourceId":"astana-municipal-green"}},{"type":"Feature","id":"municipal-green-2511","geometry":{"type":"Polygon","coordinates":[[[71.4561521,51.1412597],[71.4560889,51.1413407],[71.4559672,51.1413026],[71.4560294,51.1412218],[71.4561521,51.1412597]]]},"properties":{"OBJECTID":2511,"kind":"park","name":"Озеленение","source":"Astana municipal open geoportal","source_url":"https://gis.esaulet.kz/server/rest/services/Sloi_geoportala_otkrytiy_kontur_0702/MapServer/26","sourceId":"astana-municipal-green"}},{"type":"Feature","id":"municipal-green-2512","geometry":{"type":"Polygon","coordinates":[[[71.452292,51.1440578],[71.4523205,51.1440723],[71.4522414,51.1441361],[71.4522791,51.1441623],[71.4520563,51.1443379],[71.4519693,51.1443239],[71.452292,51.1440578]]]},"properties":{"OBJECTID":2512,"kind":"park","name":"Озеленение","source":"Astana municipal open geoportal","source_url":"https://gis.esaulet.kz/server/rest/services/Sloi_geoportala_otkrytiy_kontur_0702/MapServer/26","sourceId":"astana-municipal-green"}},{"type":"Feature","id":"municipal-green-2513","geometry":{"type":"Polygon","coordinates":[[[71.396769,51.1518044],[71.3968215,51.1518879],[71.396685,51.1518796],[71.3964215,51.1518028],[71.3963262,51.1518093],[71.3961586,51.1518637],[71.3959824,51.1518274],[71.3960291,51.1516916],[71.3961059,51.1516288],[71.3961732,51.1516151],[71.396333,51.1516482],[71.3965574,51.1516336],[71.396769,51.1518044]]]},"properties":{"OBJECTID":2513,"kind":"park","name":"Озеленение","source":"Astana municipal open geoportal","source_url":"https://gis.esaulet.kz/server/rest/services/Sloi_geoportala_otkrytiy_kontur_0702/MapServer/26","sourceId":"astana-municipal-green"}},{"type":"Feature","id":"municipal-green-2514","geometry":{"type":"Polygon","coordinates":[[[71.4571936,51.1589712],[71.4571201,51.1589592],[71.456906,51.1590211],[71.456885,51.1589956],[71.4571503,51.1589136],[71.4571936,51.1589712]]]},"properties":{"OBJECTID":2514,"kind":"park","name":"Озеленение","source":"Astana municipal open geoportal","source_url":"https://gis.esaulet.kz/server/rest/services/Sloi_geoportala_otkrytiy_kontur_0702/MapServer/26","sourceId":"astana-municipal-green"}},{"type":"Feature","id":"municipal-green-2519","geometry":{"type":"Polygon","coordinates":[[[71.4477145,51.108412],[71.4476407,51.1084367],[71.4473812,51.1082895],[71.4477384,51.1082725],[71.447743,51.1084128],[71.4477145,51.108412]]]},"properties":{"OBJECTID":2519,"kind":"park","name":"Озеленение","source":"Astana municipal open geoportal","source_url":"https://gis.esaulet.kz/server/rest/services/Sloi_geoportala_otkrytiy_kontur_0702/MapServer/26","sourceId":"astana-municipal-green"}},{"type":"Feature","id":"municipal-green-2520","geometry":{"type":"Polygon","coordinates":[[[71.4840042,51.1482151],[71.4838119,51.1481753],[71.4837674,51.148129],[71.4839522,51.1478634],[71.4840144,51.1478551],[71.4842082,51.1479173],[71.4840042,51.1482151]]]},"properties":{"OBJECTID":2520,"kind":"park","name":"Озеленение","source":"Astana municipal open geoportal","source_url":"https://gis.esaulet.kz/server/rest/services/Sloi_geoportala_otkrytiy_kontur_0702/MapServer/26","sourceId":"astana-municipal-green"}},{"type":"Feature","id":"municipal-green-2521","geometry":{"type":"Polygon","coordinates":[[[71.4794517,51.1535424],[71.4794874,51.1535634],[71.4794914,51.1535954],[71.479032,51.1542457],[71.4789152,51.1543195],[71.4787722,51.154276],[71.4793212,51.1535062],[71.4794517,51.1535424]]]},"properties":{"OBJECTID":2521,"kind":"park","name":"Озеленение","source":"Astana municipal open geoportal","source_url":"https://gis.esaulet.kz/server/rest/services/Sloi_geoportala_otkrytiy_kontur_0702/MapServer/26","sourceId":"astana-municipal-green"}},{"type":"Feature","id":"municipal-green-2522","geometry":{"type":"Polygon","coordinates":[[[71.4809325,51.1524348],[71.4808631,51.1524674],[71.4808129,51.152562],[71.4807205,51.1525243],[71.4808143,51.1523781],[71.480862,51.1523913],[71.480917,51.1523181],[71.4809999,51.152342],[71.4809325,51.1524348]]]},"properties":{"OBJECTID":2522,"kind":"park","name":"Озеленение","source":"Astana municipal open geoportal","source_url":"https://gis.esaulet.kz/server/rest/services/Sloi_geoportala_otkrytiy_kontur_0702/MapServer/26","sourceId":"astana-municipal-green"}},{"type":"Feature","id":"municipal-green-2523","geometry":{"type":"Polygon","coordinates":[[[71.4831431,51.1484233],[71.483162,51.1484634],[71.4826748,51.1491465],[71.4826303,51.1491333],[71.4831431,51.1484233]]]},"properties":{"OBJECTID":2523,"kind":"park","name":"Озеленение","source":"Astana municipal open geoportal","source_url":"https://gis.esaulet.kz/server/rest/services/Sloi_geoportala_otkrytiy_kontur_0702/MapServer/26","sourceId":"astana-municipal-green"}},{"type":"Feature","id":"municipal-green-2524","geometry":{"type":"Polygon","coordinates":[[[71.4449209,51.1150498],[71.4447213,51.1152869],[71.4444419,51.1150665],[71.4445111,51.1149869],[71.4446532,51.1150023],[71.4447921,51.1149691],[71.4449209,51.1150498]]]},"properties":{"OBJECTID":2524,"kind":"park","name":"Озеленение","source":"Astana municipal open geoportal","source_url":"https://gis.esaulet.kz/server/rest/services/Sloi_geoportala_otkrytiy_kontur_0702/MapServer/26","sourceId":"astana-municipal-green"}},{"type":"Feature","id":"municipal-green-2525","geometry":{"type":"Polygon","coordinates":[[[71.4453087,51.1148039],[71.4451282,51.1150779],[71.4448643,51.1153998],[71.4447623,51.1153177],[71.4451973,51.1147559],[71.4453087,51.1148039]]]},"properties":{"OBJECTID":2525,"kind":"park","name":"Озеленение","source":"Astana municipal open geoportal","source_url":"https://gis.esaulet.kz/server/rest/services/Sloi_geoportala_otkrytiy_kontur_0702/MapServer/26","sourceId":"astana-municipal-green"}},{"type":"Feature","id":"municipal-green-2526","geometry":{"type":"Polygon","coordinates":[[[71.4329517,51.0913388],[71.4330469,51.0914041],[71.4329898,51.0914233],[71.4328422,51.0913082],[71.432881,51.0912851],[71.4329517,51.0913388]]]},"properties":{"OBJECTID":2526,"kind":"park","name":"Озеленение","source":"Astana municipal open geoportal","source_url":"https://gis.esaulet.kz/server/rest/services/Sloi_geoportala_otkrytiy_kontur_0702/MapServer/26","sourceId":"astana-municipal-green"}},{"type":"Feature","id":"municipal-green-2527","geometry":{"type":"Polygon","coordinates":[[[71.4442143,51.1185589],[71.4440167,51.1187775],[71.4439378,51.1187514],[71.4439746,51.1186006],[71.4440626,51.1185129],[71.4442143,51.1185589]]]},"properties":{"OBJECTID":2527,"kind":"park","name":"Озеленение","source":"Astana municipal open geoportal","source_url":"https://gis.esaulet.kz/server/rest/services/Sloi_geoportala_otkrytiy_kontur_0702/MapServer/26","sourceId":"astana-municipal-green"}},{"type":"Feature","id":"municipal-green-2528","geometry":{"type":"Polygon","coordinates":[[[71.4331825,51.0916176],[71.4333478,51.091691],[71.4333576,51.0917202],[71.4331449,51.0916285],[71.4331825,51.0916176]]]},"properties":{"OBJECTID":2528,"kind":"park","name":"Озеленение","source":"Astana municipal open geoportal","source_url":"https://gis.esaulet.kz/server/rest/services/Sloi_geoportala_otkrytiy_kontur_0702/MapServer/26","sourceId":"astana-municipal-green"}},{"type":"Feature","id":"municipal-green-2529","geometry":{"type":"Polygon","coordinates":[[[71.4324045,51.0906474],[71.4321333,51.0907007],[71.4321031,51.0906774],[71.4324045,51.0906474]]]},"properties":{"OBJECTID":2529,"kind":"park","name":"Озеленение","source":"Astana municipal open geoportal","source_url":"https://gis.esaulet.kz/server/rest/services/Sloi_geoportala_otkrytiy_kontur_0702/MapServer/26","sourceId":"astana-municipal-green"}},{"type":"Feature","id":"municipal-green-2530","geometry":{"type":"Polygon","coordinates":[[[71.4035085,51.1215041],[71.4035414,51.1215198],[71.4032349,51.1215678],[71.4032258,51.121545],[71.4035085,51.1215041]]]},"properties":{"OBJECTID":2530,"kind":"park","name":"Озеленение","source":"Astana municipal open geoportal","source_url":"https://gis.esaulet.kz/server/rest/services/Sloi_geoportala_otkrytiy_kontur_0702/MapServer/26","sourceId":"astana-municipal-green"}},{"type":"Feature","id":"municipal-green-2531","geometry":{"type":"Polygon","coordinates":[[[71.4106887,51.1252326],[71.4102658,51.1241898],[71.4102835,51.1241644],[71.4106131,51.1249661],[71.4106091,51.1250204],[71.4106887,51.1252326]]]},"properties":{"OBJECTID":2531,"kind":"park","name":"Озеленение","source":"Astana municipal open geoportal","source_url":"https://gis.esaulet.kz/server/rest/services/Sloi_geoportala_otkrytiy_kontur_0702/MapServer/26","sourceId":"astana-municipal-green"}},{"type":"Feature","id":"municipal-green-2532","geometry":{"type":"Polygon","coordinates":[[[71.4331355,51.0929935],[71.4331054,51.0929983],[71.4330964,51.0929748],[71.4331276,51.0929706],[71.4331355,51.0929935]]]},"properties":{"OBJECTID":2532,"kind":"park","name":"Озеленение","source":"Astana municipal open geoportal","source_url":"https://gis.esaulet.kz/server/rest/services/Sloi_geoportala_otkrytiy_kontur_0702/MapServer/26","sourceId":"astana-municipal-green"}},{"type":"Feature","id":"municipal-green-2533","geometry":{"type":"Polygon","coordinates":[[[71.4339308,51.0926355],[71.4338755,51.0926529],[71.4337738,51.0928293],[71.4337213,51.0928168],[71.4338149,51.0926259],[71.4339066,51.0925869],[71.4345721,51.092659],[71.4346408,51.0926909],[71.4346752,51.09275],[71.4345996,51.0927375],[71.4345341,51.0926943],[71.4339308,51.0926355]]]},"properties":{"OBJECTID":2533,"kind":"park","name":"Озеленение","source":"Astana municipal open geoportal","source_url":"https://gis.esaulet.kz/server/rest/services/Sloi_geoportala_otkrytiy_kontur_0702/MapServer/26","sourceId":"astana-municipal-green"}},{"type":"Feature","id":"municipal-green-2534","geometry":{"type":"Polygon","coordinates":[[[71.4337405,51.0928985],[71.4336875,51.0928897],[71.4337544,51.0928658],[71.4337405,51.0928985]]]},"properties":{"OBJECTID":2534,"kind":"park","name":"Озеленение","source":"Astana municipal open geoportal","source_url":"https://gis.esaulet.kz/server/rest/services/Sloi_geoportala_otkrytiy_kontur_0702/MapServer/26","sourceId":"astana-municipal-green"}},{"type":"Feature","id":"municipal-green-2535","geometry":{"type":"Polygon","coordinates":[[[71.4308606,51.0933889],[71.4309309,51.0933859],[71.4309489,51.0934164],[71.4308743,51.093427],[71.4308606,51.0933889]]]},"properties":{"OBJECTID":2535,"kind":"park","name":"Озеленение","source":"Astana municipal open geoportal","source_url":"https://gis.esaulet.kz/server/rest/services/Sloi_geoportala_otkrytiy_kontur_0702/MapServer/26","sourceId":"astana-municipal-green"}},{"type":"Feature","id":"municipal-green-2536","geometry":{"type":"Polygon","coordinates":[[[71.4342222,51.0925355],[71.4345862,51.0925663],[71.4344946,51.092596],[71.4340015,51.0925469],[71.4340174,51.0925071],[71.4342222,51.0925355]]]},"properties":{"OBJECTID":2536,"kind":"park","name":"Озеленение","source":"Astana municipal open geoportal","source_url":"https://gis.esaulet.kz/server/rest/services/Sloi_geoportala_otkrytiy_kontur_0702/MapServer/26","sourceId":"astana-municipal-green"}},{"type":"Feature","id":"municipal-green-2537","geometry":{"type":"Polygon","coordinates":[[[71.4331368,51.092168],[71.4331659,51.0922546],[71.4330445,51.092211],[71.4330746,51.0921549],[71.4331368,51.092168]]]},"properties":{"OBJECTID":2537,"kind":"park","name":"Озеленение","source":"Astana municipal open geoportal","source_url":"https://gis.esaulet.kz/server/rest/services/Sloi_geoportala_otkrytiy_kontur_0702/MapServer/26","sourceId":"astana-municipal-green"}},{"type":"Feature","id":"municipal-green-2538","geometry":{"type":"Polygon","coordinates":[[[71.4332542,51.0923288],[71.4336648,51.0924375],[71.4336431,51.0924739],[71.432999,51.092283],[71.4330304,51.0922512],[71.4332542,51.0923288]]]},"properties":{"OBJECTID":2538,"kind":"park","name":"Озеленение","source":"Astana municipal open geoportal","source_url":"https://gis.esaulet.kz/server/rest/services/Sloi_geoportala_otkrytiy_kontur_0702/MapServer/26","sourceId":"astana-municipal-green"}},{"type":"Feature","id":"municipal-green-2539","geometry":{"type":"Polygon","coordinates":[[[71.4322835,51.0918798],[71.4327223,51.0921207],[71.4326873,51.0921507],[71.4325023,51.0920569],[71.4320715,51.0917832],[71.4321154,51.0917584],[71.4322835,51.0918798]]]},"properties":{"OBJECTID":2539,"kind":"park","name":"Озеленение","source":"Astana municipal open geoportal","source_url":"https://gis.esaulet.kz/server/rest/services/Sloi_geoportala_otkrytiy_kontur_0702/MapServer/26","sourceId":"astana-municipal-green"}},{"type":"Feature","id":"municipal-green-2540","geometry":{"type":"Polygon","coordinates":[[[71.431879,51.0915599],[71.4318304,51.0915823],[71.4315634,51.0912827],[71.431619,51.091264],[71.431879,51.0915599]]]},"properties":{"OBJECTID":2540,"kind":"park","name":"Озеленение","source":"Astana municipal open geoportal","source_url":"https://gis.esaulet.kz/server/rest/services/Sloi_geoportala_otkrytiy_kontur_0702/MapServer/26","sourceId":"astana-municipal-green"}},{"type":"Feature","id":"municipal-green-2541","geometry":{"type":"Polygon","coordinates":[[[71.4319681,51.0916402],[71.4319188,51.0916596],[71.4318418,51.0915923],[71.4318894,51.0915709],[71.4319681,51.0916402]]]},"properties":{"OBJECTID":2541,"kind":"park","name":"Озеленение","source":"Astana municipal open geoportal","source_url":"https://gis.esaulet.kz/server/rest/services/Sloi_geoportala_otkrytiy_kontur_0702/MapServer/26","sourceId":"astana-municipal-green"}},{"type":"Feature","id":"municipal-green-2542","geometry":{"type":"Polygon","coordinates":[[[71.4316103,51.0912529],[71.431554,51.0912713],[71.4314657,51.0911308],[71.4315162,51.0911179],[71.4316103,51.0912529]]]},"properties":{"OBJECTID":2542,"kind":"park","name":"Озеленение","source":"Astana municipal open geoportal","source_url":"https://gis.esaulet.kz/server/rest/services/Sloi_geoportala_otkrytiy_kontur_0702/MapServer/26","sourceId":"astana-municipal-green"}},{"type":"Feature","id":"municipal-green-2543","geometry":{"type":"Polygon","coordinates":[[[71.4439888,51.1111583],[71.4437469,51.1113289],[71.4437176,51.1113125],[71.4439595,51.1111418],[71.4439888,51.1111583]]]},"properties":{"OBJECTID":2543,"kind":"park","name":"Озеленение","source":"Astana municipal open geoportal","source_url":"https://gis.esaulet.kz/server/rest/services/Sloi_geoportala_otkrytiy_kontur_0702/MapServer/26","sourceId":"astana-municipal-green"}},{"type":"Feature","id":"municipal-green-2544","geometry":{"type":"Polygon","coordinates":[[[71.4442972,51.1115768],[71.4442715,51.1115952],[71.4442425,51.1115791],[71.4442681,51.1115607],[71.4442972,51.1115768]]]},"properties":{"OBJECTID":2544,"kind":"park","name":"Озеленение","source":"Astana municipal open geoportal","source_url":"https://gis.esaulet.kz/server/rest/services/Sloi_geoportala_otkrytiy_kontur_0702/MapServer/26","sourceId":"astana-municipal-green"}},{"type":"Feature","id":"municipal-green-2545","geometry":{"type":"Polygon","coordinates":[[[71.4442415,51.1116178],[71.4442165,51.1116367],[71.4441859,51.1116206],[71.4442109,51.1116017],[71.4442415,51.1116178]]]},"properties":{"OBJECTID":2545,"kind":"park","name":"Озеленение","source":"Astana municipal open geoportal","source_url":"https://gis.esaulet.kz/server/rest/services/Sloi_geoportala_otkrytiy_kontur_0702/MapServer/26","sourceId":"astana-municipal-green"}},{"type":"Feature","id":"municipal-green-2553","geometry":{"type":"Polygon","coordinates":[[[71.4027205,51.1515725],[71.4027002,51.1516091],[71.4026794,51.1516045],[71.4026987,51.1515677],[71.4027205,51.1515725]]]},"properties":{"OBJECTID":2553,"kind":"park","name":"Озеленение","source":"Astana municipal open geoportal","source_url":"https://gis.esaulet.kz/server/rest/services/Sloi_geoportala_otkrytiy_kontur_0702/MapServer/26","sourceId":"astana-municipal-green"}},{"type":"Feature","id":"municipal-green-2554","geometry":{"type":"Polygon","coordinates":[[[71.4026385,51.1516823],[71.4026479,51.1516646],[71.4026691,51.1516692],[71.4026385,51.1516823]]]},"properties":{"OBJECTID":2554,"kind":"park","name":"Озеленение","source":"Astana municipal open geoportal","source_url":"https://gis.esaulet.kz/server/rest/services/Sloi_geoportala_otkrytiy_kontur_0702/MapServer/26","sourceId":"astana-municipal-green"}},{"type":"Feature","id":"municipal-green-2555","geometry":{"type":"Polygon","coordinates":[[[71.4029032,51.1511527],[71.4029232,51.1511562],[71.4028358,51.1513328],[71.4026867,51.1513034],[71.4027858,51.1511285],[71.4029032,51.1511527]]]},"properties":{"OBJECTID":2555,"kind":"park","name":"Озеленение","source":"Astana municipal open geoportal","source_url":"https://gis.esaulet.kz/server/rest/services/Sloi_geoportala_otkrytiy_kontur_0702/MapServer/26","sourceId":"astana-municipal-green"}},{"type":"Feature","id":"municipal-green-2556","geometry":{"type":"Polygon","coordinates":[[[71.4033474,51.1507854],[71.4032304,51.1510033],[71.403133,51.1509778],[71.4032353,51.1507664],[71.4033474,51.1507854]]]},"properties":{"OBJECTID":2556,"kind":"park","name":"Озеленение","source":"Astana municipal open geoportal","source_url":"https://gis.esaulet.kz/server/rest/services/Sloi_geoportala_otkrytiy_kontur_0702/MapServer/26","sourceId":"astana-municipal-green"}},{"type":"Feature","id":"municipal-green-2557","geometry":{"type":"Polygon","coordinates":[[[71.4031818,51.1510509],[71.4032014,51.151055],[71.4031729,51.1511105],[71.4030804,51.1510858],[71.4031017,51.1510405],[71.4031818,51.1510509]]]},"properties":{"OBJECTID":2557,"kind":"park","name":"Озеленение","source":"Astana municipal open geoportal","source_url":"https://gis.esaulet.kz/server/rest/services/Sloi_geoportala_otkrytiy_kontur_0702/MapServer/26","sourceId":"astana-municipal-green"}},{"type":"Feature","id":"municipal-green-2558","geometry":{"type":"Polygon","coordinates":[[[71.4041363,51.1485157],[71.4041675,51.1485498],[71.4040742,51.1487432],[71.4039821,51.1487247],[71.4040589,51.1485728],[71.4039547,51.1485521],[71.4039893,51.1484845],[71.4041363,51.1485157]]]},"properties":{"OBJECTID":2558,"kind":"park","name":"Озеленение","source":"Astana municipal open geoportal","source_url":"https://gis.esaulet.kz/server/rest/services/Sloi_geoportala_otkrytiy_kontur_0702/MapServer/26","sourceId":"astana-municipal-green"}},{"type":"Feature","id":"municipal-green-2559","geometry":{"type":"Polygon","coordinates":[[[71.4025978,51.1518051],[71.402581,51.1518355],[71.4025596,51.1518308],[71.4025759,51.1518003],[71.4025978,51.1518051]]]},"properties":{"OBJECTID":2559,"kind":"park","name":"Озеленение","source":"Astana municipal open geoportal","source_url":"https://gis.esaulet.kz/server/rest/services/Sloi_geoportala_otkrytiy_kontur_0702/MapServer/26","sourceId":"astana-municipal-green"}},{"type":"Feature","id":"municipal-green-2560","geometry":{"type":"Polygon","coordinates":[[[71.4038688,51.148945],[71.4038901,51.1489493],[71.403842,51.149043],[71.4038207,51.1490387],[71.4038688,51.148945]]]},"properties":{"OBJECTID":2560,"kind":"park","name":"Озеленение","source":"Astana municipal open geoportal","source_url":"https://gis.esaulet.kz/server/rest/services/Sloi_geoportala_otkrytiy_kontur_0702/MapServer/26","sourceId":"astana-municipal-green"}},{"type":"Feature","id":"municipal-green-2561","geometry":{"type":"Polygon","coordinates":[[[71.4038128,51.1490541],[71.4038344,51.1490585],[71.4038053,51.1491153],[71.4037836,51.1491109],[71.4038128,51.1490541]]]},"properties":{"OBJECTID":2561,"kind":"park","name":"Озеленение","source":"Astana municipal open geoportal","source_url":"https://gis.esaulet.kz/server/rest/services/Sloi_geoportala_otkrytiy_kontur_0702/MapServer/26","sourceId":"astana-municipal-green"}},{"type":"Feature","id":"municipal-green-2562","geometry":{"type":"Polygon","coordinates":[[[71.4035202,51.14976],[71.4034493,51.1499021],[71.4034182,51.1498959],[71.4034893,51.1497539],[71.4035202,51.14976]]]},"properties":{"OBJECTID":2562,"kind":"park","name":"Озеленение","source":"Astana municipal open geoportal","source_url":"https://gis.esaulet.kz/server/rest/services/Sloi_geoportala_otkrytiy_kontur_0702/MapServer/26","sourceId":"astana-municipal-green"}},{"type":"Feature","id":"municipal-green-2563","geometry":{"type":"Polygon","coordinates":[[[71.4036367,51.149642],[71.4036146,51.1496896],[71.40353,51.1496728],[71.4035518,51.1496263],[71.4036367,51.149642]]]},"properties":{"OBJECTID":2563,"kind":"park","name":"Озеленение","source":"Astana municipal open geoportal","source_url":"https://gis.esaulet.kz/server/rest/services/Sloi_geoportala_otkrytiy_kontur_0702/MapServer/26","sourceId":"astana-municipal-green"}},{"type":"Feature","id":"municipal-green-2565","geometry":{"type":"Polygon","coordinates":[[[71.4026963,51.169893],[71.4027612,51.1696783],[71.4027852,51.1696712],[71.4027174,51.1698955],[71.4026963,51.169893]]]},"properties":{"OBJECTID":2565,"kind":"park","name":"Озеленение","source":"Astana municipal open geoportal","source_url":"https://gis.esaulet.kz/server/rest/services/Sloi_geoportala_otkrytiy_kontur_0702/MapServer/26","sourceId":"astana-municipal-green"}},{"type":"Feature","id":"municipal-green-2566","geometry":{"type":"Polygon","coordinates":[[[71.4526128,51.1604593],[71.4524067,51.1605286],[71.4523806,51.1604974],[71.4525171,51.1604404],[71.4525903,51.1604324],[71.4526128,51.1604593]]]},"properties":{"OBJECTID":2566,"kind":"park","name":"Озеленение","source":"Astana municipal open geoportal","source_url":"https://gis.esaulet.kz/server/rest/services/Sloi_geoportala_otkrytiy_kontur_0702/MapServer/26","sourceId":"astana-municipal-green"}},{"type":"Feature","id":"municipal-green-2567","geometry":{"type":"Polygon","coordinates":[[[71.4522888,51.1605649],[71.4520573,51.1606434],[71.4520326,51.1606136],[71.4521991,51.160546],[71.452211,51.1605603],[71.4522688,51.1605411],[71.4522888,51.1605649]]]},"properties":{"OBJECTID":2567,"kind":"park","name":"Озеленение","source":"Astana municipal open geoportal","source_url":"https://gis.esaulet.kz/server/rest/services/Sloi_geoportala_otkrytiy_kontur_0702/MapServer/26","sourceId":"astana-municipal-green"}},{"type":"Feature","id":"municipal-green-2568","geometry":{"type":"Polygon","coordinates":[[[71.4519805,51.1607842],[71.4519063,51.1608084],[71.4518664,51.1607622],[71.4517957,51.1607415],[71.4519091,51.1607025],[71.4519805,51.1607842]]]},"properties":{"OBJECTID":2568,"kind":"park","name":"Озеленение","source":"Astana municipal open geoportal","source_url":"https://gis.esaulet.kz/server/rest/services/Sloi_geoportala_otkrytiy_kontur_0702/MapServer/26","sourceId":"astana-municipal-green"}},{"type":"Feature","id":"municipal-green-2569","geometry":{"type":"Polygon","coordinates":[[[71.4007778,51.1488602],[71.4007321,51.1488647],[71.4007391,51.1488517],[71.4007778,51.1488602]]]},"properties":{"OBJECTID":2569,"kind":"park","name":"Озеленение","source":"Astana municipal open geoportal","source_url":"https://gis.esaulet.kz/server/rest/services/Sloi_geoportala_otkrytiy_kontur_0702/MapServer/26","sourceId":"astana-municipal-green"}},{"type":"Feature","id":"municipal-green-2570","geometry":{"type":"Polygon","coordinates":[[[71.4007646,51.1488845],[71.400717,51.148891],[71.4007266,51.1488753],[71.4007646,51.1488845]]]},"properties":{"OBJECTID":2570,"kind":"park","name":"Озеленение","source":"Astana municipal open geoportal","source_url":"https://gis.esaulet.kz/server/rest/services/Sloi_geoportala_otkrytiy_kontur_0702/MapServer/26","sourceId":"astana-municipal-green"}},{"type":"Feature","id":"municipal-green-2571","geometry":{"type":"Polygon","coordinates":[[[71.4010766,51.1488872],[71.401047,51.14897],[71.4008159,51.1489148],[71.4008556,51.1488408],[71.4010766,51.1488872]]]},"properties":{"OBJECTID":2571,"kind":"park","name":"Озеленение","source":"Astana municipal open geoportal","source_url":"https://gis.esaulet.kz/server/rest/services/Sloi_geoportala_otkrytiy_kontur_0702/MapServer/26","sourceId":"astana-municipal-green"}},{"type":"Feature","id":"municipal-green-2572","geometry":{"type":"Polygon","coordinates":[[[71.4013977,51.1489566],[71.4013431,51.1490438],[71.4011723,51.149002],[71.40122,51.1489184],[71.4013977,51.1489566]]]},"properties":{"OBJECTID":2572,"kind":"park","name":"Озеленение","source":"Astana municipal open geoportal","source_url":"https://gis.esaulet.kz/server/rest/services/Sloi_geoportala_otkrytiy_kontur_0702/MapServer/26","sourceId":"astana-municipal-green"}},{"type":"Feature","id":"municipal-green-2573","geometry":{"type":"Polygon","coordinates":[[[71.4340779,51.1159406],[71.434024,51.11618],[71.433985,51.1161853],[71.4337212,51.1154802],[71.4339039,51.1154539],[71.4340779,51.1159406]]]},"properties":{"OBJECTID":2573,"kind":"park","name":"Озеленение","source":"Astana municipal open geoportal","source_url":"https://gis.esaulet.kz/server/rest/services/Sloi_geoportala_otkrytiy_kontur_0702/MapServer/26","sourceId":"astana-municipal-green"}},{"type":"Feature","id":"municipal-green-2575","geometry":{"type":"Polygon","coordinates":[[[71.4528343,51.1437887],[71.4527508,51.1438313],[71.4526532,51.1437969],[71.4527297,51.1437348],[71.4528343,51.1437887]]]},"properties":{"OBJECTID":2575,"kind":"park","name":"Озеленение","source":"Astana municipal open geoportal","source_url":"https://gis.esaulet.kz/server/rest/services/Sloi_geoportala_otkrytiy_kontur_0702/MapServer/26","sourceId":"astana-municipal-green"}},{"type":"Feature","id":"municipal-green-2576","geometry":{"type":"Polygon","coordinates":[[[71.455446,51.1416251],[71.4554656,51.1416448],[71.4553246,51.1418121],[71.4551156,51.1420071],[71.4549992,51.1419575],[71.4553458,51.1415983],[71.455446,51.1416251]]]},"properties":{"OBJECTID":2576,"kind":"park","name":"Озеленение","source":"Astana municipal open geoportal","source_url":"https://gis.esaulet.kz/server/rest/services/Sloi_geoportala_otkrytiy_kontur_0702/MapServer/26","sourceId":"astana-municipal-green"}},{"type":"Feature","id":"municipal-green-2577","geometry":{"type":"Polygon","coordinates":[[[71.4536299,51.1430321],[71.4536872,51.1430789],[71.4536778,51.1431354],[71.4529926,51.1436661],[71.4528895,51.1436057],[71.4536299,51.1430321]]]},"properties":{"OBJECTID":2577,"kind":"park","name":"Озеленение","source":"Astana municipal open geoportal","source_url":"https://gis.esaulet.kz/server/rest/services/Sloi_geoportala_otkrytiy_kontur_0702/MapServer/26","sourceId":"astana-municipal-green"}},{"type":"Feature","id":"municipal-green-2578","geometry":{"type":"Polygon","coordinates":[[[71.4565043,51.1403075],[71.4562435,51.1406451],[71.456112,51.1406167],[71.4563812,51.1402678],[71.4565043,51.1403075]]]},"properties":{"OBJECTID":2578,"kind":"park","name":"Озеленение","source":"Astana municipal open geoportal","source_url":"https://gis.esaulet.kz/server/rest/services/Sloi_geoportala_otkrytiy_kontur_0702/MapServer/26","sourceId":"astana-municipal-green"}},{"type":"Feature","id":"municipal-green-2579","geometry":{"type":"Polygon","coordinates":[[[71.4321612,51.1115829],[71.4322157,51.1116104],[71.4322878,51.1118119],[71.4322265,51.1118136],[71.4321612,51.1115829]]]},"properties":{"OBJECTID":2579,"kind":"park","name":"Озеленение","source":"Astana municipal open geoportal","source_url":"https://gis.esaulet.kz/server/rest/services/Sloi_geoportala_otkrytiy_kontur_0702/MapServer/26","sourceId":"astana-municipal-green"}},{"type":"Feature","id":"municipal-green-2580","geometry":{"type":"Polygon","coordinates":[[[71.3882702,51.1674304],[71.3882369,51.1674302],[71.3882407,51.1671356],[71.3881946,51.1671316],[71.3881676,51.1671028],[71.3882421,51.1670766],[71.3882479,51.1667723],[71.3882811,51.1667734],[71.3882702,51.1674304]]]},"properties":{"OBJECTID":2580,"kind":"park","name":"Озеленение","source":"Astana municipal open geoportal","source_url":"https://gis.esaulet.kz/server/rest/services/Sloi_geoportala_otkrytiy_kontur_0702/MapServer/26","sourceId":"astana-municipal-green"}},{"type":"Feature","id":"municipal-green-2581","geometry":{"type":"Polygon","coordinates":[[[71.3882717,51.1676406],[71.388268,51.1678891],[71.3882332,51.1678889],[71.3882369,51.1676404],[71.3882717,51.1676406]]]},"properties":{"OBJECTID":2581,"kind":"park","name":"Озеленение","source":"Astana municipal open geoportal","source_url":"https://gis.esaulet.kz/server/rest/services/Sloi_geoportala_otkrytiy_kontur_0702/MapServer/26","sourceId":"astana-municipal-green"}},{"type":"Feature","id":"municipal-green-2582","geometry":{"type":"Polygon","coordinates":[[[71.3879796,51.1671179],[71.3880385,51.1671182],[71.3880354,51.1672633],[71.3879775,51.1672571],[71.3879781,51.1672176],[71.3880287,51.1671958],[71.388029,51.1671741],[71.3879789,51.1671653],[71.3879796,51.1671179]]]},"properties":{"OBJECTID":2582,"kind":"park","name":"Озеленение","source":"Astana municipal open geoportal","source_url":"https://gis.esaulet.kz/server/rest/services/Sloi_geoportala_otkrytiy_kontur_0702/MapServer/26","sourceId":"astana-municipal-green"}},{"type":"Feature","id":"municipal-green-2583","geometry":{"type":"Polygon","coordinates":[[[71.3876712,51.1675646],[71.3874244,51.1675501],[71.3876714,51.1675506],[71.3876712,51.1675646]]]},"properties":{"OBJECTID":2583,"kind":"park","name":"Озеленение","source":"Astana municipal open geoportal","source_url":"https://gis.esaulet.kz/server/rest/services/Sloi_geoportala_otkrytiy_kontur_0702/MapServer/26","sourceId":"astana-municipal-green"}},{"type":"Feature","id":"municipal-green-2584","geometry":{"type":"Polygon","coordinates":[[[71.3879652,51.1676046],[71.387692,51.1676036],[71.3876926,51.1675778],[71.3879638,51.1675784],[71.3879652,51.1676046]]]},"properties":{"OBJECTID":2584,"kind":"park","name":"Озеленение","source":"Astana municipal open geoportal","source_url":"https://gis.esaulet.kz/server/rest/services/Sloi_geoportala_otkrytiy_kontur_0702/MapServer/26","sourceId":"astana-municipal-green"}},{"type":"Feature","id":"municipal-green-2589","geometry":{"type":"Polygon","coordinates":[[[71.3960296,51.1518654],[71.3960605,51.1518746],[71.395892,51.1520156],[71.3953401,51.1517529],[71.3954777,51.1516287],[71.3957455,51.1517018],[71.3958778,51.1518215],[71.3960296,51.1518654]],[[71.3957209,51.151763],[71.3956482,51.1517881],[71.395652,51.1518409],[71.3957198,51.1518622],[71.3957843,51.1518385],[71.3957865,51.1517892],[71.3957209,51.151763]]]},"properties":{"OBJECTID":2589,"kind":"park","name":"Озеленение","source":"Astana municipal open geoportal","source_url":"https://gis.esaulet.kz/server/rest/services/Sloi_geoportala_otkrytiy_kontur_0702/MapServer/26","sourceId":"astana-municipal-green"}},{"type":"Feature","id":"municipal-green-2592","geometry":{"type":"Polygon","coordinates":[[[71.4481069,51.1083456],[71.4481486,51.1084962],[71.4478884,51.1085297],[71.4478824,51.108477],[71.4480923,51.1083281],[71.4481069,51.1083456]]]},"properties":{"OBJECTID":2592,"kind":"park","name":"Озеленение","source":"Astana municipal open geoportal","source_url":"https://gis.esaulet.kz/server/rest/services/Sloi_geoportala_otkrytiy_kontur_0702/MapServer/26","sourceId":"astana-municipal-green"}},{"type":"Feature","id":"municipal-green-2593","geometry":{"type":"Polygon","coordinates":[[[71.4186605,51.150312],[71.4187763,51.1503299],[71.4187827,51.1503654],[71.4185748,51.1503299],[71.4186605,51.150312]]]},"properties":{"OBJECTID":2593,"kind":"park","name":"Озеленение","source":"Astana municipal open geoportal","source_url":"https://gis.esaulet.kz/server/rest/services/Sloi_geoportala_otkrytiy_kontur_0702/MapServer/26","sourceId":"astana-municipal-green"}},{"type":"Feature","id":"municipal-green-2594","geometry":{"type":"Polygon","coordinates":[[[71.4807138,51.1518857],[71.4795952,51.1534579],[71.4795187,51.1534811],[71.4793693,51.1534399],[71.4805177,51.1518319],[71.4807138,51.1518857]]]},"properties":{"OBJECTID":2594,"kind":"park","name":"Озеленение","source":"Astana municipal open geoportal","source_url":"https://gis.esaulet.kz/server/rest/services/Sloi_geoportala_otkrytiy_kontur_0702/MapServer/26","sourceId":"astana-municipal-green"}},{"type":"Feature","id":"municipal-green-2595","geometry":{"type":"Polygon","coordinates":[[[71.4819414,51.1507933],[71.4820818,51.1508304],[71.481361,51.1518366],[71.4811658,51.1517817],[71.4818497,51.1508257],[71.4819414,51.1507933]]]},"properties":{"OBJECTID":2595,"kind":"park","name":"Озеленение","source":"Astana municipal open geoportal","source_url":"https://gis.esaulet.kz/server/rest/services/Sloi_geoportala_otkrytiy_kontur_0702/MapServer/26","sourceId":"astana-municipal-green"}},{"type":"Feature","id":"municipal-green-2596","geometry":{"type":"Polygon","coordinates":[[[71.444547,51.1152012],[71.4445623,51.1152274],[71.4445185,51.115226],[71.444547,51.1152012]]]},"properties":{"OBJECTID":2596,"kind":"park","name":"Озеленение","source":"Astana municipal open geoportal","source_url":"https://gis.esaulet.kz/server/rest/services/Sloi_geoportala_otkrytiy_kontur_0702/MapServer/26","sourceId":"astana-municipal-green"}},{"type":"Feature","id":"municipal-green-2597","geometry":{"type":"Polygon","coordinates":[[[71.4447015,51.1153153],[71.444671,51.1153475],[71.4445636,51.1152639],[71.4446057,51.1152433],[71.4447015,51.1153153]]]},"properties":{"OBJECTID":2597,"kind":"park","name":"Озеленение","source":"Astana municipal open geoportal","source_url":"https://gis.esaulet.kz/server/rest/services/Sloi_geoportala_otkrytiy_kontur_0702/MapServer/26","sourceId":"astana-municipal-green"}},{"type":"Feature","id":"municipal-green-2598","geometry":{"type":"Polygon","coordinates":[[[71.4455855,51.1160107],[71.4455416,51.1160329],[71.4453835,51.1159087],[71.4454274,51.1158865],[71.4455855,51.1160107]]]},"properties":{"OBJECTID":2598,"kind":"park","name":"Озеленение","source":"Astana municipal open geoportal","source_url":"https://gis.esaulet.kz/server/rest/services/Sloi_geoportala_otkrytiy_kontur_0702/MapServer/26","sourceId":"astana-municipal-green"}},{"type":"Feature","id":"municipal-green-2599","geometry":{"type":"Polygon","coordinates":[[[71.4095423,51.1230198],[71.4095343,51.1230508],[71.4094901,51.1230688],[71.4094249,51.1229086],[71.4094939,51.1228984],[71.4095423,51.1230198]]]},"properties":{"OBJECTID":2599,"kind":"park","name":"Озеленение","source":"Astana municipal open geoportal","source_url":"https://gis.esaulet.kz/server/rest/services/Sloi_geoportala_otkrytiy_kontur_0702/MapServer/26","sourceId":"astana-municipal-green"}},{"type":"Feature","id":"municipal-green-2600","geometry":{"type":"Polygon","coordinates":[[[71.4298946,51.091726],[71.4299358,51.0917676],[71.4298999,51.0917909],[71.429877,51.0917272],[71.4298946,51.091726]]]},"properties":{"OBJECTID":2600,"kind":"park","name":"Озеленение","source":"Astana municipal open geoportal","source_url":"https://gis.esaulet.kz/server/rest/services/Sloi_geoportala_otkrytiy_kontur_0702/MapServer/26","sourceId":"astana-municipal-green"}},{"type":"Feature","id":"municipal-green-2601","geometry":{"type":"Polygon","coordinates":[[[71.4699999,51.1237584],[71.4700232,51.1238205],[71.4699884,51.1238254],[71.4699644,51.1237635],[71.4699999,51.1237584]]]},"properties":{"OBJECTID":2601,"kind":"park","name":"Озеленение","source":"Astana municipal open geoportal","source_url":"https://gis.esaulet.kz/server/rest/services/Sloi_geoportala_otkrytiy_kontur_0702/MapServer/26","sourceId":"astana-municipal-green"}},{"type":"Feature","id":"municipal-green-2602","geometry":{"type":"Polygon","coordinates":[[[71.4691227,51.1220461],[71.4690936,51.1220501],[71.4689695,51.1217379],[71.469233,51.1216947],[71.4692629,51.1217738],[71.4691419,51.1217885],[71.4692467,51.1220268],[71.4691227,51.1220461]]]},"properties":{"OBJECTID":2602,"kind":"park","name":"Озеленение","source":"Astana municipal open geoportal","source_url":"https://gis.esaulet.kz/server/rest/services/Sloi_geoportala_otkrytiy_kontur_0702/MapServer/26","sourceId":"astana-municipal-green"}},{"type":"Feature","id":"municipal-green-2603","geometry":{"type":"Polygon","coordinates":[[[71.4704661,51.1218206],[71.470484,51.1218944],[71.4703757,51.1219149],[71.4702122,51.1216355],[71.4700971,51.1216406],[71.4700535,51.1215464],[71.4702645,51.1215121],[71.4704661,51.1218206]]]},"properties":{"OBJECTID":2603,"kind":"park","name":"Озеленение","source":"Astana municipal open geoportal","source_url":"https://gis.esaulet.kz/server/rest/services/Sloi_geoportala_otkrytiy_kontur_0702/MapServer/26","sourceId":"astana-municipal-green"}},{"type":"Feature","id":"municipal-green-2605","geometry":{"type":"Polygon","coordinates":[[[71.4231064,51.1219953],[71.4229842,51.122013],[71.4229502,51.1219938],[71.423095,51.1219787],[71.4231064,51.1219953]]]},"properties":{"OBJECTID":2605,"kind":"park","name":"Озеленение","source":"Astana municipal open geoportal","source_url":"https://gis.esaulet.kz/server/rest/services/Sloi_geoportala_otkrytiy_kontur_0702/MapServer/26","sourceId":"astana-municipal-green"}},{"type":"Feature","id":"municipal-green-2606","geometry":{"type":"Polygon","coordinates":[[[71.4120609,51.1409457],[71.4120181,51.1409525],[71.4119446,51.1408811],[71.412044,51.1408171],[71.4120957,51.1408249],[71.411988,51.140896],[71.4120609,51.1409457]]]},"properties":{"OBJECTID":2606,"kind":"park","name":"Озеленение","source":"Astana municipal open geoportal","source_url":"https://gis.esaulet.kz/server/rest/services/Sloi_geoportala_otkrytiy_kontur_0702/MapServer/26","sourceId":"astana-municipal-green"}},{"type":"Feature","id":"municipal-green-2607","geometry":{"type":"Polygon","coordinates":[[[71.4865279,51.1318966],[71.4865849,51.1319006],[71.4865705,51.1319213],[71.4864601,51.1318963],[71.4864715,51.1318806],[71.4865279,51.1318966]]]},"properties":{"OBJECTID":2607,"kind":"park","name":"Озеленение","source":"Astana municipal open geoportal","source_url":"https://gis.esaulet.kz/server/rest/services/Sloi_geoportala_otkrytiy_kontur_0702/MapServer/26","sourceId":"astana-municipal-green"}},{"type":"Feature","id":"municipal-green-2608","geometry":{"type":"Polygon","coordinates":[[[71.4881241,51.1324816],[71.4880428,51.1324438],[71.4880808,51.1324343],[71.4881488,51.1324771],[71.4881241,51.1324816]]]},"properties":{"OBJECTID":2608,"kind":"park","name":"Озеленение","source":"Astana municipal open geoportal","source_url":"https://gis.esaulet.kz/server/rest/services/Sloi_geoportala_otkrytiy_kontur_0702/MapServer/26","sourceId":"astana-municipal-green"}},{"type":"Feature","id":"municipal-green-2611","geometry":{"type":"Polygon","coordinates":[[[71.4890087,51.1327233],[71.48879,51.1326598],[71.4888027,51.1326436],[71.4890213,51.1327067],[71.4890087,51.1327233]]]},"properties":{"OBJECTID":2611,"kind":"park","name":"Озеленение","source":"Astana municipal open geoportal","source_url":"https://gis.esaulet.kz/server/rest/services/Sloi_geoportala_otkrytiy_kontur_0702/MapServer/26","sourceId":"astana-municipal-green"}},{"type":"Feature","id":"municipal-green-2612","geometry":{"type":"Polygon","coordinates":[[[71.4876079,51.1323171],[71.4874656,51.1322766],[71.4874776,51.1322602],[71.4876193,51.1323011],[71.4876079,51.1323171]]]},"properties":{"OBJECTID":2612,"kind":"park","name":"Озеленение","source":"Astana municipal open geoportal","source_url":"https://gis.esaulet.kz/server/rest/services/Sloi_geoportala_otkrytiy_kontur_0702/MapServer/26","sourceId":"astana-municipal-green"}},{"type":"Feature","id":"municipal-green-2613","geometry":{"type":"Polygon","coordinates":[[[71.4871989,51.1322016],[71.4872094,51.1321858],[71.4872813,51.1322058],[71.4872703,51.1322222],[71.4871989,51.1322016]]]},"properties":{"OBJECTID":2613,"kind":"park","name":"Озеленение","source":"Astana municipal open geoportal","source_url":"https://gis.esaulet.kz/server/rest/services/Sloi_geoportala_otkrytiy_kontur_0702/MapServer/26","sourceId":"astana-municipal-green"}},{"type":"Feature","id":"municipal-green-2614","geometry":{"type":"Polygon","coordinates":[[[71.4871263,51.1321815],[71.4869969,51.1321449],[71.4870079,51.1321295],[71.4871376,51.1321659],[71.4871263,51.1321815]]]},"properties":{"OBJECTID":2614,"kind":"park","name":"Озеленение","source":"Astana municipal open geoportal","source_url":"https://gis.esaulet.kz/server/rest/services/Sloi_geoportala_otkrytiy_kontur_0702/MapServer/26","sourceId":"astana-municipal-green"}},{"type":"Feature","id":"municipal-green-2615","geometry":{"type":"Polygon","coordinates":[[[71.486851,51.1321043],[71.4866696,51.1320532],[71.4866807,51.1320376],[71.4868622,51.1320887],[71.486851,51.1321043]]]},"properties":{"OBJECTID":2615,"kind":"park","name":"Озеленение","source":"Astana municipal open geoportal","source_url":"https://gis.esaulet.kz/server/rest/services/Sloi_geoportala_otkrytiy_kontur_0702/MapServer/26","sourceId":"astana-municipal-green"}},{"type":"Feature","id":"municipal-green-2616","geometry":{"type":"Polygon","coordinates":[[[71.4865972,51.132033],[71.4862851,51.1319453],[71.4862964,51.1319294],[71.4866083,51.1320174],[71.4865972,51.132033]]]},"properties":{"OBJECTID":2616,"kind":"park","name":"Озеленение","source":"Astana municipal open geoportal","source_url":"https://gis.esaulet.kz/server/rest/services/Sloi_geoportala_otkrytiy_kontur_0702/MapServer/26","sourceId":"astana-municipal-green"}},{"type":"Feature","id":"municipal-green-2617","geometry":{"type":"Polygon","coordinates":[[[71.4859185,51.1318414],[71.4856494,51.131767],[71.4856609,51.1317505],[71.4859295,51.1318257],[71.4859185,51.1318414]]]},"properties":{"OBJECTID":2617,"kind":"park","name":"Озеленение","source":"Astana municipal open geoportal","source_url":"https://gis.esaulet.kz/server/rest/services/Sloi_geoportala_otkrytiy_kontur_0702/MapServer/26","sourceId":"astana-municipal-green"}},{"type":"Feature","id":"municipal-green-2618","geometry":{"type":"Polygon","coordinates":[[[71.4513302,51.1605758],[71.4512774,51.1606781],[71.4511469,51.1605385],[71.4513302,51.1605758]]]},"properties":{"OBJECTID":2618,"kind":"park","name":"Озеленение","source":"Astana municipal open geoportal","source_url":"https://gis.esaulet.kz/server/rest/services/Sloi_geoportala_otkrytiy_kontur_0702/MapServer/26","sourceId":"astana-municipal-green"}},{"type":"Feature","id":"municipal-green-2619","geometry":{"type":"Polygon","coordinates":[[[71.452566,51.1606217],[71.4524136,51.160672],[71.4523953,51.1606501],[71.4525494,51.1606018],[71.452566,51.1606217]]]},"properties":{"OBJECTID":2619,"kind":"park","name":"Озеленение","source":"Astana municipal open geoportal","source_url":"https://gis.esaulet.kz/server/rest/services/Sloi_geoportala_otkrytiy_kontur_0702/MapServer/26","sourceId":"astana-municipal-green"}},{"type":"Feature","id":"municipal-green-2620","geometry":{"type":"Polygon","coordinates":[[[71.4523612,51.1606893],[71.4522242,51.1607345],[71.4522053,51.1607118],[71.4523435,51.1606682],[71.4523612,51.1606893]]]},"properties":{"OBJECTID":2620,"kind":"park","name":"Озеленение","source":"Astana municipal open geoportal","source_url":"https://gis.esaulet.kz/server/rest/services/Sloi_geoportala_otkrytiy_kontur_0702/MapServer/26","sourceId":"astana-municipal-green"}},{"type":"Feature","id":"municipal-green-2621","geometry":{"type":"Polygon","coordinates":[[[71.4526178,51.1606046],[71.4526,51.1605832],[71.45266,51.1605822],[71.4528062,51.1607533],[71.4522881,51.160924],[71.4521411,51.160758],[71.4520839,51.1607637],[71.4521546,51.1607291],[71.4521732,51.1607514],[71.4521499,51.1607591],[71.4522909,51.1609152],[71.4527932,51.1607493],[71.4526596,51.1605908],[71.4526178,51.1606046]]]},"properties":{"OBJECTID":2621,"kind":"park","name":"Озеленение","source":"Astana municipal open geoportal","source_url":"https://gis.esaulet.kz/server/rest/services/Sloi_geoportala_otkrytiy_kontur_0702/MapServer/26","sourceId":"astana-municipal-green"}},{"type":"Feature","id":"municipal-green-2629","geometry":{"type":"Polygon","coordinates":[[[71.4305495,51.1165432],[71.4305004,51.1164558],[71.4305641,51.1164449],[71.4305959,51.1165303],[71.4305495,51.1165432]]]},"properties":{"OBJECTID":2629,"kind":"park","name":"Озеленение","source":"Astana municipal open geoportal","source_url":"https://gis.esaulet.kz/server/rest/services/Sloi_geoportala_otkrytiy_kontur_0702/MapServer/26","sourceId":"astana-municipal-green"}},{"type":"Feature","id":"municipal-green-2635","geometry":{"type":"Polygon","coordinates":[[[71.4520528,51.1608674],[71.452069,51.1608884],[71.4520184,51.1609054],[71.4519931,51.1608762],[71.4520528,51.1608674]]]},"properties":{"OBJECTID":2635,"kind":"park","name":"Озеленение","source":"Astana municipal open geoportal","source_url":"https://gis.esaulet.kz/server/rest/services/Sloi_geoportala_otkrytiy_kontur_0702/MapServer/26","sourceId":"astana-municipal-green"}},{"type":"Feature","id":"municipal-green-2638","geometry":{"type":"Polygon","coordinates":[[[71.4319341,51.1264229],[71.4318654,51.1264209],[71.4318466,51.1263718],[71.431903,51.1263496],[71.4319341,51.1264229]]]},"properties":{"OBJECTID":2638,"kind":"park","name":"Озеленение","source":"Astana municipal open geoportal","source_url":"https://gis.esaulet.kz/server/rest/services/Sloi_geoportala_otkrytiy_kontur_0702/MapServer/26","sourceId":"astana-municipal-green"}},{"type":"Feature","id":"municipal-green-2639","geometry":{"type":"Polygon","coordinates":[[[71.4319737,51.1265203],[71.431905,51.1265183],[71.4318862,51.1264692],[71.4319431,51.1264467],[71.4319737,51.1265203]]]},"properties":{"OBJECTID":2639,"kind":"park","name":"Озеленение","source":"Astana municipal open geoportal","source_url":"https://gis.esaulet.kz/server/rest/services/Sloi_geoportala_otkrytiy_kontur_0702/MapServer/26","sourceId":"astana-municipal-green"}},{"type":"Feature","id":"municipal-green-2640","geometry":{"type":"Polygon","coordinates":[[[71.4320726,51.1267794],[71.4320964,51.1268402],[71.4320312,51.1268372],[71.4320136,51.1267886],[71.4320726,51.1267794]]]},"properties":{"OBJECTID":2640,"kind":"park","name":"Озеленение","source":"Astana municipal open geoportal","source_url":"https://gis.esaulet.kz/server/rest/services/Sloi_geoportala_otkrytiy_kontur_0702/MapServer/26","sourceId":"astana-municipal-green"}},{"type":"Feature","id":"municipal-green-2642","geometry":{"type":"Polygon","coordinates":[[[71.4325473,51.1120879],[71.432581,51.1121903],[71.4324989,51.1120951],[71.4325473,51.1120879]]]},"properties":{"OBJECTID":2642,"kind":"park","name":"Озеленение","source":"Astana municipal open geoportal","source_url":"https://gis.esaulet.kz/server/rest/services/Sloi_geoportala_otkrytiy_kontur_0702/MapServer/26","sourceId":"astana-municipal-green"}},{"type":"Feature","id":"municipal-green-2643","geometry":{"type":"Polygon","coordinates":[[[71.3875478,51.1668206],[71.3875865,51.1668381],[71.387583,51.1668655],[71.3875052,51.1668662],[71.3875036,51.1668348],[71.3875478,51.1668206]]]},"properties":{"OBJECTID":2643,"kind":"park","name":"Озеленение","source":"Astana municipal open geoportal","source_url":"https://gis.esaulet.kz/server/rest/services/Sloi_geoportala_otkrytiy_kontur_0702/MapServer/26","sourceId":"astana-municipal-green"}},{"type":"Feature","id":"municipal-green-2644","geometry":{"type":"Polygon","coordinates":[[[71.3882569,51.1679229],[71.3883242,51.1679498],[71.3883248,51.1680019],[71.3882584,51.1680295],[71.3881812,51.1680076],[71.388174,51.1679525],[71.3882569,51.1679229]]]},"properties":{"OBJECTID":2644,"kind":"park","name":"Озеленение","source":"Astana municipal open geoportal","source_url":"https://gis.esaulet.kz/server/rest/services/Sloi_geoportala_otkrytiy_kontur_0702/MapServer/26","sourceId":"astana-municipal-green"}},{"type":"Feature","id":"municipal-green-2645","geometry":{"type":"Polygon","coordinates":[[[71.387681,51.1673857],[71.3876857,51.1670733],[71.3877482,51.1670785],[71.3877651,51.1671],[71.3877611,51.1673706],[71.387681,51.1673857]]]},"properties":{"OBJECTID":2645,"kind":"park","name":"Озеленение","source":"Astana municipal open geoportal","source_url":"https://gis.esaulet.kz/server/rest/services/Sloi_geoportala_otkrytiy_kontur_0702/MapServer/26","sourceId":"astana-municipal-green"}},{"type":"Feature","id":"municipal-green-2646","geometry":{"type":"Polygon","coordinates":[[[71.4769167,51.1673799],[71.4769864,51.1674302],[71.4769244,51.1674831],[71.4768421,51.1674012],[71.4769167,51.1673799]]]},"properties":{"OBJECTID":2646,"kind":"park","name":"Озеленение","source":"Astana municipal open geoportal","source_url":"https://gis.esaulet.kz/server/rest/services/Sloi_geoportala_otkrytiy_kontur_0702/MapServer/26","sourceId":"astana-municipal-green"}},{"type":"Feature","id":"municipal-green-2652","geometry":{"type":"Polygon","coordinates":[[[71.4320261,51.1265788],[71.4319893,51.1266202],[71.4319481,51.126627],[71.4319364,51.1265994],[71.4320261,51.1265788]]]},"properties":{"OBJECTID":2652,"kind":"park","name":"Озеленение","source":"Astana municipal open geoportal","source_url":"https://gis.esaulet.kz/server/rest/services/Sloi_geoportala_otkrytiy_kontur_0702/MapServer/26","sourceId":"astana-municipal-green"}},{"type":"Feature","id":"municipal-green-2653","geometry":{"type":"Polygon","coordinates":[[[71.4322044,51.127211],[71.4321578,51.1272004],[71.4321927,51.1271854],[71.4322044,51.127211]]]},"properties":{"OBJECTID":2653,"kind":"park","name":"Озеленение","source":"Astana municipal open geoportal","source_url":"https://gis.esaulet.kz/server/rest/services/Sloi_geoportala_otkrytiy_kontur_0702/MapServer/26","sourceId":"astana-municipal-green"}},{"type":"Feature","id":"municipal-green-2654","geometry":{"type":"Polygon","coordinates":[[[71.4350641,51.1262926],[71.4348489,51.1263273],[71.4347848,51.1261701],[71.435,51.1261353],[71.4350641,51.1262926]]]},"properties":{"OBJECTID":2654,"kind":"park","name":"Озеленение","source":"Astana municipal open geoportal","source_url":"https://gis.esaulet.kz/server/rest/services/Sloi_geoportala_otkrytiy_kontur_0702/MapServer/26","sourceId":"astana-municipal-green"}},{"type":"Feature","id":"municipal-green-2655","geometry":{"type":"Polygon","coordinates":[[[71.4305258,51.0919827],[71.4304607,51.0920062],[71.4304328,51.091973],[71.4305177,51.0919599],[71.4305258,51.0919827]]]},"properties":{"OBJECTID":2655,"kind":"park","name":"Озеленение","source":"Astana municipal open geoportal","source_url":"https://gis.esaulet.kz/server/rest/services/Sloi_geoportala_otkrytiy_kontur_0702/MapServer/26","sourceId":"astana-municipal-green"}},{"type":"Feature","id":"municipal-green-2656","geometry":{"type":"Polygon","coordinates":[[[71.4301638,51.0914589],[71.4299925,51.0914973],[71.4300781,51.0917447],[71.4301755,51.0920071],[71.430356,51.091983],[71.4303636,51.0920057],[71.4301746,51.0920155],[71.4299848,51.0914835],[71.4301583,51.0914435],[71.4301638,51.0914589]]]},"properties":{"OBJECTID":2656,"kind":"park","name":"Озеленение","source":"Astana municipal open geoportal","source_url":"https://gis.esaulet.kz/server/rest/services/Sloi_geoportala_otkrytiy_kontur_0702/MapServer/26","sourceId":"astana-municipal-green"}},{"type":"Feature","id":"municipal-green-2657","geometry":{"type":"Polygon","coordinates":[[[71.407441,51.1206788],[71.4073817,51.1207177],[71.407207,51.120748],[71.4069343,51.1207526],[71.407441,51.1206788]]]},"properties":{"OBJECTID":2657,"kind":"park","name":"Озеленение","source":"Astana municipal open geoportal","source_url":"https://gis.esaulet.kz/server/rest/services/Sloi_geoportala_otkrytiy_kontur_0702/MapServer/26","sourceId":"astana-municipal-green"}},{"type":"Feature","id":"municipal-green-2658","geometry":{"type":"Polygon","coordinates":[[[71.3969974,51.1517355],[71.3970197,51.1520971],[71.3969903,51.1521081],[71.3968511,51.1520714],[71.3968752,51.1519481],[71.3968594,51.1518876],[71.3968171,51.1518183],[71.3966871,51.1517158],[71.3966686,51.1516772],[71.3967939,51.1515939],[71.3968931,51.1516138],[71.3969772,51.1516029],[71.3969974,51.1517355]]]},"properties":{"OBJECTID":2658,"kind":"park","name":"Озеленение","source":"Astana municipal open geoportal","source_url":"https://gis.esaulet.kz/server/rest/services/Sloi_geoportala_otkrytiy_kontur_0702/MapServer/26","sourceId":"astana-municipal-green"}},{"type":"Feature","id":"municipal-green-2659","geometry":{"type":"Polygon","coordinates":[[[71.4566773,51.159088],[71.456633,51.1591103],[71.4566089,51.1590812],[71.456865,51.1590018],[71.4568761,51.1590153],[71.4566773,51.159088]]]},"properties":{"OBJECTID":2659,"kind":"park","name":"Озеленение","source":"Astana municipal open geoportal","source_url":"https://gis.esaulet.kz/server/rest/services/Sloi_geoportala_otkrytiy_kontur_0702/MapServer/26","sourceId":"astana-municipal-green"}},{"type":"Feature","id":"municipal-green-2660","geometry":{"type":"Polygon","coordinates":[[[71.4566024,51.1591044],[71.4563759,51.1591945],[71.4563496,51.1591629],[71.456589,51.1590874],[71.4566024,51.1591044]]]},"properties":{"OBJECTID":2660,"kind":"park","name":"Озеленение","source":"Astana municipal open geoportal","source_url":"https://gis.esaulet.kz/server/rest/services/Sloi_geoportala_otkrytiy_kontur_0702/MapServer/26","sourceId":"astana-municipal-green"}},{"type":"Feature","id":"municipal-green-2661","geometry":{"type":"Polygon","coordinates":[[[71.4571553,51.1592179],[71.4571671,51.1592343],[71.4571164,51.1592655],[71.4570792,51.1592226],[71.4571553,51.1592179]]]},"properties":{"OBJECTID":2661,"kind":"park","name":"Озеленение","source":"Astana municipal open geoportal","source_url":"https://gis.esaulet.kz/server/rest/services/Sloi_geoportala_otkrytiy_kontur_0702/MapServer/26","sourceId":"astana-municipal-green"}},{"type":"Feature","id":"municipal-green-2662","geometry":{"type":"Polygon","coordinates":[[[71.4569127,51.159229],[71.456936,51.1592577],[71.4567194,51.1593285],[71.4566959,51.1593001],[71.4569127,51.159229]]]},"properties":{"OBJECTID":2662,"kind":"park","name":"Озеленение","source":"Astana municipal open geoportal","source_url":"https://gis.esaulet.kz/server/rest/services/Sloi_geoportala_otkrytiy_kontur_0702/MapServer/26","sourceId":"astana-municipal-green"}},{"type":"Feature","id":"municipal-green-2663","geometry":{"type":"Polygon","coordinates":[[[71.4571049,51.1592014],[71.4569882,51.1592398],[71.4569651,51.1592118],[71.4570773,51.1591627],[71.4571049,51.1592014]]]},"properties":{"OBJECTID":2663,"kind":"park","name":"Озеленение","source":"Astana municipal open geoportal","source_url":"https://gis.esaulet.kz/server/rest/services/Sloi_geoportala_otkrytiy_kontur_0702/MapServer/26","sourceId":"astana-municipal-green"}},{"type":"Feature","id":"municipal-green-2664","geometry":{"type":"Polygon","coordinates":[[[71.4601634,51.1038527],[71.4601574,51.1039885],[71.4600036,51.103983],[71.4599968,51.103954],[71.4601562,51.1038352],[71.4601634,51.1038527]]]},"properties":{"OBJECTID":2664,"kind":"park","name":"Озеленение","source":"Astana municipal open geoportal","source_url":"https://gis.esaulet.kz/server/rest/services/Sloi_geoportala_otkrytiy_kontur_0702/MapServer/26","sourceId":"astana-municipal-green"}},{"type":"Feature","id":"municipal-green-2665","geometry":{"type":"Polygon","coordinates":[[[71.4599555,51.1039327],[71.4599018,51.1039278],[71.4596991,51.1037494],[71.4601372,51.1037974],[71.4599555,51.1039327]]]},"properties":{"OBJECTID":2665,"kind":"park","name":"Озеленение","source":"Astana municipal open geoportal","source_url":"https://gis.esaulet.kz/server/rest/services/Sloi_geoportala_otkrytiy_kontur_0702/MapServer/26","sourceId":"astana-municipal-green"}},{"type":"Feature","id":"municipal-green-2666","geometry":{"type":"Polygon","coordinates":[[[71.4638828,51.1434716],[71.4638968,51.1435375],[71.46383,51.1435383],[71.4638345,51.1433728],[71.4640008,51.1433751],[71.464001,51.1434071],[71.4638993,51.1434062],[71.4638828,51.1434716]]]},"properties":{"OBJECTID":2666,"kind":"park","name":"Озеленение","source":"Astana municipal open geoportal","source_url":"https://gis.esaulet.kz/server/rest/services/Sloi_geoportala_otkrytiy_kontur_0702/MapServer/26","sourceId":"astana-municipal-green"}},{"type":"Feature","id":"municipal-green-2667","geometry":{"type":"Polygon","coordinates":[[[71.4453367,51.1158157],[71.4452939,51.1158373],[71.4451392,51.1157156],[71.4451821,51.115694],[71.4453367,51.1158157]]]},"properties":{"OBJECTID":2667,"kind":"park","name":"Озеленение","source":"Astana municipal open geoportal","source_url":"https://gis.esaulet.kz/server/rest/services/Sloi_geoportala_otkrytiy_kontur_0702/MapServer/26","sourceId":"astana-municipal-green"}},{"type":"Feature","id":"municipal-green-2668","geometry":{"type":"Polygon","coordinates":[[[71.4453695,51.1158463],[71.445387,51.1158723],[71.4453401,51.1158701],[71.4453695,51.1158463]]]},"properties":{"OBJECTID":2668,"kind":"park","name":"Озеленение","source":"Astana municipal open geoportal","source_url":"https://gis.esaulet.kz/server/rest/services/Sloi_geoportala_otkrytiy_kontur_0702/MapServer/26","sourceId":"astana-municipal-green"}},{"type":"Feature","id":"municipal-green-2669","geometry":{"type":"Polygon","coordinates":[[[71.3954084,51.1510241],[71.3954976,51.1511575],[71.3955224,51.1512566],[71.3953676,51.1513546],[71.3952633,51.1513433],[71.3951601,51.151295],[71.3952643,51.1510917],[71.3954084,51.1510241]]]},"properties":{"OBJECTID":2669,"kind":"park","name":"Озеленение","source":"Astana municipal open geoportal","source_url":"https://gis.esaulet.kz/server/rest/services/Sloi_geoportala_otkrytiy_kontur_0702/MapServer/26","sourceId":"astana-municipal-green"}},{"type":"Feature","id":"municipal-green-2670","geometry":{"type":"Polygon","coordinates":[[[71.4597608,51.1038202],[71.459884,51.1039325],[71.4598559,51.1039535],[71.4598562,51.1039954],[71.4596984,51.104094],[71.4592304,51.1042697],[71.4592751,51.104035],[71.4593463,51.1039449],[71.459684,51.1037601],[71.4597608,51.1038202]]]},"properties":{"OBJECTID":2670,"kind":"park","name":"Озеленение","source":"Astana municipal open geoportal","source_url":"https://gis.esaulet.kz/server/rest/services/Sloi_geoportala_otkrytiy_kontur_0702/MapServer/26","sourceId":"astana-municipal-green"}},{"type":"Feature","id":"municipal-green-2671","geometry":{"type":"Polygon","coordinates":[[[71.4851327,51.1316025],[71.48501,51.1316419],[71.4849378,51.1315675],[71.4849494,51.1315511],[71.4851327,51.1316025]]]},"properties":{"OBJECTID":2671,"kind":"park","name":"Озеленение","source":"Astana municipal open geoportal","source_url":"https://gis.esaulet.kz/server/rest/services/Sloi_geoportala_otkrytiy_kontur_0702/MapServer/26","sourceId":"astana-municipal-green"}},{"type":"Feature","id":"municipal-green-2673","geometry":{"type":"Polygon","coordinates":[[[71.4589757,51.1464985],[71.4589574,51.1465242],[71.4584554,51.146382],[71.4584716,51.1463598],[71.4589757,51.1464985]]]},"properties":{"OBJECTID":2673,"kind":"park","name":"Озеленение","source":"Astana municipal open geoportal","source_url":"https://gis.esaulet.kz/server/rest/services/Sloi_geoportala_otkrytiy_kontur_0702/MapServer/26","sourceId":"astana-municipal-green"}},{"type":"Feature","id":"municipal-green-2675","geometry":{"type":"Polygon","coordinates":[[[71.4519582,51.1424343],[71.4519816,51.142361],[71.4520681,51.1423842],[71.4520216,51.1424465],[71.4519582,51.1424343]]]},"properties":{"OBJECTID":2675,"kind":"park","name":"Озеленение","source":"Astana municipal open geoportal","source_url":"https://gis.esaulet.kz/server/rest/services/Sloi_geoportala_otkrytiy_kontur_0702/MapServer/26","sourceId":"astana-municipal-green"}},{"type":"Feature","id":"municipal-green-2676","geometry":{"type":"Polygon","coordinates":[[[71.451156,51.1421192],[71.4511039,51.1421928],[71.4507361,51.1420985],[71.4507311,51.1420689],[71.4506917,51.1420587],[71.4507248,51.1420078],[71.451156,51.1421192]]]},"properties":{"OBJECTID":2676,"kind":"park","name":"Озеленение","source":"Astana municipal open geoportal","source_url":"https://gis.esaulet.kz/server/rest/services/Sloi_geoportala_otkrytiy_kontur_0702/MapServer/26","sourceId":"astana-municipal-green"}},{"type":"Feature","id":"municipal-green-2677","geometry":{"type":"Polygon","coordinates":[[[71.3879671,51.1679171],[71.3876574,51.167916],[71.3876586,51.1678847],[71.387967,51.1678853],[71.3879671,51.1679171]]]},"properties":{"OBJECTID":2677,"kind":"park","name":"Озеленение","source":"Astana municipal open geoportal","source_url":"https://gis.esaulet.kz/server/rest/services/Sloi_geoportala_otkrytiy_kontur_0702/MapServer/26","sourceId":"astana-municipal-green"}},{"type":"Feature","id":"municipal-green-2678","geometry":{"type":"Polygon","coordinates":[[[71.4878097,51.1322572],[71.4877986,51.1322728],[71.4876168,51.1322214],[71.4876281,51.1322056],[71.4878097,51.1322572]]]},"properties":{"OBJECTID":2678,"kind":"park","name":"Озеленение","source":"Astana municipal open geoportal","source_url":"https://gis.esaulet.kz/server/rest/services/Sloi_geoportala_otkrytiy_kontur_0702/MapServer/26","sourceId":"astana-municipal-green"}},{"type":"Feature","id":"municipal-green-2679","geometry":{"type":"Polygon","coordinates":[[[71.4879699,51.1324219],[71.48775,51.1323584],[71.4877622,51.1323417],[71.4879822,51.132405],[71.4879699,51.1324219]]]},"properties":{"OBJECTID":2679,"kind":"park","name":"Озеленение","source":"Astana municipal open geoportal","source_url":"https://gis.esaulet.kz/server/rest/services/Sloi_geoportala_otkrytiy_kontur_0702/MapServer/26","sourceId":"astana-municipal-green"}},{"type":"Feature","id":"municipal-green-2680","geometry":{"type":"Polygon","coordinates":[[[71.4851984,51.1316402],[71.4852496,51.1316361],[71.4852388,51.1316517],[71.4851984,51.1316402]]]},"properties":{"OBJECTID":2680,"kind":"park","name":"Озеленение","source":"Astana municipal open geoportal","source_url":"https://gis.esaulet.kz/server/rest/services/Sloi_geoportala_otkrytiy_kontur_0702/MapServer/26","sourceId":"astana-municipal-green"}},{"type":"Feature","id":"municipal-green-2681","geometry":{"type":"Polygon","coordinates":[[[71.3882548,51.1685998],[71.3882236,51.1685994],[71.3882242,51.1683657],[71.3881697,51.1683609],[71.3881474,51.1683357],[71.3881704,51.1683085],[71.3882272,51.1683056],[71.3882309,51.1680614],[71.388262,51.1680624],[71.3882548,51.1685998]]]},"properties":{"OBJECTID":2681,"kind":"park","name":"Озеленение","source":"Astana municipal open geoportal","source_url":"https://gis.esaulet.kz/server/rest/services/Sloi_geoportala_otkrytiy_kontur_0702/MapServer/26","sourceId":"astana-municipal-green"}},{"type":"Feature","id":"municipal-green-2682","geometry":{"type":"Polygon","coordinates":[[[71.3865562,51.1687229],[71.3865573,51.168623],[71.3866052,51.1685987],[71.3866054,51.1685777],[71.386558,51.168572],[71.386563,51.1685508],[71.3866201,51.1685533],[71.3866164,51.1687232],[71.3865562,51.1687229]]]},"properties":{"OBJECTID":2682,"kind":"park","name":"Озеленение","source":"Astana municipal open geoportal","source_url":"https://gis.esaulet.kz/server/rest/services/Sloi_geoportala_otkrytiy_kontur_0702/MapServer/26","sourceId":"astana-municipal-green"}},{"type":"Feature","id":"municipal-green-2683","geometry":{"type":"Polygon","coordinates":[[[71.4324307,51.1121696],[71.4324193,51.1122054],[71.4323755,51.1122249],[71.4322943,51.1119645],[71.4323404,51.1119593],[71.4324307,51.1121696]]]},"properties":{"OBJECTID":2683,"kind":"park","name":"Озеленение","source":"Astana municipal open geoportal","source_url":"https://gis.esaulet.kz/server/rest/services/Sloi_geoportala_otkrytiy_kontur_0702/MapServer/26","sourceId":"astana-municipal-green"}},{"type":"Feature","id":"municipal-green-2684","geometry":{"type":"Polygon","coordinates":[[[71.4323282,51.1119242],[71.4322697,51.1119285],[71.4322442,51.1118607],[71.4323007,51.1118464],[71.4323282,51.1119242]]]},"properties":{"OBJECTID":2684,"kind":"park","name":"Озеленение","source":"Astana municipal open geoportal","source_url":"https://gis.esaulet.kz/server/rest/services/Sloi_geoportala_otkrytiy_kontur_0702/MapServer/26","sourceId":"astana-municipal-green"}},{"type":"Feature","id":"municipal-green-2685","geometry":{"type":"Polygon","coordinates":[[[71.432095,51.1093743],[71.4323276,51.1100175],[71.4323273,51.1100927],[71.432045,51.109304],[71.432095,51.1093743]]]},"properties":{"OBJECTID":2685,"kind":"park","name":"Озеленение","source":"Astana municipal open geoportal","source_url":"https://gis.esaulet.kz/server/rest/services/Sloi_geoportala_otkrytiy_kontur_0702/MapServer/26","sourceId":"astana-municipal-green"}},{"type":"Feature","id":"municipal-green-2691","geometry":{"type":"Polygon","coordinates":[[[71.4838297,51.1588116],[71.483751,51.1588303],[71.4835359,51.1586108],[71.4833375,51.1586877],[71.4833875,51.1587388],[71.483338,51.1587574],[71.4832699,51.1586823],[71.4836313,51.1585405],[71.4838479,51.1587605],[71.4838297,51.1588116]]]},"properties":{"OBJECTID":2691,"kind":"park","name":"Озеленение","source":"Astana municipal open geoportal","source_url":"https://gis.esaulet.kz/server/rest/services/Sloi_geoportala_otkrytiy_kontur_0702/MapServer/26","sourceId":"astana-municipal-green"}},{"type":"Feature","id":"municipal-green-2693","geometry":{"type":"Polygon","coordinates":[[[71.4341088,51.1549468],[71.4338641,51.1549675],[71.4338654,51.1549126],[71.4340978,51.1549137],[71.4341088,51.1549468]]]},"properties":{"OBJECTID":2693,"kind":"park","name":"Озеленение","source":"Astana municipal open geoportal","source_url":"https://gis.esaulet.kz/server/rest/services/Sloi_geoportala_otkrytiy_kontur_0702/MapServer/26","sourceId":"astana-municipal-green"}},{"type":"Feature","id":"municipal-green-2697","geometry":{"type":"Polygon","coordinates":[[[71.47704,51.1675289],[71.4771231,51.1675596],[71.4772465,51.1676854],[71.4772351,51.1677214],[71.477194,51.1677503],[71.4769758,51.1675407],[71.47704,51.1675289]]]},"properties":{"OBJECTID":2697,"kind":"park","name":"Озеленение","source":"Astana municipal open geoportal","source_url":"https://gis.esaulet.kz/server/rest/services/Sloi_geoportala_otkrytiy_kontur_0702/MapServer/26","sourceId":"astana-municipal-green"}},{"type":"Feature","id":"municipal-green-2698","geometry":{"type":"Polygon","coordinates":[[[71.4336555,51.1147593],[71.4336543,51.1148008],[71.4336044,51.114829],[71.4335419,51.1148263],[71.4334992,51.1147955],[71.433506,51.1147531],[71.4335551,51.1147287],[71.4332976,51.1140034],[71.4331987,51.1139802],[71.4332316,51.1139288],[71.4333069,51.1139186],[71.4333653,51.113948],[71.4336555,51.1147593]]]},"properties":{"OBJECTID":2698,"kind":"park","name":"Озеленение","source":"Astana municipal open geoportal","source_url":"https://gis.esaulet.kz/server/rest/services/Sloi_geoportala_otkrytiy_kontur_0702/MapServer/26","sourceId":"astana-municipal-green"}},{"type":"Feature","id":"municipal-green-2699","geometry":{"type":"Polygon","coordinates":[[[71.4336903,51.1149056],[71.4337781,51.1151034],[71.4334284,51.1151539],[71.4332909,51.1147708],[71.4333451,51.1147741],[71.4334254,51.114855],[71.4334961,51.1148899],[71.4336903,51.1149056]]]},"properties":{"OBJECTID":2699,"kind":"park","name":"Озеленение","source":"Astana municipal open geoportal","source_url":"https://gis.esaulet.kz/server/rest/services/Sloi_geoportala_otkrytiy_kontur_0702/MapServer/26","sourceId":"astana-municipal-green"}},{"type":"Feature","id":"municipal-green-2702","geometry":{"type":"Polygon","coordinates":[[[71.4731996,51.141986],[71.4731648,51.1420332],[71.4731143,51.1419854],[71.4731219,51.1419645],[71.4731996,51.141986]]]},"properties":{"OBJECTID":2702,"kind":"park","name":"Озеленение","source":"Astana municipal open geoportal","source_url":"https://gis.esaulet.kz/server/rest/services/Sloi_geoportala_otkrytiy_kontur_0702/MapServer/26","sourceId":"astana-municipal-green"}},{"type":"Feature","id":"municipal-green-2703","geometry":{"type":"Polygon","coordinates":[[[71.4734764,51.1415629],[71.4734554,51.1415922],[71.4734004,51.1415765],[71.4734764,51.1415629]]]},"properties":{"OBJECTID":2703,"kind":"park","name":"Озеленение","source":"Astana municipal open geoportal","source_url":"https://gis.esaulet.kz/server/rest/services/Sloi_geoportala_otkrytiy_kontur_0702/MapServer/26","sourceId":"astana-municipal-green"}},{"type":"Feature","id":"municipal-green-2704","geometry":{"type":"Polygon","coordinates":[[[71.4726719,51.1419376],[71.4727161,51.1419503],[71.4726919,51.1419837],[71.4727121,51.1419895],[71.4726424,51.1420855],[71.4725736,51.1420658],[71.4726719,51.1419376]]]},"properties":{"OBJECTID":2704,"kind":"park","name":"Озеленение","source":"Astana municipal open geoportal","source_url":"https://gis.esaulet.kz/server/rest/services/Sloi_geoportala_otkrytiy_kontur_0702/MapServer/26","sourceId":"astana-municipal-green"}},{"type":"Feature","id":"municipal-green-2705","geometry":{"type":"Polygon","coordinates":[[[71.4736135,51.1416218],[71.473565,51.141608],[71.4735756,51.1415933],[71.4738299,51.1416625],[71.4738033,51.1417029],[71.4737098,51.1416606],[71.4736997,51.1416758],[71.4735973,51.1416489],[71.4736135,51.1416218]]]},"properties":{"OBJECTID":2705,"kind":"park","name":"Озеленение","source":"Astana municipal open geoportal","source_url":"https://gis.esaulet.kz/server/rest/services/Sloi_geoportala_otkrytiy_kontur_0702/MapServer/26","sourceId":"astana-municipal-green"}},{"type":"Feature","id":"municipal-green-2706","geometry":{"type":"Polygon","coordinates":[[[71.4730636,51.142302],[71.4730758,51.1422852],[71.4731294,51.1423006],[71.473107,51.1423315],[71.473054,51.1423159],[71.4730636,51.142302]]]},"properties":{"OBJECTID":2706,"kind":"park","name":"Озеленение","source":"Astana municipal open geoportal","source_url":"https://gis.esaulet.kz/server/rest/services/Sloi_geoportala_otkrytiy_kontur_0702/MapServer/26","sourceId":"astana-municipal-green"}},{"type":"Feature","id":"municipal-green-2707","geometry":{"type":"Polygon","coordinates":[[[71.479586,51.1495204],[71.4795712,51.1495407],[71.479542,51.1495322],[71.4795568,51.149512],[71.479586,51.1495204]]]},"properties":{"OBJECTID":2707,"kind":"park","name":"Озеленение","source":"Astana municipal open geoportal","source_url":"https://gis.esaulet.kz/server/rest/services/Sloi_geoportala_otkrytiy_kontur_0702/MapServer/26","sourceId":"astana-municipal-green"}},{"type":"Feature","id":"municipal-green-2708","geometry":{"type":"Polygon","coordinates":[[[71.4233332,51.1316525],[71.423242,51.1316665],[71.4232231,51.131621],[71.4233155,51.1316069],[71.4233332,51.1316525]]]},"properties":{"OBJECTID":2708,"kind":"park","name":"Озеленение","source":"Astana municipal open geoportal","source_url":"https://gis.esaulet.kz/server/rest/services/Sloi_geoportala_otkrytiy_kontur_0702/MapServer/26","sourceId":"astana-municipal-green"}},{"type":"Feature","id":"municipal-green-2709","geometry":{"type":"Polygon","coordinates":[[[71.4226044,51.1317651],[71.4225669,51.1317709],[71.4225506,51.1317268],[71.4225877,51.1317197],[71.4226044,51.1317651]]]},"properties":{"OBJECTID":2709,"kind":"park","name":"Озеленение","source":"Astana municipal open geoportal","source_url":"https://gis.esaulet.kz/server/rest/services/Sloi_geoportala_otkrytiy_kontur_0702/MapServer/26","sourceId":"astana-municipal-green"}},{"type":"Feature","id":"municipal-green-2710","geometry":{"type":"Polygon","coordinates":[[[71.4240487,51.1315441],[71.4240258,51.1315481],[71.4240057,51.1315],[71.4240291,51.1314963],[71.4240487,51.1315441]]]},"properties":{"OBJECTID":2710,"kind":"park","name":"Озеленение","source":"Astana municipal open geoportal","source_url":"https://gis.esaulet.kz/server/rest/services/Sloi_geoportala_otkrytiy_kontur_0702/MapServer/26","sourceId":"astana-municipal-green"}},{"type":"Feature","id":"municipal-green-2711","geometry":{"type":"Polygon","coordinates":[[[71.4249696,51.1313999],[71.4248765,51.1314142],[71.4248577,51.1313676],[71.4249521,51.1313536],[71.4249696,51.1313999]]]},"properties":{"OBJECTID":2711,"kind":"park","name":"Озеленение","source":"Astana municipal open geoportal","source_url":"https://gis.esaulet.kz/server/rest/services/Sloi_geoportala_otkrytiy_kontur_0702/MapServer/26","sourceId":"astana-municipal-green"}},{"type":"Feature","id":"municipal-green-2712","geometry":{"type":"Polygon","coordinates":[[[71.4056382,51.1311009],[71.4058639,51.131659],[71.4055354,51.1314525],[71.4051544,51.1312884],[71.4047314,51.1311679],[71.4042798,51.1310964],[71.4041999,51.1308951],[71.4044187,51.1308608],[71.4056382,51.1311009]]]},"properties":{"OBJECTID":2712,"kind":"park","name":"Озеленение","source":"Astana municipal open geoportal","source_url":"https://gis.esaulet.kz/server/rest/services/Sloi_geoportala_otkrytiy_kontur_0702/MapServer/26","sourceId":"astana-municipal-green"}},{"type":"Feature","id":"municipal-green-2721","geometry":{"type":"Polygon","coordinates":[[[71.4566126,51.1378404],[71.4564615,51.1380337],[71.4564153,51.1380564],[71.4565774,51.1378454],[71.4563006,51.1377612],[71.456246,51.1378369],[71.4563012,51.1378528],[71.4562504,51.1379223],[71.455919,51.1379445],[71.4559565,51.1378918],[71.4558923,51.1378738],[71.4558132,51.1379526],[71.4560155,51.1376692],[71.4566126,51.1378404]]]},"properties":{"OBJECTID":2721,"kind":"park","name":"Озеленение","source":"Astana municipal open geoportal","source_url":"https://gis.esaulet.kz/server/rest/services/Sloi_geoportala_otkrytiy_kontur_0702/MapServer/26","sourceId":"astana-municipal-green"}},{"type":"Feature","id":"municipal-green-2722","geometry":{"type":"Polygon","coordinates":[[[71.4408463,51.1232453],[71.4407919,51.1232889],[71.4401586,51.121733],[71.4402876,51.1217697],[71.4407935,51.1230572],[71.4407971,51.1231384],[71.4408463,51.1232453]]]},"properties":{"OBJECTID":2722,"kind":"park","name":"Озеленение","source":"Astana municipal open geoportal","source_url":"https://gis.esaulet.kz/server/rest/services/Sloi_geoportala_otkrytiy_kontur_0702/MapServer/26","sourceId":"astana-municipal-green"}},{"type":"Feature","id":"municipal-green-2724","geometry":{"type":"Polygon","coordinates":[[[71.4346892,51.1261889],[71.4347429,51.1263443],[71.4346956,51.1263481],[71.4346353,51.1261975],[71.4346892,51.1261889]]]},"properties":{"OBJECTID":2724,"kind":"park","name":"Озеленение","source":"Astana municipal open geoportal","source_url":"https://gis.esaulet.kz/server/rest/services/Sloi_geoportala_otkrytiy_kontur_0702/MapServer/26","sourceId":"astana-municipal-green"}},{"type":"Feature","id":"municipal-green-2725","geometry":{"type":"Polygon","coordinates":[[[71.4361232,51.1261756],[71.4359411,51.1262001],[71.435856,51.1261537],[71.4361004,51.1261151],[71.4361232,51.1261756]]]},"properties":{"OBJECTID":2725,"kind":"park","name":"Озеленение","source":"Astana municipal open geoportal","source_url":"https://gis.esaulet.kz/server/rest/services/Sloi_geoportala_otkrytiy_kontur_0702/MapServer/26","sourceId":"astana-municipal-green"}},{"type":"Feature","id":"municipal-green-2726","geometry":{"type":"Polygon","coordinates":[[[71.4006365,51.1487145],[71.4003147,51.1487161],[71.4002938,51.1486836],[71.4006391,51.1486753],[71.4006887,51.1486169],[71.4006365,51.1487145]]]},"properties":{"OBJECTID":2726,"kind":"park","name":"Озеленение","source":"Astana municipal open geoportal","source_url":"https://gis.esaulet.kz/server/rest/services/Sloi_geoportala_otkrytiy_kontur_0702/MapServer/26","sourceId":"astana-municipal-green"}},{"type":"Feature","id":"municipal-green-2727","geometry":{"type":"Polygon","coordinates":[[[71.3991965,51.1487349],[71.3991136,51.1487374],[71.3991123,51.1487187],[71.399205,51.148716],[71.3991965,51.1487349]]]},"properties":{"OBJECTID":2727,"kind":"park","name":"Озеленение","source":"Astana municipal open geoportal","source_url":"https://gis.esaulet.kz/server/rest/services/Sloi_geoportala_otkrytiy_kontur_0702/MapServer/26","sourceId":"astana-municipal-green"}},{"type":"Feature","id":"municipal-green-2728","geometry":{"type":"Polygon","coordinates":[[[71.4108661,51.1457861],[71.4103206,51.1458082],[71.4092592,51.1457274],[71.4091517,51.1456833],[71.4091001,51.1456049],[71.409982,51.1456587],[71.4112188,51.1457878],[71.4108661,51.1457861]]]},"properties":{"OBJECTID":2728,"kind":"park","name":"Озеленение","source":"Astana municipal open geoportal","source_url":"https://gis.esaulet.kz/server/rest/services/Sloi_geoportala_otkrytiy_kontur_0702/MapServer/26","sourceId":"astana-municipal-green"}},{"type":"Feature","id":"municipal-green-2729","geometry":{"type":"Polygon","coordinates":[[[71.4579339,51.1594767],[71.4578588,51.1595009],[71.4572982,51.1588056],[71.457403,51.1588346],[71.4579339,51.1594767]]]},"properties":{"OBJECTID":2729,"kind":"park","name":"Озеленение","source":"Astana municipal open geoportal","source_url":"https://gis.esaulet.kz/server/rest/services/Sloi_geoportala_otkrytiy_kontur_0702/MapServer/26","sourceId":"astana-municipal-green"}},{"type":"Feature","id":"municipal-green-2730","geometry":{"type":"Polygon","coordinates":[[[71.4566419,51.1593536],[71.4565704,51.1593678],[71.4565056,51.1593486],[71.4566227,51.1593304],[71.4566419,51.1593536]]]},"properties":{"OBJECTID":2730,"kind":"park","name":"Озеленение","source":"Astana municipal open geoportal","source_url":"https://gis.esaulet.kz/server/rest/services/Sloi_geoportala_otkrytiy_kontur_0702/MapServer/26","sourceId":"astana-municipal-green"}},{"type":"Feature","id":"municipal-green-2731","geometry":{"type":"Polygon","coordinates":[[[71.4601378,51.1040082],[71.4600572,51.1040673],[71.4599695,51.1040181],[71.4601378,51.1040082]]]},"properties":{"OBJECTID":2731,"kind":"park","name":"Озеленение","source":"Astana municipal open geoportal","source_url":"https://gis.esaulet.kz/server/rest/services/Sloi_geoportala_otkrytiy_kontur_0702/MapServer/26","sourceId":"astana-municipal-green"}},{"type":"Feature","id":"municipal-green-2732","geometry":{"type":"Polygon","coordinates":[[[71.4640009,51.143338],[71.4640007,51.1433555],[71.4639668,51.1433554],[71.4639666,51.1433376],[71.4640009,51.143338]]]},"properties":{"OBJECTID":2732,"kind":"park","name":"Озеленение","source":"Astana municipal open geoportal","source_url":"https://gis.esaulet.kz/server/rest/services/Sloi_geoportala_otkrytiy_kontur_0702/MapServer/26","sourceId":"astana-municipal-green"}},{"type":"Feature","id":"municipal-green-2733","geometry":{"type":"Polygon","coordinates":[[[71.4352329,51.0925987],[71.4347718,51.0926096],[71.4347027,51.0925718],[71.4352219,51.092563],[71.4352329,51.0925987]]]},"properties":{"OBJECTID":2733,"kind":"park","name":"Озеленение","source":"Astana municipal open geoportal","source_url":"https://gis.esaulet.kz/server/rest/services/Sloi_geoportala_otkrytiy_kontur_0702/MapServer/26","sourceId":"astana-municipal-green"}},{"type":"Feature","id":"municipal-green-2734","geometry":{"type":"Polygon","coordinates":[[[71.4653686,51.1433405],[71.4651733,51.1433362],[71.4651751,51.1433101],[71.4653046,51.1433139],[71.4653209,51.1432756],[71.4653736,51.1432769],[71.4653686,51.1433405]]]},"properties":{"OBJECTID":2734,"kind":"park","name":"Озеленение","source":"Astana municipal open geoportal","source_url":"https://gis.esaulet.kz/server/rest/services/Sloi_geoportala_otkrytiy_kontur_0702/MapServer/26","sourceId":"astana-municipal-green"}},{"type":"Feature","id":"municipal-green-2739","geometry":{"type":"Polygon","coordinates":[[[71.4547768,51.1045935],[71.4545634,51.1045704],[71.454356,51.104382],[71.4547948,51.1041706],[71.4552455,51.1044627],[71.4547768,51.1045935]]]},"properties":{"OBJECTID":2739,"kind":"park","name":"Озеленение","source":"Astana municipal open geoportal","source_url":"https://gis.esaulet.kz/server/rest/services/Sloi_geoportala_otkrytiy_kontur_0702/MapServer/26","sourceId":"astana-municipal-green"}},{"type":"Feature","id":"municipal-green-2741","geometry":{"type":"Polygon","coordinates":[[[71.4593626,51.1051649],[71.4594034,51.1051605],[71.4594109,51.105188],[71.4593702,51.1051924],[71.4593626,51.1051649]]]},"properties":{"OBJECTID":2741,"kind":"park","name":"Озеленение","source":"Astana municipal open geoportal","source_url":"https://gis.esaulet.kz/server/rest/services/Sloi_geoportala_otkrytiy_kontur_0702/MapServer/26","sourceId":"astana-municipal-green"}},{"type":"Feature","id":"municipal-green-2742","geometry":{"type":"Polygon","coordinates":[[[71.4594676,51.1051543],[71.4595093,51.1051501],[71.4595165,51.1051768],[71.459475,51.1051813],[71.4594676,51.1051543]]]},"properties":{"OBJECTID":2742,"kind":"park","name":"Озеленение","source":"Astana municipal open geoportal","source_url":"https://gis.esaulet.kz/server/rest/services/Sloi_geoportala_otkrytiy_kontur_0702/MapServer/26","sourceId":"astana-municipal-green"}},{"type":"Feature","id":"municipal-green-2743","geometry":{"type":"Polygon","coordinates":[[[71.433823,51.1549438],[71.4336,51.1549444],[71.4336193,51.1549117],[71.4338234,51.1549127],[71.433823,51.1549438]]]},"properties":{"OBJECTID":2743,"kind":"park","name":"Озеленение","source":"Astana municipal open geoportal","source_url":"https://gis.esaulet.kz/server/rest/services/Sloi_geoportala_otkrytiy_kontur_0702/MapServer/26","sourceId":"astana-municipal-green"}},{"type":"Feature","id":"municipal-green-2744","geometry":{"type":"Polygon","coordinates":[[[71.3910018,51.1442756],[71.3909653,51.1443023],[71.390846,51.1442372],[71.390872,51.1442189],[71.3910018,51.1442756]]]},"properties":{"OBJECTID":2744,"kind":"park","name":"Озеленение","source":"Astana municipal open geoportal","source_url":"https://gis.esaulet.kz/server/rest/services/Sloi_geoportala_otkrytiy_kontur_0702/MapServer/26","sourceId":"astana-municipal-green"}},{"type":"Feature","id":"municipal-green-2745","geometry":{"type":"Polygon","coordinates":[[[71.3909905,51.1442365],[71.3909802,51.144244],[71.3909607,51.1442335],[71.3909905,51.1442365]]]},"properties":{"OBJECTID":2745,"kind":"park","name":"Озеленение","source":"Astana municipal open geoportal","source_url":"https://gis.esaulet.kz/server/rest/services/Sloi_geoportala_otkrytiy_kontur_0702/MapServer/26","sourceId":"astana-municipal-green"}},{"type":"Feature","id":"municipal-green-2746","geometry":{"type":"Polygon","coordinates":[[[71.3879707,51.1681709],[71.3879863,51.1681245],[71.3879721,51.1680342],[71.3877542,51.1680333],[71.3877372,51.1680982],[71.3877074,51.1680981],[71.3877071,51.1681202],[71.3877533,51.1681245],[71.3877505,51.1684002],[71.3877023,51.1684457],[71.38775,51.168451],[71.3877475,51.1686995],[71.3879653,51.1687004],[71.3879671,51.16867],[71.3880245,51.1686584],[71.388021,51.1686956],[71.3879648,51.1687247],[71.3876687,51.1687232],[71.3876772,51.1680094],[71.3880098,51.1680202],[71.3880323,51.1680452],[71.3880312,51.1681712],[71.3879707,51.1681709]]]},"properties":{"OBJECTID":2746,"kind":"park","name":"Озеленение","source":"Astana municipal open geoportal","source_url":"https://gis.esaulet.kz/server/rest/services/Sloi_geoportala_otkrytiy_kontur_0702/MapServer/26","sourceId":"astana-municipal-green"}},{"type":"Feature","id":"municipal-green-2747","geometry":{"type":"Polygon","coordinates":[[[71.3861246,51.1683578],[71.3861574,51.1683708],[71.3861584,51.1683973],[71.3860846,51.1683994],[71.3860843,51.1683701],[71.3861246,51.1683578]]]},"properties":{"OBJECTID":2747,"kind":"park","name":"Озеленение","source":"Astana municipal open geoportal","source_url":"https://gis.esaulet.kz/server/rest/services/Sloi_geoportala_otkrytiy_kontur_0702/MapServer/26","sourceId":"astana-municipal-green"}},{"type":"Feature","id":"municipal-green-2748","geometry":{"type":"Polygon","coordinates":[[[71.4335416,51.1124521],[71.4334733,51.1124227],[71.4333899,51.112186],[71.4334156,51.112156],[71.4334352,51.1121507],[71.4335416,51.1124521]]]},"properties":{"OBJECTID":2748,"kind":"park","name":"Озеленение","source":"Astana municipal open geoportal","source_url":"https://gis.esaulet.kz/server/rest/services/Sloi_geoportala_otkrytiy_kontur_0702/MapServer/26","sourceId":"astana-municipal-green"}},{"type":"Feature","id":"municipal-green-2751","geometry":{"type":"Polygon","coordinates":[[[71.4013932,51.1423244],[71.4014042,51.1422465],[71.4014497,51.1422491],[71.4014388,51.1423269],[71.4013932,51.1423244]]]},"properties":{"OBJECTID":2751,"kind":"park","name":"Озеленение","source":"Astana municipal open geoportal","source_url":"https://gis.esaulet.kz/server/rest/services/Sloi_geoportala_otkrytiy_kontur_0702/MapServer/26","sourceId":"astana-municipal-green"}},{"type":"Feature","id":"municipal-green-2752","geometry":{"type":"Polygon","coordinates":[[[71.4286271,51.1363447],[71.4285969,51.1363497],[71.4285702,51.1362772],[71.4285947,51.1362729],[71.4286271,51.1363447]]]},"properties":{"OBJECTID":2752,"kind":"park","name":"Озеленение","source":"Astana municipal open geoportal","source_url":"https://gis.esaulet.kz/server/rest/services/Sloi_geoportala_otkrytiy_kontur_0702/MapServer/26","sourceId":"astana-municipal-green"}},{"type":"Feature","id":"municipal-green-2753","geometry":{"type":"Polygon","coordinates":[[[71.4285899,51.1362621],[71.4285655,51.1362664],[71.4285523,51.1362357],[71.4285762,51.1362316],[71.4285899,51.1362621]]]},"properties":{"OBJECTID":2753,"kind":"park","name":"Озеленение","source":"Astana municipal open geoportal","source_url":"https://gis.esaulet.kz/server/rest/services/Sloi_geoportala_otkrytiy_kontur_0702/MapServer/26","sourceId":"astana-municipal-green"}},{"type":"Feature","id":"municipal-green-2754","geometry":{"type":"Polygon","coordinates":[[[71.4287003,51.1361764],[71.428663,51.1361617],[71.4286922,51.1361571],[71.4287003,51.1361764]]]},"properties":{"OBJECTID":2754,"kind":"park","name":"Озеленение","source":"Astana municipal open geoportal","source_url":"https://gis.esaulet.kz/server/rest/services/Sloi_geoportala_otkrytiy_kontur_0702/MapServer/26","sourceId":"astana-municipal-green"}},{"type":"Feature","id":"municipal-green-2755","geometry":{"type":"Polygon","coordinates":[[[71.4287094,51.1361544],[71.4288302,51.1361353],[71.4288379,51.1361536],[71.4287175,51.1361735],[71.4287094,51.1361544]]]},"properties":{"OBJECTID":2755,"kind":"park","name":"Озеленение","source":"Astana municipal open geoportal","source_url":"https://gis.esaulet.kz/server/rest/services/Sloi_geoportala_otkrytiy_kontur_0702/MapServer/26","sourceId":"astana-municipal-green"}},{"type":"Feature","id":"municipal-green-2756","geometry":{"type":"Polygon","coordinates":[[[71.428672,51.1364525],[71.4286416,51.1364575],[71.4286281,51.1364261],[71.4286587,51.1364207],[71.428672,51.1364525]]]},"properties":{"OBJECTID":2756,"kind":"park","name":"Озеленение","source":"Astana municipal open geoportal","source_url":"https://gis.esaulet.kz/server/rest/services/Sloi_geoportala_otkrytiy_kontur_0702/MapServer/26","sourceId":"astana-municipal-green"}},{"type":"Feature","id":"municipal-green-2757","geometry":{"type":"Polygon","coordinates":[[[71.4290249,51.1360461],[71.4290322,51.1360639],[71.4287458,51.1361115],[71.4287388,51.1360942],[71.4290249,51.1360461]]]},"properties":{"OBJECTID":2757,"kind":"park","name":"Озеленение","source":"Astana municipal open geoportal","source_url":"https://gis.esaulet.kz/server/rest/services/Sloi_geoportala_otkrytiy_kontur_0702/MapServer/26","sourceId":"astana-municipal-green"}},{"type":"Feature","id":"municipal-green-2762","geometry":{"type":"Polygon","coordinates":[[[71.4071164,51.1488787],[71.4075675,51.1489771],[71.4075496,51.1490226],[71.4071335,51.148932],[71.4070682,51.148882],[71.4068884,51.1488739],[71.406372,51.1487677],[71.4063633,51.1487481],[71.4063886,51.1486689],[71.4064593,51.1486902],[71.406437,51.1487615],[71.4071164,51.1488787]]]},"properties":{"OBJECTID":2762,"kind":"park","name":"Озеленение","source":"Astana municipal open geoportal","source_url":"https://gis.esaulet.kz/server/rest/services/Sloi_geoportala_otkrytiy_kontur_0702/MapServer/26","sourceId":"astana-municipal-green"}},{"type":"Feature","id":"municipal-green-2763","geometry":{"type":"Polygon","coordinates":[[[71.4342927,51.1150285],[71.4341113,51.1150543],[71.4340253,51.1147916],[71.4340747,51.1145744],[71.4340602,51.1144642],[71.4340886,51.1144606],[71.4342927,51.1150285]]]},"properties":{"OBJECTID":2763,"kind":"park","name":"Озеленение","source":"Astana municipal open geoportal","source_url":"https://gis.esaulet.kz/server/rest/services/Sloi_geoportala_otkrytiy_kontur_0702/MapServer/26","sourceId":"astana-municipal-green"}},{"type":"Feature","id":"municipal-green-2765","geometry":{"type":"Polygon","coordinates":[[[71.3868562,51.1667018],[71.3868232,51.1667017],[71.386826,51.1664371],[71.3867485,51.1664072],[71.3867739,51.1663814],[71.3868281,51.1663782],[71.3868332,51.1660814],[71.3868669,51.1660817],[71.3868562,51.1667018]]]},"properties":{"OBJECTID":2765,"kind":"park","name":"Озеленение","source":"Astana municipal open geoportal","source_url":"https://gis.esaulet.kz/server/rest/services/Sloi_geoportala_otkrytiy_kontur_0702/MapServer/26","sourceId":"astana-municipal-green"}},{"type":"Feature","id":"municipal-green-2766","geometry":{"type":"Polygon","coordinates":[[[71.4734635,51.1419212],[71.4733656,51.1419324],[71.4733285,51.1419033],[71.4732747,51.1419067],[71.4732983,51.141874],[71.4734635,51.1419212]]]},"properties":{"OBJECTID":2766,"kind":"park","name":"Озеленение","source":"Astana municipal open geoportal","source_url":"https://gis.esaulet.kz/server/rest/services/Sloi_geoportala_otkrytiy_kontur_0702/MapServer/26","sourceId":"astana-municipal-green"}},{"type":"Feature","id":"municipal-green-2767","geometry":{"type":"Polygon","coordinates":[[[71.474315,51.1619311],[71.4741762,51.1619808],[71.4740469,51.161811],[71.4740982,51.1618171],[71.4742227,51.1619598],[71.474315,51.1619311]]]},"properties":{"OBJECTID":2767,"kind":"park","name":"Озеленение","source":"Astana municipal open geoportal","source_url":"https://gis.esaulet.kz/server/rest/services/Sloi_geoportala_otkrytiy_kontur_0702/MapServer/26","sourceId":"astana-municipal-green"}},{"type":"Feature","id":"municipal-green-2768","geometry":{"type":"Polygon","coordinates":[[[71.4255604,51.1313092],[71.4254163,51.1313313],[71.4253975,51.1312817],[71.4255411,51.1312602],[71.4255604,51.1313092]]]},"properties":{"OBJECTID":2768,"kind":"park","name":"Озеленение","source":"Astana municipal open geoportal","source_url":"https://gis.esaulet.kz/server/rest/services/Sloi_geoportala_otkrytiy_kontur_0702/MapServer/26","sourceId":"astana-municipal-green"}},{"type":"Feature","id":"municipal-green-2775","geometry":{"type":"Polygon","coordinates":[[[71.402659,51.1516433],[71.4026674,51.1516272],[71.4026891,51.151632],[71.402659,51.1516433]]]},"properties":{"OBJECTID":2775,"kind":"park","name":"Озеленение","source":"Astana municipal open geoportal","source_url":"https://gis.esaulet.kz/server/rest/services/Sloi_geoportala_otkrytiy_kontur_0702/MapServer/26","sourceId":"astana-municipal-green"}},{"type":"Feature","id":"municipal-green-2776","geometry":{"type":"Polygon","coordinates":[[[71.4035061,51.1504865],[71.4033776,51.1507294],[71.4032721,51.1506996],[71.4033872,51.1504659],[71.4035061,51.1504865]]]},"properties":{"OBJECTID":2776,"kind":"park","name":"Озеленение","source":"Astana municipal open geoportal","source_url":"https://gis.esaulet.kz/server/rest/services/Sloi_geoportala_otkrytiy_kontur_0702/MapServer/26","sourceId":"astana-municipal-green"}},{"type":"Feature","id":"municipal-green-2777","geometry":{"type":"Polygon","coordinates":[[[71.478219,51.0957326],[71.4782124,51.0957595],[71.4780185,51.0957429],[71.4780246,51.0957157],[71.478219,51.0957326]]]},"properties":{"OBJECTID":2777,"kind":"park","name":"Озеленение","source":"Astana municipal open geoportal","source_url":"https://gis.esaulet.kz/server/rest/services/Sloi_geoportala_otkrytiy_kontur_0702/MapServer/26","sourceId":"astana-municipal-green"}},{"type":"Feature","id":"municipal-green-2778","geometry":{"type":"Polygon","coordinates":[[[71.4582034,51.1579456],[71.4581532,51.1579465],[71.4581551,51.1578426],[71.4582012,51.1578826],[71.4582034,51.1579456]]]},"properties":{"OBJECTID":2778,"kind":"park","name":"Озеленение","source":"Astana municipal open geoportal","source_url":"https://gis.esaulet.kz/server/rest/services/Sloi_geoportala_otkrytiy_kontur_0702/MapServer/26","sourceId":"astana-municipal-green"}},{"type":"Feature","id":"municipal-green-2779","geometry":{"type":"Polygon","coordinates":[[[71.46778,51.1627909],[71.467687,51.1626799],[71.4677081,51.1626733],[71.4677366,51.1627097],[71.4678238,51.1626827],[71.4677954,51.1626463],[71.4678172,51.1626396],[71.4679067,51.162753],[71.46778,51.1627909]]]},"properties":{"OBJECTID":2779,"kind":"park","name":"Озеленение","source":"Astana municipal open geoportal","source_url":"https://gis.esaulet.kz/server/rest/services/Sloi_geoportala_otkrytiy_kontur_0702/MapServer/26","sourceId":"astana-municipal-green"}},{"type":"Feature","id":"municipal-green-2780","geometry":{"type":"Polygon","coordinates":[[[71.3948867,51.1411109],[71.3947958,51.1411024],[71.3947237,51.1410267],[71.3949552,51.1410384],[71.3948867,51.1411109]]]},"properties":{"OBJECTID":2780,"kind":"park","name":"Озеленение","source":"Astana municipal open geoportal","source_url":"https://gis.esaulet.kz/server/rest/services/Sloi_geoportala_otkrytiy_kontur_0702/MapServer/26","sourceId":"astana-municipal-green"}},{"type":"Feature","id":"municipal-green-2781","geometry":{"type":"Polygon","coordinates":[[[71.3983344,51.1416279],[71.398131,51.141611],[71.3982549,51.1414788],[71.3983156,51.1415023],[71.3983177,51.1415196],[71.3982469,51.141523],[71.3982532,51.1415599],[71.398324,51.1415559],[71.3983344,51.1416279]]]},"properties":{"OBJECTID":2781,"kind":"park","name":"Озеленение","source":"Astana municipal open geoportal","source_url":"https://gis.esaulet.kz/server/rest/services/Sloi_geoportala_otkrytiy_kontur_0702/MapServer/26","sourceId":"astana-municipal-green"}},{"type":"Feature","id":"municipal-green-2782","geometry":{"type":"Polygon","coordinates":[[[71.3985212,51.1412085],[71.3985635,51.1412281],[71.3985505,51.141358],[71.3984155,51.1413076],[71.3985212,51.1412085]]]},"properties":{"OBJECTID":2782,"kind":"park","name":"Озеленение","source":"Astana municipal open geoportal","source_url":"https://gis.esaulet.kz/server/rest/services/Sloi_geoportala_otkrytiy_kontur_0702/MapServer/26","sourceId":"astana-municipal-green"}},{"type":"Feature","id":"municipal-green-2783","geometry":{"type":"Polygon","coordinates":[[[71.4064465,51.133135],[71.4055455,51.1337082],[71.4053222,51.1337445],[71.4052429,51.1335441],[71.4056049,51.1333375],[71.4058889,51.1331041],[71.4061043,51.1328335],[71.4062226,51.13256],[71.4064465,51.133135]]]},"properties":{"OBJECTID":2783,"kind":"park","name":"Озеленение","source":"Astana municipal open geoportal","source_url":"https://gis.esaulet.kz/server/rest/services/Sloi_geoportala_otkrytiy_kontur_0702/MapServer/26","sourceId":"astana-municipal-green"}},{"type":"Feature","id":"municipal-green-2784","geometry":{"type":"Polygon","coordinates":[[[71.399373,51.1487143],[71.3993469,51.1487473],[71.3992742,51.1487541],[71.3992288,51.1487153],[71.399373,51.1487143]]]},"properties":{"OBJECTID":2784,"kind":"park","name":"Озеленение","source":"Astana municipal open geoportal","source_url":"https://gis.esaulet.kz/server/rest/services/Sloi_geoportala_otkrytiy_kontur_0702/MapServer/26","sourceId":"astana-municipal-green"}},{"type":"Feature","id":"municipal-green-2785","geometry":{"type":"Polygon","coordinates":[[[71.3978437,51.1489494],[71.397734,51.1489527],[71.397732,51.1489242],[71.3978415,51.14892],[71.3978437,51.1489494]]]},"properties":{"OBJECTID":2785,"kind":"park","name":"Озеленение","source":"Astana municipal open geoportal","source_url":"https://gis.esaulet.kz/server/rest/services/Sloi_geoportala_otkrytiy_kontur_0702/MapServer/26","sourceId":"astana-municipal-green"}},{"type":"Feature","id":"municipal-green-2786","geometry":{"type":"Polygon","coordinates":[[[71.3979542,51.1487612],[71.3978613,51.1487653],[71.3978541,51.1487391],[71.3979548,51.1487346],[71.3979542,51.1487612]]]},"properties":{"OBJECTID":2786,"kind":"park","name":"Озеленение","source":"Astana municipal open geoportal","source_url":"https://gis.esaulet.kz/server/rest/services/Sloi_geoportala_otkrytiy_kontur_0702/MapServer/26","sourceId":"astana-municipal-green"}},{"type":"Feature","id":"municipal-green-2787","geometry":{"type":"Polygon","coordinates":[[[71.4567192,51.1400304],[71.4565359,51.1402665],[71.4564091,51.1402329],[71.4565935,51.1399918],[71.4567192,51.1400304]]]},"properties":{"OBJECTID":2787,"kind":"park","name":"Озеленение","source":"Astana municipal open geoportal","source_url":"https://gis.esaulet.kz/server/rest/services/Sloi_geoportala_otkrytiy_kontur_0702/MapServer/26","sourceId":"astana-municipal-green"}},{"type":"Feature","id":"municipal-green-2788","geometry":{"type":"Polygon","coordinates":[[[71.4560155,51.1376692],[71.4558132,51.1379526],[71.4557389,51.1379253],[71.4559414,51.1376261],[71.4560279,51.1376517],[71.4560155,51.1376692]]]},"properties":{"OBJECTID":2788,"kind":"park","name":"Озеленение","source":"Astana municipal open geoportal","source_url":"https://gis.esaulet.kz/server/rest/services/Sloi_geoportala_otkrytiy_kontur_0702/MapServer/26","sourceId":"astana-municipal-green"}},{"type":"Feature","id":"municipal-green-2789","geometry":{"type":"Polygon","coordinates":[[[71.4526685,51.1438562],[71.4526779,51.1439088],[71.4524945,51.144051],[71.4524255,51.1440653],[71.45236,51.1440403],[71.4526146,51.1438285],[71.4526685,51.1438562]]]},"properties":{"OBJECTID":2789,"kind":"park","name":"Озеленение","source":"Astana municipal open geoportal","source_url":"https://gis.esaulet.kz/server/rest/services/Sloi_geoportala_otkrytiy_kontur_0702/MapServer/26","sourceId":"astana-municipal-green"}},{"type":"Feature","id":"municipal-green-2790","geometry":{"type":"Polygon","coordinates":[[[71.4002348,51.1498131],[71.4001504,51.1498167],[71.400146,51.1497745],[71.4002306,51.1497711],[71.4002348,51.1498131]]]},"properties":{"OBJECTID":2790,"kind":"park","name":"Озеленение","source":"Astana municipal open geoportal","source_url":"https://gis.esaulet.kz/server/rest/services/Sloi_geoportala_otkrytiy_kontur_0702/MapServer/26","sourceId":"astana-municipal-green"}},{"type":"Feature","id":"municipal-green-2791","geometry":{"type":"Polygon","coordinates":[[[71.3998382,51.1497995],[71.3996255,51.1498094],[71.3996239,51.1497934],[71.3998382,51.1497995]]]},"properties":{"OBJECTID":2791,"kind":"park","name":"Озеленение","source":"Astana municipal open geoportal","source_url":"https://gis.esaulet.kz/server/rest/services/Sloi_geoportala_otkrytiy_kontur_0702/MapServer/26","sourceId":"astana-municipal-green"}},{"type":"Feature","id":"municipal-green-2792","geometry":{"type":"Polygon","coordinates":[[[71.3979607,51.1489448],[71.3978635,51.1489488],[71.3978606,51.1489193],[71.3979573,51.1489155],[71.3979607,51.1489448]]]},"properties":{"OBJECTID":2792,"kind":"park","name":"Озеленение","source":"Astana municipal open geoportal","source_url":"https://gis.esaulet.kz/server/rest/services/Sloi_geoportala_otkrytiy_kontur_0702/MapServer/26","sourceId":"astana-municipal-green"}},{"type":"Feature","id":"municipal-green-2793","geometry":{"type":"Polygon","coordinates":[[[71.3990706,51.149863],[71.3989933,51.1498665],[71.3989906,51.1498395],[71.3990682,51.1498365],[71.3990706,51.149863]]]},"properties":{"OBJECTID":2793,"kind":"park","name":"Озеленение","source":"Astana municipal open geoportal","source_url":"https://gis.esaulet.kz/server/rest/services/Sloi_geoportala_otkrytiy_kontur_0702/MapServer/26","sourceId":"astana-municipal-green"}},{"type":"Feature","id":"municipal-green-2794","geometry":{"type":"Polygon","coordinates":[[[71.3988578,51.1498717],[71.3986063,51.1498826],[71.3986045,51.1498575],[71.3988553,51.1498468],[71.3988578,51.1498717]]]},"properties":{"OBJECTID":2794,"kind":"park","name":"Озеленение","source":"Astana municipal open geoportal","source_url":"https://gis.esaulet.kz/server/rest/services/Sloi_geoportala_otkrytiy_kontur_0702/MapServer/26","sourceId":"astana-municipal-green"}},{"type":"Feature","id":"municipal-green-2795","geometry":{"type":"Polygon","coordinates":[[[71.3988538,51.1498339],[71.3986038,51.1498447],[71.3986034,51.1498357],[71.3988538,51.1498339]]]},"properties":{"OBJECTID":2795,"kind":"park","name":"Озеленение","source":"Astana municipal open geoportal","source_url":"https://gis.esaulet.kz/server/rest/services/Sloi_geoportala_otkrytiy_kontur_0702/MapServer/26","sourceId":"astana-municipal-green"}},{"type":"Feature","id":"municipal-green-2796","geometry":{"type":"Polygon","coordinates":[[[71.4339281,51.1140139],[71.433888,51.1140194],[71.4338526,51.1139195],[71.4339281,51.1140139]]]},"properties":{"OBJECTID":2796,"kind":"park","name":"Озеленение","source":"Astana municipal open geoportal","source_url":"https://gis.esaulet.kz/server/rest/services/Sloi_geoportala_otkrytiy_kontur_0702/MapServer/26","sourceId":"astana-municipal-green"}},{"type":"Feature","id":"municipal-green-2797","geometry":{"type":"Polygon","coordinates":[[[71.4014972,51.1487978],[71.4014819,51.1488222],[71.4008292,51.1486752],[71.4008107,51.1486454],[71.4014972,51.1487978]]]},"properties":{"OBJECTID":2797,"kind":"park","name":"Озеленение","source":"Astana municipal open geoportal","source_url":"https://gis.esaulet.kz/server/rest/services/Sloi_geoportala_otkrytiy_kontur_0702/MapServer/26","sourceId":"astana-municipal-green"}},{"type":"Feature","id":"municipal-green-2798","geometry":{"type":"Polygon","coordinates":[[[71.4595753,51.1051429],[71.4596167,51.1051385],[71.4596242,51.1051659],[71.4595828,51.1051704],[71.4595753,51.1051429]]]},"properties":{"OBJECTID":2798,"kind":"park","name":"Озеленение","source":"Astana municipal open geoportal","source_url":"https://gis.esaulet.kz/server/rest/services/Sloi_geoportala_otkrytiy_kontur_0702/MapServer/26","sourceId":"astana-municipal-green"}},{"type":"Feature","id":"municipal-green-2799","geometry":{"type":"Polygon","coordinates":[[[71.4599993,51.1051022],[71.4600416,51.1050984],[71.460048,51.1051252],[71.4600068,51.1051297],[71.4599993,51.1051022]]]},"properties":{"OBJECTID":2799,"kind":"park","name":"Озеленение","source":"Astana municipal open geoportal","source_url":"https://gis.esaulet.kz/server/rest/services/Sloi_geoportala_otkrytiy_kontur_0702/MapServer/26","sourceId":"astana-municipal-green"}},{"type":"Feature","id":"municipal-green-2800","geometry":{"type":"Polygon","coordinates":[[[71.4601086,51.1050926],[71.4601507,51.1050881],[71.4601579,51.1051146],[71.4601158,51.1051192],[71.4601086,51.1050926]]]},"properties":{"OBJECTID":2800,"kind":"park","name":"Озеленение","source":"Astana municipal open geoportal","source_url":"https://gis.esaulet.kz/server/rest/services/Sloi_geoportala_otkrytiy_kontur_0702/MapServer/26","sourceId":"astana-municipal-green"}},{"type":"Feature","id":"municipal-green-2801","geometry":{"type":"Polygon","coordinates":[[[71.4561068,51.1058242],[71.4561458,51.1058137],[71.4561628,51.105839],[71.4561238,51.1058494],[71.4561068,51.1058242]]]},"properties":{"OBJECTID":2801,"kind":"park","name":"Озеленение","source":"Astana municipal open geoportal","source_url":"https://gis.esaulet.kz/server/rest/services/Sloi_geoportala_otkrytiy_kontur_0702/MapServer/26","sourceId":"astana-municipal-green"}},{"type":"Feature","id":"municipal-green-2802","geometry":{"type":"Polygon","coordinates":[[[71.4550359,51.1052041],[71.4546524,51.1053171],[71.4542631,51.1051999],[71.454067,51.1052683],[71.4537529,51.1051076],[71.4536094,51.1049041],[71.4537183,51.1047456],[71.4538581,51.1045971],[71.4543074,51.1043977],[71.454807,51.1048769],[71.4550359,51.1052041]],[[71.4541973,51.1046157],[71.4540953,51.1046439],[71.453822,51.1048407],[71.4537603,51.1049301],[71.4537694,51.1050161],[71.45391,51.1050863],[71.4542628,51.1051806],[71.454697,51.105164],[71.4548113,51.1051289],[71.4548781,51.1050739],[71.4548906,51.1050249],[71.4548616,51.1049637],[71.4546373,51.1047336],[71.4541973,51.1046157]]]},"properties":{"OBJECTID":2802,"kind":"park","name":"Озеленение","source":"Astana municipal open geoportal","source_url":"https://gis.esaulet.kz/server/rest/services/Sloi_geoportala_otkrytiy_kontur_0702/MapServer/26","sourceId":"astana-municipal-green"}},{"type":"Feature","id":"municipal-green-2803","geometry":{"type":"Polygon","coordinates":[[[71.465303,51.1430864],[71.4653753,51.1431216],[71.4653732,51.1432645],[71.4653081,51.1432629],[71.4653172,51.1431354],[71.4651181,51.1431298],[71.4651173,51.1430852],[71.465303,51.1430864]]]},"properties":{"OBJECTID":2803,"kind":"park","name":"Озеленение","source":"Astana municipal open geoportal","source_url":"https://gis.esaulet.kz/server/rest/services/Sloi_geoportala_otkrytiy_kontur_0702/MapServer/26","sourceId":"astana-municipal-green"}},{"type":"Feature","id":"municipal-green-2806","geometry":{"type":"Polygon","coordinates":[[[71.4564891,51.1052488],[71.4547702,51.1056859],[71.454949,51.1055945],[71.455086,51.1054703],[71.4551377,51.1053399],[71.4551065,51.1052251],[71.455474,51.1051201],[71.4559203,51.1048991],[71.4564891,51.1052488]]]},"properties":{"OBJECTID":2806,"kind":"park","name":"Озеленение","source":"Astana municipal open geoportal","source_url":"https://gis.esaulet.kz/server/rest/services/Sloi_geoportala_otkrytiy_kontur_0702/MapServer/26","sourceId":"astana-municipal-green"}},{"type":"Feature","id":"municipal-green-2808","geometry":{"type":"Polygon","coordinates":[[[71.4563076,51.1057698],[71.4563482,51.1057591],[71.4563645,51.1057837],[71.4563242,51.1057945],[71.4563076,51.1057698]]]},"properties":{"OBJECTID":2808,"kind":"park","name":"Озеленение","source":"Astana municipal open geoportal","source_url":"https://gis.esaulet.kz/server/rest/services/Sloi_geoportala_otkrytiy_kontur_0702/MapServer/26","sourceId":"astana-municipal-green"}},{"type":"Feature","id":"municipal-green-2809","geometry":{"type":"Polygon","coordinates":[[[71.4457843,51.1159896],[71.4457638,51.1161058],[71.4455449,51.1159338],[71.4457843,51.1159896]]]},"properties":{"OBJECTID":2809,"kind":"park","name":"Озеленение","source":"Astana municipal open geoportal","source_url":"https://gis.esaulet.kz/server/rest/services/Sloi_geoportala_otkrytiy_kontur_0702/MapServer/26","sourceId":"astana-municipal-green"}},{"type":"Feature","id":"municipal-green-2810","geometry":{"type":"Polygon","coordinates":[[[71.4458307,51.1162025],[71.4457873,51.1162245],[71.4456314,51.1161023],[71.4456749,51.1160804],[71.4458307,51.1162025]]]},"properties":{"OBJECTID":2810,"kind":"park","name":"Озеленение","source":"Astana municipal open geoportal","source_url":"https://gis.esaulet.kz/server/rest/services/Sloi_geoportala_otkrytiy_kontur_0702/MapServer/26","sourceId":"astana-municipal-green"}},{"type":"Feature","id":"municipal-green-2811","geometry":{"type":"Polygon","coordinates":[[[71.4460781,51.1163966],[71.4460349,51.1164185],[71.4458758,51.1162941],[71.445919,51.1162722],[71.4460781,51.1163966]]]},"properties":{"OBJECTID":2811,"kind":"park","name":"Озеленение","source":"Astana municipal open geoportal","source_url":"https://gis.esaulet.kz/server/rest/services/Sloi_geoportala_otkrytiy_kontur_0702/MapServer/26","sourceId":"astana-municipal-green"}},{"type":"Feature","id":"municipal-green-2812","geometry":{"type":"Polygon","coordinates":[[[71.4432822,51.118968],[71.4432921,51.1189806],[71.4432699,51.1189813],[71.4432822,51.118968]]]},"properties":{"OBJECTID":2812,"kind":"park","name":"Озеленение","source":"Astana municipal open geoportal","source_url":"https://gis.esaulet.kz/server/rest/services/Sloi_geoportala_otkrytiy_kontur_0702/MapServer/26","sourceId":"astana-municipal-green"}},{"type":"Feature","id":"municipal-green-2813","geometry":{"type":"Polygon","coordinates":[[[71.443382,51.1191158],[71.4433533,51.1191106],[71.4433223,51.1189817],[71.443382,51.1191158]]]},"properties":{"OBJECTID":2813,"kind":"park","name":"Озеленение","source":"Astana municipal open geoportal","source_url":"https://gis.esaulet.kz/server/rest/services/Sloi_geoportala_otkrytiy_kontur_0702/MapServer/26","sourceId":"astana-municipal-green"}},{"type":"Feature","id":"municipal-green-2814","geometry":{"type":"Polygon","coordinates":[[[71.4450919,51.1156239],[71.445048,51.1156457],[71.4449591,51.1155745],[71.445003,51.1155528],[71.4450919,51.1156239]]]},"properties":{"OBJECTID":2814,"kind":"park","name":"Озеленение","source":"Astana municipal open geoportal","source_url":"https://gis.esaulet.kz/server/rest/services/Sloi_geoportala_otkrytiy_kontur_0702/MapServer/26","sourceId":"astana-municipal-green"}},{"type":"Feature","id":"municipal-green-2815","geometry":{"type":"Polygon","coordinates":[[[71.408924,51.1493096],[71.4085728,51.1492422],[71.4085893,51.1491979],[71.4089369,51.149285],[71.408924,51.1493096]]]},"properties":{"OBJECTID":2815,"kind":"park","name":"Озеленение","source":"Astana municipal open geoportal","source_url":"https://gis.esaulet.kz/server/rest/services/Sloi_geoportala_otkrytiy_kontur_0702/MapServer/26","sourceId":"astana-municipal-green"}},{"type":"Feature","id":"municipal-green-2816","geometry":{"type":"Polygon","coordinates":[[[71.4095776,51.1494331],[71.409901,51.1495065],[71.4098811,51.1495373],[71.4090955,51.1493506],[71.4091084,51.1493159],[71.4095776,51.1494331]]]},"properties":{"OBJECTID":2816,"kind":"park","name":"Озеленение","source":"Astana municipal open geoportal","source_url":"https://gis.esaulet.kz/server/rest/services/Sloi_geoportala_otkrytiy_kontur_0702/MapServer/26","sourceId":"astana-municipal-green"}},{"type":"Feature","id":"municipal-green-2817","geometry":{"type":"Polygon","coordinates":[[[71.4100255,51.1495352],[71.4100077,51.1495658],[71.4099831,51.1495602],[71.4100009,51.1495295],[71.4100255,51.1495352]]]},"properties":{"OBJECTID":2817,"kind":"park","name":"Озеленение","source":"Astana municipal open geoportal","source_url":"https://gis.esaulet.kz/server/rest/services/Sloi_geoportala_otkrytiy_kontur_0702/MapServer/26","sourceId":"astana-municipal-green"}},{"type":"Feature","id":"municipal-green-2818","geometry":{"type":"Polygon","coordinates":[[[71.4016306,51.0913198],[71.4014757,51.0913418],[71.4014714,51.0913265],[71.4014925,51.0912912],[71.4015467,51.0912751],[71.4016036,51.0912874],[71.4016306,51.0913198]]]},"properties":{"OBJECTID":2818,"kind":"park","name":"Озеленение","source":"Astana municipal open geoportal","source_url":"https://gis.esaulet.kz/server/rest/services/Sloi_geoportala_otkrytiy_kontur_0702/MapServer/26","sourceId":"astana-municipal-green"}},{"type":"Feature","id":"municipal-green-2819","geometry":{"type":"Polygon","coordinates":[[[71.4025699,51.1518565],[71.4025533,51.1518864],[71.4025324,51.1518818],[71.4025484,51.1518518],[71.4025699,51.1518565]]]},"properties":{"OBJECTID":2819,"kind":"park","name":"Озеленение","source":"Astana municipal open geoportal","source_url":"https://gis.esaulet.kz/server/rest/services/Sloi_geoportala_otkrytiy_kontur_0702/MapServer/26","sourceId":"astana-municipal-green"}},{"type":"Feature","id":"municipal-green-2820","geometry":{"type":"Polygon","coordinates":[[[71.4025423,51.1519103],[71.4025261,51.1519395],[71.4025041,51.1519347],[71.4025198,51.1519054],[71.4025423,51.1519103]]]},"properties":{"OBJECTID":2820,"kind":"park","name":"Озеленение","source":"Astana municipal open geoportal","source_url":"https://gis.esaulet.kz/server/rest/services/Sloi_geoportala_otkrytiy_kontur_0702/MapServer/26","sourceId":"astana-municipal-green"}},{"type":"Feature","id":"municipal-green-2821","geometry":{"type":"Polygon","coordinates":[[[71.402513,51.1519619],[71.4025037,51.1519803],[71.402482,51.1519759],[71.402513,51.1519619]]]},"properties":{"OBJECTID":2821,"kind":"park","name":"Озеленение","source":"Astana municipal open geoportal","source_url":"https://gis.esaulet.kz/server/rest/services/Sloi_geoportala_otkrytiy_kontur_0702/MapServer/26","sourceId":"astana-municipal-green"}},{"type":"Feature","id":"municipal-green-2822","geometry":{"type":"Polygon","coordinates":[[[71.4285029,51.1363352],[71.4285374,51.1363294],[71.4285823,51.1364339],[71.4285478,51.1364397],[71.4285029,51.1363352]]]},"properties":{"OBJECTID":2822,"kind":"park","name":"Озеленение","source":"Astana municipal open geoportal","source_url":"https://gis.esaulet.kz/server/rest/services/Sloi_geoportala_otkrytiy_kontur_0702/MapServer/26","sourceId":"astana-municipal-green"}},{"type":"Feature","id":"municipal-green-2823","geometry":{"type":"Polygon","coordinates":[[[71.4286768,51.1364639],[71.4286986,51.1365199],[71.4286765,51.1365388],[71.4286466,51.1364691],[71.4286768,51.1364639]]]},"properties":{"OBJECTID":2823,"kind":"park","name":"Озеленение","source":"Astana municipal open geoportal","source_url":"https://gis.esaulet.kz/server/rest/services/Sloi_geoportala_otkrytiy_kontur_0702/MapServer/26","sourceId":"astana-municipal-green"}},{"type":"Feature","id":"municipal-green-2824","geometry":{"type":"Polygon","coordinates":[[[71.4666685,51.1467587],[71.4667121,51.1467844],[71.4666852,51.1468164],[71.4666227,51.1467774],[71.4666682,51.1465709],[71.4669838,51.1466681],[71.4669544,51.146702],[71.4667533,51.146647],[71.4666685,51.1467587]]]},"properties":{"OBJECTID":2824,"kind":"park","name":"Озеленение","source":"Astana municipal open geoportal","source_url":"https://gis.esaulet.kz/server/rest/services/Sloi_geoportala_otkrytiy_kontur_0702/MapServer/26","sourceId":"astana-municipal-green"}},{"type":"Feature","id":"municipal-green-2826","geometry":{"type":"Polygon","coordinates":[[[71.4026046,51.1520064],[71.4025991,51.1520173],[71.4025705,51.1520113],[71.4026046,51.1520064]]]},"properties":{"OBJECTID":2826,"kind":"park","name":"Озеленение","source":"Astana municipal open geoportal","source_url":"https://gis.esaulet.kz/server/rest/services/Sloi_geoportala_otkrytiy_kontur_0702/MapServer/26","sourceId":"astana-municipal-green"}},{"type":"Feature","id":"municipal-green-2827","geometry":{"type":"Polygon","coordinates":[[[71.4086895,51.1487774],[71.4086853,51.1487856],[71.4085611,51.1487661],[71.4086895,51.1487774]]]},"properties":{"OBJECTID":2827,"kind":"park","name":"Озеленение","source":"Astana municipal open geoportal","source_url":"https://gis.esaulet.kz/server/rest/services/Sloi_geoportala_otkrytiy_kontur_0702/MapServer/26","sourceId":"astana-municipal-green"}},{"type":"Feature","id":"municipal-green-2828","geometry":{"type":"Polygon","coordinates":[[[71.4160177,51.1220789],[71.4160639,51.1220721],[71.4161043,51.1221954],[71.4159588,51.122216],[71.4159086,51.1220812],[71.4160177,51.1220789]]]},"properties":{"OBJECTID":2828,"kind":"park","name":"Озеленение","source":"Astana municipal open geoportal","source_url":"https://gis.esaulet.kz/server/rest/services/Sloi_geoportala_otkrytiy_kontur_0702/MapServer/26","sourceId":"astana-municipal-green"}},{"type":"Feature","id":"municipal-green-2835","geometry":{"type":"Polygon","coordinates":[[[71.424807,51.1312041],[71.4247283,51.1312273],[71.4246648,51.1311997],[71.425475,51.1310732],[71.4254911,51.1310644],[71.425472,51.1310171],[71.4255435,51.1310075],[71.4255768,51.1310958],[71.424807,51.1312041]]]},"properties":{"OBJECTID":2835,"kind":"park","name":"Озеленение","source":"Astana municipal open geoportal","source_url":"https://gis.esaulet.kz/server/rest/services/Sloi_geoportala_otkrytiy_kontur_0702/MapServer/26","sourceId":"astana-municipal-green"}},{"type":"Feature","id":"municipal-green-2837","geometry":{"type":"Polygon","coordinates":[[[71.4033149,51.1502953],[71.4032278,51.1503396],[71.4031001,51.1503193],[71.4031213,51.1502755],[71.4032175,51.1502939],[71.4032754,51.1501775],[71.4033688,51.1501953],[71.4033149,51.1502953]]]},"properties":{"OBJECTID":2837,"kind":"park","name":"Озеленение","source":"Astana municipal open geoportal","source_url":"https://gis.esaulet.kz/server/rest/services/Sloi_geoportala_otkrytiy_kontur_0702/MapServer/26","sourceId":"astana-municipal-green"}},{"type":"Feature","id":"municipal-green-2838","geometry":{"type":"Polygon","coordinates":[[[71.4790214,51.1388043],[71.4791166,51.138653],[71.4793971,51.1387335],[71.4793506,51.1387521],[71.4791094,51.1386838],[71.4790214,51.1388043]]]},"properties":{"OBJECTID":2838,"kind":"park","name":"Озеленение","source":"Astana municipal open geoportal","source_url":"https://gis.esaulet.kz/server/rest/services/Sloi_geoportala_otkrytiy_kontur_0702/MapServer/26","sourceId":"astana-municipal-green"}},{"type":"Feature","id":"municipal-green-2839","geometry":{"type":"Polygon","coordinates":[[[71.4803427,51.1394247],[71.4803825,51.1394592],[71.4803798,51.1395003],[71.4803301,51.1395351],[71.4802569,51.1395415],[71.4803427,51.1394247]]]},"properties":{"OBJECTID":2839,"kind":"park","name":"Озеленение","source":"Astana municipal open geoportal","source_url":"https://gis.esaulet.kz/server/rest/services/Sloi_geoportala_otkrytiy_kontur_0702/MapServer/26","sourceId":"astana-municipal-green"}},{"type":"Feature","id":"municipal-green-2840","geometry":{"type":"Polygon","coordinates":[[[71.3978708,51.1412836],[71.3978958,51.141288],[71.3978782,51.1413065],[71.3978342,51.1412896],[71.3978708,51.1412836]]]},"properties":{"OBJECTID":2840,"kind":"park","name":"Озеленение","source":"Astana municipal open geoportal","source_url":"https://gis.esaulet.kz/server/rest/services/Sloi_geoportala_otkrytiy_kontur_0702/MapServer/26","sourceId":"astana-municipal-green"}},{"type":"Feature","id":"municipal-green-2841","geometry":{"type":"Polygon","coordinates":[[[71.3947146,51.1412121],[71.3947613,51.1412438],[71.3946637,51.1413491],[71.3947033,51.1414431],[71.3946728,51.1414605],[71.3945875,51.1412371],[71.3947146,51.1412121]]]},"properties":{"OBJECTID":2841,"kind":"park","name":"Озеленение","source":"Astana municipal open geoportal","source_url":"https://gis.esaulet.kz/server/rest/services/Sloi_geoportala_otkrytiy_kontur_0702/MapServer/26","sourceId":"astana-municipal-green"}},{"type":"Feature","id":"municipal-green-2842","geometry":{"type":"Polygon","coordinates":[[[71.4785553,51.0957617],[71.4785489,51.0957911],[71.4783636,51.0957763],[71.4783704,51.0957457],[71.4785553,51.0957617]]]},"properties":{"OBJECTID":2842,"kind":"park","name":"Озеленение","source":"Astana municipal open geoportal","source_url":"https://gis.esaulet.kz/server/rest/services/Sloi_geoportala_otkrytiy_kontur_0702/MapServer/26","sourceId":"astana-municipal-green"}},{"type":"Feature","id":"municipal-green-2844","geometry":{"type":"Polygon","coordinates":[[[71.4304836,51.1163066],[71.4304442,51.1163139],[71.4304306,51.1162803],[71.4305125,51.1162638],[71.4305235,51.1162917],[71.4304836,51.1163066]]]},"properties":{"OBJECTID":2844,"kind":"park","name":"Озеленение","source":"Astana municipal open geoportal","source_url":"https://gis.esaulet.kz/server/rest/services/Sloi_geoportala_otkrytiy_kontur_0702/MapServer/26","sourceId":"astana-municipal-green"}},{"type":"Feature","id":"municipal-green-2849","geometry":{"type":"Polygon","coordinates":[[[71.4122754,51.1410921],[71.4123508,51.1411436],[71.4123118,51.1411505],[71.4122477,51.1411078],[71.4122754,51.1410921]]]},"properties":{"OBJECTID":2849,"kind":"park","name":"Озеленение","source":"Astana municipal open geoportal","source_url":"https://gis.esaulet.kz/server/rest/services/Sloi_geoportala_otkrytiy_kontur_0702/MapServer/26","sourceId":"astana-municipal-green"}},{"type":"Feature","id":"municipal-green-2853","geometry":{"type":"Polygon","coordinates":[[[71.4249026,51.1308089],[71.4243922,51.1308882],[71.4243865,51.1308726],[71.4251436,51.1307542],[71.4251501,51.1307695],[71.4249026,51.1308089]]]},"properties":{"OBJECTID":2853,"kind":"park","name":"Озеленение","source":"Astana municipal open geoportal","source_url":"https://gis.esaulet.kz/server/rest/services/Sloi_geoportala_otkrytiy_kontur_0702/MapServer/26","sourceId":"astana-municipal-green"}},{"type":"Feature","id":"municipal-green-2854","geometry":{"type":"Polygon","coordinates":[[[71.3985731,51.1487703],[71.3983098,51.1487776],[71.398261,51.1487391],[71.3985712,51.1487305],[71.3985731,51.1487703]]]},"properties":{"OBJECTID":2854,"kind":"park","name":"Озеленение","source":"Astana municipal open geoportal","source_url":"https://gis.esaulet.kz/server/rest/services/Sloi_geoportala_otkrytiy_kontur_0702/MapServer/26","sourceId":"astana-municipal-green"}},{"type":"Feature","id":"municipal-green-2855","geometry":{"type":"Polygon","coordinates":[[[71.3984247,51.1488424],[71.3984384,51.1489306],[71.3980171,51.1489433],[71.3980103,51.1488515],[71.3984247,51.1488424]]]},"properties":{"OBJECTID":2855,"kind":"park","name":"Озеленение","source":"Astana municipal open geoportal","source_url":"https://gis.esaulet.kz/server/rest/services/Sloi_geoportala_otkrytiy_kontur_0702/MapServer/26","sourceId":"astana-municipal-green"}},{"type":"Feature","id":"municipal-green-2856","geometry":{"type":"Polygon","coordinates":[[[71.4004681,51.1487917],[71.4006647,51.148802],[71.4006285,51.1488687],[71.4004781,51.1488342],[71.4002776,51.1488372],[71.4002867,51.1487969],[71.4004681,51.1487917]]]},"properties":{"OBJECTID":2856,"kind":"park","name":"Озеленение","source":"Astana municipal open geoportal","source_url":"https://gis.esaulet.kz/server/rest/services/Sloi_geoportala_otkrytiy_kontur_0702/MapServer/26","sourceId":"astana-municipal-green"}},{"type":"Feature","id":"municipal-green-2857","geometry":{"type":"Polygon","coordinates":[[[71.4002572,51.149812],[71.4002529,51.1497702],[71.4005975,51.1497539],[71.4006232,51.1497972],[71.4002572,51.149812]]]},"properties":{"OBJECTID":2857,"kind":"park","name":"Озеленение","source":"Astana municipal open geoportal","source_url":"https://gis.esaulet.kz/server/rest/services/Sloi_geoportala_otkrytiy_kontur_0702/MapServer/26","sourceId":"astana-municipal-green"}},{"type":"Feature","id":"municipal-green-2858","geometry":{"type":"Polygon","coordinates":[[[71.3977952,51.1487684],[71.397695,51.1487728],[71.3976645,51.148748],[71.3977987,51.1487427],[71.3977952,51.1487684]]]},"properties":{"OBJECTID":2858,"kind":"park","name":"Озеленение","source":"Astana municipal open geoportal","source_url":"https://gis.esaulet.kz/server/rest/services/Sloi_geoportala_otkrytiy_kontur_0702/MapServer/26","sourceId":"astana-municipal-green"}},{"type":"Feature","id":"municipal-green-2859","geometry":{"type":"Polygon","coordinates":[[[71.4322511,51.1094559],[71.4323277,51.1095532],[71.432282,51.1095601],[71.4322511,51.1094559]]]},"properties":{"OBJECTID":2859,"kind":"park","name":"Озеленение","source":"Astana municipal open geoportal","source_url":"https://gis.esaulet.kz/server/rest/services/Sloi_geoportala_otkrytiy_kontur_0702/MapServer/26","sourceId":"astana-municipal-green"}},{"type":"Feature","id":"municipal-green-2860","geometry":{"type":"Polygon","coordinates":[[[71.387082,51.1674267],[71.3870992,51.1674268],[71.3870987,51.1674626],[71.3873142,51.1674636],[71.3873309,51.1674008],[71.3873923,51.1673976],[71.3873918,51.1674867],[71.3870824,51.1674834],[71.3870421,51.1674582],[71.387082,51.1674267]]]},"properties":{"OBJECTID":2860,"kind":"park","name":"Озеленение","source":"Astana municipal open geoportal","source_url":"https://gis.esaulet.kz/server/rest/services/Sloi_geoportala_otkrytiy_kontur_0702/MapServer/26","sourceId":"astana-municipal-green"}},{"type":"Feature","id":"municipal-green-2861","geometry":{"type":"Polygon","coordinates":[[[71.388001,51.1675564],[71.3880525,51.1676041],[71.3879883,51.1676042],[71.388001,51.1675564]]]},"properties":{"OBJECTID":2861,"kind":"park","name":"Озеленение","source":"Astana municipal open geoportal","source_url":"https://gis.esaulet.kz/server/rest/services/Sloi_geoportala_otkrytiy_kontur_0702/MapServer/26","sourceId":"astana-municipal-green"}},{"type":"Feature","id":"municipal-green-2862","geometry":{"type":"Polygon","coordinates":[[[71.4398752,51.1261016],[71.4398948,51.126127],[71.4398486,51.126127],[71.4398752,51.1261016]]]},"properties":{"OBJECTID":2862,"kind":"park","name":"Озеленение","source":"Astana municipal open geoportal","source_url":"https://gis.esaulet.kz/server/rest/services/Sloi_geoportala_otkrytiy_kontur_0702/MapServer/26","sourceId":"astana-municipal-green"}},{"type":"Feature","id":"municipal-green-2865","geometry":{"type":"Polygon","coordinates":[[[71.4286765,51.1359468],[71.4285758,51.1359639],[71.4285676,51.1359449],[71.4286684,51.1359278],[71.4286765,51.1359468]]]},"properties":{"OBJECTID":2865,"kind":"park","name":"Озеленение","source":"Astana municipal open geoportal","source_url":"https://gis.esaulet.kz/server/rest/services/Sloi_geoportala_otkrytiy_kontur_0702/MapServer/26","sourceId":"astana-municipal-green"}},{"type":"Feature","id":"municipal-green-2866","geometry":{"type":"Polygon","coordinates":[[[71.4284255,51.1360144],[71.4283855,51.1359767],[71.4285485,51.1359485],[71.4285585,51.1359716],[71.4284255,51.1360144]]]},"properties":{"OBJECTID":2866,"kind":"park","name":"Озеленение","source":"Astana municipal open geoportal","source_url":"https://gis.esaulet.kz/server/rest/services/Sloi_geoportala_otkrytiy_kontur_0702/MapServer/26","sourceId":"astana-municipal-green"}},{"type":"Feature","id":"municipal-green-2867","geometry":{"type":"Polygon","coordinates":[[[71.4366748,51.1314957],[71.4367053,51.1315734],[71.4366009,51.1315908],[71.4365702,51.1315127],[71.4366748,51.1314957]]]},"properties":{"OBJECTID":2867,"kind":"park","name":"Озеленение","source":"Astana municipal open geoportal","source_url":"https://gis.esaulet.kz/server/rest/services/Sloi_geoportala_otkrytiy_kontur_0702/MapServer/26","sourceId":"astana-municipal-green"}},{"type":"Feature","id":"municipal-green-2868","geometry":{"type":"Polygon","coordinates":[[[71.4367155,51.1315994],[71.4366064,51.1316048],[71.4367108,51.1315878],[71.4367155,51.1315994]]]},"properties":{"OBJECTID":2868,"kind":"park","name":"Озеленение","source":"Astana municipal open geoportal","source_url":"https://gis.esaulet.kz/server/rest/services/Sloi_geoportala_otkrytiy_kontur_0702/MapServer/26","sourceId":"astana-municipal-green"}},{"type":"Feature","id":"municipal-green-2869","geometry":{"type":"Polygon","coordinates":[[[71.4366426,51.1314135],[71.4366692,51.1314813],[71.4365649,51.1314994],[71.436534,51.1314207],[71.4366426,51.1314135]]]},"properties":{"OBJECTID":2869,"kind":"park","name":"Озеленение","source":"Astana municipal open geoportal","source_url":"https://gis.esaulet.kz/server/rest/services/Sloi_geoportala_otkrytiy_kontur_0702/MapServer/26","sourceId":"astana-municipal-green"}},{"type":"Feature","id":"municipal-green-2870","geometry":{"type":"Polygon","coordinates":[[[71.4369595,51.1312924],[71.4369736,51.1312707],[71.4370752,51.1315266],[71.4370086,51.1314967],[71.4369595,51.1312924]]]},"properties":{"OBJECTID":2870,"kind":"park","name":"Озеленение","source":"Astana municipal open geoportal","source_url":"https://gis.esaulet.kz/server/rest/services/Sloi_geoportala_otkrytiy_kontur_0702/MapServer/26","sourceId":"astana-municipal-green"}},{"type":"Feature","id":"municipal-green-2871","geometry":{"type":"Polygon","coordinates":[[[71.4322378,51.1272884],[71.4321947,51.1272863],[71.4321837,51.1272576],[71.4322181,51.1272429],[71.4322378,51.1272884]]]},"properties":{"OBJECTID":2871,"kind":"park","name":"Озеленение","source":"Astana municipal open geoportal","source_url":"https://gis.esaulet.kz/server/rest/services/Sloi_geoportala_otkrytiy_kontur_0702/MapServer/26","sourceId":"astana-municipal-green"}},{"type":"Feature","id":"municipal-green-2872","geometry":{"type":"Polygon","coordinates":[[[71.435863,51.1261168],[71.4358453,51.1261281],[71.4358424,51.1260982],[71.4358801,51.1260619],[71.4360661,51.1260257],[71.4360915,51.1260892],[71.435863,51.1261168]]]},"properties":{"OBJECTID":2872,"kind":"park","name":"Озеленение","source":"Astana municipal open geoportal","source_url":"https://gis.esaulet.kz/server/rest/services/Sloi_geoportala_otkrytiy_kontur_0702/MapServer/26","sourceId":"astana-municipal-green"}},{"type":"Feature","id":"municipal-green-2873","geometry":{"type":"Polygon","coordinates":[[[71.4451165,51.1156528],[71.4451375,51.1156774],[71.4450913,51.115678],[71.4451165,51.1156528]]]},"properties":{"OBJECTID":2873,"kind":"park","name":"Озеленение","source":"Astana municipal open geoportal","source_url":"https://gis.esaulet.kz/server/rest/services/Sloi_geoportala_otkrytiy_kontur_0702/MapServer/26","sourceId":"astana-municipal-green"}},{"type":"Feature","id":"municipal-green-2874","geometry":{"type":"Polygon","coordinates":[[[71.4456137,51.11604],[71.4456314,51.1160651],[71.4455857,51.1160627],[71.4456137,51.11604]]]},"properties":{"OBJECTID":2874,"kind":"park","name":"Озеленение","source":"Astana municipal open geoportal","source_url":"https://gis.esaulet.kz/server/rest/services/Sloi_geoportala_otkrytiy_kontur_0702/MapServer/26","sourceId":"astana-municipal-green"}},{"type":"Feature","id":"municipal-green-2875","geometry":{"type":"Polygon","coordinates":[[[71.4429548,51.1181408],[71.4429457,51.1181156],[71.4429825,51.1181097],[71.4429919,51.1181354],[71.4429548,51.1181408]]]},"properties":{"OBJECTID":2875,"kind":"park","name":"Озеленение","source":"Astana municipal open geoportal","source_url":"https://gis.esaulet.kz/server/rest/services/Sloi_geoportala_otkrytiy_kontur_0702/MapServer/26","sourceId":"astana-municipal-green"}},{"type":"Feature","id":"municipal-green-2877","geometry":{"type":"Polygon","coordinates":[[[71.4065178,51.1208273],[71.4063725,51.1208842],[71.40627,51.120858],[71.4065178,51.1208273]]]},"properties":{"OBJECTID":2877,"kind":"park","name":"Озеленение","source":"Astana municipal open geoportal","source_url":"https://gis.esaulet.kz/server/rest/services/Sloi_geoportala_otkrytiy_kontur_0702/MapServer/26","sourceId":"astana-municipal-green"}},{"type":"Feature","id":"municipal-green-2878","geometry":{"type":"Polygon","coordinates":[[[71.4458602,51.1162342],[71.4458749,51.1162595],[71.4458319,51.1162577],[71.4458602,51.1162342]]]},"properties":{"OBJECTID":2878,"kind":"park","name":"Озеленение","source":"Astana municipal open geoportal","source_url":"https://gis.esaulet.kz/server/rest/services/Sloi_geoportala_otkrytiy_kontur_0702/MapServer/26","sourceId":"astana-municipal-green"}},{"type":"Feature","id":"municipal-green-2879","geometry":{"type":"Polygon","coordinates":[[[71.4432515,51.1189577],[71.4432307,51.1189757],[71.4431774,51.1188315],[71.4432072,51.1188358],[71.4432515,51.1189577]]]},"properties":{"OBJECTID":2879,"kind":"park","name":"Озеленение","source":"Astana municipal open geoportal","source_url":"https://gis.esaulet.kz/server/rest/services/Sloi_geoportala_otkrytiy_kontur_0702/MapServer/26","sourceId":"astana-municipal-green"}},{"type":"Feature","id":"municipal-green-2880","geometry":{"type":"Polygon","coordinates":[[[71.4433097,51.1191164],[71.4432863,51.1191286],[71.4432377,51.1189951],[71.4432682,51.1190035],[71.4433097,51.1191164]]]},"properties":{"OBJECTID":2880,"kind":"park","name":"Озеленение","source":"Astana municipal open geoportal","source_url":"https://gis.esaulet.kz/server/rest/services/Sloi_geoportala_otkrytiy_kontur_0702/MapServer/26","sourceId":"astana-municipal-green"}},{"type":"Feature","id":"municipal-green-2882","geometry":{"type":"Polygon","coordinates":[[[71.4084594,51.1207228],[71.4071743,51.1209303],[71.4072134,51.1209054],[71.4084528,51.1207076],[71.4084594,51.1207228]]]},"properties":{"OBJECTID":2882,"kind":"park","name":"Озеленение","source":"Astana municipal open geoportal","source_url":"https://gis.esaulet.kz/server/rest/services/Sloi_geoportala_otkrytiy_kontur_0702/MapServer/26","sourceId":"astana-municipal-green"}},{"type":"Feature","id":"municipal-green-2888","geometry":{"type":"Polygon","coordinates":[[[71.4285665,51.1336411],[71.4283518,51.1336548],[71.4283558,51.1336216],[71.428418,51.1336065],[71.428314,51.1333362],[71.4282411,51.1333388],[71.428226,51.1333011],[71.4284424,51.1332674],[71.4285665,51.1336411]]]},"properties":{"OBJECTID":2888,"kind":"park","name":"Озеленение","source":"Astana municipal open geoportal","source_url":"https://gis.esaulet.kz/server/rest/services/Sloi_geoportala_otkrytiy_kontur_0702/MapServer/26","sourceId":"astana-municipal-green"}},{"type":"Feature","id":"municipal-green-2894","geometry":{"type":"Polygon","coordinates":[[[71.3856523,51.1688266],[71.3856171,51.1688169],[71.3856176,51.168556],[71.3856498,51.1685493],[71.3856773,51.1685538],[71.3856752,51.1687166],[71.3856266,51.1687227],[71.3856263,51.1687464],[71.3856747,51.1687701],[71.3856739,51.1688267],[71.3856523,51.1688266]]]},"properties":{"OBJECTID":2894,"kind":"park","name":"Озеленение","source":"Astana municipal open geoportal","source_url":"https://gis.esaulet.kz/server/rest/services/Sloi_geoportala_otkrytiy_kontur_0702/MapServer/26","sourceId":"astana-municipal-green"}},{"type":"Feature","id":"municipal-green-2895","geometry":{"type":"Polygon","coordinates":[[[71.4091281,51.1489273],[71.4091377,51.1489396],[71.408966,51.1489132],[71.4091281,51.1489273]]]},"properties":{"OBJECTID":2895,"kind":"park","name":"Озеленение","source":"Astana municipal open geoportal","source_url":"https://gis.esaulet.kz/server/rest/services/Sloi_geoportala_otkrytiy_kontur_0702/MapServer/26","sourceId":"astana-municipal-green"}},{"type":"Feature","id":"municipal-green-2898","geometry":{"type":"Polygon","coordinates":[[[71.4022669,51.1318102],[71.402132,51.1317398],[71.4023861,51.1315861],[71.4026501,51.1314725],[71.4029633,51.131378],[71.4032954,51.1313153],[71.4033296,51.1314265],[71.4030312,51.1314833],[71.4027536,51.1315665],[71.4024925,51.1316781],[71.4022669,51.1318102]]]},"properties":{"OBJECTID":2898,"kind":"park","name":"Озеленение","source":"Astana municipal open geoportal","source_url":"https://gis.esaulet.kz/server/rest/services/Sloi_geoportala_otkrytiy_kontur_0702/MapServer/26","sourceId":"astana-municipal-green"}},{"type":"Feature","id":"municipal-green-2899","geometry":{"type":"Polygon","coordinates":[[[71.4282865,51.1337098],[71.4282285,51.1337326],[71.4282015,51.1336626],[71.4282654,51.1336532],[71.4282865,51.1337098]]]},"properties":{"OBJECTID":2899,"kind":"park","name":"Озеленение","source":"Astana municipal open geoportal","source_url":"https://gis.esaulet.kz/server/rest/services/Sloi_geoportala_otkrytiy_kontur_0702/MapServer/26","sourceId":"astana-municipal-green"}},{"type":"Feature","id":"municipal-green-2900","geometry":{"type":"Polygon","coordinates":[[[71.4228009,51.1311376],[71.4225504,51.1311618],[71.4233066,51.1310412],[71.4233125,51.131056],[71.4228009,51.1311376]]]},"properties":{"OBJECTID":2900,"kind":"park","name":"Озеленение","source":"Astana municipal open geoportal","source_url":"https://gis.esaulet.kz/server/rest/services/Sloi_geoportala_otkrytiy_kontur_0702/MapServer/26","sourceId":"astana-municipal-green"}},{"type":"Feature","id":"municipal-green-2901","geometry":{"type":"Polygon","coordinates":[[[71.3975323,51.1414675],[71.39747,51.1414682],[71.3974876,51.1414499],[71.3975323,51.1414675]]]},"properties":{"OBJECTID":2901,"kind":"park","name":"Озеленение","source":"Astana municipal open geoportal","source_url":"https://gis.esaulet.kz/server/rest/services/Sloi_geoportala_otkrytiy_kontur_0702/MapServer/26","sourceId":"astana-municipal-green"}},{"type":"Feature","id":"municipal-green-2902","geometry":{"type":"Polygon","coordinates":[[[71.3963327,51.1411911],[71.3963711,51.1412011],[71.3963427,51.1412308],[71.3962761,51.1412033],[71.3963327,51.1411911]]]},"properties":{"OBJECTID":2902,"kind":"park","name":"Озеленение","source":"Astana municipal open geoportal","source_url":"https://gis.esaulet.kz/server/rest/services/Sloi_geoportala_otkrytiy_kontur_0702/MapServer/26","sourceId":"astana-municipal-green"}},{"type":"Feature","id":"municipal-green-2909","geometry":{"type":"Polygon","coordinates":[[[71.4223214,51.1308539],[71.4223782,51.1309966],[71.4223525,51.1310006],[71.4222967,51.1308578],[71.4223214,51.1308539]]]},"properties":{"OBJECTID":2909,"kind":"park","name":"Озеленение","source":"Astana municipal open geoportal","source_url":"https://gis.esaulet.kz/server/rest/services/Sloi_geoportala_otkrytiy_kontur_0702/MapServer/26","sourceId":"astana-municipal-green"}},{"type":"Feature","id":"municipal-green-2910","geometry":{"type":"Polygon","coordinates":[[[71.4340471,51.1138502],[71.4341543,51.1141481],[71.434096,51.1141562],[71.433982,51.1139378],[71.4336073,51.1135851],[71.4335547,51.1135049],[71.4334817,51.1133011],[71.4338324,51.1132517],[71.4340471,51.1138502]]]},"properties":{"OBJECTID":2910,"kind":"park","name":"Озеленение","source":"Astana municipal open geoportal","source_url":"https://gis.esaulet.kz/server/rest/services/Sloi_geoportala_otkrytiy_kontur_0702/MapServer/26","sourceId":"astana-municipal-green"}},{"type":"Feature","id":"municipal-green-2911","geometry":{"type":"Polygon","coordinates":[[[71.3866466,51.1662787],[71.3865892,51.1662823],[71.3865912,51.1661434],[71.3863729,51.1661422],[71.3863535,51.1662035],[71.3863,51.1662078],[71.3863017,51.1660927],[71.3866273,51.1661021],[71.3866489,51.1661283],[71.3866466,51.1662787]]]},"properties":{"OBJECTID":2911,"kind":"park","name":"Озеленение","source":"Astana municipal open geoportal","source_url":"https://gis.esaulet.kz/server/rest/services/Sloi_geoportala_otkrytiy_kontur_0702/MapServer/26","sourceId":"astana-municipal-green"}},{"type":"Feature","id":"municipal-green-2912","geometry":{"type":"Polygon","coordinates":[[[71.3856938,51.1667512],[71.3856434,51.1667514],[71.3856443,51.1666713],[71.3857054,51.1666668],[71.3856938,51.1667512]]]},"properties":{"OBJECTID":2912,"kind":"park","name":"Озеленение","source":"Astana municipal open geoportal","source_url":"https://gis.esaulet.kz/server/rest/services/Sloi_geoportala_otkrytiy_kontur_0702/MapServer/26","sourceId":"astana-municipal-green"}},{"type":"Feature","id":"municipal-green-2913","geometry":{"type":"Polygon","coordinates":[[[71.3860932,51.1663166],[71.3860297,51.1663164],[71.3860341,51.1660919],[71.3861377,51.1660922],[71.3861373,51.1661219],[71.3860976,51.1661214],[71.3860932,51.1663166]]]},"properties":{"OBJECTID":2913,"kind":"park","name":"Озеленение","source":"Astana municipal open geoportal","source_url":"https://gis.esaulet.kz/server/rest/services/Sloi_geoportala_otkrytiy_kontur_0702/MapServer/26","sourceId":"astana-municipal-green"}},{"type":"Feature","id":"municipal-green-2914","geometry":{"type":"Polygon","coordinates":[[[71.3861686,51.1660923],[71.386272,51.1660926],[71.3862684,51.1663177],[71.3862043,51.1663173],[71.3862071,51.1661226],[71.3861682,51.1661222],[71.3861686,51.1660923]]]},"properties":{"OBJECTID":2914,"kind":"park","name":"Озеленение","source":"Astana municipal open geoportal","source_url":"https://gis.esaulet.kz/server/rest/services/Sloi_geoportala_otkrytiy_kontur_0702/MapServer/26","sourceId":"astana-municipal-green"}},{"type":"Feature","id":"municipal-green-2915","geometry":{"type":"Polygon","coordinates":[[[71.3860928,51.1663361],[71.3860878,51.1665545],[71.386025,51.166554],[71.3860293,51.1663356],[71.3860928,51.1663361]]]},"properties":{"OBJECTID":2915,"kind":"park","name":"Озеленение","source":"Astana municipal open geoportal","source_url":"https://gis.esaulet.kz/server/rest/services/Sloi_geoportala_otkrytiy_kontur_0702/MapServer/26","sourceId":"astana-municipal-green"}},{"type":"Feature","id":"municipal-green-2916","geometry":{"type":"Polygon","coordinates":[[[71.3862647,51.1665558],[71.3862008,51.1665554],[71.386204,51.166337],[71.386268,51.1663373],[71.3862647,51.1665558]]]},"properties":{"OBJECTID":2916,"kind":"park","name":"Озеленение","source":"Astana municipal open geoportal","source_url":"https://gis.esaulet.kz/server/rest/services/Sloi_geoportala_otkrytiy_kontur_0702/MapServer/26","sourceId":"astana-municipal-green"}},{"type":"Feature","id":"municipal-green-2917","geometry":{"type":"Polygon","coordinates":[[[71.3862644,51.1665774],[71.3862615,51.1667684],[71.3861992,51.1667679],[71.3862001,51.1666942],[71.386022,51.1667066],[71.3860246,51.1665732],[71.3860874,51.1665738],[71.386085,51.1666922],[71.3862009,51.166693],[71.3862005,51.1665761],[71.3862644,51.1665774]]]},"properties":{"OBJECTID":2917,"kind":"park","name":"Озеленение","source":"Astana municipal open geoportal","source_url":"https://gis.esaulet.kz/server/rest/services/Sloi_geoportala_otkrytiy_kontur_0702/MapServer/26","sourceId":"astana-municipal-green"}},{"type":"Feature","id":"municipal-green-2918","geometry":{"type":"Polygon","coordinates":[[[71.3856965,51.1664242],[71.3856493,51.166424],[71.3856509,51.1663418],[71.385711,51.1663394],[71.3856965,51.1664242]]]},"properties":{"OBJECTID":2918,"kind":"park","name":"Озеленение","source":"Astana municipal open geoportal","source_url":"https://gis.esaulet.kz/server/rest/services/Sloi_geoportala_otkrytiy_kontur_0702/MapServer/26","sourceId":"astana-municipal-green"}},{"type":"Feature","id":"municipal-green-2919","geometry":{"type":"Polygon","coordinates":[[[71.3866429,51.1665265],[71.3866413,51.1666062],[71.3865846,51.1666055],[71.3865983,51.1665262],[71.3866429,51.1665265]]]},"properties":{"OBJECTID":2919,"kind":"park","name":"Озеленение","source":"Astana municipal open geoportal","source_url":"https://gis.esaulet.kz/server/rest/services/Sloi_geoportala_otkrytiy_kontur_0702/MapServer/26","sourceId":"astana-municipal-green"}},{"type":"Feature","id":"municipal-green-2920","geometry":{"type":"Polygon","coordinates":[[[71.4279021,51.0991495],[71.4278078,51.0990357],[71.4278591,51.0990281],[71.4279021,51.0991495]]]},"properties":{"OBJECTID":2920,"kind":"park","name":"Озеленение","source":"Astana municipal open geoportal","source_url":"https://gis.esaulet.kz/server/rest/services/Sloi_geoportala_otkrytiy_kontur_0702/MapServer/26","sourceId":"astana-municipal-green"}},{"type":"Feature","id":"municipal-green-2921","geometry":{"type":"Polygon","coordinates":[[[71.388034,51.1673201],[71.3880333,51.1674318],[71.3879919,51.1674317],[71.3879765,51.167314],[71.3879909,51.167296],[71.388034,51.1673201]]]},"properties":{"OBJECTID":2921,"kind":"park","name":"Озеленение","source":"Astana municipal open geoportal","source_url":"https://gis.esaulet.kz/server/rest/services/Sloi_geoportala_otkrytiy_kontur_0702/MapServer/26","sourceId":"astana-municipal-green"}},{"type":"Feature","id":"municipal-green-2924","geometry":{"type":"Polygon","coordinates":[[[71.4283755,51.136563],[71.4284234,51.1366131],[71.4283304,51.1366],[71.4282802,51.1364449],[71.4283022,51.1364411],[71.428356,51.1365663],[71.4283755,51.136563]]]},"properties":{"OBJECTID":2924,"kind":"park","name":"Озеленение","source":"Astana municipal open geoportal","source_url":"https://gis.esaulet.kz/server/rest/services/Sloi_geoportala_otkrytiy_kontur_0702/MapServer/26","sourceId":"astana-municipal-green"}},{"type":"Feature","id":"municipal-green-2925","geometry":{"type":"Polygon","coordinates":[[[71.4368634,51.1313793],[71.4367638,51.1314232],[71.4367566,51.1314622],[71.4367855,51.1314992],[71.4367352,51.1314653],[71.4367283,51.1314276],[71.436756,51.1313926],[71.4368874,51.1313802],[71.4368634,51.1313793]]]},"properties":{"OBJECTID":2925,"kind":"park","name":"Озеленение","source":"Astana municipal open geoportal","source_url":"https://gis.esaulet.kz/server/rest/services/Sloi_geoportala_otkrytiy_kontur_0702/MapServer/26","sourceId":"astana-municipal-green"}},{"type":"Feature","id":"municipal-green-2926","geometry":{"type":"Polygon","coordinates":[[[71.4369953,51.1315079],[71.4370695,51.1315422],[71.436738,51.1315957],[71.4367285,51.1315717],[71.436914,51.131549],[71.4369953,51.1315079]]]},"properties":{"OBJECTID":2926,"kind":"park","name":"Озеленение","source":"Astana municipal open geoportal","source_url":"https://gis.esaulet.kz/server/rest/services/Sloi_geoportala_otkrytiy_kontur_0702/MapServer/26","sourceId":"astana-municipal-green"}},{"type":"Feature","id":"municipal-green-2928","geometry":{"type":"Polygon","coordinates":[[[71.4300904,51.1383437],[71.4301752,51.1383225],[71.4302119,51.1383803],[71.4301267,51.1384015],[71.4300904,51.1383437]]]},"properties":{"OBJECTID":2928,"kind":"park","name":"Озеленение","source":"Astana municipal open geoportal","source_url":"https://gis.esaulet.kz/server/rest/services/Sloi_geoportala_otkrytiy_kontur_0702/MapServer/26","sourceId":"astana-municipal-green"}},{"type":"Feature","id":"municipal-green-2931","geometry":{"type":"Polygon","coordinates":[[[71.3855677,51.1482385],[71.3855557,51.1482717],[71.3855057,51.1482886],[71.38474,51.1482294],[71.3842591,51.1482657],[71.38392,51.1482245],[71.3837221,51.1481568],[71.3837622,51.1480446],[71.3848185,51.1481734],[71.3855677,51.1482385]]]},"properties":{"OBJECTID":2931,"kind":"park","name":"Озеленение","source":"Astana municipal open geoportal","source_url":"https://gis.esaulet.kz/server/rest/services/Sloi_geoportala_otkrytiy_kontur_0702/MapServer/26","sourceId":"astana-municipal-green"}},{"type":"Feature","id":"municipal-green-2932","geometry":{"type":"Polygon","coordinates":[[[71.4640343,51.1436657],[71.4638656,51.1436619],[71.4638302,51.1436297],[71.4638299,51.1435609],[71.4639803,51.1435626],[71.4639801,51.1435955],[71.4640355,51.1435961],[71.4640343,51.1436657]]]},"properties":{"OBJECTID":2932,"kind":"park","name":"Озеленение","source":"Astana municipal open geoportal","source_url":"https://gis.esaulet.kz/server/rest/services/Sloi_geoportala_otkrytiy_kontur_0702/MapServer/26","sourceId":"astana-municipal-green"}},{"type":"Feature","id":"municipal-green-2933","geometry":{"type":"Polygon","coordinates":[[[71.4639004,51.1433267],[71.4639436,51.143327],[71.463943,51.1433549],[71.4638341,51.143354],[71.4638387,51.1432205],[71.4638696,51.1431921],[71.4641624,51.1431869],[71.4642072,51.1432155],[71.4642089,51.1432306],[71.4639041,51.1432274],[71.4639004,51.1433267]]]},"properties":{"OBJECTID":2933,"kind":"park","name":"Озеленение","source":"Astana municipal open geoportal","source_url":"https://gis.esaulet.kz/server/rest/services/Sloi_geoportala_otkrytiy_kontur_0702/MapServer/26","sourceId":"astana-municipal-green"}},{"type":"Feature","id":"municipal-green-2934","geometry":{"type":"Polygon","coordinates":[[[71.4641996,51.1434353],[71.4643581,51.1434284],[71.4643734,51.1433652],[71.464363,51.1434405],[71.4642517,51.1434534],[71.4642493,51.143486],[71.4644078,51.1435019],[71.4644092,51.1436452],[71.4641177,51.1436651],[71.4643537,51.1436473],[71.4643549,51.1435103],[71.4641826,51.1435081],[71.4641972,51.1434659],[71.4641773,51.1434538],[71.4641996,51.1434353]]]},"properties":{"OBJECTID":2934,"kind":"park","name":"Озеленение","source":"Astana municipal open geoportal","source_url":"https://gis.esaulet.kz/server/rest/services/Sloi_geoportala_otkrytiy_kontur_0702/MapServer/26","sourceId":"astana-municipal-green"}},{"type":"Feature","id":"municipal-green-2935","geometry":{"type":"Polygon","coordinates":[[[71.4643749,51.1433204],[71.464363,51.143301],[71.4644924,51.1433046],[71.4644806,51.1433234],[71.4643749,51.1433204]]]},"properties":{"OBJECTID":2935,"kind":"park","name":"Озеленение","source":"Astana municipal open geoportal","source_url":"https://gis.esaulet.kz/server/rest/services/Sloi_geoportala_otkrytiy_kontur_0702/MapServer/26","sourceId":"astana-municipal-green"}},{"type":"Feature","id":"municipal-green-2936","geometry":{"type":"Polygon","coordinates":[[[71.4647164,51.1431749],[71.4647102,51.1430831],[71.4650462,51.1430851],[71.465039,51.1432391],[71.4649148,51.1432356],[71.4649225,51.1431267],[71.4647202,51.1431211],[71.4647164,51.1431749]]]},"properties":{"OBJECTID":2936,"kind":"park","name":"Озеленение","source":"Astana municipal open geoportal","source_url":"https://gis.esaulet.kz/server/rest/services/Sloi_geoportala_otkrytiy_kontur_0702/MapServer/26","sourceId":"astana-municipal-green"}},{"type":"Feature","id":"municipal-green-2937","geometry":{"type":"Polygon","coordinates":[[[71.4645478,51.1431975],[71.4645377,51.1431234],[71.4643341,51.1431177],[71.4643275,51.1432319],[71.4642588,51.1432312],[71.4642625,51.1431171],[71.4643258,51.1430818],[71.4645714,51.1430826],[71.4645685,51.1431981],[71.4645478,51.1431975]]]},"properties":{"OBJECTID":2937,"kind":"park","name":"Озеленение","source":"Astana municipal open geoportal","source_url":"https://gis.esaulet.kz/server/rest/services/Sloi_geoportala_otkrytiy_kontur_0702/MapServer/26","sourceId":"astana-municipal-green"}},{"type":"Feature","id":"municipal-green-2939","geometry":{"type":"Polygon","coordinates":[[[71.406138,51.1208829],[71.4060684,51.1209285],[71.4052757,51.1210581],[71.405193,51.1210303],[71.406138,51.1208829]]]},"properties":{"OBJECTID":2939,"kind":"park","name":"Озеленение","source":"Astana municipal open geoportal","source_url":"https://gis.esaulet.kz/server/rest/services/Sloi_geoportala_otkrytiy_kontur_0702/MapServer/26","sourceId":"astana-municipal-green"}},{"type":"Feature","id":"municipal-green-2940","geometry":{"type":"Polygon","coordinates":[[[71.4445453,51.1115925],[71.4445146,51.1116476],[71.4443313,51.1117761],[71.4442708,51.1116465],[71.4444821,51.1114927],[71.4445453,51.1115925]]]},"properties":{"OBJECTID":2940,"kind":"park","name":"Озеленение","source":"Astana municipal open geoportal","source_url":"https://gis.esaulet.kz/server/rest/services/Sloi_geoportala_otkrytiy_kontur_0702/MapServer/26","sourceId":"astana-municipal-green"}},{"type":"Feature","id":"municipal-green-2943","geometry":{"type":"Polygon","coordinates":[[[71.489937,51.1564193],[71.4898935,51.1563721],[71.4899295,51.1563586],[71.4899563,51.1563879],[71.489937,51.1564193]]]},"properties":{"OBJECTID":2943,"kind":"park","name":"Озеленение","source":"Astana municipal open geoportal","source_url":"https://gis.esaulet.kz/server/rest/services/Sloi_geoportala_otkrytiy_kontur_0702/MapServer/26","sourceId":"astana-municipal-green"}},{"type":"Feature","id":"municipal-green-2944","geometry":{"type":"Polygon","coordinates":[[[71.4898013,51.1562778],[71.4897192,51.1561902],[71.4897552,51.1561767],[71.4898384,51.1562637],[71.4898013,51.1562778]]]},"properties":{"OBJECTID":2944,"kind":"park","name":"Озеленение","source":"Astana municipal open geoportal","source_url":"https://gis.esaulet.kz/server/rest/services/Sloi_geoportala_otkrytiy_kontur_0702/MapServer/26","sourceId":"astana-municipal-green"}},{"type":"Feature","id":"municipal-green-2945","geometry":{"type":"Polygon","coordinates":[[[71.489697,51.1561663],[71.4895694,51.1560345],[71.4896054,51.1560209],[71.4897328,51.1561531],[71.489697,51.1561663]]]},"properties":{"OBJECTID":2945,"kind":"park","name":"Озеленение","source":"Astana municipal open geoportal","source_url":"https://gis.esaulet.kz/server/rest/services/Sloi_geoportala_otkrytiy_kontur_0702/MapServer/26","sourceId":"astana-municipal-green"}},{"type":"Feature","id":"municipal-green-2946","geometry":{"type":"Polygon","coordinates":[[[71.4893977,51.1558553],[71.489271,51.1557237],[71.4893081,51.1557097],[71.4894336,51.1558421],[71.4893977,51.1558553]]]},"properties":{"OBJECTID":2946,"kind":"park","name":"Озеленение","source":"Astana municipal open geoportal","source_url":"https://gis.esaulet.kz/server/rest/services/Sloi_geoportala_otkrytiy_kontur_0702/MapServer/26","sourceId":"astana-municipal-green"}},{"type":"Feature","id":"municipal-green-2947","geometry":{"type":"Polygon","coordinates":[[[71.3866161,51.1687372],[71.3866143,51.168817],[71.3865553,51.1688202],[71.3865704,51.1687372],[71.3866161,51.1687372]]]},"properties":{"OBJECTID":2947,"kind":"park","name":"Озеленение","source":"Astana municipal open geoportal","source_url":"https://gis.esaulet.kz/server/rest/services/Sloi_geoportala_otkrytiy_kontur_0702/MapServer/26","sourceId":"astana-municipal-green"}},{"type":"Feature","id":"municipal-green-2948","geometry":{"type":"Polygon","coordinates":[[[71.3875269,51.1686321],[71.3875593,51.1686471],[71.3875548,51.1686741],[71.3874838,51.1686704],[71.3874881,51.1686419],[71.3875269,51.1686321]]]},"properties":{"OBJECTID":2948,"kind":"park","name":"Озеленение","source":"Astana municipal open geoportal","source_url":"https://gis.esaulet.kz/server/rest/services/Sloi_geoportala_otkrytiy_kontur_0702/MapServer/26","sourceId":"astana-municipal-green"}},{"type":"Feature","id":"municipal-green-2949","geometry":{"type":"Polygon","coordinates":[[[71.4248354,51.1670546],[71.424889,51.1670607],[71.4248706,51.1671201],[71.4248179,51.1671139],[71.4248354,51.1670546]]]},"properties":{"OBJECTID":2949,"kind":"park","name":"Озеленение","source":"Astana municipal open geoportal","source_url":"https://gis.esaulet.kz/server/rest/services/Sloi_geoportala_otkrytiy_kontur_0702/MapServer/26","sourceId":"astana-municipal-green"}},{"type":"Feature","id":"municipal-green-2952","geometry":{"type":"Polygon","coordinates":[[[71.4745883,51.1616768],[71.4746163,51.1617645],[71.4745889,51.161791],[71.4745277,51.1617737],[71.4744586,51.1616938],[71.4745706,51.1616562],[71.4745883,51.1616768]]]},"properties":{"OBJECTID":2952,"kind":"park","name":"Озеленение","source":"Astana municipal open geoportal","source_url":"https://gis.esaulet.kz/server/rest/services/Sloi_geoportala_otkrytiy_kontur_0702/MapServer/26","sourceId":"astana-municipal-green"}},{"type":"Feature","id":"municipal-green-2958","geometry":{"type":"Polygon","coordinates":[[[71.4310433,51.1074921],[71.4312464,51.1080485],[71.4311819,51.1079514],[71.4309587,51.1073416],[71.4309504,51.1072415],[71.4310433,51.1074921]]]},"properties":{"OBJECTID":2958,"kind":"park","name":"Озеленение","source":"Astana municipal open geoportal","source_url":"https://gis.esaulet.kz/server/rest/services/Sloi_geoportala_otkrytiy_kontur_0702/MapServer/26","sourceId":"astana-municipal-green"}},{"type":"Feature","id":"municipal-green-2959","geometry":{"type":"Polygon","coordinates":[[[71.4316726,51.1092437],[71.4316782,51.1093752],[71.4315606,51.1098328],[71.4315248,51.1098548],[71.431192,51.1089291],[71.4315448,51.1088793],[71.4316726,51.1092437]]]},"properties":{"OBJECTID":2959,"kind":"park","name":"Озеленение","source":"Astana municipal open geoportal","source_url":"https://gis.esaulet.kz/server/rest/services/Sloi_geoportala_otkrytiy_kontur_0702/MapServer/26","sourceId":"astana-municipal-green"}},{"type":"Feature","id":"municipal-green-2960","geometry":{"type":"Polygon","coordinates":[[[71.4773676,51.1678186],[71.4774127,51.1678296],[71.4774715,51.1679671],[71.4774435,51.1679792],[71.4772952,51.1678523],[71.4773676,51.1678186]]]},"properties":{"OBJECTID":2960,"kind":"park","name":"Озеленение","source":"Astana municipal open geoportal","source_url":"https://gis.esaulet.kz/server/rest/services/Sloi_geoportala_otkrytiy_kontur_0702/MapServer/26","sourceId":"astana-municipal-green"}},{"type":"Feature","id":"municipal-green-2961","geometry":{"type":"Polygon","coordinates":[[[71.472787,51.1421742],[71.4728621,51.1421958],[71.472832,51.1422388],[71.4727555,51.1422158],[71.472787,51.1421742]]]},"properties":{"OBJECTID":2961,"kind":"park","name":"Озеленение","source":"Astana municipal open geoportal","source_url":"https://gis.esaulet.kz/server/rest/services/Sloi_geoportala_otkrytiy_kontur_0702/MapServer/26","sourceId":"astana-municipal-green"}},{"type":"Feature","id":"municipal-green-2962","geometry":{"type":"Polygon","coordinates":[[[71.4245039,51.1312376],[71.4240615,51.131307],[71.4240565,51.1312927],[71.4245039,51.1312376]]]},"properties":{"OBJECTID":2962,"kind":"park","name":"Озеленение","source":"Astana municipal open geoportal","source_url":"https://gis.esaulet.kz/server/rest/services/Sloi_geoportala_otkrytiy_kontur_0702/MapServer/26","sourceId":"astana-municipal-green"}},{"type":"Feature","id":"municipal-green-2966","geometry":{"type":"Polygon","coordinates":[[[71.4224601,51.1313988],[71.422413,51.1313909],[71.4224092,51.131365],[71.4224396,51.1313482],[71.4224601,51.1313988]]]},"properties":{"OBJECTID":2966,"kind":"park","name":"Озеленение","source":"Astana municipal open geoportal","source_url":"https://gis.esaulet.kz/server/rest/services/Sloi_geoportala_otkrytiy_kontur_0702/MapServer/26","sourceId":"astana-municipal-green"}},{"type":"Feature","id":"municipal-green-2967","geometry":{"type":"Polygon","coordinates":[[[71.4342631,51.1164589],[71.4342228,51.1166938],[71.4342298,51.1167969],[71.4342004,51.1168127],[71.4340853,51.1164648],[71.4341541,51.1161525],[71.4342631,51.1164589]]]},"properties":{"OBJECTID":2967,"kind":"park","name":"Озеленение","source":"Astana municipal open geoportal","source_url":"https://gis.esaulet.kz/server/rest/services/Sloi_geoportala_otkrytiy_kontur_0702/MapServer/26","sourceId":"astana-municipal-green"}},{"type":"Feature","id":"municipal-green-2968","geometry":{"type":"Polygon","coordinates":[[[71.4321054,51.1104489],[71.4323938,51.1112633],[71.4323746,51.1116507],[71.432347,51.1116541],[71.4317161,51.1098952],[71.4317028,51.1097405],[71.4317626,51.1094954],[71.4321054,51.1104489]]]},"properties":{"OBJECTID":2968,"kind":"park","name":"Озеленение","source":"Astana municipal open geoportal","source_url":"https://gis.esaulet.kz/server/rest/services/Sloi_geoportala_otkrytiy_kontur_0702/MapServer/26","sourceId":"astana-municipal-green"}},{"type":"Feature","id":"municipal-green-2969","geometry":{"type":"Polygon","coordinates":[[[71.4326611,51.1104927],[71.4330752,51.1116474],[71.4330809,51.1118003],[71.4330295,51.1120487],[71.4324357,51.1103956],[71.4324216,51.1102785],[71.4324582,51.1100988],[71.432454,51.1099976],[71.4324816,51.1099932],[71.4326611,51.1104927]]]},"properties":{"OBJECTID":2969,"kind":"park","name":"Озеленение","source":"Astana municipal open geoportal","source_url":"https://gis.esaulet.kz/server/rest/services/Sloi_geoportala_otkrytiy_kontur_0702/MapServer/26","sourceId":"astana-municipal-green"}},{"type":"Feature","id":"municipal-green-2970","geometry":{"type":"Polygon","coordinates":[[[71.3871053,51.1669208],[71.3870508,51.1669372],[71.3870509,51.1668565],[71.3870902,51.1668605],[71.3871053,51.1669208]]]},"properties":{"OBJECTID":2970,"kind":"park","name":"Озеленение","source":"Astana municipal open geoportal","source_url":"https://gis.esaulet.kz/server/rest/services/Sloi_geoportala_otkrytiy_kontur_0702/MapServer/26","sourceId":"astana-municipal-green"}},{"type":"Feature","id":"municipal-green-2972","geometry":{"type":"Polygon","coordinates":[[[71.4354614,51.1254848],[71.4350543,51.1255489],[71.4350438,51.1255241],[71.4354519,51.1254607],[71.4354614,51.1254848]]]},"properties":{"OBJECTID":2972,"kind":"park","name":"Озеленение","source":"Astana municipal open geoportal","source_url":"https://gis.esaulet.kz/server/rest/services/Sloi_geoportala_otkrytiy_kontur_0702/MapServer/26","sourceId":"astana-municipal-green"}},{"type":"Feature","id":"municipal-green-2973","geometry":{"type":"Polygon","coordinates":[[[71.4350109,51.1255547],[71.4349004,51.125573],[71.4348886,51.1255326],[71.434912,51.1255002],[71.4349808,51.125483],[71.4350109,51.1255547]]]},"properties":{"OBJECTID":2973,"kind":"park","name":"Озеленение","source":"Astana municipal open geoportal","source_url":"https://gis.esaulet.kz/server/rest/services/Sloi_geoportala_otkrytiy_kontur_0702/MapServer/26","sourceId":"astana-municipal-green"}},{"type":"Feature","id":"municipal-green-2974","geometry":{"type":"Polygon","coordinates":[[[71.4354861,51.1255497],[71.4351076,51.1256063],[71.435063,51.1255716],[71.4354697,51.1255059],[71.4354861,51.1255497]]]},"properties":{"OBJECTID":2974,"kind":"park","name":"Озеленение","source":"Astana municipal open geoportal","source_url":"https://gis.esaulet.kz/server/rest/services/Sloi_geoportala_otkrytiy_kontur_0702/MapServer/26","sourceId":"astana-municipal-green"}},{"type":"Feature","id":"municipal-green-2976","geometry":{"type":"Polygon","coordinates":[[[71.4328572,51.1267],[71.4327492,51.1267168],[71.4326876,51.1265601],[71.4329501,51.126518],[71.4330116,51.1266741],[71.4328572,51.1267]],[[71.4328444,51.1265667],[71.4328008,51.1265986],[71.4328277,51.1266582],[71.4328799,51.1266642],[71.4328992,51.1266394],[71.4328762,51.1265818],[71.4328444,51.1265667]]]},"properties":{"OBJECTID":2976,"kind":"park","name":"Озеленение","source":"Astana municipal open geoportal","source_url":"https://gis.esaulet.kz/server/rest/services/Sloi_geoportala_otkrytiy_kontur_0702/MapServer/26","sourceId":"astana-municipal-green"}},{"type":"Feature","id":"municipal-green-2993","geometry":{"type":"Polygon","coordinates":[[[71.3985505,51.1498389],[71.3984563,51.149851],[71.3984552,51.1498421],[71.3985505,51.1498389]]]},"properties":{"OBJECTID":2993,"kind":"park","name":"Озеленение","source":"Astana municipal open geoportal","source_url":"https://gis.esaulet.kz/server/rest/services/Sloi_geoportala_otkrytiy_kontur_0702/MapServer/26","sourceId":"astana-municipal-green"}},{"type":"Feature","id":"municipal-green-2994","geometry":{"type":"Polygon","coordinates":[[[71.3985536,51.1498849],[71.3984625,51.149902],[71.3984575,51.1498614],[71.3985524,51.1498577],[71.3985536,51.1498849]]]},"properties":{"OBJECTID":2994,"kind":"park","name":"Озеленение","source":"Astana municipal open geoportal","source_url":"https://gis.esaulet.kz/server/rest/services/Sloi_geoportala_otkrytiy_kontur_0702/MapServer/26","sourceId":"astana-municipal-green"}},{"type":"Feature","id":"municipal-green-2995","geometry":{"type":"Polygon","coordinates":[[[71.3984323,51.149895],[71.3983055,51.1499097],[71.3982938,51.1498677],[71.3984282,51.1498619],[71.3984323,51.149895]]]},"properties":{"OBJECTID":2995,"kind":"park","name":"Озеленение","source":"Astana municipal open geoportal","source_url":"https://gis.esaulet.kz/server/rest/services/Sloi_geoportala_otkrytiy_kontur_0702/MapServer/26","sourceId":"astana-municipal-green"}},{"type":"Feature","id":"municipal-green-2996","geometry":{"type":"Polygon","coordinates":[[[71.3980234,51.1498607],[71.3980241,51.1498673],[71.3978886,51.1498665],[71.3980234,51.1498607]]]},"properties":{"OBJECTID":2996,"kind":"park","name":"Озеленение","source":"Astana municipal open geoportal","source_url":"https://gis.esaulet.kz/server/rest/services/Sloi_geoportala_otkrytiy_kontur_0702/MapServer/26","sourceId":"astana-municipal-green"}},{"type":"Feature","id":"municipal-green-2997","geometry":{"type":"Polygon","coordinates":[[[71.4368904,51.131298],[71.4368234,51.1313091],[71.4368134,51.131283],[71.4369545,51.1312598],[71.4368904,51.131298]]]},"properties":{"OBJECTID":2997,"kind":"park","name":"Озеленение","source":"Astana municipal open geoportal","source_url":"https://gis.esaulet.kz/server/rest/services/Sloi_geoportala_otkrytiy_kontur_0702/MapServer/26","sourceId":"astana-municipal-green"}},{"type":"Feature","id":"municipal-green-2998","geometry":{"type":"Polygon","coordinates":[[[71.4647778,51.1433534],[71.4647757,51.1434571],[71.4647261,51.1434566],[71.464725,51.143353],[71.4647778,51.1433534]]]},"properties":{"OBJECTID":2998,"kind":"park","name":"Озеленение","source":"Astana municipal open geoportal","source_url":"https://gis.esaulet.kz/server/rest/services/Sloi_geoportala_otkrytiy_kontur_0702/MapServer/26","sourceId":"astana-municipal-green"}},{"type":"Feature","id":"municipal-green-2999","geometry":{"type":"Polygon","coordinates":[[[71.4649048,51.1434233],[71.4649088,51.1434585],[71.4648452,51.1434578],[71.4648464,51.1433536],[71.4649065,51.1433536],[71.4649048,51.1434233]]]},"properties":{"OBJECTID":2999,"kind":"park","name":"Озеленение","source":"Astana municipal open geoportal","source_url":"https://gis.esaulet.kz/server/rest/services/Sloi_geoportala_otkrytiy_kontur_0702/MapServer/26","sourceId":"astana-municipal-green"}},{"type":"Feature","id":"municipal-green-3000","geometry":{"type":"Polygon","coordinates":[[[71.4776706,51.1319473],[71.4777861,51.1321386],[71.4777464,51.1321488],[71.4776385,51.1319703],[71.4776706,51.1319473]]]},"properties":{"OBJECTID":3000,"kind":"park","name":"Озеленение","source":"Astana municipal open geoportal","source_url":"https://gis.esaulet.kz/server/rest/services/Sloi_geoportala_otkrytiy_kontur_0702/MapServer/26","sourceId":"astana-municipal-green"}},{"type":"Feature","id":"municipal-green-3001","geometry":{"type":"Polygon","coordinates":[[[71.4775127,51.1322255],[71.4775024,51.1322101],[71.4776751,51.1321663],[71.477675,51.1321855],[71.4775127,51.1322255]]]},"properties":{"OBJECTID":3001,"kind":"park","name":"Озеленение","source":"Astana municipal open geoportal","source_url":"https://gis.esaulet.kz/server/rest/services/Sloi_geoportala_otkrytiy_kontur_0702/MapServer/26","sourceId":"astana-municipal-green"}},{"type":"Feature","id":"municipal-green-3002","geometry":{"type":"Polygon","coordinates":[[[71.444118,51.111253],[71.4440794,51.1113964],[71.4437757,51.1113852],[71.443769,51.1113624],[71.4440424,51.1111884],[71.4440286,51.1111805],[71.44405,51.1111644],[71.4440999,51.1111708],[71.444118,51.111253]]]},"properties":{"OBJECTID":3002,"kind":"park","name":"Озеленение","source":"Astana municipal open geoportal","source_url":"https://gis.esaulet.kz/server/rest/services/Sloi_geoportala_otkrytiy_kontur_0702/MapServer/26","sourceId":"astana-municipal-green"}},{"type":"Feature","id":"municipal-green-3003","geometry":{"type":"Polygon","coordinates":[[[71.4436109,51.1114806],[71.4436187,51.1117212],[71.4434044,51.111639],[71.4436109,51.1114806]]]},"properties":{"OBJECTID":3003,"kind":"park","name":"Озеленение","source":"Astana municipal open geoportal","source_url":"https://gis.esaulet.kz/server/rest/services/Sloi_geoportala_otkrytiy_kontur_0702/MapServer/26","sourceId":"astana-municipal-green"}},{"type":"Feature","id":"municipal-green-3004","geometry":{"type":"Polygon","coordinates":[[[71.443686,51.1118637],[71.4436596,51.1118711],[71.4433905,51.1117266],[71.4434467,51.111685],[71.4436004,51.111748],[71.443686,51.1118637]]]},"properties":{"OBJECTID":3004,"kind":"park","name":"Озеленение","source":"Astana municipal open geoportal","source_url":"https://gis.esaulet.kz/server/rest/services/Sloi_geoportala_otkrytiy_kontur_0702/MapServer/26","sourceId":"astana-municipal-green"}},{"type":"Feature","id":"municipal-green-3005","geometry":{"type":"Polygon","coordinates":[[[71.4434112,51.1116672],[71.4433661,51.1117129],[71.4433213,51.1116609],[71.4433702,51.111647],[71.4434112,51.1116672]]]},"properties":{"OBJECTID":3005,"kind":"park","name":"Озеленение","source":"Astana municipal open geoportal","source_url":"https://gis.esaulet.kz/server/rest/services/Sloi_geoportala_otkrytiy_kontur_0702/MapServer/26","sourceId":"astana-municipal-green"}},{"type":"Feature","id":"municipal-green-3006","geometry":{"type":"Polygon","coordinates":[[[71.4552877,51.10449],[71.4558815,51.1048728],[71.4554667,51.1050797],[71.4551967,51.104949],[71.4550924,51.1048545],[71.454978,51.1046991],[71.454801,51.1046024],[71.4550928,51.1045095],[71.4552626,51.1044738],[71.4552877,51.10449]]]},"properties":{"OBJECTID":3006,"kind":"park","name":"Озеленение","source":"Astana municipal open geoportal","source_url":"https://gis.esaulet.kz/server/rest/services/Sloi_geoportala_otkrytiy_kontur_0702/MapServer/26","sourceId":"astana-municipal-green"}},{"type":"Feature","id":"municipal-green-3007","geometry":{"type":"Polygon","coordinates":[[[71.4545514,51.1040126],[71.454778,51.104159],[71.4543422,51.1043696],[71.4541602,51.1042024],[71.4545514,51.1040126]]]},"properties":{"OBJECTID":3007,"kind":"park","name":"Озеленение","source":"Astana municipal open geoportal","source_url":"https://gis.esaulet.kz/server/rest/services/Sloi_geoportala_otkrytiy_kontur_0702/MapServer/26","sourceId":"astana-municipal-green"}},{"type":"Feature","id":"municipal-green-3008","geometry":{"type":"Polygon","coordinates":[[[71.4598905,51.1051125],[71.4599321,51.105108],[71.4599396,51.1051354],[71.459898,51.1051399],[71.4598905,51.1051125]]]},"properties":{"OBJECTID":3008,"kind":"park","name":"Озеленение","source":"Astana municipal open geoportal","source_url":"https://gis.esaulet.kz/server/rest/services/Sloi_geoportala_otkrytiy_kontur_0702/MapServer/26","sourceId":"astana-municipal-green"}},{"type":"Feature","id":"municipal-green-3009","geometry":{"type":"Polygon","coordinates":[[[71.45621,51.1057973],[71.456248,51.1057871],[71.4562636,51.1058102],[71.456225,51.1058206],[71.45621,51.1057973]]]},"properties":{"OBJECTID":3009,"kind":"park","name":"Озеленение","source":"Astana municipal open geoportal","source_url":"https://gis.esaulet.kz/server/rest/services/Sloi_geoportala_otkrytiy_kontur_0702/MapServer/26","sourceId":"astana-municipal-green"}},{"type":"Feature","id":"municipal-green-3010","geometry":{"type":"Polygon","coordinates":[[[71.4556166,51.1059609],[71.4556575,51.1059499],[71.4556742,51.1059747],[71.4556334,51.1059857],[71.4556166,51.1059609]]]},"properties":{"OBJECTID":3010,"kind":"park","name":"Озеленение","source":"Astana municipal open geoportal","source_url":"https://gis.esaulet.kz/server/rest/services/Sloi_geoportala_otkrytiy_kontur_0702/MapServer/26","sourceId":"astana-municipal-green"}},{"type":"Feature","id":"municipal-green-3011","geometry":{"type":"Polygon","coordinates":[[[71.4519456,51.1075048],[71.4519791,51.1074887],[71.4520061,51.1075109],[71.4519725,51.1075271],[71.4519456,51.1075048]]]},"properties":{"OBJECTID":3011,"kind":"park","name":"Озеленение","source":"Astana municipal open geoportal","source_url":"https://gis.esaulet.kz/server/rest/services/Sloi_geoportala_otkrytiy_kontur_0702/MapServer/26","sourceId":"astana-municipal-green"}},{"type":"Feature","id":"municipal-green-3012","geometry":{"type":"Polygon","coordinates":[[[71.4557182,51.1059322],[71.4557565,51.1059219],[71.455772,51.1059449],[71.4557337,51.1059552],[71.4557182,51.1059322]]]},"properties":{"OBJECTID":3012,"kind":"park","name":"Озеленение","source":"Astana municipal open geoportal","source_url":"https://gis.esaulet.kz/server/rest/services/Sloi_geoportala_otkrytiy_kontur_0702/MapServer/26","sourceId":"astana-municipal-green"}},{"type":"Feature","id":"municipal-green-3013","geometry":{"type":"Polygon","coordinates":[[[71.4558183,51.1059042],[71.4558585,51.1058935],[71.455875,51.105918],[71.4558348,51.1059288],[71.4558183,51.1059042]]]},"properties":{"OBJECTID":3013,"kind":"park","name":"Озеленение","source":"Astana municipal open geoportal","source_url":"https://gis.esaulet.kz/server/rest/services/Sloi_geoportala_otkrytiy_kontur_0702/MapServer/26","sourceId":"astana-municipal-green"}},{"type":"Feature","id":"municipal-green-3014","geometry":{"type":"Polygon","coordinates":[[[71.452536,51.1072091],[71.4525695,51.1071936],[71.4525935,51.107214],[71.4525601,51.1072296],[71.452536,51.1072091]]]},"properties":{"OBJECTID":3014,"kind":"park","name":"Озеленение","source":"Astana municipal open geoportal","source_url":"https://gis.esaulet.kz/server/rest/services/Sloi_geoportala_otkrytiy_kontur_0702/MapServer/26","sourceId":"astana-municipal-green"}},{"type":"Feature","id":"municipal-green-3015","geometry":{"type":"Polygon","coordinates":[[[71.4520315,51.1074629],[71.4520659,51.1074465],[71.4520919,51.1074679],[71.4520574,51.1074845],[71.4520315,51.1074629]]]},"properties":{"OBJECTID":3015,"kind":"park","name":"Озеленение","source":"Astana municipal open geoportal","source_url":"https://gis.esaulet.kz/server/rest/services/Sloi_geoportala_otkrytiy_kontur_0702/MapServer/26","sourceId":"astana-municipal-green"}},{"type":"Feature","id":"municipal-green-3016","geometry":{"type":"Polygon","coordinates":[[[71.4521168,51.1074203],[71.4521507,51.107404],[71.4521771,51.107426],[71.4521434,51.1074423],[71.4521168,51.1074203]]]},"properties":{"OBJECTID":3016,"kind":"park","name":"Озеленение","source":"Astana municipal open geoportal","source_url":"https://gis.esaulet.kz/server/rest/services/Sloi_geoportala_otkrytiy_kontur_0702/MapServer/26","sourceId":"astana-municipal-green"}},{"type":"Feature","id":"municipal-green-3017","geometry":{"type":"Polygon","coordinates":[[[71.4619701,51.1060778],[71.4619691,51.1060531],[71.4620149,51.1060523],[71.462016,51.1060773],[71.4619701,51.1060778]]]},"properties":{"OBJECTID":3017,"kind":"park","name":"Озеленение","source":"Astana municipal open geoportal","source_url":"https://gis.esaulet.kz/server/rest/services/Sloi_geoportala_otkrytiy_kontur_0702/MapServer/26","sourceId":"astana-municipal-green"}},{"type":"Feature","id":"municipal-green-3018","geometry":{"type":"Polygon","coordinates":[[[71.4539485,51.105917],[71.4537787,51.1059943],[71.4535912,51.1058059],[71.4537515,51.1057396],[71.4539485,51.105917]]]},"properties":{"OBJECTID":3018,"kind":"park","name":"Озеленение","source":"Astana municipal open geoportal","source_url":"https://gis.esaulet.kz/server/rest/services/Sloi_geoportala_otkrytiy_kontur_0702/MapServer/26","sourceId":"astana-municipal-green"}},{"type":"Feature","id":"municipal-green-3019","geometry":{"type":"Polygon","coordinates":[[[71.4529346,51.1059376],[71.4528417,51.1060649],[71.4526842,51.1061793],[71.4525573,51.1061013],[71.4526374,51.1060289],[71.4526753,51.1059531],[71.4529346,51.1059376]]]},"properties":{"OBJECTID":3019,"kind":"park","name":"Озеленение","source":"Astana municipal open geoportal","source_url":"https://gis.esaulet.kz/server/rest/services/Sloi_geoportala_otkrytiy_kontur_0702/MapServer/26","sourceId":"astana-municipal-green"}},{"type":"Feature","id":"municipal-green-3020","geometry":{"type":"Polygon","coordinates":[[[71.4732991,51.1418101],[71.4733277,51.1418148],[71.4732921,51.1418619],[71.4732136,51.1418392],[71.4732991,51.1418101]]]},"properties":{"OBJECTID":3020,"kind":"park","name":"Озеленение","source":"Astana municipal open geoportal","source_url":"https://gis.esaulet.kz/server/rest/services/Sloi_geoportala_otkrytiy_kontur_0702/MapServer/26","sourceId":"astana-municipal-green"}},{"type":"Feature","id":"municipal-green-3024","geometry":{"type":"Polygon","coordinates":[[[71.3797967,51.1695053],[71.3797531,51.1695109],[71.3797454,51.1694831],[71.3797892,51.1694783],[71.3797967,51.1695053]]]},"properties":{"OBJECTID":3024,"kind":"park","name":"Озеленение","source":"Astana municipal open geoportal","source_url":"https://gis.esaulet.kz/server/rest/services/Sloi_geoportala_otkrytiy_kontur_0702/MapServer/26","sourceId":"astana-municipal-green"}},{"type":"Feature","id":"municipal-green-3025","geometry":{"type":"Polygon","coordinates":[[[71.3798155,51.1698914],[71.3798585,51.1698865],[71.3798673,51.1699135],[71.3798233,51.1699186],[71.3798155,51.1698914]]]},"properties":{"OBJECTID":3025,"kind":"park","name":"Озеленение","source":"Astana municipal open geoportal","source_url":"https://gis.esaulet.kz/server/rest/services/Sloi_geoportala_otkrytiy_kontur_0702/MapServer/26","sourceId":"astana-municipal-green"}},{"type":"Feature","id":"municipal-green-3026","geometry":{"type":"Polygon","coordinates":[[[71.3798281,51.1699351],[71.3798726,51.16993],[71.37988,51.1699575],[71.3798361,51.1699625],[71.3798281,51.1699351]]]},"properties":{"OBJECTID":3026,"kind":"park","name":"Озеленение","source":"Astana municipal open geoportal","source_url":"https://gis.esaulet.kz/server/rest/services/Sloi_geoportala_otkrytiy_kontur_0702/MapServer/26","sourceId":"astana-municipal-green"}},{"type":"Feature","id":"municipal-green-3027","geometry":{"type":"Polygon","coordinates":[[[71.379841,51.1699795],[71.379885,51.1699745],[71.3798934,51.1700012],[71.3798487,51.1700063],[71.379841,51.1699795]]]},"properties":{"OBJECTID":3027,"kind":"park","name":"Озеленение","source":"Astana municipal open geoportal","source_url":"https://gis.esaulet.kz/server/rest/services/Sloi_geoportala_otkrytiy_kontur_0702/MapServer/26","sourceId":"astana-municipal-green"}},{"type":"Feature","id":"municipal-green-3030","geometry":{"type":"Polygon","coordinates":[[[71.3807809,51.1701754],[71.3805817,51.170182],[71.3805343,51.1700259],[71.3806147,51.1699997],[71.3807809,51.1701754]]]},"properties":{"OBJECTID":3030,"kind":"park","name":"Озеленение","source":"Astana municipal open geoportal","source_url":"https://gis.esaulet.kz/server/rest/services/Sloi_geoportala_otkrytiy_kontur_0702/MapServer/26","sourceId":"astana-municipal-green"}},{"type":"Feature","id":"municipal-green-3032","geometry":{"type":"Polygon","coordinates":[[[71.4025433,51.1519941],[71.402538,51.1520046],[71.402499,51.1519965],[71.4025433,51.1519941]]]},"properties":{"OBJECTID":3032,"kind":"park","name":"Озеленение","source":"Astana municipal open geoportal","source_url":"https://gis.esaulet.kz/server/rest/services/Sloi_geoportala_otkrytiy_kontur_0702/MapServer/26","sourceId":"astana-municipal-green"}},{"type":"Feature","id":"municipal-green-3033","geometry":{"type":"Polygon","coordinates":[[[71.4153181,51.1221822],[71.415357,51.1223044],[71.4150536,51.1223489],[71.4150208,51.1223904],[71.4147563,51.1224284],[71.4146766,51.1224064],[71.4146244,51.1222741],[71.4153181,51.1221822]]]},"properties":{"OBJECTID":3033,"kind":"park","name":"Озеленение","source":"Astana municipal open geoportal","source_url":"https://gis.esaulet.kz/server/rest/services/Sloi_geoportala_otkrytiy_kontur_0702/MapServer/26","sourceId":"astana-municipal-green"}},{"type":"Feature","id":"municipal-green-3034","geometry":{"type":"Polygon","coordinates":[[[71.4107706,51.1491131],[71.4106695,51.1491077],[71.4106739,51.1490976],[71.4107706,51.1491131]]]},"properties":{"OBJECTID":3034,"kind":"park","name":"Озеленение","source":"Astana municipal open geoportal","source_url":"https://gis.esaulet.kz/server/rest/services/Sloi_geoportala_otkrytiy_kontur_0702/MapServer/26","sourceId":"astana-municipal-green"}},{"type":"Feature","id":"municipal-green-3035","geometry":{"type":"Polygon","coordinates":[[[71.4100268,51.1490703],[71.4100331,51.1490787],[71.4097266,51.1490326],[71.4100268,51.1490703]]]},"properties":{"OBJECTID":3035,"kind":"park","name":"Озеленение","source":"Astana municipal open geoportal","source_url":"https://gis.esaulet.kz/server/rest/services/Sloi_geoportala_otkrytiy_kontur_0702/MapServer/26","sourceId":"astana-municipal-green"}},{"type":"Feature","id":"municipal-green-3036","geometry":{"type":"Polygon","coordinates":[[[71.4088836,51.1488089],[71.4090756,51.1488393],[71.4088006,51.1488025],[71.4088836,51.1488089]]]},"properties":{"OBJECTID":3036,"kind":"park","name":"Озеленение","source":"Astana municipal open geoportal","source_url":"https://gis.esaulet.kz/server/rest/services/Sloi_geoportala_otkrytiy_kontur_0702/MapServer/26","sourceId":"astana-municipal-green"}},{"type":"Feature","id":"municipal-green-3037","geometry":{"type":"Polygon","coordinates":[[[71.408588,51.1488442],[71.4085991,51.1488574],[71.4083595,51.1488203],[71.408588,51.1488442]]]},"properties":{"OBJECTID":3037,"kind":"park","name":"Озеленение","source":"Astana municipal open geoportal","source_url":"https://gis.esaulet.kz/server/rest/services/Sloi_geoportala_otkrytiy_kontur_0702/MapServer/26","sourceId":"astana-municipal-green"}},{"type":"Feature","id":"municipal-green-3038","geometry":{"type":"Polygon","coordinates":[[[71.4081229,51.14869],[71.4080828,51.1486916],[71.4080781,51.1486824],[71.4081229,51.14869]]]},"properties":{"OBJECTID":3038,"kind":"park","name":"Озеленение","source":"Astana municipal open geoportal","source_url":"https://gis.esaulet.kz/server/rest/services/Sloi_geoportala_otkrytiy_kontur_0702/MapServer/26","sourceId":"astana-municipal-green"}},{"type":"Feature","id":"municipal-green-3039","geometry":{"type":"Polygon","coordinates":[[[71.4072005,51.1485021],[71.407335,51.1485499],[71.407111,51.1484701],[71.4072005,51.1485021]]]},"properties":{"OBJECTID":3039,"kind":"park","name":"Озеленение","source":"Astana municipal open geoportal","source_url":"https://gis.esaulet.kz/server/rest/services/Sloi_geoportala_otkrytiy_kontur_0702/MapServer/26","sourceId":"astana-municipal-green"}},{"type":"Feature","id":"municipal-green-3041","geometry":{"type":"Polygon","coordinates":[[[71.4341899,51.1254915],[71.4341856,51.1255338],[71.4341363,51.1255612],[71.4329309,51.1257499],[71.4328624,51.1257399],[71.4328296,51.1256975],[71.4341899,51.1254915]]]},"properties":{"OBJECTID":3041,"kind":"park","name":"Озеленение","source":"Astana municipal open geoportal","source_url":"https://gis.esaulet.kz/server/rest/services/Sloi_geoportala_otkrytiy_kontur_0702/MapServer/26","sourceId":"astana-municipal-green"}},{"type":"Feature","id":"municipal-green-3042","geometry":{"type":"Polygon","coordinates":[[[71.434407,51.1253979],[71.4342993,51.1254283],[71.4342597,51.1253545],[71.4343028,51.1253296],[71.4355185,51.1251389],[71.4355837,51.1251542],[71.4356091,51.1252187],[71.434407,51.1253979]]]},"properties":{"OBJECTID":3042,"kind":"park","name":"Озеленение","source":"Astana municipal open geoportal","source_url":"https://gis.esaulet.kz/server/rest/services/Sloi_geoportala_otkrytiy_kontur_0702/MapServer/26","sourceId":"astana-municipal-green"}},{"type":"Feature","id":"municipal-green-3043","geometry":{"type":"Polygon","coordinates":[[[71.4330805,51.1265533],[71.4330117,51.1265642],[71.4330548,51.1265052],[71.4332255,51.1264744],[71.4332513,51.1265401],[71.4330805,51.1265533]]]},"properties":{"OBJECTID":3043,"kind":"park","name":"Озеленение","source":"Astana municipal open geoportal","source_url":"https://gis.esaulet.kz/server/rest/services/Sloi_geoportala_otkrytiy_kontur_0702/MapServer/26","sourceId":"astana-municipal-green"}},{"type":"Feature","id":"municipal-green-3044","geometry":{"type":"Polygon","coordinates":[[[71.4359163,51.1254811],[71.43553,51.1255423],[71.4355131,51.1255003],[71.4358995,51.125439],[71.4359163,51.1254811]]]},"properties":{"OBJECTID":3044,"kind":"park","name":"Озеленение","source":"Astana municipal open geoportal","source_url":"https://gis.esaulet.kz/server/rest/services/Sloi_geoportala_otkrytiy_kontur_0702/MapServer/26","sourceId":"astana-municipal-green"}},{"type":"Feature","id":"municipal-green-3045","geometry":{"type":"Polygon","coordinates":[[[71.431876,51.1262837],[71.4318894,51.126318],[71.431823,51.1263149],[71.4317958,51.1262434],[71.4318518,51.1262214],[71.431876,51.1262837]]]},"properties":{"OBJECTID":3045,"kind":"park","name":"Озеленение","source":"Astana municipal open geoportal","source_url":"https://gis.esaulet.kz/server/rest/services/Sloi_geoportala_otkrytiy_kontur_0702/MapServer/26","sourceId":"astana-municipal-green"}},{"type":"Feature","id":"municipal-green-3046","geometry":{"type":"Polygon","coordinates":[[[71.4796244,51.1494417],[71.4796397,51.1494453],[71.4796212,51.1494706],[71.4795927,51.1494622],[71.4796244,51.1494417]]]},"properties":{"OBJECTID":3046,"kind":"park","name":"Озеленение","source":"Astana municipal open geoportal","source_url":"https://gis.esaulet.kz/server/rest/services/Sloi_geoportala_otkrytiy_kontur_0702/MapServer/26","sourceId":"astana-municipal-green"}},{"type":"Feature","id":"municipal-green-3051","geometry":{"type":"Polygon","coordinates":[[[71.4799378,51.1394061],[71.4799131,51.1394033],[71.4800051,51.1392806],[71.4800554,51.1392811],[71.4799953,51.139388],[71.4799587,51.1393774],[71.4799378,51.1394061]]]},"properties":{"OBJECTID":3051,"kind":"park","name":"Озеленение","source":"Astana municipal open geoportal","source_url":"https://gis.esaulet.kz/server/rest/services/Sloi_geoportala_otkrytiy_kontur_0702/MapServer/26","sourceId":"astana-municipal-green"}},{"type":"Feature","id":"municipal-green-3052","geometry":{"type":"Polygon","coordinates":[[[71.4797131,51.1390801],[71.4797023,51.1390958],[71.479818,51.1391505],[71.4798032,51.1391737],[71.479725,51.1391881],[71.4795061,51.1391259],[71.4794731,51.1390897],[71.4794889,51.1390558],[71.4797131,51.1390801]]]},"properties":{"OBJECTID":3052,"kind":"park","name":"Озеленение","source":"Astana municipal open geoportal","source_url":"https://gis.esaulet.kz/server/rest/services/Sloi_geoportala_otkrytiy_kontur_0702/MapServer/26","sourceId":"astana-municipal-green"}},{"type":"Feature","id":"municipal-green-3053","geometry":{"type":"Polygon","coordinates":[[[71.3985184,51.1416161],[71.3984965,51.1416364],[71.3983578,51.1416296],[71.3983406,51.1415118],[71.3983749,51.1415246],[71.3983595,51.1415419],[71.3984331,51.1415697],[71.398487,51.141516],[71.3983622,51.1414873],[71.398542,51.1414317],[71.3985184,51.1416161]]]},"properties":{"OBJECTID":3053,"kind":"park","name":"Озеленение","source":"Astana municipal open geoportal","source_url":"https://gis.esaulet.kz/server/rest/services/Sloi_geoportala_otkrytiy_kontur_0702/MapServer/26","sourceId":"astana-municipal-green"}},{"type":"Feature","id":"municipal-green-3054","geometry":{"type":"Polygon","coordinates":[[[71.3978557,51.1413302],[71.3978378,51.1413491],[71.3978111,51.1413138],[71.3978557,51.1413302]]]},"properties":{"OBJECTID":3054,"kind":"park","name":"Озеленение","source":"Astana municipal open geoportal","source_url":"https://gis.esaulet.kz/server/rest/services/Sloi_geoportala_otkrytiy_kontur_0702/MapServer/26","sourceId":"astana-municipal-green"}},{"type":"Feature","id":"municipal-green-3055","geometry":{"type":"Polygon","coordinates":[[[71.3970907,51.1413036],[71.396848,51.141553],[71.3965947,51.1415402],[71.3967402,51.1414163],[71.3968029,51.1414391],[71.3967642,51.1414798],[71.3968523,51.1415126],[71.39691,51.1414501],[71.3968864,51.1414408],[71.3970373,51.1412837],[71.3970907,51.1413036]]]},"properties":{"OBJECTID":3055,"kind":"park","name":"Озеленение","source":"Astana municipal open geoportal","source_url":"https://gis.esaulet.kz/server/rest/services/Sloi_geoportala_otkrytiy_kontur_0702/MapServer/26","sourceId":"astana-municipal-green"}},{"type":"Feature","id":"municipal-green-3056","geometry":{"type":"Polygon","coordinates":[[[71.395985,51.1413121],[71.3960211,51.1413599],[71.3959573,51.1413369],[71.395985,51.1413121]]]},"properties":{"OBJECTID":3056,"kind":"park","name":"Озеленение","source":"Astana municipal open geoportal","source_url":"https://gis.esaulet.kz/server/rest/services/Sloi_geoportala_otkrytiy_kontur_0702/MapServer/26","sourceId":"astana-municipal-green"}},{"type":"Feature","id":"municipal-green-3058","geometry":{"type":"Polygon","coordinates":[[[71.4350274,51.1255957],[71.4349179,51.1256135],[71.4349107,51.1255959],[71.4350202,51.1255781],[71.4350274,51.1255957]]]},"properties":{"OBJECTID":3058,"kind":"park","name":"Озеленение","source":"Astana municipal open geoportal","source_url":"https://gis.esaulet.kz/server/rest/services/Sloi_geoportala_otkrytiy_kontur_0702/MapServer/26","sourceId":"astana-municipal-green"}},{"type":"Feature","id":"municipal-green-3059","geometry":{"type":"Polygon","coordinates":[[[71.4310055,51.1166605],[71.4308947,51.1166693],[71.4308713,51.1165581],[71.4309093,51.1166152],[71.4309849,51.116604],[71.4310055,51.1166605]]]},"properties":{"OBJECTID":3059,"kind":"park","name":"Озеленение","source":"Astana municipal open geoportal","source_url":"https://gis.esaulet.kz/server/rest/services/Sloi_geoportala_otkrytiy_kontur_0702/MapServer/26","sourceId":"astana-municipal-green"}},{"type":"Feature","id":"municipal-green-3060","geometry":{"type":"Polygon","coordinates":[[[71.4311697,51.1164088],[71.4312372,51.1163983],[71.4312547,51.1164422],[71.4311697,51.1164088]]]},"properties":{"OBJECTID":3060,"kind":"park","name":"Озеленение","source":"Astana municipal open geoportal","source_url":"https://gis.esaulet.kz/server/rest/services/Sloi_geoportala_otkrytiy_kontur_0702/MapServer/26","sourceId":"astana-municipal-green"}},{"type":"Feature","id":"municipal-green-3061","geometry":{"type":"Polygon","coordinates":[[[71.4314809,51.1164073],[71.4314641,51.1163642],[71.4315322,51.1163536],[71.4314809,51.1164073]]]},"properties":{"OBJECTID":3061,"kind":"park","name":"Озеленение","source":"Astana municipal open geoportal","source_url":"https://gis.esaulet.kz/server/rest/services/Sloi_geoportala_otkrytiy_kontur_0702/MapServer/26","sourceId":"astana-municipal-green"}},{"type":"Feature","id":"municipal-green-3062","geometry":{"type":"Polygon","coordinates":[[[71.4314606,51.116354],[71.4314434,51.1163113],[71.4315284,51.1163437],[71.4314606,51.116354]]]},"properties":{"OBJECTID":3062,"kind":"park","name":"Озеленение","source":"Astana municipal open geoportal","source_url":"https://gis.esaulet.kz/server/rest/services/Sloi_geoportala_otkrytiy_kontur_0702/MapServer/26","sourceId":"astana-municipal-green"}},{"type":"Feature","id":"municipal-green-3063","geometry":{"type":"Polygon","coordinates":[[[71.4667361,51.1465295],[71.4670286,51.1466163],[71.4669983,51.1466514],[71.4666756,51.146552],[71.4667361,51.1465295]]]},"properties":{"OBJECTID":3063,"kind":"park","name":"Озеленение","source":"Astana municipal open geoportal","source_url":"https://gis.esaulet.kz/server/rest/services/Sloi_geoportala_otkrytiy_kontur_0702/MapServer/26","sourceId":"astana-municipal-green"}},{"type":"Feature","id":"municipal-green-3065","geometry":{"type":"Polygon","coordinates":[[[71.4321552,51.1163168],[71.4321287,51.116314],[71.4320946,51.1162219],[71.4321608,51.1162119],[71.4321966,51.1163128],[71.4321552,51.1163168]]]},"properties":{"OBJECTID":3065,"kind":"park","name":"Озеленение","source":"Astana municipal open geoportal","source_url":"https://gis.esaulet.kz/server/rest/services/Sloi_geoportala_otkrytiy_kontur_0702/MapServer/26","sourceId":"astana-municipal-green"}},{"type":"Feature","id":"municipal-green-3067","geometry":{"type":"Polygon","coordinates":[[[71.4117117,51.1411222],[71.4116774,51.1410985],[71.4118251,51.1410116],[71.4117934,51.1409732],[71.4118342,51.1409533],[71.4118689,51.1409758],[71.4118411,51.1410045],[71.4120601,51.1411551],[71.4121354,51.1411505],[71.4120777,51.1411836],[71.4118604,51.1410351],[71.4117117,51.1411222]]]},"properties":{"OBJECTID":3067,"kind":"park","name":"Озеленение","source":"Astana municipal open geoportal","source_url":"https://gis.esaulet.kz/server/rest/services/Sloi_geoportala_otkrytiy_kontur_0702/MapServer/26","sourceId":"astana-municipal-green"}},{"type":"Feature","id":"municipal-green-3068","geometry":{"type":"Polygon","coordinates":[[[71.41436,51.1209163],[71.4143378,51.1209195],[71.4143514,51.120956],[71.4141422,51.1209857],[71.4140524,51.1207465],[71.4142396,51.1207151],[71.4142976,51.1208708],[71.41436,51.1209163]]]},"properties":{"OBJECTID":3068,"kind":"park","name":"Озеленение","source":"Astana municipal open geoportal","source_url":"https://gis.esaulet.kz/server/rest/services/Sloi_geoportala_otkrytiy_kontur_0702/MapServer/26","sourceId":"astana-municipal-green"}},{"type":"Feature","id":"municipal-green-3069","geometry":{"type":"Polygon","coordinates":[[[71.4338682,51.1313414],[71.4337439,51.1313396],[71.4337128,51.1312625],[71.4338295,51.1312426],[71.4338682,51.1313414]]]},"properties":{"OBJECTID":3069,"kind":"park","name":"Озеленение","source":"Astana municipal open geoportal","source_url":"https://gis.esaulet.kz/server/rest/services/Sloi_geoportala_otkrytiy_kontur_0702/MapServer/26","sourceId":"astana-municipal-green"}},{"type":"Feature","id":"municipal-green-3070","geometry":{"type":"Polygon","coordinates":[[[71.4009663,51.1453975],[71.400903,51.145386],[71.4008825,51.1453273],[71.4009403,51.1453197],[71.4009663,51.1453975]]]},"properties":{"OBJECTID":3070,"kind":"park","name":"Озеленение","source":"Astana municipal open geoportal","source_url":"https://gis.esaulet.kz/server/rest/services/Sloi_geoportala_otkrytiy_kontur_0702/MapServer/26","sourceId":"astana-municipal-green"}},{"type":"Feature","id":"municipal-green-3071","geometry":{"type":"Polygon","coordinates":[[[71.4307527,51.1168711],[71.4307177,51.1168815],[71.4306737,51.1168586],[71.4307439,51.1168484],[71.4307527,51.1168711]]]},"properties":{"OBJECTID":3071,"kind":"park","name":"Озеленение","source":"Astana municipal open geoportal","source_url":"https://gis.esaulet.kz/server/rest/services/Sloi_geoportala_otkrytiy_kontur_0702/MapServer/26","sourceId":"astana-municipal-green"}},{"type":"Feature","id":"municipal-green-3072","geometry":{"type":"Polygon","coordinates":[[[71.4306399,51.1165895],[71.4306909,51.1166723],[71.4306652,51.1166763],[71.4306659,51.1167104],[71.4306187,51.1167178],[71.4306297,51.1167442],[71.43068,51.1167364],[71.4307214,51.1168416],[71.4306647,51.11685],[71.4306306,51.1168029],[71.4305531,51.1165875],[71.4306399,51.1165895]]]},"properties":{"OBJECTID":3072,"kind":"park","name":"Озеленение","source":"Astana municipal open geoportal","source_url":"https://gis.esaulet.kz/server/rest/services/Sloi_geoportala_otkrytiy_kontur_0702/MapServer/26","sourceId":"astana-municipal-green"}},{"type":"Feature","id":"municipal-green-3073","geometry":{"type":"Polygon","coordinates":[[[71.4006672,51.0886305],[71.4005137,51.0886513],[71.40051,51.0886352],[71.4005345,51.0886003],[71.4005897,51.0885866],[71.4006672,51.0886305]]]},"properties":{"OBJECTID":3073,"kind":"park","name":"Озеленение","source":"Astana municipal open geoportal","source_url":"https://gis.esaulet.kz/server/rest/services/Sloi_geoportala_otkrytiy_kontur_0702/MapServer/26","sourceId":"astana-municipal-green"}},{"type":"Feature","id":"municipal-green-3074","geometry":{"type":"Polygon","coordinates":[[[71.4015738,51.0911615],[71.4015659,51.091203],[71.4015157,51.0912258],[71.4014477,51.0912161],[71.4014181,51.0911821],[71.4015738,51.0911615]]]},"properties":{"OBJECTID":3074,"kind":"park","name":"Озеленение","source":"Astana municipal open geoportal","source_url":"https://gis.esaulet.kz/server/rest/services/Sloi_geoportala_otkrytiy_kontur_0702/MapServer/26","sourceId":"astana-municipal-green"}},{"type":"Feature","id":"municipal-green-3075","geometry":{"type":"Polygon","coordinates":[[[71.4147649,51.1221241],[71.4148035,51.1222355],[71.4146195,51.1222609],[71.4145287,51.1220175],[71.4147138,51.1219869],[71.4147649,51.1221241]]]},"properties":{"OBJECTID":3075,"kind":"park","name":"Озеленение","source":"Astana municipal open geoportal","source_url":"https://gis.esaulet.kz/server/rest/services/Sloi_geoportala_otkrytiy_kontur_0702/MapServer/26","sourceId":"astana-municipal-green"}},{"type":"Feature","id":"municipal-green-3076","geometry":{"type":"Polygon","coordinates":[[[71.4145551,51.1215023],[71.4145923,51.1216021],[71.4143854,51.1216331],[71.4143475,51.1215314],[71.4145551,51.1215023]]]},"properties":{"OBJECTID":3076,"kind":"park","name":"Озеленение","source":"Astana municipal open geoportal","source_url":"https://gis.esaulet.kz/server/rest/services/Sloi_geoportala_otkrytiy_kontur_0702/MapServer/26","sourceId":"astana-municipal-green"}},{"type":"Feature","id":"municipal-green-3077","geometry":{"type":"Polygon","coordinates":[[[71.4145345,51.1214472],[71.4145499,51.1214883],[71.4143425,51.121518],[71.4143003,51.121405],[71.4143435,51.1213694],[71.4144981,51.1213496],[71.4145345,51.1214472]]]},"properties":{"OBJECTID":3077,"kind":"park","name":"Озеленение","source":"Astana municipal open geoportal","source_url":"https://gis.esaulet.kz/server/rest/services/Sloi_geoportala_otkrytiy_kontur_0702/MapServer/26","sourceId":"astana-municipal-green"}},{"type":"Feature","id":"municipal-green-3085","geometry":{"type":"Polygon","coordinates":[[[71.4464084,51.1537768],[71.4464135,51.1537247],[71.4465056,51.1537253],[71.4464846,51.1537818],[71.4464084,51.1537768]]]},"properties":{"OBJECTID":3085,"kind":"park","name":"Озеленение","source":"Astana municipal open geoportal","source_url":"https://gis.esaulet.kz/server/rest/services/Sloi_geoportala_otkrytiy_kontur_0702/MapServer/26","sourceId":"astana-municipal-green"}},{"type":"Feature","id":"municipal-green-3086","geometry":{"type":"Polygon","coordinates":[[[71.4290787,51.1334797],[71.4290541,51.1334839],[71.4289854,51.1333046],[71.4292088,51.133268],[71.4288471,51.1323014],[71.4290073,51.132281],[71.4289749,51.1321875],[71.428521,51.1322497],[71.4285278,51.132236],[71.4289923,51.1321762],[71.4290407,51.1322889],[71.4288738,51.1323152],[71.4292445,51.1332793],[71.4290141,51.1333164],[71.4290787,51.1334797]]]},"properties":{"OBJECTID":3086,"kind":"park","name":"Озеленение","source":"Astana municipal open geoportal","source_url":"https://gis.esaulet.kz/server/rest/services/Sloi_geoportala_otkrytiy_kontur_0702/MapServer/26","sourceId":"astana-municipal-green"}},{"type":"Feature","id":"municipal-green-3087","geometry":{"type":"Polygon","coordinates":[[[71.4332526,51.1570153],[71.4331938,51.1570082],[71.4332084,51.1569609],[71.4332691,51.1569687],[71.4332526,51.1570153]]]},"properties":{"OBJECTID":3087,"kind":"park","name":"Озеленение","source":"Astana municipal open geoportal","source_url":"https://gis.esaulet.kz/server/rest/services/Sloi_geoportala_otkrytiy_kontur_0702/MapServer/26","sourceId":"astana-municipal-green"}},{"type":"Feature","id":"municipal-green-3088","geometry":{"type":"Polygon","coordinates":[[[71.4239504,51.1431154],[71.423863,51.1430184],[71.4239146,51.1429946],[71.4239702,51.1430555],[71.4239264,51.1430713],[71.4239504,51.1431154]]]},"properties":{"OBJECTID":3088,"kind":"park","name":"Озеленение","source":"Astana municipal open geoportal","source_url":"https://gis.esaulet.kz/server/rest/services/Sloi_geoportala_otkrytiy_kontur_0702/MapServer/26","sourceId":"astana-municipal-green"}},{"type":"Feature","id":"municipal-green-3092","geometry":{"type":"Polygon","coordinates":[[[71.4502559,51.1452454],[71.4504709,51.1453044],[71.4504096,51.1453354],[71.4502254,51.1452866],[71.4502559,51.1452454]]]},"properties":{"OBJECTID":3092,"kind":"park","name":"Озеленение","source":"Astana municipal open geoportal","source_url":"https://gis.esaulet.kz/server/rest/services/Sloi_geoportala_otkrytiy_kontur_0702/MapServer/26","sourceId":"astana-municipal-green"}},{"type":"Feature","id":"municipal-green-3093","geometry":{"type":"Polygon","coordinates":[[[71.4020045,51.1452106],[71.4020103,51.1452268],[71.4019703,51.1452327],[71.4019348,51.1451287],[71.4019767,51.1451228],[71.4020045,51.1452106]]]},"properties":{"OBJECTID":3093,"kind":"park","name":"Озеленение","source":"Astana municipal open geoportal","source_url":"https://gis.esaulet.kz/server/rest/services/Sloi_geoportala_otkrytiy_kontur_0702/MapServer/26","sourceId":"astana-municipal-green"}},{"type":"Feature","id":"municipal-green-3094","geometry":{"type":"Polygon","coordinates":[[[71.4023419,51.1447484],[71.4023135,51.1447725],[71.4022979,51.1447321],[71.4024614,51.1447078],[71.4024775,51.1447473],[71.4023419,51.1447484]]]},"properties":{"OBJECTID":3094,"kind":"park","name":"Озеленение","source":"Astana municipal open geoportal","source_url":"https://gis.esaulet.kz/server/rest/services/Sloi_geoportala_otkrytiy_kontur_0702/MapServer/26","sourceId":"astana-municipal-green"}},{"type":"Feature","id":"municipal-green-3095","geometry":{"type":"Polygon","coordinates":[[[71.4026472,51.1448246],[71.4025835,51.1448342],[71.4025709,51.1448008],[71.4025275,51.1448074],[71.4024855,51.1447075],[71.4026472,51.1448246]]]},"properties":{"OBJECTID":3095,"kind":"park","name":"Озеленение","source":"Astana municipal open geoportal","source_url":"https://gis.esaulet.kz/server/rest/services/Sloi_geoportala_otkrytiy_kontur_0702/MapServer/26","sourceId":"astana-municipal-green"}},{"type":"Feature","id":"municipal-green-3096","geometry":{"type":"Polygon","coordinates":[[[71.4025307,51.1454867],[71.4024713,51.1454959],[71.402449,51.1454364],[71.4024996,51.1454289],[71.4025307,51.1454867]]]},"properties":{"OBJECTID":3096,"kind":"park","name":"Озеленение","source":"Astana municipal open geoportal","source_url":"https://gis.esaulet.kz/server/rest/services/Sloi_geoportala_otkrytiy_kontur_0702/MapServer/26","sourceId":"astana-municipal-green"}},{"type":"Feature","id":"municipal-green-3104","geometry":{"type":"Polygon","coordinates":[[[71.4907282,51.0993694],[71.4911582,51.0995115],[71.4917422,51.0997636],[71.4916294,51.0998632],[71.4910663,51.0996194],[71.4906418,51.099482],[71.4907282,51.0993694]]]},"properties":{"OBJECTID":3104,"kind":"park","name":"Озеленение","source":"Astana municipal open geoportal","source_url":"https://gis.esaulet.kz/server/rest/services/Sloi_geoportala_otkrytiy_kontur_0702/MapServer/26","sourceId":"astana-municipal-green"}},{"type":"Feature","id":"municipal-green-3105","geometry":{"type":"Polygon","coordinates":[[[71.4399969,51.1060353],[71.4398928,51.106094],[71.4398543,51.1060672],[71.4399147,51.1060329],[71.439797,51.1059506],[71.4399969,51.1060353]]]},"properties":{"OBJECTID":3105,"kind":"park","name":"Озеленение","source":"Astana municipal open geoportal","source_url":"https://gis.esaulet.kz/server/rest/services/Sloi_geoportala_otkrytiy_kontur_0702/MapServer/26","sourceId":"astana-municipal-green"}},{"type":"Feature","id":"municipal-green-3106","geometry":{"type":"Polygon","coordinates":[[[71.4800812,51.1602003],[71.4797648,51.1603364],[71.4797048,51.1603425],[71.4796305,51.1602763],[71.4796583,51.1602668],[71.4795922,51.1601962],[71.4795592,51.1602107],[71.479453,51.1600829],[71.4794785,51.1600563],[71.479826,51.1599424],[71.4800717,51.1601514],[71.4800812,51.1602003]]]},"properties":{"OBJECTID":3106,"kind":"park","name":"Озеленение","source":"Astana municipal open geoportal","source_url":"https://gis.esaulet.kz/server/rest/services/Sloi_geoportala_otkrytiy_kontur_0702/MapServer/26","sourceId":"astana-municipal-green"}},{"type":"Feature","id":"municipal-green-3107","geometry":{"type":"Polygon","coordinates":[[[71.4800074,51.1596375],[71.4800628,51.1596895],[71.4800512,51.1597215],[71.4798788,51.1597868],[71.4798347,51.1597637],[71.4799837,51.1597063],[71.4799381,51.1596595],[71.4800074,51.1596375]]]},"properties":{"OBJECTID":3107,"kind":"park","name":"Озеленение","source":"Astana municipal open geoportal","source_url":"https://gis.esaulet.kz/server/rest/services/Sloi_geoportala_otkrytiy_kontur_0702/MapServer/26","sourceId":"astana-municipal-green"}},{"type":"Feature","id":"municipal-green-3108","geometry":{"type":"Polygon","coordinates":[[[71.4731769,51.142497],[71.4733324,51.142541],[71.4734208,51.1425421],[71.4740229,51.1427096],[71.4740489,51.142751],[71.4740037,51.1427634],[71.4729607,51.1424728],[71.4729829,51.1424421],[71.4731769,51.142497]]]},"properties":{"OBJECTID":3108,"kind":"park","name":"Озеленение","source":"Astana municipal open geoportal","source_url":"https://gis.esaulet.kz/server/rest/services/Sloi_geoportala_otkrytiy_kontur_0702/MapServer/26","sourceId":"astana-municipal-green"}},{"type":"Feature","id":"municipal-green-3113","geometry":{"type":"Polygon","coordinates":[[[71.4234199,51.135637],[71.4231008,51.1356921],[71.423089,51.1356649],[71.423408,51.1356098],[71.4234199,51.135637]]]},"properties":{"OBJECTID":3113,"kind":"park","name":"Озеленение","source":"Astana municipal open geoportal","source_url":"https://gis.esaulet.kz/server/rest/services/Sloi_geoportala_otkrytiy_kontur_0702/MapServer/26","sourceId":"astana-municipal-green"}},{"type":"Feature","id":"municipal-green-3117","geometry":{"type":"Polygon","coordinates":[[[71.4389834,51.1159981],[71.4390207,51.1160682],[71.4389983,51.1160713],[71.4389834,51.1159981]]]},"properties":{"OBJECTID":3117,"kind":"park","name":"Озеленение","source":"Astana municipal open geoportal","source_url":"https://gis.esaulet.kz/server/rest/services/Sloi_geoportala_otkrytiy_kontur_0702/MapServer/26","sourceId":"astana-municipal-green"}},{"type":"Feature","id":"municipal-green-3118","geometry":{"type":"Polygon","coordinates":[[[71.437548,51.1163152],[71.437517,51.1163556],[71.4373974,51.1163724],[71.4374057,51.1163247],[71.4374534,51.116289],[71.437536,51.1162734],[71.437548,51.1163152]]]},"properties":{"OBJECTID":3118,"kind":"park","name":"Озеленение","source":"Astana municipal open geoportal","source_url":"https://gis.esaulet.kz/server/rest/services/Sloi_geoportala_otkrytiy_kontur_0702/MapServer/26","sourceId":"astana-municipal-green"}},{"type":"Feature","id":"municipal-green-3120","geometry":{"type":"Polygon","coordinates":[[[71.4560697,51.1193309],[71.4558141,51.1193711],[71.455809,51.1193584],[71.4560697,51.1193309]]]},"properties":{"OBJECTID":3120,"kind":"park","name":"Озеленение","source":"Astana municipal open geoportal","source_url":"https://gis.esaulet.kz/server/rest/services/Sloi_geoportala_otkrytiy_kontur_0702/MapServer/26","sourceId":"astana-municipal-green"}},{"type":"Feature","id":"municipal-green-3126","geometry":{"type":"Polygon","coordinates":[[[71.4675032,51.1639615],[71.4673428,51.16397],[71.467299,51.1639392],[71.4675491,51.1639279],[71.4675504,51.1639659],[71.4675032,51.1639615]]]},"properties":{"OBJECTID":3126,"kind":"park","name":"Озеленение","source":"Astana municipal open geoportal","source_url":"https://gis.esaulet.kz/server/rest/services/Sloi_geoportala_otkrytiy_kontur_0702/MapServer/26","sourceId":"astana-municipal-green"}},{"type":"Feature","id":"municipal-green-3127","geometry":{"type":"Polygon","coordinates":[[[71.4680172,51.1640709],[71.4680002,51.1639791],[71.4680344,51.1639703],[71.4680949,51.1640627],[71.4680172,51.1640709]]]},"properties":{"OBJECTID":3127,"kind":"park","name":"Озеленение","source":"Astana municipal open geoportal","source_url":"https://gis.esaulet.kz/server/rest/services/Sloi_geoportala_otkrytiy_kontur_0702/MapServer/26","sourceId":"astana-municipal-green"}},{"type":"Feature","id":"municipal-green-3129","geometry":{"type":"Polygon","coordinates":[[[71.4548952,51.1197944],[71.4549128,51.1198098],[71.4548196,51.1198132],[71.4547858,51.1197312],[71.4548451,51.1197218],[71.4548952,51.1197944]]]},"properties":{"OBJECTID":3129,"kind":"park","name":"Озеленение","source":"Astana municipal open geoportal","source_url":"https://gis.esaulet.kz/server/rest/services/Sloi_geoportala_otkrytiy_kontur_0702/MapServer/26","sourceId":"astana-municipal-green"}},{"type":"Feature","id":"municipal-green-3130","geometry":{"type":"Polygon","coordinates":[[[71.4551404,51.1197911],[71.4550672,51.119703],[71.4551232,51.1196944],[71.4551558,51.1197511],[71.4552221,51.1197603],[71.4551404,51.1197911]]]},"properties":{"OBJECTID":3130,"kind":"park","name":"Озеленение","source":"Astana municipal open geoportal","source_url":"https://gis.esaulet.kz/server/rest/services/Sloi_geoportala_otkrytiy_kontur_0702/MapServer/26","sourceId":"astana-municipal-green"}},{"type":"Feature","id":"municipal-green-3131","geometry":{"type":"Polygon","coordinates":[[[71.4562502,51.1193156],[71.4561915,51.119298],[71.4563296,51.1192765],[71.4563395,51.1193015],[71.4562502,51.1193156]]]},"properties":{"OBJECTID":3131,"kind":"park","name":"Озеленение","source":"Astana municipal open geoportal","source_url":"https://gis.esaulet.kz/server/rest/services/Sloi_geoportala_otkrytiy_kontur_0702/MapServer/26","sourceId":"astana-municipal-green"}},{"type":"Feature","id":"municipal-green-3132","geometry":{"type":"Polygon","coordinates":[[[71.4551944,51.1200254],[71.4552112,51.1200323],[71.4551645,51.1200799],[71.4550056,51.1199775],[71.4550503,51.1199494],[71.4551457,51.1200217],[71.4551944,51.1200254]]]},"properties":{"OBJECTID":3132,"kind":"park","name":"Озеленение","source":"Astana municipal open geoportal","source_url":"https://gis.esaulet.kz/server/rest/services/Sloi_geoportala_otkrytiy_kontur_0702/MapServer/26","sourceId":"astana-municipal-green"}},{"type":"Feature","id":"municipal-green-3133","geometry":{"type":"Polygon","coordinates":[[[71.4143009,51.08453],[71.4139341,51.0845848],[71.4136266,51.0845669],[71.4136209,51.0845483],[71.4142738,51.0844573],[71.4143009,51.08453]]]},"properties":{"OBJECTID":3133,"kind":"park","name":"Озеленение","source":"Astana municipal open geoportal","source_url":"https://gis.esaulet.kz/server/rest/services/Sloi_geoportala_otkrytiy_kontur_0702/MapServer/26","sourceId":"astana-municipal-green"}},{"type":"Feature","id":"municipal-green-3134","geometry":{"type":"Polygon","coordinates":[[[71.4534641,51.1532334],[71.4534828,51.1532156],[71.4538046,51.1533116],[71.4537904,51.1533281],[71.4534641,51.1532334]]]},"properties":{"OBJECTID":3134,"kind":"park","name":"Озеленение","source":"Astana municipal open geoportal","source_url":"https://gis.esaulet.kz/server/rest/services/Sloi_geoportala_otkrytiy_kontur_0702/MapServer/26","sourceId":"astana-municipal-green"}},{"type":"Feature","id":"municipal-green-3135","geometry":{"type":"Polygon","coordinates":[[[71.4838006,51.160769],[71.4845836,51.1604842],[71.4838127,51.1607799],[71.4838006,51.160769]]]},"properties":{"OBJECTID":3135,"kind":"park","name":"Озеленение","source":"Astana municipal open geoportal","source_url":"https://gis.esaulet.kz/server/rest/services/Sloi_geoportala_otkrytiy_kontur_0702/MapServer/26","sourceId":"astana-municipal-green"}},{"type":"Feature","id":"municipal-green-3136","geometry":{"type":"Polygon","coordinates":[[[71.4142654,51.1218584],[71.4142855,51.1219125],[71.4141994,51.1219257],[71.4140517,51.1215298],[71.4141388,51.1215182],[71.4142654,51.1218584]]]},"properties":{"OBJECTID":3136,"kind":"park","name":"Озеленение","source":"Astana municipal open geoportal","source_url":"https://gis.esaulet.kz/server/rest/services/Sloi_geoportala_otkrytiy_kontur_0702/MapServer/26","sourceId":"astana-municipal-green"}},{"type":"Feature","id":"municipal-green-3137","geometry":{"type":"Polygon","coordinates":[[[71.4140056,51.1208558],[71.4139186,51.1208689],[71.4138033,51.120555],[71.4138871,51.1205439],[71.4140056,51.1208558]]]},"properties":{"OBJECTID":3137,"kind":"park","name":"Озеленение","source":"Astana municipal open geoportal","source_url":"https://gis.esaulet.kz/server/rest/services/Sloi_geoportala_otkrytiy_kontur_0702/MapServer/26","sourceId":"astana-municipal-green"}},{"type":"Feature","id":"municipal-green-3138","geometry":{"type":"Polygon","coordinates":[[[71.4146124,51.121715],[71.4146649,51.1218646],[71.4144819,51.1218917],[71.4144229,51.1217338],[71.4146124,51.121715]]]},"properties":{"OBJECTID":3138,"kind":"park","name":"Озеленение","source":"Astana municipal open geoportal","source_url":"https://gis.esaulet.kz/server/rest/services/Sloi_geoportala_otkrytiy_kontur_0702/MapServer/26","sourceId":"astana-municipal-green"}},{"type":"Feature","id":"municipal-green-3139","geometry":{"type":"Polygon","coordinates":[[[71.4146145,51.1216616],[71.4146252,51.1216905],[71.414418,51.1217206],[71.4143902,51.121646],[71.4145978,51.1216169],[71.4146145,51.1216616]]]},"properties":{"OBJECTID":3139,"kind":"park","name":"Озеленение","source":"Astana municipal open geoportal","source_url":"https://gis.esaulet.kz/server/rest/services/Sloi_geoportala_otkrytiy_kontur_0702/MapServer/26","sourceId":"astana-municipal-green"}},{"type":"Feature","id":"municipal-green-3141","geometry":{"type":"Polygon","coordinates":[[[71.4290119,51.1328332],[71.4289188,51.1327837],[71.428918,51.1327407],[71.4288822,51.1327069],[71.4287587,51.1326959],[71.4286291,51.1326249],[71.4288305,51.1326146],[71.4288237,51.1325964],[71.4289137,51.1325832],[71.4289269,51.1326167],[71.4288994,51.1326209],[71.4289167,51.1326649],[71.4289441,51.1326606],[71.4289828,51.132759],[71.4289536,51.1327635],[71.4290119,51.1328332]]]},"properties":{"OBJECTID":3141,"kind":"park","name":"Озеленение","source":"Astana municipal open geoportal","source_url":"https://gis.esaulet.kz/server/rest/services/Sloi_geoportala_otkrytiy_kontur_0702/MapServer/26","sourceId":"astana-municipal-green"}},{"type":"Feature","id":"municipal-green-3142","geometry":{"type":"Polygon","coordinates":[[[71.4290768,51.132996],[71.428996,51.1329503],[71.4290102,51.13291],[71.42896,51.1328673],[71.4289291,51.1328844],[71.4288145,51.1328123],[71.4288768,51.1327797],[71.429022,51.1328566],[71.4290768,51.132996]]]},"properties":{"OBJECTID":3142,"kind":"park","name":"Озеленение","source":"Astana municipal open geoportal","source_url":"https://gis.esaulet.kz/server/rest/services/Sloi_geoportala_otkrytiy_kontur_0702/MapServer/26","sourceId":"astana-municipal-green"}},{"type":"Feature","id":"municipal-green-3143","geometry":{"type":"Polygon","coordinates":[[[71.4291803,51.1332582],[71.4288478,51.1333102],[71.4290148,51.1332015],[71.4291027,51.1330624],[71.4291803,51.1332582]]]},"properties":{"OBJECTID":3143,"kind":"park","name":"Озеленение","source":"Astana municipal open geoportal","source_url":"https://gis.esaulet.kz/server/rest/services/Sloi_geoportala_otkrytiy_kontur_0702/MapServer/26","sourceId":"astana-municipal-green"}},{"type":"Feature","id":"municipal-green-3144","geometry":{"type":"Polygon","coordinates":[[[71.4288153,51.1333702],[71.428694,51.1335714],[71.4285718,51.1335893],[71.4284862,51.1333268],[71.4285757,51.133303],[71.4285568,51.133289],[71.4286465,51.1332652],[71.4286276,51.1332512],[71.4286441,51.1332424],[71.4287304,51.1333363],[71.4287535,51.1333241],[71.4288153,51.1333702]]]},"properties":{"OBJECTID":3144,"kind":"park","name":"Озеленение","source":"Astana municipal open geoportal","source_url":"https://gis.esaulet.kz/server/rest/services/Sloi_geoportala_otkrytiy_kontur_0702/MapServer/26","sourceId":"astana-municipal-green"}},{"type":"Feature","id":"municipal-green-3145","geometry":{"type":"Polygon","coordinates":[[[71.4278833,51.1328948],[71.4279669,51.1328823],[71.4279855,51.1329294],[71.4279017,51.1329423],[71.4278833,51.1328948]]]},"properties":{"OBJECTID":3145,"kind":"park","name":"Озеленение","source":"Astana municipal open geoportal","source_url":"https://gis.esaulet.kz/server/rest/services/Sloi_geoportala_otkrytiy_kontur_0702/MapServer/26","sourceId":"astana-municipal-green"}},{"type":"Feature","id":"municipal-green-3146","geometry":{"type":"Polygon","coordinates":[[[71.4280162,51.133062],[71.4280416,51.1330744],[71.4280677,51.1331476],[71.427991,51.1331707],[71.4279522,51.133071],[71.4280162,51.133062]]]},"properties":{"OBJECTID":3146,"kind":"park","name":"Озеленение","source":"Astana municipal open geoportal","source_url":"https://gis.esaulet.kz/server/rest/services/Sloi_geoportala_otkrytiy_kontur_0702/MapServer/26","sourceId":"astana-municipal-green"}},{"type":"Feature","id":"municipal-green-3147","geometry":{"type":"Polygon","coordinates":[[[71.4284952,51.1329055],[71.4284616,51.1329235],[71.4283723,51.1328573],[71.428406,51.1328394],[71.4284952,51.1329055]]]},"properties":{"OBJECTID":3147,"kind":"park","name":"Озеленение","source":"Astana municipal open geoportal","source_url":"https://gis.esaulet.kz/server/rest/services/Sloi_geoportala_otkrytiy_kontur_0702/MapServer/26","sourceId":"astana-municipal-green"}},{"type":"Feature","id":"municipal-green-3148","geometry":{"type":"Polygon","coordinates":[[[71.4006702,51.0886374],[71.4006639,51.0886779],[71.4006128,51.0887018],[71.4005502,51.0886943],[71.4005165,51.08866],[71.4006702,51.0886374]]]},"properties":{"OBJECTID":3148,"kind":"park","name":"Озеленение","source":"Astana municipal open geoportal","source_url":"https://gis.esaulet.kz/server/rest/services/Sloi_geoportala_otkrytiy_kontur_0702/MapServer/26","sourceId":"astana-municipal-green"}},{"type":"Feature","id":"municipal-green-3149","geometry":{"type":"Polygon","coordinates":[[[71.4016333,51.0913274],[71.4016245,51.0913714],[71.4015741,51.0913931],[71.4015133,51.0913859],[71.4014778,51.0913494],[71.4016333,51.0913274]]]},"properties":{"OBJECTID":3149,"kind":"park","name":"Озеленение","source":"Astana municipal open geoportal","source_url":"https://gis.esaulet.kz/server/rest/services/Sloi_geoportala_otkrytiy_kontur_0702/MapServer/26","sourceId":"astana-municipal-green"}},{"type":"Feature","id":"municipal-green-3151","geometry":{"type":"Polygon","coordinates":[[[71.4594995,51.135428],[71.4594378,51.1355142],[71.4587778,51.135325],[71.4587906,51.1352985],[71.4587694,51.1352815],[71.458734,51.1352884],[71.4587346,51.1353126],[71.4586673,51.1352933],[71.4589843,51.134865],[71.4597556,51.1350865],[71.4598124,51.1351538],[71.4599128,51.1351868],[71.4597323,51.1354317],[71.4597114,51.1354256],[71.4597482,51.1353749],[71.4595472,51.1353166],[71.459679,51.1351369],[71.4596625,51.1351052],[71.4590308,51.1349135],[71.4589729,51.1349261],[71.458971,51.1349546],[71.4590227,51.1349887],[71.4590277,51.1350757],[71.4590073,51.1351197],[71.4589484,51.1351264],[71.4589793,51.1351572],[71.4588966,51.1352383],[71.458908,51.1352561],[71.4589467,51.1352675],[71.4589651,51.1352427],[71.4589456,51.1352372],[71.4590069,51.1351545],[71.4590311,51.1351597],[71.459005,51.135216],[71.459048,51.1352283],[71.4590158,51.1352592],[71.4590955,51.1352822],[71.4590748,51.135311],[71.4594995,51.135428]]]},"properties":{"OBJECTID":3151,"kind":"park","name":"Озеленение","source":"Astana municipal open geoportal","source_url":"https://gis.esaulet.kz/server/rest/services/Sloi_geoportala_otkrytiy_kontur_0702/MapServer/26","sourceId":"astana-municipal-green"}},{"type":"Feature","id":"municipal-green-3154","geometry":{"type":"Polygon","coordinates":[[[71.402104,51.1449745],[71.4021257,51.1449803],[71.4020722,51.1449883],[71.4020828,51.1450165],[71.401964,51.1450326],[71.4019908,51.1451063],[71.40193,51.1451148],[71.4018897,51.1449995],[71.402104,51.1449745]]]},"properties":{"OBJECTID":3154,"kind":"park","name":"Озеленение","source":"Astana municipal open geoportal","source_url":"https://gis.esaulet.kz/server/rest/services/Sloi_geoportala_otkrytiy_kontur_0702/MapServer/26","sourceId":"astana-municipal-green"}},{"type":"Feature","id":"municipal-green-3155","geometry":{"type":"Polygon","coordinates":[[[71.4844603,51.141432],[71.4844547,51.1414402],[71.4843789,51.1414184],[71.4844603,51.141432]]]},"properties":{"OBJECTID":3155,"kind":"park","name":"Озеленение","source":"Astana municipal open geoportal","source_url":"https://gis.esaulet.kz/server/rest/services/Sloi_geoportala_otkrytiy_kontur_0702/MapServer/26","sourceId":"astana-municipal-green"}},{"type":"Feature","id":"municipal-green-3156","geometry":{"type":"Polygon","coordinates":[[[71.4844603,51.141432],[71.4846012,51.1412327],[71.4845771,51.1412232],[71.4846398,51.1411667],[71.4846866,51.1411793],[71.4844906,51.1414617],[71.4844482,51.1414496],[71.4844603,51.141432]]]},"properties":{"OBJECTID":3156,"kind":"park","name":"Озеленение","source":"Astana municipal open geoportal","source_url":"https://gis.esaulet.kz/server/rest/services/Sloi_geoportala_otkrytiy_kontur_0702/MapServer/26","sourceId":"astana-municipal-green"}},{"type":"Feature","id":"municipal-green-3160","geometry":{"type":"Polygon","coordinates":[[[71.4014103,51.1672409],[71.4013511,51.167233],[71.4013601,51.1672046],[71.4014192,51.1672117],[71.4014103,51.1672409]]]},"properties":{"OBJECTID":3160,"kind":"park","name":"Озеленение","source":"Astana municipal open geoportal","source_url":"https://gis.esaulet.kz/server/rest/services/Sloi_geoportala_otkrytiy_kontur_0702/MapServer/26","sourceId":"astana-municipal-green"}},{"type":"Feature","id":"municipal-green-3161","geometry":{"type":"Polygon","coordinates":[[[71.40106,51.1671982],[71.4010041,51.1671915],[71.4010126,51.1671628],[71.4010691,51.1671693],[71.40106,51.1671982]]]},"properties":{"OBJECTID":3161,"kind":"park","name":"Озеленение","source":"Astana municipal open geoportal","source_url":"https://gis.esaulet.kz/server/rest/services/Sloi_geoportala_otkrytiy_kontur_0702/MapServer/26","sourceId":"astana-municipal-green"}},{"type":"Feature","id":"municipal-green-3164","geometry":{"type":"Polygon","coordinates":[[[71.4723674,51.1196711],[71.4722052,51.1196964],[71.4721658,51.1195938],[71.4723284,51.119569],[71.4723674,51.1196711]]]},"properties":{"OBJECTID":3164,"kind":"park","name":"Озеленение","source":"Astana municipal open geoportal","source_url":"https://gis.esaulet.kz/server/rest/services/Sloi_geoportala_otkrytiy_kontur_0702/MapServer/26","sourceId":"astana-municipal-green"}},{"type":"Feature","id":"municipal-green-3165","geometry":{"type":"Polygon","coordinates":[[[71.4719426,51.1197375],[71.4717804,51.1197636],[71.471741,51.119661],[71.4719059,51.1196361],[71.4719426,51.1197375]]]},"properties":{"OBJECTID":3165,"kind":"park","name":"Озеленение","source":"Astana municipal open geoportal","source_url":"https://gis.esaulet.kz/server/rest/services/Sloi_geoportala_otkrytiy_kontur_0702/MapServer/26","sourceId":"astana-municipal-green"}},{"type":"Feature","id":"municipal-green-3170","geometry":{"type":"Polygon","coordinates":[[[71.4395926,51.1163835],[71.4395709,51.1163871],[71.4395464,51.1163295],[71.4395681,51.1163258],[71.4395926,51.1163835]]]},"properties":{"OBJECTID":3170,"kind":"park","name":"Озеленение","source":"Astana municipal open geoportal","source_url":"https://gis.esaulet.kz/server/rest/services/Sloi_geoportala_otkrytiy_kontur_0702/MapServer/26","sourceId":"astana-municipal-green"}},{"type":"Feature","id":"municipal-green-3171","geometry":{"type":"Polygon","coordinates":[[[71.4387674,51.1164617],[71.4387272,51.1164499],[71.4386996,51.1163397],[71.4391333,51.1162786],[71.439158,51.1162826],[71.4391968,51.1163865],[71.4391705,51.1164049],[71.4391361,51.1163196],[71.4387339,51.1163757],[71.4387674,51.1164617]]]},"properties":{"OBJECTID":3171,"kind":"park","name":"Озеленение","source":"Astana municipal open geoportal","source_url":"https://gis.esaulet.kz/server/rest/services/Sloi_geoportala_otkrytiy_kontur_0702/MapServer/26","sourceId":"astana-municipal-green"}},{"type":"Feature","id":"municipal-green-3172","geometry":{"type":"Polygon","coordinates":[[[71.4390546,51.116577],[71.4390204,51.1165413],[71.4392129,51.1165132],[71.4391806,51.1164299],[71.4392161,51.1164391],[71.4392515,51.116534],[71.4392348,51.1165513],[71.4390546,51.116577]]]},"properties":{"OBJECTID":3172,"kind":"park","name":"Озеленение","source":"Astana municipal open geoportal","source_url":"https://gis.esaulet.kz/server/rest/services/Sloi_geoportala_otkrytiy_kontur_0702/MapServer/26","sourceId":"astana-municipal-green"}},{"type":"Feature","id":"municipal-green-3173","geometry":{"type":"Polygon","coordinates":[[[71.4387323,51.1165854],[71.4386978,51.1165725],[71.4387258,51.1165683],[71.4387323,51.1165854]]]},"properties":{"OBJECTID":3173,"kind":"park","name":"Озеленение","source":"Astana municipal open geoportal","source_url":"https://gis.esaulet.kz/server/rest/services/Sloi_geoportala_otkrytiy_kontur_0702/MapServer/26","sourceId":"astana-municipal-green"}},{"type":"Feature","id":"municipal-green-3183","geometry":{"type":"Polygon","coordinates":[[[71.4785151,51.1254632],[71.478443,51.1254812],[71.4784522,51.1255476],[71.4784115,51.1255537],[71.4783923,51.1255006],[71.4784082,51.1254669],[71.4785052,51.1254381],[71.4785151,51.1254632]]]},"properties":{"OBJECTID":3183,"kind":"park","name":"Озеленение","source":"Astana municipal open geoportal","source_url":"https://gis.esaulet.kz/server/rest/services/Sloi_geoportala_otkrytiy_kontur_0702/MapServer/26","sourceId":"astana-municipal-green"}},{"type":"Feature","id":"municipal-green-3184","geometry":{"type":"Polygon","coordinates":[[[71.4664732,51.1643067],[71.4662825,51.1643094],[71.4662259,51.164282],[71.4664722,51.1642698],[71.4664732,51.1643067]]]},"properties":{"OBJECTID":3184,"kind":"park","name":"Озеленение","source":"Astana municipal open geoportal","source_url":"https://gis.esaulet.kz/server/rest/services/Sloi_geoportala_otkrytiy_kontur_0702/MapServer/26","sourceId":"astana-municipal-green"}},{"type":"Feature","id":"municipal-green-3186","geometry":{"type":"Polygon","coordinates":[[[71.4554808,51.1201548],[71.455421,51.1202213],[71.4552593,51.1201391],[71.4552962,51.1201068],[71.4553763,51.1201452],[71.4554808,51.1201548]]]},"properties":{"OBJECTID":3186,"kind":"park","name":"Озеленение","source":"Astana municipal open geoportal","source_url":"https://gis.esaulet.kz/server/rest/services/Sloi_geoportala_otkrytiy_kontur_0702/MapServer/26","sourceId":"astana-municipal-green"}},{"type":"Feature","id":"municipal-green-3197","geometry":{"type":"Polygon","coordinates":[[[71.4030337,51.1439787],[71.4031128,51.1440048],[71.4030305,51.1439992],[71.4030337,51.1439787]]]},"properties":{"OBJECTID":3197,"kind":"park","name":"Озеленение","source":"Astana municipal open geoportal","source_url":"https://gis.esaulet.kz/server/rest/services/Sloi_geoportala_otkrytiy_kontur_0702/MapServer/26","sourceId":"astana-municipal-green"}},{"type":"Feature","id":"municipal-green-3198","geometry":{"type":"Polygon","coordinates":[[[71.4217101,51.1166026],[71.4217364,51.1166888],[71.4213007,51.1167454],[71.4212634,51.1166315],[71.4215392,51.1165972],[71.4215466,51.1166234],[71.4217101,51.1166026]]]},"properties":{"OBJECTID":3198,"kind":"park","name":"Озеленение","source":"Astana municipal open geoportal","source_url":"https://gis.esaulet.kz/server/rest/services/Sloi_geoportala_otkrytiy_kontur_0702/MapServer/26","sourceId":"astana-municipal-green"}},{"type":"Feature","id":"municipal-green-3201","geometry":{"type":"Polygon","coordinates":[[[71.4342199,51.1521088],[71.433965,51.1518213],[71.4339898,51.1518117],[71.434242,51.1521045],[71.4342199,51.1521088]]]},"properties":{"OBJECTID":3201,"kind":"park","name":"Озеленение","source":"Astana municipal open geoportal","source_url":"https://gis.esaulet.kz/server/rest/services/Sloi_geoportala_otkrytiy_kontur_0702/MapServer/26","sourceId":"astana-municipal-green"}},{"type":"Feature","id":"municipal-green-3202","geometry":{"type":"Polygon","coordinates":[[[71.4894385,51.1352968],[71.489384,51.1353717],[71.4893362,51.1353579],[71.4893882,51.1352823],[71.4894385,51.1352968]]]},"properties":{"OBJECTID":3202,"kind":"park","name":"Озеленение","source":"Astana municipal open geoportal","source_url":"https://gis.esaulet.kz/server/rest/services/Sloi_geoportala_otkrytiy_kontur_0702/MapServer/26","sourceId":"astana-municipal-green"}},{"type":"Feature","id":"municipal-green-3204","geometry":{"type":"Polygon","coordinates":[[[71.4281368,51.1333171],[71.428054,51.1333302],[71.4280343,51.1332826],[71.4281178,51.1332699],[71.4281368,51.1333171]]]},"properties":{"OBJECTID":3204,"kind":"park","name":"Озеленение","source":"Astana municipal open geoportal","source_url":"https://gis.esaulet.kz/server/rest/services/Sloi_geoportala_otkrytiy_kontur_0702/MapServer/26","sourceId":"astana-municipal-green"}},{"type":"Feature","id":"municipal-green-3205","geometry":{"type":"Polygon","coordinates":[[[71.4283296,51.1328547],[71.42832,51.1328317],[71.4285024,51.1327576],[71.4284844,51.1327442],[71.4285556,51.1327063],[71.4285741,51.1327201],[71.4286497,51.1326563],[71.4288609,51.1327712],[71.4287105,51.1328254],[71.4287296,51.1328398],[71.4286656,51.1328733],[71.4286465,51.1328588],[71.4285666,51.132925],[71.4284131,51.132811],[71.4283296,51.1328547]]]},"properties":{"OBJECTID":3205,"kind":"park","name":"Озеленение","source":"Astana municipal open geoportal","source_url":"https://gis.esaulet.kz/server/rest/services/Sloi_geoportala_otkrytiy_kontur_0702/MapServer/26","sourceId":"astana-municipal-green"}},{"type":"Feature","id":"municipal-green-3206","geometry":{"type":"Polygon","coordinates":[[[71.4276552,51.1330386],[71.4276284,51.133043],[71.4275372,51.132807],[71.4275623,51.132803],[71.4276552,51.1330386]]]},"properties":{"OBJECTID":3206,"kind":"park","name":"Озеленение","source":"Astana municipal open geoportal","source_url":"https://gis.esaulet.kz/server/rest/services/Sloi_geoportala_otkrytiy_kontur_0702/MapServer/26","sourceId":"astana-municipal-green"}},{"type":"Feature","id":"municipal-green-3207","geometry":{"type":"Polygon","coordinates":[[[71.4278459,51.1335289],[71.4278191,51.133534],[71.4276332,51.1330549],[71.4276612,51.1330505],[71.4278459,51.1335289]]]},"properties":{"OBJECTID":3207,"kind":"park","name":"Озеленение","source":"Astana municipal open geoportal","source_url":"https://gis.esaulet.kz/server/rest/services/Sloi_geoportala_otkrytiy_kontur_0702/MapServer/26","sourceId":"astana-municipal-green"}},{"type":"Feature","id":"municipal-green-3208","geometry":{"type":"Polygon","coordinates":[[[71.4279064,51.133559],[71.4278267,51.1335489],[71.427899,51.1335377],[71.4279064,51.133559]]]},"properties":{"OBJECTID":3208,"kind":"park","name":"Озеленение","source":"Astana municipal open geoportal","source_url":"https://gis.esaulet.kz/server/rest/services/Sloi_geoportala_otkrytiy_kontur_0702/MapServer/26","sourceId":"astana-municipal-green"}},{"type":"Feature","id":"municipal-green-3209","geometry":{"type":"Polygon","coordinates":[[[71.4280263,51.1340053],[71.4279963,51.1339938],[71.4278585,51.1336344],[71.4278841,51.1336296],[71.4280228,51.1339875],[71.4282416,51.1339536],[71.4282486,51.1339711],[71.4280263,51.1340053]]]},"properties":{"OBJECTID":3209,"kind":"park","name":"Озеленение","source":"Astana municipal open geoportal","source_url":"https://gis.esaulet.kz/server/rest/services/Sloi_geoportala_otkrytiy_kontur_0702/MapServer/26","sourceId":"astana-municipal-green"}},{"type":"Feature","id":"municipal-green-3211","geometry":{"type":"Polygon","coordinates":[[[71.4281423,51.0978979],[71.4284139,51.0986644],[71.4284179,51.0987495],[71.4283514,51.0990038],[71.4277365,51.0972951],[71.4277636,51.0969238],[71.427792,51.0969205],[71.4281423,51.0978979]]]},"properties":{"OBJECTID":3211,"kind":"park","name":"Озеленение","source":"Astana municipal open geoportal","source_url":"https://gis.esaulet.kz/server/rest/services/Sloi_geoportala_otkrytiy_kontur_0702/MapServer/26","sourceId":"astana-municipal-green"}},{"type":"Feature","id":"municipal-green-3212","geometry":{"type":"Polygon","coordinates":[[[71.4289022,51.1005329],[71.4289612,51.1006242],[71.4291896,51.1012582],[71.4291858,51.1013305],[71.4289022,51.1005329]]]},"properties":{"OBJECTID":3212,"kind":"park","name":"Озеленение","source":"Astana municipal open geoportal","source_url":"https://gis.esaulet.kz/server/rest/services/Sloi_geoportala_otkrytiy_kontur_0702/MapServer/26","sourceId":"astana-municipal-green"}},{"type":"Feature","id":"municipal-green-3213","geometry":{"type":"Polygon","coordinates":[[[71.4479362,51.1418566],[71.4479358,51.1418779],[71.4475933,51.1418691],[71.4475961,51.1418493],[71.4479362,51.1418566]]]},"properties":{"OBJECTID":3213,"kind":"park","name":"Озеленение","source":"Astana municipal open geoportal","source_url":"https://gis.esaulet.kz/server/rest/services/Sloi_geoportala_otkrytiy_kontur_0702/MapServer/26","sourceId":"astana-municipal-green"}},{"type":"Feature","id":"municipal-green-3214","geometry":{"type":"Polygon","coordinates":[[[71.4533512,51.1427235],[71.4533048,51.1427836],[71.4531481,51.1427398],[71.453188,51.1426805],[71.4533512,51.1427235]]]},"properties":{"OBJECTID":3214,"kind":"park","name":"Озеленение","source":"Astana municipal open geoportal","source_url":"https://gis.esaulet.kz/server/rest/services/Sloi_geoportala_otkrytiy_kontur_0702/MapServer/26","sourceId":"astana-municipal-green"}},{"type":"Feature","id":"municipal-green-3215","geometry":{"type":"Polygon","coordinates":[[[71.4536032,51.1427901],[71.4535498,51.1428477],[71.4533859,51.1427986],[71.4534242,51.1427422],[71.4536032,51.1427901]]]},"properties":{"OBJECTID":3215,"kind":"park","name":"Озеленение","source":"Astana municipal open geoportal","source_url":"https://gis.esaulet.kz/server/rest/services/Sloi_geoportala_otkrytiy_kontur_0702/MapServer/26","sourceId":"astana-municipal-green"}},{"type":"Feature","id":"municipal-green-3216","geometry":{"type":"Polygon","coordinates":[[[71.4516402,51.1422462],[71.4515918,51.1423204],[71.4514722,51.1422896],[71.4515173,51.1422131],[71.4516402,51.1422462]]]},"properties":{"OBJECTID":3216,"kind":"park","name":"Озеленение","source":"Astana municipal open geoportal","source_url":"https://gis.esaulet.kz/server/rest/services/Sloi_geoportala_otkrytiy_kontur_0702/MapServer/26","sourceId":"astana-municipal-green"}},{"type":"Feature","id":"municipal-green-3217","geometry":{"type":"Polygon","coordinates":[[[71.428827,51.0993161],[71.4287588,51.0992892],[71.4286741,51.0990551],[71.4287004,51.0990185],[71.4287202,51.0990128],[71.428827,51.0993161]]]},"properties":{"OBJECTID":3217,"kind":"park","name":"Озеленение","source":"Astana municipal open geoportal","source_url":"https://gis.esaulet.kz/server/rest/services/Sloi_geoportala_otkrytiy_kontur_0702/MapServer/26","sourceId":"astana-municipal-green"}},{"type":"Feature","id":"municipal-green-3218","geometry":{"type":"Polygon","coordinates":[[[71.4281766,51.1004582],[71.4282216,51.100482],[71.4283237,51.1007639],[71.4282911,51.100802],[71.4281558,51.1004589],[71.4281766,51.1004582]]]},"properties":{"OBJECTID":3218,"kind":"park","name":"Озеленение","source":"Astana municipal open geoportal","source_url":"https://gis.esaulet.kz/server/rest/services/Sloi_geoportala_otkrytiy_kontur_0702/MapServer/26","sourceId":"astana-municipal-green"}},{"type":"Feature","id":"municipal-green-3222","geometry":{"type":"Polygon","coordinates":[[[71.4239745,51.1313437],[71.4238985,51.1313455],[71.4239708,51.1313342],[71.4239745,51.1313437]]]},"properties":{"OBJECTID":3222,"kind":"park","name":"Озеленение","source":"Astana municipal open geoportal","source_url":"https://gis.esaulet.kz/server/rest/services/Sloi_geoportala_otkrytiy_kontur_0702/MapServer/26","sourceId":"astana-municipal-green"}},{"type":"Feature","id":"municipal-green-3228","geometry":{"type":"Polygon","coordinates":[[[71.3977844,51.1412775],[71.3976945,51.1413021],[71.3976003,51.1413968],[71.3976614,51.1414196],[71.3976415,51.1414306],[71.3975788,51.1414485],[71.397541,51.1413944],[71.39768,51.1412501],[71.397655,51.1411691],[71.3979927,51.1411857],[71.397908,51.1412751],[71.3977844,51.1412775]]]},"properties":{"OBJECTID":3228,"kind":"park","name":"Озеленение","source":"Astana municipal open geoportal","source_url":"https://gis.esaulet.kz/server/rest/services/Sloi_geoportala_otkrytiy_kontur_0702/MapServer/26","sourceId":"astana-municipal-green"}},{"type":"Feature","id":"municipal-green-3229","geometry":{"type":"Polygon","coordinates":[[[71.3961603,51.1414257],[71.3961494,51.141518],[71.3958106,51.1414995],[71.3958875,51.141411],[71.3960136,51.1414056],[71.396137,51.1412854],[71.3962115,51.1412503],[71.3962694,51.1413078],[71.3961603,51.1414257]]]},"properties":{"OBJECTID":3229,"kind":"park","name":"Озеленение","source":"Astana municipal open geoportal","source_url":"https://gis.esaulet.kz/server/rest/services/Sloi_geoportala_otkrytiy_kontur_0702/MapServer/26","sourceId":"astana-municipal-green"}},{"type":"Feature","id":"municipal-green-3230","geometry":{"type":"Polygon","coordinates":[[[71.3963252,51.1411742],[71.3961337,51.1412595],[71.3960487,51.1413399],[71.3959978,51.141293],[71.3961139,51.1411669],[71.3961068,51.1410944],[71.3964476,51.1411111],[71.3963872,51.1411842],[71.3963252,51.1411742]]]},"properties":{"OBJECTID":3230,"kind":"park","name":"Озеленение","source":"Astana municipal open geoportal","source_url":"https://gis.esaulet.kz/server/rest/services/Sloi_geoportala_otkrytiy_kontur_0702/MapServer/26","sourceId":"astana-municipal-green"}},{"type":"Feature","id":"municipal-green-3233","geometry":{"type":"Polygon","coordinates":[[[71.4016189,51.0896981],[71.4014744,51.0897561],[71.4013912,51.0898524],[71.4012928,51.0898637],[71.4012348,51.0898448],[71.4011748,51.0895501],[71.4011824,51.0892903],[71.4012274,51.0892687],[71.4013581,51.0892726],[71.4014096,51.089311],[71.4014835,51.0893223],[71.4016189,51.0896981]]]},"properties":{"OBJECTID":3233,"kind":"park","name":"Озеленение","source":"Astana municipal open geoportal","source_url":"https://gis.esaulet.kz/server/rest/services/Sloi_geoportala_otkrytiy_kontur_0702/MapServer/26","sourceId":"astana-municipal-green"}},{"type":"Feature","id":"municipal-green-3239","geometry":{"type":"Polygon","coordinates":[[[71.49069,51.1330776],[71.4906795,51.1330933],[71.4903996,51.1330156],[71.4904109,51.1329992],[71.49069,51.1330776]]]},"properties":{"OBJECTID":3239,"kind":"park","name":"Озеленение","source":"Astana municipal open geoportal","source_url":"https://gis.esaulet.kz/server/rest/services/Sloi_geoportala_otkrytiy_kontur_0702/MapServer/26","sourceId":"astana-municipal-green"}},{"type":"Feature","id":"municipal-green-3243","geometry":{"type":"Polygon","coordinates":[[[71.4014837,51.0892],[71.401539,51.0892242],[71.401536,51.0892653],[71.4014792,51.0892861],[71.4014208,51.0892674],[71.401418,51.0892214],[71.4014837,51.0892]]]},"properties":{"OBJECTID":3243,"kind":"park","name":"Озеленение","source":"Astana municipal open geoportal","source_url":"https://gis.esaulet.kz/server/rest/services/Sloi_geoportala_otkrytiy_kontur_0702/MapServer/26","sourceId":"astana-municipal-green"}},{"type":"Feature","id":"municipal-green-3244","geometry":{"type":"Polygon","coordinates":[[[71.4016171,51.0898362],[71.4015788,51.0898809],[71.4012828,51.0899224],[71.4012765,51.0899018],[71.4014263,51.0898796],[71.4014586,51.0898156],[71.4015263,51.0897626],[71.4016171,51.0898362]]]},"properties":{"OBJECTID":3244,"kind":"park","name":"Озеленение","source":"Astana municipal open geoportal","source_url":"https://gis.esaulet.kz/server/rest/services/Sloi_geoportala_otkrytiy_kontur_0702/MapServer/26","sourceId":"astana-municipal-green"}},{"type":"Feature","id":"municipal-green-3246","geometry":{"type":"Polygon","coordinates":[[[71.4170526,51.1659706],[71.4170452,51.1659932],[71.4170064,51.1659877],[71.4170137,51.1659656],[71.4170526,51.1659706]]]},"properties":{"OBJECTID":3246,"kind":"park","name":"Озеленение","source":"Astana municipal open geoportal","source_url":"https://gis.esaulet.kz/server/rest/services/Sloi_geoportala_otkrytiy_kontur_0702/MapServer/26","sourceId":"astana-municipal-green"}},{"type":"Feature","id":"municipal-green-3247","geometry":{"type":"Polygon","coordinates":[[[71.4170132,51.1660269],[71.417043,51.1660299],[71.4169434,51.1663206],[71.4168145,51.1663031],[71.4167301,51.1662344],[71.4168092,51.1659982],[71.4169805,51.1660226],[71.4169882,51.1660009],[71.4170176,51.1660045],[71.4170132,51.1660269]]]},"properties":{"OBJECTID":3247,"kind":"park","name":"Озеленение","source":"Astana municipal open geoportal","source_url":"https://gis.esaulet.kz/server/rest/services/Sloi_geoportala_otkrytiy_kontur_0702/MapServer/26","sourceId":"astana-municipal-green"}},{"type":"Feature","id":"municipal-green-3248","geometry":{"type":"Polygon","coordinates":[[[71.4174343,51.1664494],[71.4169631,51.1663931],[71.4170667,51.166097],[71.4171749,51.166111],[71.4174593,51.1663915],[71.4174343,51.1664494]]]},"properties":{"OBJECTID":3248,"kind":"park","name":"Озеленение","source":"Astana municipal open geoportal","source_url":"https://gis.esaulet.kz/server/rest/services/Sloi_geoportala_otkrytiy_kontur_0702/MapServer/26","sourceId":"astana-municipal-green"}},{"type":"Feature","id":"municipal-green-3249","geometry":{"type":"Polygon","coordinates":[[[71.4173438,51.1664852],[71.4173249,51.1665434],[71.4170738,51.1665104],[71.4170934,51.1664519],[71.4173438,51.1664852]]]},"properties":{"OBJECTID":3249,"kind":"park","name":"Озеленение","source":"Astana municipal open geoportal","source_url":"https://gis.esaulet.kz/server/rest/services/Sloi_geoportala_otkrytiy_kontur_0702/MapServer/26","sourceId":"astana-municipal-green"}},{"type":"Feature","id":"municipal-green-3251","geometry":{"type":"Polygon","coordinates":[[[71.4788717,51.1256023],[71.4787512,51.1256212],[71.478741,51.1255954],[71.4788423,51.1255794],[71.4788159,51.125511],[71.4788361,51.125508],[71.4788717,51.1256023]]]},"properties":{"OBJECTID":3251,"kind":"park","name":"Озеленение","source":"Astana municipal open geoportal","source_url":"https://gis.esaulet.kz/server/rest/services/Sloi_geoportala_otkrytiy_kontur_0702/MapServer/26","sourceId":"astana-municipal-green"}},{"type":"Feature","id":"municipal-green-3255","geometry":{"type":"Polygon","coordinates":[[[71.4209861,51.1164027],[71.4207848,51.1164334],[71.4207406,51.1164094],[71.4207177,51.1163479],[71.4207829,51.1163396],[71.4208024,51.1163996],[71.4208253,51.116406],[71.4209775,51.1163771],[71.4209264,51.1163882],[71.4209335,51.1164097],[71.4209861,51.1164027]]]},"properties":{"OBJECTID":3255,"kind":"park","name":"Озеленение","source":"Astana municipal open geoportal","source_url":"https://gis.esaulet.kz/server/rest/services/Sloi_geoportala_otkrytiy_kontur_0702/MapServer/26","sourceId":"astana-municipal-green"}},{"type":"Feature","id":"municipal-green-3256","geometry":{"type":"Polygon","coordinates":[[[71.4011576,51.0904601],[71.4013397,51.090703],[71.4016406,51.0910099],[71.4012301,51.0910677],[71.4010675,51.0910528],[71.4013865,51.0909237],[71.4011533,51.0906717],[71.4010126,51.0904739],[71.4010529,51.0904223],[71.4010497,51.09036],[71.4010886,51.0903515],[71.4011576,51.0904601]]]},"properties":{"OBJECTID":3256,"kind":"park","name":"Озеленение","source":"Astana municipal open geoportal","source_url":"https://gis.esaulet.kz/server/rest/services/Sloi_geoportala_otkrytiy_kontur_0702/MapServer/26","sourceId":"astana-municipal-green"}},{"type":"Feature","id":"municipal-green-3257","geometry":{"type":"Polygon","coordinates":[[[71.4333968,51.1520423],[71.4333816,51.1522649],[71.4339513,51.1523585],[71.434323,51.15223],[71.4343553,51.1522808],[71.4343218,51.1522901],[71.4343778,51.1523467],[71.4341068,51.1524689],[71.4333296,51.1522849],[71.433349,51.1520609],[71.4333968,51.1520423]]]},"properties":{"OBJECTID":3257,"kind":"park","name":"Озеленение","source":"Astana municipal open geoportal","source_url":"https://gis.esaulet.kz/server/rest/services/Sloi_geoportala_otkrytiy_kontur_0702/MapServer/26","sourceId":"astana-municipal-green"}},{"type":"Feature","id":"municipal-green-3258","geometry":{"type":"Polygon","coordinates":[[[71.489858,51.1348502],[71.4897876,51.1348309],[71.4898083,51.1348012],[71.4898786,51.1348205],[71.489858,51.1348502]]]},"properties":{"OBJECTID":3258,"kind":"park","name":"Озеленение","source":"Astana municipal open geoportal","source_url":"https://gis.esaulet.kz/server/rest/services/Sloi_geoportala_otkrytiy_kontur_0702/MapServer/26","sourceId":"astana-municipal-green"}},{"type":"Feature","id":"municipal-green-3259","geometry":{"type":"Polygon","coordinates":[[[71.4673106,51.1627479],[71.4672853,51.1627169],[71.4673478,51.1626967],[71.4673732,51.1627274],[71.4673106,51.1627479]]]},"properties":{"OBJECTID":3259,"kind":"park","name":"Озеленение","source":"Astana municipal open geoportal","source_url":"https://gis.esaulet.kz/server/rest/services/Sloi_geoportala_otkrytiy_kontur_0702/MapServer/26","sourceId":"astana-municipal-green"}},{"type":"Feature","id":"municipal-green-3261","geometry":{"type":"Polygon","coordinates":[[[71.4727902,51.1385974],[71.4749687,51.1392139],[71.4727824,51.1386082],[71.4727902,51.1385974]]]},"properties":{"OBJECTID":3261,"kind":"park","name":"Озеленение","source":"Astana municipal open geoportal","source_url":"https://gis.esaulet.kz/server/rest/services/Sloi_geoportala_otkrytiy_kontur_0702/MapServer/26","sourceId":"astana-municipal-green"}},{"type":"Feature","id":"municipal-green-3262","geometry":{"type":"Polygon","coordinates":[[[71.4795756,51.0951867],[71.4795881,51.0951538],[71.4798234,51.0951941],[71.4807702,51.0955981],[71.4811773,51.0956502],[71.4811686,51.0956759],[71.4812033,51.0957144],[71.4807752,51.0956657],[71.4798141,51.09522],[71.4795756,51.0951867]]]},"properties":{"OBJECTID":3262,"kind":"park","name":"Озеленение","source":"Astana municipal open geoportal","source_url":"https://gis.esaulet.kz/server/rest/services/Sloi_geoportala_otkrytiy_kontur_0702/MapServer/26","sourceId":"astana-municipal-green"}},{"type":"Feature","id":"municipal-green-3265","geometry":{"type":"Polygon","coordinates":[[[71.458223,51.1580762],[71.4582179,51.1583287],[71.4581675,51.1583283],[71.4581487,51.1583129],[71.458148,51.1582298],[71.4581701,51.1582291],[71.4581738,51.1580758],[71.458223,51.1580762]]]},"properties":{"OBJECTID":3265,"kind":"park","name":"Озеленение","source":"Astana municipal open geoportal","source_url":"https://gis.esaulet.kz/server/rest/services/Sloi_geoportala_otkrytiy_kontur_0702/MapServer/26","sourceId":"astana-municipal-green"}},{"type":"Feature","id":"municipal-green-3266","geometry":{"type":"Polygon","coordinates":[[[71.4553129,51.1173422],[71.4553503,51.1173418],[71.4553509,51.1174446],[71.4553136,51.1174437],[71.4553129,51.1173422]]]},"properties":{"OBJECTID":3266,"kind":"park","name":"Озеленение","source":"Astana municipal open geoportal","source_url":"https://gis.esaulet.kz/server/rest/services/Sloi_geoportala_otkrytiy_kontur_0702/MapServer/26","sourceId":"astana-municipal-green"}},{"type":"Feature","id":"municipal-green-3267","geometry":{"type":"Polygon","coordinates":[[[71.4595579,51.1352332],[71.4594903,51.135303],[71.4593758,51.1352746],[71.4594323,51.1351957],[71.4595579,51.1352332]]]},"properties":{"OBJECTID":3267,"kind":"park","name":"Озеленение","source":"Astana municipal open geoportal","source_url":"https://gis.esaulet.kz/server/rest/services/Sloi_geoportala_otkrytiy_kontur_0702/MapServer/26","sourceId":"astana-municipal-green"}},{"type":"Feature","id":"municipal-green-3270","geometry":{"type":"Polygon","coordinates":[[[71.4555641,51.1504455],[71.4555869,51.1504901],[71.4555231,51.150582],[71.4554544,51.1505943],[71.4555641,51.1504455]]]},"properties":{"OBJECTID":3270,"kind":"park","name":"Озеленение","source":"Astana municipal open geoportal","source_url":"https://gis.esaulet.kz/server/rest/services/Sloi_geoportala_otkrytiy_kontur_0702/MapServer/26","sourceId":"astana-municipal-green"}},{"type":"Feature","id":"municipal-green-3271","geometry":{"type":"Polygon","coordinates":[[[71.4538246,51.142848],[71.4537568,51.1428999],[71.4536156,51.1428637],[71.4536578,51.1428041],[71.4538246,51.142848]]]},"properties":{"OBJECTID":3271,"kind":"park","name":"Озеленение","source":"Astana municipal open geoportal","source_url":"https://gis.esaulet.kz/server/rest/services/Sloi_geoportala_otkrytiy_kontur_0702/MapServer/26","sourceId":"astana-municipal-green"}},{"type":"Feature","id":"municipal-green-3272","geometry":{"type":"Polygon","coordinates":[[[71.4274949,51.0976059],[71.4277075,51.0982036],[71.427693,51.0986011],[71.4276647,51.0986051],[71.4270434,51.0968747],[71.4270336,51.0967398],[71.4270976,51.0964966],[71.4274949,51.0976059]]]},"properties":{"OBJECTID":3272,"kind":"park","name":"Озеленение","source":"Astana municipal open geoportal","source_url":"https://gis.esaulet.kz/server/rest/services/Sloi_geoportala_otkrytiy_kontur_0702/MapServer/26","sourceId":"astana-municipal-green"}},{"type":"Feature","id":"municipal-green-3274","geometry":{"type":"Polygon","coordinates":[[[71.4238791,51.1313588],[71.4236423,51.1313844],[71.4238748,51.131348],[71.4238791,51.1313588]]]},"properties":{"OBJECTID":3274,"kind":"park","name":"Озеленение","source":"Astana municipal open geoportal","source_url":"https://gis.esaulet.kz/server/rest/services/Sloi_geoportala_otkrytiy_kontur_0702/MapServer/26","sourceId":"astana-municipal-green"}},{"type":"Feature","id":"municipal-green-3275","geometry":{"type":"Polygon","coordinates":[[[71.4236224,51.131398],[71.4235673,51.1314066],[71.4235634,51.1313969],[71.4236224,51.131398]]]},"properties":{"OBJECTID":3275,"kind":"park","name":"Озеленение","source":"Astana municipal open geoportal","source_url":"https://gis.esaulet.kz/server/rest/services/Sloi_geoportala_otkrytiy_kontur_0702/MapServer/26","sourceId":"astana-municipal-green"}},{"type":"Feature","id":"municipal-green-3276","geometry":{"type":"Polygon","coordinates":[[[71.4239998,51.1314098],[71.4239699,51.1314145],[71.4239511,51.1313668],[71.4239809,51.1313622],[71.4239998,51.1314098]]]},"properties":{"OBJECTID":3276,"kind":"park","name":"Озеленение","source":"Astana municipal open geoportal","source_url":"https://gis.esaulet.kz/server/rest/services/Sloi_geoportala_otkrytiy_kontur_0702/MapServer/26","sourceId":"astana-municipal-green"}},{"type":"Feature","id":"municipal-green-3277","geometry":{"type":"Polygon","coordinates":[[[71.422352,51.1312977],[71.4222746,51.1311611],[71.4222832,51.1311308],[71.422352,51.1312977]]]},"properties":{"OBJECTID":3277,"kind":"park","name":"Озеленение","source":"Astana municipal open geoportal","source_url":"https://gis.esaulet.kz/server/rest/services/Sloi_geoportala_otkrytiy_kontur_0702/MapServer/26","sourceId":"astana-municipal-green"}},{"type":"Feature","id":"municipal-green-3278","geometry":{"type":"Polygon","coordinates":[[[71.4232155,51.131532],[71.4231849,51.1315376],[71.4231644,51.1314885],[71.4231955,51.1314834],[71.4232155,51.131532]]]},"properties":{"OBJECTID":3278,"kind":"park","name":"Озеленение","source":"Astana municipal open geoportal","source_url":"https://gis.esaulet.kz/server/rest/services/Sloi_geoportala_otkrytiy_kontur_0702/MapServer/26","sourceId":"astana-municipal-green"}},{"type":"Feature","id":"municipal-green-3283","geometry":{"type":"Polygon","coordinates":[[[71.4111484,51.1492338],[71.4111822,51.1492612],[71.4111701,51.1493],[71.4110692,51.1492838],[71.4110848,51.1492456],[71.4110422,51.1492374],[71.4111484,51.1492338]]]},"properties":{"OBJECTID":3283,"kind":"park","name":"Озеленение","source":"Astana municipal open geoportal","source_url":"https://gis.esaulet.kz/server/rest/services/Sloi_geoportala_otkrytiy_kontur_0702/MapServer/26","sourceId":"astana-municipal-green"}},{"type":"Feature","id":"municipal-green-3284","geometry":{"type":"Polygon","coordinates":[[[71.4109932,51.1492173],[71.4109887,51.1492288],[71.41084,51.1492055],[71.4109932,51.1492173]]]},"properties":{"OBJECTID":3284,"kind":"park","name":"Озеленение","source":"Astana municipal open geoportal","source_url":"https://gis.esaulet.kz/server/rest/services/Sloi_geoportala_otkrytiy_kontur_0702/MapServer/26","sourceId":"astana-municipal-green"}},{"type":"Feature","id":"municipal-green-3293","geometry":{"type":"Polygon","coordinates":[[[71.4863757,51.1639178],[71.4862919,51.1639498],[71.4861877,51.1638523],[71.4861869,51.1638214],[71.4862511,51.1637862],[71.4863757,51.1639178]]]},"properties":{"OBJECTID":3293,"kind":"park","name":"Озеленение","source":"Astana municipal open geoportal","source_url":"https://gis.esaulet.kz/server/rest/services/Sloi_geoportala_otkrytiy_kontur_0702/MapServer/26","sourceId":"astana-municipal-green"}},{"type":"Feature","id":"municipal-green-3294","geometry":{"type":"Polygon","coordinates":[[[71.4867411,51.164264],[71.4867924,51.1642814],[71.4869083,51.1644051],[71.4865049,51.164581],[71.4863421,51.1644092],[71.4867411,51.164264]]]},"properties":{"OBJECTID":3294,"kind":"park","name":"Озеленение","source":"Astana municipal open geoportal","source_url":"https://gis.esaulet.kz/server/rest/services/Sloi_geoportala_otkrytiy_kontur_0702/MapServer/26","sourceId":"astana-municipal-green"}},{"type":"Feature","id":"municipal-green-3300","geometry":{"type":"Polygon","coordinates":[[[71.4741008,51.1661202],[71.4741271,51.166109],[71.4743953,51.1663565],[71.474372,51.1663755],[71.4741008,51.1661202]]]},"properties":{"OBJECTID":3300,"kind":"park","name":"Озеленение","source":"Astana municipal open geoportal","source_url":"https://gis.esaulet.kz/server/rest/services/Sloi_geoportala_otkrytiy_kontur_0702/MapServer/26","sourceId":"astana-municipal-green"}},{"type":"Feature","id":"municipal-green-3302","geometry":{"type":"Polygon","coordinates":[[[71.474444,51.1445369],[71.4744226,51.1445669],[71.4743029,51.144533],[71.4743244,51.144503],[71.474444,51.1445369]]]},"properties":{"OBJECTID":3302,"kind":"park","name":"Озеленение","source":"Astana municipal open geoportal","source_url":"https://gis.esaulet.kz/server/rest/services/Sloi_geoportala_otkrytiy_kontur_0702/MapServer/26","sourceId":"astana-municipal-green"}},{"type":"Feature","id":"municipal-green-3303","geometry":{"type":"Polygon","coordinates":[[[71.4018745,51.0900467],[71.4016644,51.0900761],[71.4016955,51.089986],[71.401783,51.0899719],[71.4018745,51.0900467]]]},"properties":{"OBJECTID":3303,"kind":"park","name":"Озеленение","source":"Astana municipal open geoportal","source_url":"https://gis.esaulet.kz/server/rest/services/Sloi_geoportala_otkrytiy_kontur_0702/MapServer/26","sourceId":"astana-municipal-green"}},{"type":"Feature","id":"municipal-green-3305","geometry":{"type":"Polygon","coordinates":[[[71.4173859,51.1665925],[71.417376,51.1666192],[71.4174476,51.166629],[71.4168914,51.1668541],[71.4168083,51.1668428],[71.4169146,51.1665313],[71.4173859,51.1665925]]]},"properties":{"OBJECTID":3305,"kind":"park","name":"Озеленение","source":"Astana municipal open geoportal","source_url":"https://gis.esaulet.kz/server/rest/services/Sloi_geoportala_otkrytiy_kontur_0702/MapServer/26","sourceId":"astana-municipal-green"}},{"type":"Feature","id":"municipal-green-3306","geometry":{"type":"Polygon","coordinates":[[[71.4168484,51.1665913],[71.4167466,51.1668894],[71.4165249,51.166861],[71.4166048,51.166615],[71.4167203,51.1665731],[71.4168484,51.1665913]]]},"properties":{"OBJECTID":3306,"kind":"park","name":"Озеленение","source":"Astana municipal open geoportal","source_url":"https://gis.esaulet.kz/server/rest/services/Sloi_geoportala_otkrytiy_kontur_0702/MapServer/26","sourceId":"astana-municipal-green"}},{"type":"Feature","id":"municipal-green-3309","geometry":{"type":"Polygon","coordinates":[[[71.4702659,51.1525892],[71.4703204,51.1525885],[71.4705279,51.1526607],[71.4702659,51.1525892]]]},"properties":{"OBJECTID":3309,"kind":"park","name":"Озеленение","source":"Astana municipal open geoportal","source_url":"https://gis.esaulet.kz/server/rest/services/Sloi_geoportala_otkrytiy_kontur_0702/MapServer/26","sourceId":"astana-municipal-green"}},{"type":"Feature","id":"municipal-green-3312","geometry":{"type":"Polygon","coordinates":[[[71.4692477,51.1328277],[71.4693354,51.1328412],[71.4693277,51.1328522],[71.4692477,51.1328277]]]},"properties":{"OBJECTID":3312,"kind":"park","name":"Озеленение","source":"Astana municipal open geoportal","source_url":"https://gis.esaulet.kz/server/rest/services/Sloi_geoportala_otkrytiy_kontur_0702/MapServer/26","sourceId":"astana-municipal-green"}},{"type":"Feature","id":"municipal-green-3313","geometry":{"type":"Polygon","coordinates":[[[71.4441964,51.1421485],[71.4441993,51.1419741],[71.4443656,51.1419771],[71.4443577,51.142137],[71.4441964,51.1421485]]]},"properties":{"OBJECTID":3313,"kind":"park","name":"Озеленение","source":"Astana municipal open geoportal","source_url":"https://gis.esaulet.kz/server/rest/services/Sloi_geoportala_otkrytiy_kontur_0702/MapServer/26","sourceId":"astana-municipal-green"}},{"type":"Feature","id":"municipal-green-3314","geometry":{"type":"Polygon","coordinates":[[[71.4445389,51.1423303],[71.4445675,51.1423234],[71.4445637,51.142421],[71.4445588,51.1423299],[71.4445389,51.1423303]]]},"properties":{"OBJECTID":3314,"kind":"park","name":"Озеленение","source":"Astana municipal open geoportal","source_url":"https://gis.esaulet.kz/server/rest/services/Sloi_geoportala_otkrytiy_kontur_0702/MapServer/26","sourceId":"astana-municipal-green"}},{"type":"Feature","id":"municipal-green-3317","geometry":{"type":"Polygon","coordinates":[[[71.4388391,51.1529298],[71.4388472,51.1527128],[71.4390131,51.1527164],[71.4388671,51.1527258],[71.4388646,51.1529299],[71.4388391,51.1529298]]]},"properties":{"OBJECTID":3317,"kind":"park","name":"Озеленение","source":"Astana municipal open geoportal","source_url":"https://gis.esaulet.kz/server/rest/services/Sloi_geoportala_otkrytiy_kontur_0702/MapServer/26","sourceId":"astana-municipal-green"}},{"type":"Feature","id":"municipal-green-3318","geometry":{"type":"Polygon","coordinates":[[[71.4697753,51.132119],[71.4698615,51.1321431],[71.4697449,51.1322941],[71.469653,51.1322686],[71.4697753,51.132119]]]},"properties":{"OBJECTID":3318,"kind":"park","name":"Озеленение","source":"Astana municipal open geoportal","source_url":"https://gis.esaulet.kz/server/rest/services/Sloi_geoportala_otkrytiy_kontur_0702/MapServer/26","sourceId":"astana-municipal-green"}},{"type":"Feature","id":"municipal-green-3319","geometry":{"type":"Polygon","coordinates":[[[71.434323,51.15223],[71.4342596,51.15215],[71.434281,51.1521482],[71.4343463,51.152222],[71.434323,51.15223]]]},"properties":{"OBJECTID":3319,"kind":"park","name":"Озеленение","source":"Astana municipal open geoportal","source_url":"https://gis.esaulet.kz/server/rest/services/Sloi_geoportala_otkrytiy_kontur_0702/MapServer/26","sourceId":"astana-municipal-green"}},{"type":"Feature","id":"municipal-green-3321","geometry":{"type":"Polygon","coordinates":[[[71.4728886,51.1424152],[71.4728665,51.1424466],[71.4727647,51.1424182],[71.4727378,51.1423727],[71.4728886,51.1424152]]]},"properties":{"OBJECTID":3321,"kind":"park","name":"Озеленение","source":"Astana municipal open geoportal","source_url":"https://gis.esaulet.kz/server/rest/services/Sloi_geoportala_otkrytiy_kontur_0702/MapServer/26","sourceId":"astana-municipal-green"}},{"type":"Feature","id":"municipal-green-3322","geometry":{"type":"Polygon","coordinates":[[[71.433375,51.1602241],[71.4333691,51.16025],[71.433191,51.1602347],[71.4331971,51.160208],[71.433375,51.1602241]]]},"properties":{"OBJECTID":3322,"kind":"park","name":"Озеленение","source":"Astana municipal open geoportal","source_url":"https://gis.esaulet.kz/server/rest/services/Sloi_geoportala_otkrytiy_kontur_0702/MapServer/26","sourceId":"astana-municipal-green"}},{"type":"Feature","id":"municipal-green-3323","geometry":{"type":"Polygon","coordinates":[[[71.391838,51.1673755],[71.3918015,51.167328],[71.3919235,51.1673024],[71.3919878,51.1673402],[71.391838,51.1673755]]]},"properties":{"OBJECTID":3323,"kind":"park","name":"Озеленение","source":"Astana municipal open geoportal","source_url":"https://gis.esaulet.kz/server/rest/services/Sloi_geoportala_otkrytiy_kontur_0702/MapServer/26","sourceId":"astana-municipal-green"}},{"type":"Feature","id":"municipal-green-3324","geometry":{"type":"Polygon","coordinates":[[[71.3917515,51.1676574],[71.3916046,51.1676722],[71.391469,51.1674513],[71.3914932,51.1674452],[71.3914689,51.1674036],[71.3916883,51.1673537],[71.3917018,51.1674077],[71.391541,51.1674449],[71.391627,51.1675897],[71.3915917,51.1675978],[71.3916071,51.1676243],[71.3916966,51.1676037],[71.3917515,51.1676574]]]},"properties":{"OBJECTID":3324,"kind":"park","name":"Озеленение","source":"Astana municipal open geoportal","source_url":"https://gis.esaulet.kz/server/rest/services/Sloi_geoportala_otkrytiy_kontur_0702/MapServer/26","sourceId":"astana-municipal-green"}},{"type":"Feature","id":"municipal-green-3325","geometry":{"type":"Polygon","coordinates":[[[71.3919759,51.1675141],[71.3919975,51.1675731],[71.3919469,51.1675853],[71.3919261,51.1675256],[71.3919759,51.1675141]]]},"properties":{"OBJECTID":3325,"kind":"park","name":"Озеленение","source":"Astana municipal open geoportal","source_url":"https://gis.esaulet.kz/server/rest/services/Sloi_geoportala_otkrytiy_kontur_0702/MapServer/26","sourceId":"astana-municipal-green"}},{"type":"Feature","id":"municipal-green-3326","geometry":{"type":"Polygon","coordinates":[[[71.3922389,51.1675424],[71.3920629,51.167584],[71.3920392,51.1675442],[71.3920582,51.1675399],[71.3920472,51.1675208],[71.3921301,51.1675017],[71.3920675,51.1674513],[71.3921616,51.1674287],[71.3922389,51.1675424]]]},"properties":{"OBJECTID":3326,"kind":"park","name":"Озеленение","source":"Astana municipal open geoportal","source_url":"https://gis.esaulet.kz/server/rest/services/Sloi_geoportala_otkrytiy_kontur_0702/MapServer/26","sourceId":"astana-municipal-green"}},{"type":"Feature","id":"municipal-green-3327","geometry":{"type":"Polygon","coordinates":[[[71.3926883,51.1676036],[71.3927294,51.1676291],[71.392097,51.1678078],[71.3916889,51.1679646],[71.3916531,51.167911],[71.3925578,51.1676072],[71.3926883,51.1676036]]]},"properties":{"OBJECTID":3327,"kind":"park","name":"Озеленение","source":"Astana municipal open geoportal","source_url":"https://gis.esaulet.kz/server/rest/services/Sloi_geoportala_otkrytiy_kontur_0702/MapServer/26","sourceId":"astana-municipal-green"}},{"type":"Feature","id":"municipal-green-3329","geometry":{"type":"Polygon","coordinates":[[[71.4812033,51.0957144],[71.4812779,51.0958047],[71.4812023,51.0958778],[71.4809781,51.0958776],[71.4809003,51.0958295],[71.4805609,51.0958257],[71.4801008,51.0953794],[71.4795469,51.0952625],[71.4795683,51.095206],[71.4797957,51.0952369],[71.4807602,51.0956826],[71.4810946,51.0957218],[71.4812033,51.0957144]]]},"properties":{"OBJECTID":3329,"kind":"park","name":"Озеленение","source":"Astana municipal open geoportal","source_url":"https://gis.esaulet.kz/server/rest/services/Sloi_geoportala_otkrytiy_kontur_0702/MapServer/26","sourceId":"astana-municipal-green"}},{"type":"Feature","id":"municipal-green-3331","geometry":{"type":"Polygon","coordinates":[[[71.4594759,51.1350649],[71.4596474,51.135121],[71.4596077,51.1351763],[71.4594288,51.1351206],[71.4594759,51.1350649]]]},"properties":{"OBJECTID":3331,"kind":"park","name":"Озеленение","source":"Astana municipal open geoportal","source_url":"https://gis.esaulet.kz/server/rest/services/Sloi_geoportala_otkrytiy_kontur_0702/MapServer/26","sourceId":"astana-municipal-green"}},{"type":"Feature","id":"municipal-green-3337","geometry":{"type":"Polygon","coordinates":[[[71.4386581,51.1161999],[71.4382501,51.1162614],[71.4382642,51.1162991],[71.4376943,51.1163815],[71.4377218,51.1164517],[71.4376601,51.1164609],[71.4376292,51.1163587],[71.4382474,51.1162686],[71.4382585,51.1162423],[71.4386529,51.116185],[71.4386581,51.1161999]]]},"properties":{"OBJECTID":3337,"kind":"park","name":"Озеленение","source":"Astana municipal open geoportal","source_url":"https://gis.esaulet.kz/server/rest/services/Sloi_geoportala_otkrytiy_kontur_0702/MapServer/26","sourceId":"astana-municipal-green"}},{"type":"Feature","id":"municipal-green-3338","geometry":{"type":"Polygon","coordinates":[[[71.4377711,51.1168831],[71.4377054,51.1168929],[71.4376266,51.1166577],[71.4376822,51.1166457],[71.4377711,51.1168831]]]},"properties":{"OBJECTID":3338,"kind":"park","name":"Озеленение","source":"Astana municipal open geoportal","source_url":"https://gis.esaulet.kz/server/rest/services/Sloi_geoportala_otkrytiy_kontur_0702/MapServer/26","sourceId":"astana-municipal-green"}},{"type":"Feature","id":"municipal-green-3339","geometry":{"type":"Polygon","coordinates":[[[71.4377555,51.117027],[71.4377202,51.116931],[71.4377855,51.1169213],[71.4378292,51.1170378],[71.4377622,51.1170443],[71.4377555,51.117027]]]},"properties":{"OBJECTID":3339,"kind":"park","name":"Озеленение","source":"Astana municipal open geoportal","source_url":"https://gis.esaulet.kz/server/rest/services/Sloi_geoportala_otkrytiy_kontur_0702/MapServer/26","sourceId":"astana-municipal-green"}},{"type":"Feature","id":"municipal-green-3340","geometry":{"type":"Polygon","coordinates":[[[71.4386856,51.1169988],[71.4386363,51.1169966],[71.4386809,51.1169857],[71.4386856,51.1169988]]]},"properties":{"OBJECTID":3340,"kind":"park","name":"Озеленение","source":"Astana municipal open geoportal","source_url":"https://gis.esaulet.kz/server/rest/services/Sloi_geoportala_otkrytiy_kontur_0702/MapServer/26","sourceId":"astana-municipal-green"}},{"type":"Feature","id":"municipal-green-3341","geometry":{"type":"Polygon","coordinates":[[[71.4395022,51.1168811],[71.4393875,51.1168883],[71.4394835,51.1168701],[71.4395022,51.1168811]]]},"properties":{"OBJECTID":3341,"kind":"park","name":"Озеленение","source":"Astana municipal open geoportal","source_url":"https://gis.esaulet.kz/server/rest/services/Sloi_geoportala_otkrytiy_kontur_0702/MapServer/26","sourceId":"astana-municipal-green"}},{"type":"Feature","id":"municipal-green-3342","geometry":{"type":"Polygon","coordinates":[[[71.4391125,51.1169373],[71.4388866,51.1169605],[71.4390938,51.1169262],[71.4391125,51.1169373]]]},"properties":{"OBJECTID":3342,"kind":"park","name":"Озеленение","source":"Astana municipal open geoportal","source_url":"https://gis.esaulet.kz/server/rest/services/Sloi_geoportala_otkrytiy_kontur_0702/MapServer/26","sourceId":"astana-municipal-green"}},{"type":"Feature","id":"municipal-green-3343","geometry":{"type":"Polygon","coordinates":[[[71.3861729,51.1689836],[71.3861775,51.1688241],[71.3862343,51.1688245],[71.3862329,51.169057],[71.3859907,51.1690554],[71.3859961,51.1688232],[71.3860561,51.1688236],[71.3860541,51.1690304],[71.3861723,51.1690308],[71.3861729,51.1689836]]]},"properties":{"OBJECTID":3343,"kind":"park","name":"Озеленение","source":"Astana municipal open geoportal","source_url":"https://gis.esaulet.kz/server/rest/services/Sloi_geoportala_otkrytiy_kontur_0702/MapServer/26","sourceId":"astana-municipal-green"}},{"type":"Feature","id":"municipal-green-3344","geometry":{"type":"Polygon","coordinates":[[[71.3866181,51.1684091],[71.3866181,51.1684927],[71.3865587,51.1684921],[71.3865731,51.1684088],[71.3866181,51.1684091]]]},"properties":{"OBJECTID":3344,"kind":"park","name":"Озеленение","source":"Astana municipal open geoportal","source_url":"https://gis.esaulet.kz/server/rest/services/Sloi_geoportala_otkrytiy_kontur_0702/MapServer/26","sourceId":"astana-municipal-green"}},{"type":"Feature","id":"municipal-green-3350","geometry":{"type":"Polygon","coordinates":[[[71.3792352,51.1691227],[71.3791461,51.1691329],[71.3791357,51.169105],[71.379227,51.1690948],[71.3792352,51.1691227]]]},"properties":{"OBJECTID":3350,"kind":"park","name":"Озеленение","source":"Astana municipal open geoportal","source_url":"https://gis.esaulet.kz/server/rest/services/Sloi_geoportala_otkrytiy_kontur_0702/MapServer/26","sourceId":"astana-municipal-green"}},{"type":"Feature","id":"municipal-green-3351","geometry":{"type":"Polygon","coordinates":[[[71.3796226,51.169514],[71.3795574,51.1695225],[71.3794307,51.1691001],[71.3793063,51.1691144],[71.3792425,51.169093],[71.3794699,51.1690662],[71.379495,51.1690856],[71.3796226,51.169514]]]},"properties":{"OBJECTID":3351,"kind":"park","name":"Озеленение","source":"Astana municipal open geoportal","source_url":"https://gis.esaulet.kz/server/rest/services/Sloi_geoportala_otkrytiy_kontur_0702/MapServer/26","sourceId":"astana-municipal-green"}},{"type":"Feature","id":"municipal-green-3352","geometry":{"type":"Polygon","coordinates":[[[71.3802233,51.169582],[71.3800386,51.1696035],[71.3799408,51.1692697],[71.3802233,51.169582]]]},"properties":{"OBJECTID":3352,"kind":"park","name":"Озеленение","source":"Astana municipal open geoportal","source_url":"https://gis.esaulet.kz/server/rest/services/Sloi_geoportala_otkrytiy_kontur_0702/MapServer/26","sourceId":"astana-municipal-green"}},{"type":"Feature","id":"municipal-green-3353","geometry":{"type":"Polygon","coordinates":[[[71.3796595,51.1693616],[71.3797012,51.1693567],[71.3797081,51.1693828],[71.3796673,51.1693876],[71.3796595,51.1693616]]]},"properties":{"OBJECTID":3353,"kind":"park","name":"Озеленение","source":"Astana municipal open geoportal","source_url":"https://gis.esaulet.kz/server/rest/services/Sloi_geoportala_otkrytiy_kontur_0702/MapServer/26","sourceId":"astana-municipal-green"}},{"type":"Feature","id":"municipal-green-3354","geometry":{"type":"Polygon","coordinates":[[[71.3796722,51.1694036],[71.3797135,51.1693988],[71.3797211,51.1694251],[71.3796801,51.1694298],[71.3796722,51.1694036]]]},"properties":{"OBJECTID":3354,"kind":"park","name":"Озеленение","source":"Astana municipal open geoportal","source_url":"https://gis.esaulet.kz/server/rest/services/Sloi_geoportala_otkrytiy_kontur_0702/MapServer/26","sourceId":"astana-municipal-green"}},{"type":"Feature","id":"municipal-green-3355","geometry":{"type":"Polygon","coordinates":[[[71.379685,51.1694462],[71.3797262,51.1694413],[71.3797336,51.1694671],[71.3796928,51.1694719],[71.379685,51.1694462]]]},"properties":{"OBJECTID":3355,"kind":"park","name":"Озеленение","source":"Astana municipal open geoportal","source_url":"https://gis.esaulet.kz/server/rest/services/Sloi_geoportala_otkrytiy_kontur_0702/MapServer/26","sourceId":"astana-municipal-green"}},{"type":"Feature","id":"municipal-green-3356","geometry":{"type":"Polygon","coordinates":[[[71.4056821,51.1477834],[71.4057171,51.1477962],[71.4057168,51.1478186],[71.4056419,51.1478161],[71.4056821,51.1477834]]]},"properties":{"OBJECTID":3356,"kind":"park","name":"Озеленение","source":"Astana municipal open geoportal","source_url":"https://gis.esaulet.kz/server/rest/services/Sloi_geoportala_otkrytiy_kontur_0702/MapServer/26","sourceId":"astana-municipal-green"}},{"type":"Feature","id":"municipal-green-3357","geometry":{"type":"Polygon","coordinates":[[[71.4058275,51.1478689],[71.4056913,51.1478572],[71.4057249,51.1478188],[71.4058374,51.1478291],[71.4058275,51.1478689]]]},"properties":{"OBJECTID":3357,"kind":"park","name":"Озеленение","source":"Astana municipal open geoportal","source_url":"https://gis.esaulet.kz/server/rest/services/Sloi_geoportala_otkrytiy_kontur_0702/MapServer/26","sourceId":"astana-municipal-green"}},{"type":"Feature","id":"municipal-green-3358","geometry":{"type":"Polygon","coordinates":[[[71.4057232,51.1478075],[71.4057285,51.1477876],[71.4056351,51.1477778],[71.4056522,51.1477132],[71.4058608,51.1477365],[71.40584,51.1478197],[71.4057232,51.1478075]]]},"properties":{"OBJECTID":3358,"kind":"park","name":"Озеленение","source":"Astana municipal open geoportal","source_url":"https://gis.esaulet.kz/server/rest/services/Sloi_geoportala_otkrytiy_kontur_0702/MapServer/26","sourceId":"astana-municipal-green"}},{"type":"Feature","id":"municipal-green-3359","geometry":{"type":"Polygon","coordinates":[[[71.4056808,51.1480707],[71.4056711,51.1480507],[71.4057743,51.1480604],[71.4056808,51.1480707]]]},"properties":{"OBJECTID":3359,"kind":"park","name":"Озеленение","source":"Astana municipal open geoportal","source_url":"https://gis.esaulet.kz/server/rest/services/Sloi_geoportala_otkrytiy_kontur_0702/MapServer/26","sourceId":"astana-municipal-green"}},{"type":"Feature","id":"municipal-green-3360","geometry":{"type":"Polygon","coordinates":[[[71.4056497,51.1480681],[71.4056375,51.148113],[71.4055925,51.1481081],[71.4056047,51.1480632],[71.4056497,51.1480681]]]},"properties":{"OBJECTID":3360,"kind":"park","name":"Озеленение","source":"Astana municipal open geoportal","source_url":"https://gis.esaulet.kz/server/rest/services/Sloi_geoportala_otkrytiy_kontur_0702/MapServer/26","sourceId":"astana-municipal-green"}},{"type":"Feature","id":"municipal-green-3361","geometry":{"type":"Polygon","coordinates":[[[71.3861034,51.1683163],[71.3861038,51.1683484],[71.3860598,51.1683485],[71.3860595,51.1685483],[71.3859969,51.1685484],[71.3860024,51.1683157],[71.3861034,51.1683163]]]},"properties":{"OBJECTID":3361,"kind":"park","name":"Озеленение","source":"Astana municipal open geoportal","source_url":"https://gis.esaulet.kz/server/rest/services/Sloi_geoportala_otkrytiy_kontur_0702/MapServer/26","sourceId":"astana-municipal-green"}},{"type":"Feature","id":"municipal-green-3363","geometry":{"type":"Polygon","coordinates":[[[71.4781016,51.1259312],[71.4780711,51.125855],[71.4781453,51.1258438],[71.4781744,51.1259191],[71.4781016,51.1259312]]]},"properties":{"OBJECTID":3363,"kind":"park","name":"Озеленение","source":"Astana municipal open geoportal","source_url":"https://gis.esaulet.kz/server/rest/services/Sloi_geoportala_otkrytiy_kontur_0702/MapServer/26","sourceId":"astana-municipal-green"}},{"type":"Feature","id":"municipal-green-3366","geometry":{"type":"Polygon","coordinates":[[[71.4741649,51.1446315],[71.4741483,51.1446266],[71.4741889,51.1445748],[71.4742458,51.1445456],[71.4744082,51.1445817],[71.4742813,51.1445504],[71.4742438,51.144597],[71.4741939,51.1445884],[71.4741649,51.1446315]]]},"properties":{"OBJECTID":3366,"kind":"park","name":"Озеленение","source":"Astana municipal open geoportal","source_url":"https://gis.esaulet.kz/server/rest/services/Sloi_geoportala_otkrytiy_kontur_0702/MapServer/26","sourceId":"astana-municipal-green"}},{"type":"Feature","id":"municipal-green-3367","geometry":{"type":"Polygon","coordinates":[[[71.474302,51.1447395],[71.4742801,51.1447723],[71.4741672,51.1447418],[71.4741901,51.1447083],[71.474302,51.1447395]]]},"properties":{"OBJECTID":3367,"kind":"park","name":"Озеленение","source":"Astana municipal open geoportal","source_url":"https://gis.esaulet.kz/server/rest/services/Sloi_geoportala_otkrytiy_kontur_0702/MapServer/26","sourceId":"astana-municipal-green"}},{"type":"Feature","id":"municipal-green-3368","geometry":{"type":"Polygon","coordinates":[[[71.4740744,51.1446757],[71.4741131,51.1446875],[71.4740899,51.1447209],[71.4739846,51.1446925],[71.4742102,51.144394],[71.4745822,51.1445069],[71.4747189,51.1443019],[71.4745493,51.1442558],[71.4745278,51.1442867],[71.4744981,51.1442215],[71.4744247,51.1442011],[71.4743395,51.1443203],[71.474384,51.1443761],[71.4742459,51.1443467],[71.4743892,51.1441581],[71.4748298,51.1442767],[71.4745628,51.144633],[71.4744793,51.1446115],[71.4745259,51.14454],[71.4742336,51.1444523],[71.4740744,51.1446757]]]},"properties":{"OBJECTID":3368,"kind":"park","name":"Озеленение","source":"Astana municipal open geoportal","source_url":"https://gis.esaulet.kz/server/rest/services/Sloi_geoportala_otkrytiy_kontur_0702/MapServer/26","sourceId":"astana-municipal-green"}},{"type":"Feature","id":"municipal-green-3369","geometry":{"type":"Polygon","coordinates":[[[71.3912834,51.1590513],[71.3913633,51.1590827],[71.3912872,51.1591611],[71.3912599,51.1592702],[71.3912255,51.1593075],[71.3910266,51.1592323],[71.3912436,51.1590362],[71.3912834,51.1590513]]]},"properties":{"OBJECTID":3369,"kind":"park","name":"Озеленение","source":"Astana municipal open geoportal","source_url":"https://gis.esaulet.kz/server/rest/services/Sloi_geoportala_otkrytiy_kontur_0702/MapServer/26","sourceId":"astana-municipal-green"}},{"type":"Feature","id":"municipal-green-3370","geometry":{"type":"Polygon","coordinates":[[[71.4289,51.1329417],[71.4289674,51.1329496],[71.4288991,51.1330079],[71.4289155,51.1329757],[71.4289,51.1329417]]]},"properties":{"OBJECTID":3370,"kind":"park","name":"Озеленение","source":"Astana municipal open geoportal","source_url":"https://gis.esaulet.kz/server/rest/services/Sloi_geoportala_otkrytiy_kontur_0702/MapServer/26","sourceId":"astana-municipal-green"}},{"type":"Feature","id":"municipal-green-3372","geometry":{"type":"Polygon","coordinates":[[[71.4156912,51.1700305],[71.4156973,51.1700121],[71.4157422,51.1700181],[71.4156912,51.1700305]]]},"properties":{"OBJECTID":3372,"kind":"park","name":"Озеленение","source":"Astana municipal open geoportal","source_url":"https://gis.esaulet.kz/server/rest/services/Sloi_geoportala_otkrytiy_kontur_0702/MapServer/26","sourceId":"astana-municipal-green"}},{"type":"Feature","id":"municipal-green-3374","geometry":{"type":"Polygon","coordinates":[[[71.4847221,51.1411114],[71.484694,51.1411502],[71.4846744,51.1411446],[71.4847024,51.1411049],[71.4847221,51.1411114]]]},"properties":{"OBJECTID":3374,"kind":"park","name":"Озеленение","source":"Astana municipal open geoportal","source_url":"https://gis.esaulet.kz/server/rest/services/Sloi_geoportala_otkrytiy_kontur_0702/MapServer/26","sourceId":"astana-municipal-green"}},{"type":"Feature","id":"municipal-green-3376","geometry":{"type":"Polygon","coordinates":[[[71.4721548,51.1197048],[71.471994,51.1197305],[71.4719546,51.1196279],[71.4721114,51.1196039],[71.4721548,51.1197048]]]},"properties":{"OBJECTID":3376,"kind":"park","name":"Озеленение","source":"Astana municipal open geoportal","source_url":"https://gis.esaulet.kz/server/rest/services/Sloi_geoportala_otkrytiy_kontur_0702/MapServer/26","sourceId":"astana-municipal-green"}},{"type":"Feature","id":"municipal-green-3378","geometry":{"type":"Polygon","coordinates":[[[71.4601156,51.1617365],[71.4601089,51.1617385],[71.4600992,51.1617259],[71.4601156,51.1617365]]]},"properties":{"OBJECTID":3378,"kind":"park","name":"Озеленение","source":"Astana municipal open geoportal","source_url":"https://gis.esaulet.kz/server/rest/services/Sloi_geoportala_otkrytiy_kontur_0702/MapServer/26","sourceId":"astana-municipal-green"}},{"type":"Feature","id":"municipal-green-3380","geometry":{"type":"Polygon","coordinates":[[[71.4445577,51.142421],[71.4446685,51.1424218],[71.4446907,51.1421818],[71.4447738,51.1421512],[71.4447437,51.1424565],[71.4441908,51.142451],[71.4441915,51.1424],[71.4442407,51.1424002],[71.4442441,51.1424203],[71.4445577,51.142421]]]},"properties":{"OBJECTID":3380,"kind":"park","name":"Озеленение","source":"Astana municipal open geoportal","source_url":"https://gis.esaulet.kz/server/rest/services/Sloi_geoportala_otkrytiy_kontur_0702/MapServer/26","sourceId":"astana-municipal-green"}},{"type":"Feature","id":"municipal-green-3381","geometry":{"type":"Polygon","coordinates":[[[71.4395995,51.1529542],[71.4395568,51.1529534],[71.4395732,51.1526834],[71.4392028,51.1526816],[71.4392068,51.1526118],[71.4395792,51.1526206],[71.4396034,51.152643],[71.4395995,51.1529542]]]},"properties":{"OBJECTID":3381,"kind":"park","name":"Озеленение","source":"Astana municipal open geoportal","source_url":"https://gis.esaulet.kz/server/rest/services/Sloi_geoportala_otkrytiy_kontur_0702/MapServer/26","sourceId":"astana-municipal-green"}},{"type":"Feature","id":"municipal-green-3382","geometry":{"type":"Polygon","coordinates":[[[71.4339355,51.1598399],[71.4339316,51.1598579],[71.4338662,51.1598519],[71.4339415,51.1596069],[71.4338846,51.1598356],[71.4339355,51.1598399]]]},"properties":{"OBJECTID":3382,"kind":"park","name":"Озеленение","source":"Astana municipal open geoportal","source_url":"https://gis.esaulet.kz/server/rest/services/Sloi_geoportala_otkrytiy_kontur_0702/MapServer/26","sourceId":"astana-municipal-green"}},{"type":"Feature","id":"municipal-green-3383","geometry":{"type":"Polygon","coordinates":[[[71.4334193,51.1595533],[71.433372,51.1595347],[71.4345864,51.1596324],[71.4344785,51.1601538],[71.4344039,51.1601281],[71.434426,51.1600306],[71.4344851,51.1599996],[71.4345054,51.1599195],[71.434339,51.1598964],[71.4343441,51.1598766],[71.4345105,51.1598915],[71.4345344,51.1597795],[71.4343602,51.1597637],[71.4343656,51.1597392],[71.4345397,51.1597545],[71.4345629,51.159655],[71.4339225,51.1595933],[71.4338488,51.1598503],[71.4336809,51.159835],[71.433685,51.1598172],[71.4338393,51.1598311],[71.4338659,51.1597205],[71.4336893,51.1597038],[71.4336965,51.159678],[71.4338747,51.1596955],[71.4339003,51.1595927],[71.4336927,51.1595758],[71.4336733,51.159657],[71.4336296,51.1596529],[71.433649,51.1595717],[71.4334193,51.1595533]]]},"properties":{"OBJECTID":3383,"kind":"park","name":"Озеленение","source":"Astana municipal open geoportal","source_url":"https://gis.esaulet.kz/server/rest/services/Sloi_geoportala_otkrytiy_kontur_0702/MapServer/26","sourceId":"astana-municipal-green"}},{"type":"Feature","id":"municipal-green-3384","geometry":{"type":"Polygon","coordinates":[[[71.4388042,51.1166144],[71.4387569,51.1164903],[71.438777,51.116487],[71.4388101,51.1165719],[71.4390065,51.1165433],[71.4390147,51.1165654],[71.4390013,51.1165842],[71.4388042,51.1166144]]]},"properties":{"OBJECTID":3384,"kind":"park","name":"Озеленение","source":"Astana municipal open geoportal","source_url":"https://gis.esaulet.kz/server/rest/services/Sloi_geoportala_otkrytiy_kontur_0702/MapServer/26","sourceId":"astana-municipal-green"}},{"type":"Feature","id":"municipal-green-3385","geometry":{"type":"Polygon","coordinates":[[[71.4395032,51.1166101],[71.4393618,51.1166301],[71.4394609,51.1165952],[71.4395032,51.1166101]]]},"properties":{"OBJECTID":3385,"kind":"park","name":"Озеленение","source":"Astana municipal open geoportal","source_url":"https://gis.esaulet.kz/server/rest/services/Sloi_geoportala_otkrytiy_kontur_0702/MapServer/26","sourceId":"astana-municipal-green"}},{"type":"Feature","id":"municipal-green-3386","geometry":{"type":"Polygon","coordinates":[[[71.4387461,51.1166224],[71.4386581,51.1166351],[71.438652,51.1166187],[71.4387403,51.1166059],[71.4387461,51.1166224]]]},"properties":{"OBJECTID":3386,"kind":"park","name":"Озеленение","source":"Astana municipal open geoportal","source_url":"https://gis.esaulet.kz/server/rest/services/Sloi_geoportala_otkrytiy_kontur_0702/MapServer/26","sourceId":"astana-municipal-green"}},{"type":"Feature","id":"municipal-green-3387","geometry":{"type":"Polygon","coordinates":[[[71.4386283,51.1166396],[71.4386001,51.1166438],[71.4385769,51.1166091],[71.4386108,51.116588],[71.4386283,51.1166396]]]},"properties":{"OBJECTID":3387,"kind":"park","name":"Озеленение","source":"Astana municipal open geoportal","source_url":"https://gis.esaulet.kz/server/rest/services/Sloi_geoportala_otkrytiy_kontur_0702/MapServer/26","sourceId":"astana-municipal-green"}},{"type":"Feature","id":"municipal-green-3388","geometry":{"type":"Polygon","coordinates":[[[71.4392694,51.1166441],[71.4391281,51.1166644],[71.4392271,51.1166292],[71.4392694,51.1166441]]]},"properties":{"OBJECTID":3388,"kind":"park","name":"Озеленение","source":"Astana municipal open geoportal","source_url":"https://gis.esaulet.kz/server/rest/services/Sloi_geoportala_otkrytiy_kontur_0702/MapServer/26","sourceId":"astana-municipal-green"}},{"type":"Feature","id":"municipal-green-3389","geometry":{"type":"Polygon","coordinates":[[[71.439027,51.1166739],[71.4387417,51.1167167],[71.4387593,51.1166955],[71.4389898,51.1166609],[71.439027,51.1166739]]]},"properties":{"OBJECTID":3389,"kind":"park","name":"Озеленение","source":"Astana municipal open geoportal","source_url":"https://gis.esaulet.kz/server/rest/services/Sloi_geoportala_otkrytiy_kontur_0702/MapServer/26","sourceId":"astana-municipal-green"}},{"type":"Feature","id":"municipal-green-3395","geometry":{"type":"Polygon","coordinates":[[[71.470129,51.1481601],[71.4700722,51.1482088],[71.4699875,51.1481838],[71.470027,51.1481307],[71.470129,51.1481601]]]},"properties":{"OBJECTID":3395,"kind":"park","name":"Озеленение","source":"Astana municipal open geoportal","source_url":"https://gis.esaulet.kz/server/rest/services/Sloi_geoportala_otkrytiy_kontur_0702/MapServer/26","sourceId":"astana-municipal-green"}},{"type":"Feature","id":"municipal-green-3401","geometry":{"type":"Polygon","coordinates":[[[71.439994,51.1168102],[71.4398469,51.1168221],[71.4399894,51.1167971],[71.439994,51.1168102]]]},"properties":{"OBJECTID":3401,"kind":"park","name":"Озеленение","source":"Astana municipal open geoportal","source_url":"https://gis.esaulet.kz/server/rest/services/Sloi_geoportala_otkrytiy_kontur_0702/MapServer/26","sourceId":"astana-municipal-green"}},{"type":"Feature","id":"municipal-green-3402","geometry":{"type":"Polygon","coordinates":[[[71.4051732,51.0857723],[71.4049165,51.0857864],[71.4056625,51.0856798],[71.4056679,51.0856953],[71.4056596,51.0857315],[71.4055997,51.085767],[71.4053907,51.0857909],[71.4051732,51.0857723]]]},"properties":{"OBJECTID":3402,"kind":"park","name":"Озеленение","source":"Astana municipal open geoportal","source_url":"https://gis.esaulet.kz/server/rest/services/Sloi_geoportala_otkrytiy_kontur_0702/MapServer/26","sourceId":"astana-municipal-green"}},{"type":"Feature","id":"municipal-green-3403","geometry":{"type":"Polygon","coordinates":[[[71.4038536,51.0859381],[71.4034947,51.0860597],[71.4033393,51.0860877],[71.4030351,51.0860744],[71.4030281,51.0860544],[71.4038536,51.0859381]]]},"properties":{"OBJECTID":3403,"kind":"park","name":"Озеленение","source":"Astana municipal open geoportal","source_url":"https://gis.esaulet.kz/server/rest/services/Sloi_geoportala_otkrytiy_kontur_0702/MapServer/26","sourceId":"astana-municipal-green"}},{"type":"Feature","id":"municipal-green-3404","geometry":{"type":"Polygon","coordinates":[[[71.4067385,51.0856021],[71.405902,51.0857211],[71.4058263,51.0857068],[71.4057891,51.0856622],[71.4067073,51.0855314],[71.4067385,51.0856021]]]},"properties":{"OBJECTID":3404,"kind":"park","name":"Озеленение","source":"Astana municipal open geoportal","source_url":"https://gis.esaulet.kz/server/rest/services/Sloi_geoportala_otkrytiy_kontur_0702/MapServer/26","sourceId":"astana-municipal-green"}},{"type":"Feature","id":"municipal-green-3405","geometry":{"type":"Polygon","coordinates":[[[71.4158922,51.0843027],[71.4148253,51.0844544],[71.4147977,51.084381],[71.4158658,51.0842291],[71.4158922,51.0843027]]]},"properties":{"OBJECTID":3405,"kind":"park","name":"Озеленение","source":"Astana municipal open geoportal","source_url":"https://gis.esaulet.kz/server/rest/services/Sloi_geoportala_otkrytiy_kontur_0702/MapServer/26","sourceId":"astana-municipal-green"}},{"type":"Feature","id":"municipal-green-3406","geometry":{"type":"Polygon","coordinates":[[[71.4296228,51.1157369],[71.4295064,51.115766],[71.429497,51.1157548],[71.4296228,51.1157369]]]},"properties":{"OBJECTID":3406,"kind":"park","name":"Озеленение","source":"Astana municipal open geoportal","source_url":"https://gis.esaulet.kz/server/rest/services/Sloi_geoportala_otkrytiy_kontur_0702/MapServer/26","sourceId":"astana-municipal-green"}},{"type":"Feature","id":"municipal-green-3407","geometry":{"type":"Polygon","coordinates":[[[71.4293482,51.1157772],[71.4292261,51.1157943],[71.4293383,51.1157651],[71.4293482,51.1157772]]]},"properties":{"OBJECTID":3407,"kind":"park","name":"Озеленение","source":"Astana municipal open geoportal","source_url":"https://gis.esaulet.kz/server/rest/services/Sloi_geoportala_otkrytiy_kontur_0702/MapServer/26","sourceId":"astana-municipal-green"}},{"type":"Feature","id":"municipal-green-3408","geometry":{"type":"Polygon","coordinates":[[[71.4290719,51.1158148],[71.4289514,51.1158325],[71.4289527,51.1158195],[71.4290719,51.1158148]]]},"properties":{"OBJECTID":3408,"kind":"park","name":"Озеленение","source":"Astana municipal open geoportal","source_url":"https://gis.esaulet.kz/server/rest/services/Sloi_geoportala_otkrytiy_kontur_0702/MapServer/26","sourceId":"astana-municipal-green"}},{"type":"Feature","id":"municipal-green-3410","geometry":{"type":"Polygon","coordinates":[[[71.4387816,51.1162178],[71.4387333,51.1162467],[71.4386744,51.1162284],[71.4387816,51.1162178]]]},"properties":{"OBJECTID":3410,"kind":"park","name":"Озеленение","source":"Astana municipal open geoportal","source_url":"https://gis.esaulet.kz/server/rest/services/Sloi_geoportala_otkrytiy_kontur_0702/MapServer/26","sourceId":"astana-municipal-green"}},{"type":"Feature","id":"municipal-green-3411","geometry":{"type":"Polygon","coordinates":[[[71.4381608,51.1170745],[71.4379597,51.1171035],[71.4379553,51.1170903],[71.4381608,51.1170745]]]},"properties":{"OBJECTID":3411,"kind":"park","name":"Озеленение","source":"Astana municipal open geoportal","source_url":"https://gis.esaulet.kz/server/rest/services/Sloi_geoportala_otkrytiy_kontur_0702/MapServer/26","sourceId":"astana-municipal-green"}},{"type":"Feature","id":"municipal-green-3412","geometry":{"type":"Polygon","coordinates":[[[71.4388481,51.1169754],[71.4387367,51.1169915],[71.4387319,51.1169783],[71.4388481,51.1169754]]]},"properties":{"OBJECTID":3412,"kind":"park","name":"Озеленение","source":"Astana municipal open geoportal","source_url":"https://gis.esaulet.kz/server/rest/services/Sloi_geoportala_otkrytiy_kontur_0702/MapServer/26","sourceId":"astana-municipal-green"}},{"type":"Feature","id":"municipal-green-3413","geometry":{"type":"Polygon","coordinates":[[[71.4289347,51.1158345],[71.4288181,51.1158507],[71.4289234,51.1158235],[71.4289347,51.1158345]]]},"properties":{"OBJECTID":3413,"kind":"park","name":"Озеленение","source":"Astana municipal open geoportal","source_url":"https://gis.esaulet.kz/server/rest/services/Sloi_geoportala_otkrytiy_kontur_0702/MapServer/26","sourceId":"astana-municipal-green"}},{"type":"Feature","id":"municipal-green-3414","geometry":{"type":"Polygon","coordinates":[[[71.4566215,51.1192651],[71.4566797,51.119414],[71.4566511,51.1194185],[71.4565887,51.1192621],[71.4564543,51.1192834],[71.4564444,51.1192586],[71.4565725,51.11924],[71.4566215,51.1192651]]]},"properties":{"OBJECTID":3414,"kind":"park","name":"Озеленение","source":"Astana municipal open geoportal","source_url":"https://gis.esaulet.kz/server/rest/services/Sloi_geoportala_otkrytiy_kontur_0702/MapServer/26","sourceId":"astana-municipal-green"}},{"type":"Feature","id":"municipal-green-3415","geometry":{"type":"Polygon","coordinates":[[[71.4553089,51.1194508],[71.4552951,51.1194274],[71.4555685,51.119384],[71.4555781,51.1194083],[71.4553089,51.1194508]]]},"properties":{"OBJECTID":3415,"kind":"park","name":"Озеленение","source":"Astana municipal open geoportal","source_url":"https://gis.esaulet.kz/server/rest/services/Sloi_geoportala_otkrytiy_kontur_0702/MapServer/26","sourceId":"astana-municipal-green"}},{"type":"Feature","id":"municipal-green-3416","geometry":{"type":"Polygon","coordinates":[[[71.4671694,51.1643763],[71.4671696,51.1644013],[71.4670317,51.1644086],[71.4670115,51.1643736],[71.4671694,51.1643763]]]},"properties":{"OBJECTID":3416,"kind":"park","name":"Озеленение","source":"Astana municipal open geoportal","source_url":"https://gis.esaulet.kz/server/rest/services/Sloi_geoportala_otkrytiy_kontur_0702/MapServer/26","sourceId":"astana-municipal-green"}},{"type":"Feature","id":"municipal-green-3418","geometry":{"type":"Polygon","coordinates":[[[71.4109551,51.149143],[71.4109513,51.1491523],[71.4108397,51.1491352],[71.4109551,51.149143]]]},"properties":{"OBJECTID":3418,"kind":"park","name":"Озеленение","source":"Astana municipal open geoportal","source_url":"https://gis.esaulet.kz/server/rest/services/Sloi_geoportala_otkrytiy_kontur_0702/MapServer/26","sourceId":"astana-municipal-green"}},{"type":"Feature","id":"municipal-green-3419","geometry":{"type":"Polygon","coordinates":[[[71.4110553,51.1491583],[71.4109757,51.1491571],[71.4109797,51.1491468],[71.4110553,51.1491583]]]},"properties":{"OBJECTID":3419,"kind":"park","name":"Озеленение","source":"Astana municipal open geoportal","source_url":"https://gis.esaulet.kz/server/rest/services/Sloi_geoportala_otkrytiy_kontur_0702/MapServer/26","sourceId":"astana-municipal-green"}},{"type":"Feature","id":"municipal-green-3420","geometry":{"type":"Polygon","coordinates":[[[71.4104152,51.1490551],[71.4106173,51.1490886],[71.4102457,51.1490269],[71.4104152,51.1490551]]]},"properties":{"OBJECTID":3420,"kind":"park","name":"Озеленение","source":"Astana municipal open geoportal","source_url":"https://gis.esaulet.kz/server/rest/services/Sloi_geoportala_otkrytiy_kontur_0702/MapServer/26","sourceId":"astana-municipal-green"}},{"type":"Feature","id":"municipal-green-3421","geometry":{"type":"Polygon","coordinates":[[[71.4101749,51.1490161],[71.4101538,51.149024],[71.41005,51.1490067],[71.4101749,51.1490161]]]},"properties":{"OBJECTID":3421,"kind":"park","name":"Озеленение","source":"Astana municipal open geoportal","source_url":"https://gis.esaulet.kz/server/rest/services/Sloi_geoportala_otkrytiy_kontur_0702/MapServer/26","sourceId":"astana-municipal-green"}},{"type":"Feature","id":"municipal-green-3422","geometry":{"type":"Polygon","coordinates":[[[71.4089451,51.1488988],[71.4087189,51.1488753],[71.4087222,51.1488639],[71.4089451,51.1488988]]]},"properties":{"OBJECTID":3422,"kind":"park","name":"Озеленение","source":"Astana municipal open geoportal","source_url":"https://gis.esaulet.kz/server/rest/services/Sloi_geoportala_otkrytiy_kontur_0702/MapServer/26","sourceId":"astana-municipal-green"}},{"type":"Feature","id":"municipal-green-3423","geometry":{"type":"Polygon","coordinates":[[[71.422422,51.1313012],[71.4223801,51.1313051],[71.4223043,51.1311181],[71.4223465,51.1311101],[71.422422,51.1313012]]]},"properties":{"OBJECTID":3423,"kind":"park","name":"Озеленение","source":"Astana municipal open geoportal","source_url":"https://gis.esaulet.kz/server/rest/services/Sloi_geoportala_otkrytiy_kontur_0702/MapServer/26","sourceId":"astana-municipal-green"}},{"type":"Feature","id":"municipal-green-3424","geometry":{"type":"Polygon","coordinates":[[[71.4226382,51.1315389],[71.4225735,51.1315604],[71.4225602,51.1315248],[71.423352,51.1314023],[71.4233033,51.131447],[71.4226382,51.1315389]]]},"properties":{"OBJECTID":3424,"kind":"park","name":"Озеленение","source":"Astana municipal open geoportal","source_url":"https://gis.esaulet.kz/server/rest/services/Sloi_geoportala_otkrytiy_kontur_0702/MapServer/26","sourceId":"astana-municipal-green"}},{"type":"Feature","id":"municipal-green-3427","geometry":{"type":"Polygon","coordinates":[[[71.4818162,51.1397164],[71.4818222,51.1396948],[71.4819036,51.1397184],[71.4818642,51.1397721],[71.481791,51.1397524],[71.4818686,51.1397317],[71.4818162,51.1397164]]]},"properties":{"OBJECTID":3427,"kind":"park","name":"Озеленение","source":"Astana municipal open geoportal","source_url":"https://gis.esaulet.kz/server/rest/services/Sloi_geoportala_otkrytiy_kontur_0702/MapServer/26","sourceId":"astana-municipal-green"}},{"type":"Feature","id":"municipal-green-3428","geometry":{"type":"Polygon","coordinates":[[[71.4147089,51.121974],[71.4145238,51.1220042],[71.4144868,51.121905],[71.4146993,51.1218734],[71.4147166,51.1219198],[71.4146886,51.1219195],[71.4147089,51.121974]]]},"properties":{"OBJECTID":3428,"kind":"park","name":"Озеленение","source":"Astana municipal open geoportal","source_url":"https://gis.esaulet.kz/server/rest/services/Sloi_geoportala_otkrytiy_kontur_0702/MapServer/26","sourceId":"astana-municipal-green"}},{"type":"Feature","id":"municipal-green-3430","geometry":{"type":"Polygon","coordinates":[[[71.4819793,51.140293],[71.4820034,51.1402566],[71.4820622,51.1402726],[71.4820392,51.1403049],[71.4819793,51.140293]]]},"properties":{"OBJECTID":3430,"kind":"park","name":"Озеленение","source":"Astana municipal open geoportal","source_url":"https://gis.esaulet.kz/server/rest/services/Sloi_geoportala_otkrytiy_kontur_0702/MapServer/26","sourceId":"astana-municipal-green"}},{"type":"Feature","id":"municipal-green-3432","geometry":{"type":"Polygon","coordinates":[[[71.4319508,51.1165748],[71.4318622,51.1165882],[71.4318578,51.116541],[71.4319339,51.1165303],[71.4319508,51.1165748]]]},"properties":{"OBJECTID":3432,"kind":"park","name":"Озеленение","source":"Astana municipal open geoportal","source_url":"https://gis.esaulet.kz/server/rest/services/Sloi_geoportala_otkrytiy_kontur_0702/MapServer/26","sourceId":"astana-municipal-green"}},{"type":"Feature","id":"municipal-green-3435","geometry":{"type":"Polygon","coordinates":[[[71.4689296,51.1432362],[71.4691156,51.1433022],[71.4690463,51.1433248],[71.4688008,51.1432324],[71.468824,51.1432051],[71.4689296,51.1432362]]]},"properties":{"OBJECTID":3435,"kind":"park","name":"Озеленение","source":"Astana municipal open geoportal","source_url":"https://gis.esaulet.kz/server/rest/services/Sloi_geoportala_otkrytiy_kontur_0702/MapServer/26","sourceId":"astana-municipal-green"}},{"type":"Feature","id":"municipal-green-3436","geometry":{"type":"Polygon","coordinates":[[[71.4590561,51.1351449],[71.459021,51.1351343],[71.4590743,51.1350619],[71.459172,51.1350096],[71.4592413,51.1349987],[71.459437,51.1350561],[71.4593975,51.1351114],[71.4593106,51.1350857],[71.4593337,51.1350547],[71.4592617,51.1350335],[71.4592133,51.1350987],[71.4591473,51.1350789],[71.459128,51.1351169],[71.459085,51.1351046],[71.4590561,51.1351449]]]},"properties":{"OBJECTID":3436,"kind":"park","name":"Озеленение","source":"Astana municipal open geoportal","source_url":"https://gis.esaulet.kz/server/rest/services/Sloi_geoportala_otkrytiy_kontur_0702/MapServer/26","sourceId":"astana-municipal-green"}},{"type":"Feature","id":"municipal-green-3437","geometry":{"type":"Polygon","coordinates":[[[71.4897997,51.1612864],[71.4889396,51.1616498],[71.4888771,51.1615871],[71.4888172,51.1616073],[71.4887641,51.1615513],[71.488804,51.1615365],[71.4886949,51.1614204],[71.4887311,51.161407],[71.4886771,51.1613538],[71.4887156,51.1613381],[71.4885368,51.161159],[71.4884463,51.1611215],[71.4881209,51.1607697],[71.4881481,51.1607266],[71.4882032,51.1607416],[71.4890084,51.1615816],[71.4892927,51.1614613],[71.4892697,51.1614365],[71.4902532,51.1610648],[71.4902742,51.1610867],[71.4897997,51.1612864]]]},"properties":{"OBJECTID":3437,"kind":"park","name":"Озеленение","source":"Astana municipal open geoportal","source_url":"https://gis.esaulet.kz/server/rest/services/Sloi_geoportala_otkrytiy_kontur_0702/MapServer/26","sourceId":"astana-municipal-green"}},{"type":"Feature","id":"municipal-green-3438","geometry":{"type":"Polygon","coordinates":[[[71.439135,51.1058919],[71.4391697,51.1059163],[71.4390297,51.1059967],[71.4389675,51.1059516],[71.4389053,51.1059856],[71.4388517,51.1059337],[71.4388684,51.1058998],[71.4390208,51.1058116],[71.4391111,51.105875],[71.4390707,51.1058934],[71.4390211,51.1058574],[71.4389327,51.1059057],[71.4390347,51.1059797],[71.4391231,51.1059314],[71.4391006,51.1059151],[71.439135,51.1058919]]]},"properties":{"OBJECTID":3438,"kind":"park","name":"Озеленение","source":"Astana municipal open geoportal","source_url":"https://gis.esaulet.kz/server/rest/services/Sloi_geoportala_otkrytiy_kontur_0702/MapServer/26","sourceId":"astana-municipal-green"}},{"type":"Feature","id":"municipal-green-3444","geometry":{"type":"Polygon","coordinates":[[[71.4342769,51.1446354],[71.4341504,51.1445888],[71.4342186,51.1445156],[71.4343252,51.1445548],[71.434425,51.1444558],[71.4344011,51.1444281],[71.4345001,51.1443214],[71.4342304,51.144222],[71.4343468,51.1441019],[71.4346254,51.1441974],[71.4346984,51.1441232],[71.4344756,51.1440219],[71.434767,51.144103],[71.4342769,51.1446354]],[[71.4347,51.1441625],[71.4346588,51.1441742],[71.4346809,51.1441826],[71.4347,51.1441625]]]},"properties":{"OBJECTID":3444,"kind":"park","name":"Озеленение","source":"Astana municipal open geoportal","source_url":"https://gis.esaulet.kz/server/rest/services/Sloi_geoportala_otkrytiy_kontur_0702/MapServer/26","sourceId":"astana-municipal-green"}},{"type":"Feature","id":"municipal-green-3448","geometry":{"type":"Polygon","coordinates":[[[71.3954225,51.141255],[71.3953926,51.1412871],[71.3953428,51.1412687],[71.3953727,51.1412367],[71.3954225,51.141255]]]},"properties":{"OBJECTID":3448,"kind":"park","name":"Озеленение","source":"Astana municipal open geoportal","source_url":"https://gis.esaulet.kz/server/rest/services/Sloi_geoportala_otkrytiy_kontur_0702/MapServer/26","sourceId":"astana-municipal-green"}},{"type":"Feature","id":"municipal-green-3449","geometry":{"type":"Polygon","coordinates":[[[71.4385569,51.1166259],[71.4385686,51.1166432],[71.4385377,51.1166428],[71.4385569,51.1166259]]]},"properties":{"OBJECTID":3449,"kind":"park","name":"Озеленение","source":"Astana municipal open geoportal","source_url":"https://gis.esaulet.kz/server/rest/services/Sloi_geoportala_otkrytiy_kontur_0702/MapServer/26","sourceId":"astana-municipal-green"}},{"type":"Feature","id":"municipal-green-3450","geometry":{"type":"Polygon","coordinates":[[[71.4386703,51.1164202],[71.4386386,51.1164652],[71.438707,51.1165188],[71.4386185,51.116524],[71.4386005,51.1164296],[71.4386609,51.1163951],[71.4386703,51.1164202]]]},"properties":{"OBJECTID":3450,"kind":"park","name":"Озеленение","source":"Astana municipal open geoportal","source_url":"https://gis.esaulet.kz/server/rest/services/Sloi_geoportala_otkrytiy_kontur_0702/MapServer/26","sourceId":"astana-municipal-green"}},{"type":"Feature","id":"municipal-green-3464","geometry":{"type":"Polygon","coordinates":[[[71.4213305,51.1288253],[71.421255,51.1288255],[71.4211901,51.1286625],[71.4212582,51.1286419],[71.4213305,51.1288253]]]},"properties":{"OBJECTID":3464,"kind":"park","name":"Озеленение","source":"Astana municipal open geoportal","source_url":"https://gis.esaulet.kz/server/rest/services/Sloi_geoportala_otkrytiy_kontur_0702/MapServer/26","sourceId":"astana-municipal-green"}},{"type":"Feature","id":"municipal-green-3466","geometry":{"type":"Polygon","coordinates":[[[71.3965329,51.1411129],[71.3964261,51.1412271],[71.3965183,51.1411075],[71.3965329,51.1411129]]]},"properties":{"OBJECTID":3466,"kind":"park","name":"Озеленение","source":"Astana municipal open geoportal","source_url":"https://gis.esaulet.kz/server/rest/services/Sloi_geoportala_otkrytiy_kontur_0702/MapServer/26","sourceId":"astana-municipal-green"}},{"type":"Feature","id":"municipal-green-3467","geometry":{"type":"Polygon","coordinates":[[[71.4202598,51.1679493],[71.4203109,51.167955],[71.420288,51.1680017],[71.420366,51.1680057],[71.4203578,51.168037],[71.4202386,51.1680247],[71.4202598,51.1679493]]]},"properties":{"OBJECTID":3467,"kind":"park","name":"Озеленение","source":"Astana municipal open geoportal","source_url":"https://gis.esaulet.kz/server/rest/services/Sloi_geoportala_otkrytiy_kontur_0702/MapServer/26","sourceId":"astana-municipal-green"}},{"type":"Feature","id":"municipal-green-3469","geometry":{"type":"Polygon","coordinates":[[[71.4205346,51.116108],[71.4205911,51.1161012],[71.4206252,51.1162369],[71.4205881,51.116264],[71.4204593,51.1162815],[71.4205804,51.116251],[71.4205346,51.116108]]]},"properties":{"OBJECTID":3469,"kind":"park","name":"Озеленение","source":"Astana municipal open geoportal","source_url":"https://gis.esaulet.kz/server/rest/services/Sloi_geoportala_otkrytiy_kontur_0702/MapServer/26","sourceId":"astana-municipal-green"}},{"type":"Feature","id":"municipal-green-3470","geometry":{"type":"Polygon","coordinates":[[[71.4184571,51.1618964],[71.4184292,51.1619821],[71.4184062,51.1619791],[71.4185155,51.1616431],[71.4192082,51.1617299],[71.4185341,51.1616592],[71.4184571,51.1618964]]]},"properties":{"OBJECTID":3470,"kind":"park","name":"Озеленение","source":"Astana municipal open geoportal","source_url":"https://gis.esaulet.kz/server/rest/services/Sloi_geoportala_otkrytiy_kontur_0702/MapServer/26","sourceId":"astana-municipal-green"}},{"type":"Feature","id":"municipal-green-3472","geometry":{"type":"Polygon","coordinates":[[[71.4224929,51.1314821],[71.4225269,51.1315675],[71.4224851,51.1315741],[71.4224519,51.1314909],[71.4224929,51.1314821]]]},"properties":{"OBJECTID":3472,"kind":"park","name":"Озеленение","source":"Astana municipal open geoportal","source_url":"https://gis.esaulet.kz/server/rest/services/Sloi_geoportala_otkrytiy_kontur_0702/MapServer/26","sourceId":"astana-municipal-green"}},{"type":"Feature","id":"municipal-green-3473","geometry":{"type":"Polygon","coordinates":[[[71.4224329,51.1315047],[71.4224617,51.1315787],[71.4224397,51.1315821],[71.4224329,51.1315047]]]},"properties":{"OBJECTID":3473,"kind":"park","name":"Озеленение","source":"Astana municipal open geoportal","source_url":"https://gis.esaulet.kz/server/rest/services/Sloi_geoportala_otkrytiy_kontur_0702/MapServer/26","sourceId":"astana-municipal-green"}},{"type":"Feature","id":"municipal-green-3474","geometry":{"type":"Polygon","coordinates":[[[71.422449,51.1315999],[71.4224698,51.1315967],[71.422483,51.1316287],[71.4224617,51.1316322],[71.422449,51.1315999]]]},"properties":{"OBJECTID":3474,"kind":"park","name":"Озеленение","source":"Astana municipal open geoportal","source_url":"https://gis.esaulet.kz/server/rest/services/Sloi_geoportala_otkrytiy_kontur_0702/MapServer/26","sourceId":"astana-municipal-green"}},{"type":"Feature","id":"municipal-green-3475","geometry":{"type":"Polygon","coordinates":[[[71.4225511,51.131617],[71.4225062,51.1316246],[71.4224933,51.1315928],[71.4225379,51.1315865],[71.4225511,51.131617]]]},"properties":{"OBJECTID":3475,"kind":"park","name":"Озеленение","source":"Astana municipal open geoportal","source_url":"https://gis.esaulet.kz/server/rest/services/Sloi_geoportala_otkrytiy_kontur_0702/MapServer/26","sourceId":"astana-municipal-green"}},{"type":"Feature","id":"municipal-green-3476","geometry":{"type":"Polygon","coordinates":[[[71.4455492,51.1695307],[71.4455586,51.1695675],[71.4452972,51.1695378],[71.4453241,51.1694344],[71.4455671,51.1694609],[71.4455837,51.1694768],[71.4455702,51.1695257],[71.4455492,51.1695307]]]},"properties":{"OBJECTID":3476,"kind":"park","name":"Озеленение","source":"Astana municipal open geoportal","source_url":"https://gis.esaulet.kz/server/rest/services/Sloi_geoportala_otkrytiy_kontur_0702/MapServer/26","sourceId":"astana-municipal-green"}},{"type":"Feature","id":"municipal-green-3477","geometry":{"type":"Polygon","coordinates":[[[71.4460374,51.1688129],[71.44599,51.1690018],[71.4459479,51.1689976],[71.4459484,51.1689199],[71.4459648,51.1689217],[71.4459959,51.1688088],[71.4460374,51.1688129]]]},"properties":{"OBJECTID":3477,"kind":"park","name":"Озеленение","source":"Astana municipal open geoportal","source_url":"https://gis.esaulet.kz/server/rest/services/Sloi_geoportala_otkrytiy_kontur_0702/MapServer/26","sourceId":"astana-municipal-green"}},{"type":"Feature","id":"municipal-green-3478","geometry":{"type":"Polygon","coordinates":[[[71.4454112,51.1691548],[71.4452624,51.1691511],[71.4452673,51.1691322],[71.4454112,51.1691548]]]},"properties":{"OBJECTID":3478,"kind":"park","name":"Озеленение","source":"Astana municipal open geoportal","source_url":"https://gis.esaulet.kz/server/rest/services/Sloi_geoportala_otkrytiy_kontur_0702/MapServer/26","sourceId":"astana-municipal-green"}},{"type":"Feature","id":"municipal-green-3479","geometry":{"type":"Polygon","coordinates":[[[71.4454009,51.1691363],[71.4454159,51.1690828],[71.445449,51.1690929],[71.4454232,51.1691474],[71.4454009,51.1691363]]]},"properties":{"OBJECTID":3479,"kind":"park","name":"Озеленение","source":"Astana municipal open geoportal","source_url":"https://gis.esaulet.kz/server/rest/services/Sloi_geoportala_otkrytiy_kontur_0702/MapServer/26","sourceId":"astana-municipal-green"}},{"type":"Feature","id":"municipal-green-3482","geometry":{"type":"Polygon","coordinates":[[[71.4555477,51.1198718],[71.4558017,51.1199541],[71.4556178,51.1200013],[71.4555681,51.1199532],[71.4554787,51.1199186],[71.4555477,51.1198718]]]},"properties":{"OBJECTID":3482,"kind":"park","name":"Озеленение","source":"Astana municipal open geoportal","source_url":"https://gis.esaulet.kz/server/rest/services/Sloi_geoportala_otkrytiy_kontur_0702/MapServer/26","sourceId":"astana-municipal-green"}},{"type":"Feature","id":"municipal-green-3483","geometry":{"type":"Polygon","coordinates":[[[71.4665303,51.1642747],[71.4667799,51.1642565],[71.4667125,51.1643026],[71.4665326,51.1643053],[71.4665303,51.1642747]]]},"properties":{"OBJECTID":3483,"kind":"park","name":"Озеленение","source":"Astana municipal open geoportal","source_url":"https://gis.esaulet.kz/server/rest/services/Sloi_geoportala_otkrytiy_kontur_0702/MapServer/26","sourceId":"astana-municipal-green"}},{"type":"Feature","id":"municipal-green-3484","geometry":{"type":"Polygon","coordinates":[[[71.4338154,51.1428777],[71.4339529,51.1429049],[71.4339293,51.1429346],[71.433812,51.1429125],[71.4338154,51.1428777]]]},"properties":{"OBJECTID":3484,"kind":"park","name":"Озеленение","source":"Astana municipal open geoportal","source_url":"https://gis.esaulet.kz/server/rest/services/Sloi_geoportala_otkrytiy_kontur_0702/MapServer/26","sourceId":"astana-municipal-green"}},{"type":"Feature","id":"municipal-green-3487","geometry":{"type":"Polygon","coordinates":[[[71.4293901,51.1008803],[71.4293326,51.1008879],[71.4292936,51.1007803],[71.429313,51.1007481],[71.4293393,51.100739],[71.4293901,51.1008803]]]},"properties":{"OBJECTID":3487,"kind":"park","name":"Озеленение","source":"Astana municipal open geoportal","source_url":"https://gis.esaulet.kz/server/rest/services/Sloi_geoportala_otkrytiy_kontur_0702/MapServer/26","sourceId":"astana-municipal-green"}},{"type":"Feature","id":"municipal-green-3488","geometry":{"type":"Polygon","coordinates":[[[71.4488857,51.1415823],[71.4488039,51.1416398],[71.448676,51.1416623],[71.4481602,51.1416508],[71.4481233,51.1416333],[71.4481034,51.1415728],[71.4488857,51.1415823]]]},"properties":{"OBJECTID":3488,"kind":"park","name":"Озеленение","source":"Astana municipal open geoportal","source_url":"https://gis.esaulet.kz/server/rest/services/Sloi_geoportala_otkrytiy_kontur_0702/MapServer/26","sourceId":"astana-municipal-green"}},{"type":"Feature","id":"municipal-green-3489","geometry":{"type":"Polygon","coordinates":[[[71.4490788,51.1416273],[71.4493753,51.1417042],[71.4493602,51.1417314],[71.4490754,51.1416881],[71.4490132,51.1416496],[71.4490033,51.141596],[71.4490788,51.1416273]]]},"properties":{"OBJECTID":3489,"kind":"park","name":"Озеленение","source":"Astana municipal open geoportal","source_url":"https://gis.esaulet.kz/server/rest/services/Sloi_geoportala_otkrytiy_kontur_0702/MapServer/26","sourceId":"astana-municipal-green"}},{"type":"Feature","id":"municipal-green-3490","geometry":{"type":"Polygon","coordinates":[[[71.4519454,51.1423238],[71.4518898,51.1423968],[71.4516355,51.1423317],[71.451684,51.1422575],[71.4519454,51.1423238]]]},"properties":{"OBJECTID":3490,"kind":"park","name":"Озеленение","source":"Astana municipal open geoportal","source_url":"https://gis.esaulet.kz/server/rest/services/Sloi_geoportala_otkrytiy_kontur_0702/MapServer/26","sourceId":"astana-municipal-green"}},{"type":"Feature","id":"municipal-green-3491","geometry":{"type":"Polygon","coordinates":[[[71.4500857,51.1418873],[71.4506212,51.1420644],[71.450597,51.1420815],[71.449883,51.141896],[71.4497592,51.1418346],[71.4497767,51.1418077],[71.4500857,51.1418873]]]},"properties":{"OBJECTID":3491,"kind":"park","name":"Озеленение","source":"Astana municipal open geoportal","source_url":"https://gis.esaulet.kz/server/rest/services/Sloi_geoportala_otkrytiy_kontur_0702/MapServer/26","sourceId":"astana-municipal-green"}},{"type":"Feature","id":"municipal-green-3492","geometry":{"type":"Polygon","coordinates":[[[71.4514676,51.1421991],[71.4514126,51.1422734],[71.4511582,51.142207],[71.4512018,51.1421312],[71.4514676,51.1421991]]]},"properties":{"OBJECTID":3492,"kind":"park","name":"Озеленение","source":"Astana municipal open geoportal","source_url":"https://gis.esaulet.kz/server/rest/services/Sloi_geoportala_otkrytiy_kontur_0702/MapServer/26","sourceId":"astana-municipal-green"}}],"metadata":{"source":"https://gis.esaulet.kz/server/rest/services/Sloi_geoportala_otkrytiy_kontur_0702/MapServer/26","sourceId":"astana-municipal-green","queryBbox":[71.38,51.08,71.49,51.17],"bboxClipped":false,"renderSampleCap":2000,"selection":"First 2000 OBJECTID-ordered source polygons intersecting central bbox","generalizationToleranceDegrees":1.5e-05,"publicationDate":null,"license":null,"note":"Municipal green-space polygons, not a park inventory. Service does not state date/reuse license.","retrievedAt":"2026-09-23T11:02:41.653357+00:00","featureCount":2000,"outputCrs":"EPSG:4326","geometryStatus":"source-geometry","coordinateDimensions":"Source Z discarded; [longitude, latitude] retained unchanged."}}
