{"type":"FeatureCollection","metadata":{"sourceId":"osm-major-roads","source":"https://overpass-api.de/api/interpreter","retrievedAt":"2026-09-23T11:03:56.907125+00:00","osmTimestamp":"2026-09-22T08:45:51Z","license":"ODbL 1.0","attribution":"© OpenStreetMap contributors","copyrightUrl":"https://www.openstreetmap.org/copyright","outputCrs":"EPSG:4326","queryBbox":[71.220936,50.999912,71.728067,51.301212],"bboxClipped":false,"query":"[out:json][timeout:120];(way[\"highway\"~\"^(motorway|trunk|primary|secondary)$\"](50.999912,71.220936,51.301212,71.728067););out body;>;out skel qt;","note":"Road geometry and topology only; derived importance weights are not live traffic."},"features":[{"type":"Feature","id":"osm_way_23190839","geometry":{"type":"LineString","coordinates":[[71.4490485,51.0374466],[71.450613,51.0364855],[71.452316,51.0354239],[71.454121,51.0343125],[71.4551361,51.0336782],[71.4562662,51.0329809],[71.4569946,51.0325096],[71.4592462,51.0311255],[71.4597506,51.0308051],[71.4602805,51.0304864],[71.4605471,51.030326]]},"properties":{"osm_way_id":23190839,"name":"Қабанбай Батыр даңғылы","name_ru":"проспект Кабанбай Батыра","name_kk":null,"highway":"primary","importance_weight":3,"kind":"road","source":"OpenStreetMap contributors","sourceId":"osm-major-roads","source_url":"https://www.openstreetmap.org/way/23190839"}},{"type":"Feature","id":"osm_way_23979303","geometry":{"type":"LineString","coordinates":[[71.4386684,51.1790696],[71.4378115,51.1789066],[71.4369447,51.1787597],[71.4366361,51.1787199]]},"properties":{"osm_way_id":23979303,"name":"Бөгенбай Батыр даңғылы","name_ru":"проспект Богенбай Батыра","name_kk":null,"highway":"primary","importance_weight":3,"kind":"road","source":"OpenStreetMap contributors","sourceId":"osm-major-roads","source_url":"https://www.openstreetmap.org/way/23979303"}},{"type":"Feature","id":"osm_way_23979536","geometry":{"type":"LineString","coordinates":[[71.4313339,51.1542887],[71.4310909,51.1544504],[71.4309159,51.1545718],[71.4307503,51.1547097],[71.4305919,51.1548693],[71.430444,51.1550588]]},"properties":{"osm_way_id":23979536,"name":"Республика даңғылы","name_ru":"проспект Республики","name_kk":"Республика даңғылы","highway":"primary","importance_weight":3,"kind":"road","source":"OpenStreetMap contributors","sourceId":"osm-major-roads","source_url":"https://www.openstreetmap.org/way/23979536"}},{"type":"Feature","id":"osm_way_23979594","geometry":{"type":"LineString","coordinates":[[71.3889166,51.2209481],[71.3893797,51.2199332],[71.3894726,51.2196991],[71.3895325,51.2195837],[71.3896886,51.2191998],[71.389844,51.2188259],[71.3901094,51.2182735],[71.390362,51.2178898],[71.3906192,51.2176087],[71.3909861,51.2173655],[71.3914622,51.2171397],[71.3920049,51.216848],[71.3930007,51.216376],[71.3938662,51.2160103],[71.3941462,51.2158962],[71.3944523,51.2157553],[71.3960676,51.2150363]]},"properties":{"osm_way_id":23979594,"name":"Өндіріс тас жолы","name_ru":"шоссе Ондирис","name_kk":null,"highway":"secondary","importance_weight":2,"kind":"road","source":"OpenStreetMap contributors","sourceId":"osm-major-roads","source_url":"https://www.openstreetmap.org/way/23979594"}},{"type":"Feature","id":"osm_way_23979646","geometry":{"type":"LineString","coordinates":[[71.446579,51.1848067],[71.4456759,51.1836711],[71.4450282,51.1828888],[71.4440381,51.1817776],[71.443314,51.1811454],[71.4425737,51.1806478],[71.4418012,51.1802005],[71.4409129,51.1797958],[71.4406,51.1796756],[71.4403023,51.1795698],[71.4400564,51.1794779],[71.439469,51.1792907],[71.4386684,51.1790696]]},"properties":{"osm_way_id":23979646,"name":"Алаш тас жолы","name_ru":"шоссе Алаш","name_kk":"Алаш тас жолы","highway":"primary","importance_weight":3,"kind":"road","source":"OpenStreetMap contributors","sourceId":"osm-major-roads","source_url":"https://www.openstreetmap.org/way/23979646"}},{"type":"Feature","id":"osm_way_23979656","geometry":{"type":"LineString","coordinates":[[71.5537578,51.2334278],[71.5500697,51.2317563]]},"properties":{"osm_way_id":23979656,"name":"Алаш тас жолы","name_ru":"шоссе Алаш","name_kk":"Алаш тас жолы","highway":"trunk","importance_weight":4,"kind":"road","source":"OpenStreetMap contributors","sourceId":"osm-major-roads","source_url":"https://www.openstreetmap.org/way/23979656"}},{"type":"Feature","id":"osm_way_23979657","geometry":{"type":"LineString","coordinates":[[71.4762052,51.1983094],[71.4753951,51.1979634]]},"properties":{"osm_way_id":23979657,"name":"Алаш тас жолы","name_ru":"шоссе Алаш","name_kk":"Алаш тас жолы","highway":"primary","importance_weight":3,"kind":"road","source":"OpenStreetMap contributors","sourceId":"osm-major-roads","source_url":"https://www.openstreetmap.org/way/23979657"}},{"type":"Feature","id":"osm_way_23983613","geometry":{"type":"LineString","coordinates":[[71.4287869,51.1522867],[71.4282315,51.151901],[71.427509,51.1513418],[71.4274951,51.15133]]},"properties":{"osm_way_id":23983613,"name":"Қараөткел көпірі","name_ru":"мост Караоткель","name_kk":"Қараөткел көпірі","highway":"secondary","importance_weight":2,"kind":"road","source":"OpenStreetMap contributors","sourceId":"osm-major-roads","source_url":"https://www.openstreetmap.org/way/23983613"}},{"type":"Feature","id":"osm_way_23983615","geometry":{"type":"LineString","coordinates":[[71.4544895,51.1539679],[71.4542395,51.1543061]]},"properties":{"osm_way_id":23983615,"name":"osm_way_23983615","name_ru":null,"name_kk":null,"highway":"secondary","importance_weight":2,"kind":"road","source":"OpenStreetMap contributors","sourceId":"osm-major-roads","source_url":"https://www.openstreetmap.org/way/23983615"}},{"type":"Feature","id":"osm_way_23983668","geometry":{"type":"LineString","coordinates":[[71.4086057,51.137117],[71.4088889,51.1370927],[71.409404,51.1370443],[71.40973,51.1370134],[71.4122817,51.1367715],[71.4123283,51.1367671],[71.4148362,51.1365293],[71.4154381,51.1364744],[71.4155122,51.1364676],[71.4157318,51.1364433]]},"properties":{"osm_way_id":23983668,"name":"Сарайшық көшесі","name_ru":"улица Сарайшык","name_kk":"Сарайшық көшесі","highway":"secondary","importance_weight":2,"kind":"road","source":"OpenStreetMap contributors","sourceId":"osm-major-roads","source_url":"https://www.openstreetmap.org/way/23983668"}},{"type":"Feature","id":"osm_way_23984063","geometry":{"type":"LineString","coordinates":[[71.4121393,51.1550717],[71.4122811,51.1545456]]},"properties":{"osm_way_id":23984063,"name":"Тұран даңғылы","name_ru":"проспект Туран","name_kk":"Тұран даңғылы","highway":"primary","importance_weight":3,"kind":"road","source":"OpenStreetMap contributors","sourceId":"osm-major-roads","source_url":"https://www.openstreetmap.org/way/23984063"}},{"type":"Feature","id":"osm_way_23996154","geometry":{"type":"LineString","coordinates":[[71.4218904,51.1647855],[71.421849,51.1649196],[71.4216891,51.1654101],[71.4216004,51.1656897],[71.4215267,51.1659409],[71.4214345,51.1662231],[71.4213982,51.1663269],[71.4212966,51.166691],[71.4210137,51.1676231]]},"properties":{"osm_way_id":23996154,"name":"Бейбітшілік көшесі","name_ru":"улица Бейбитшилик","name_kk":null,"highway":"secondary","importance_weight":2,"kind":"road","source":"OpenStreetMap contributors","sourceId":"osm-major-roads","source_url":"https://www.openstreetmap.org/way/23996154"}},{"type":"Feature","id":"osm_way_24240238","geometry":{"type":"LineString","coordinates":[[71.4542395,51.1543061],[71.4540199,51.1546682],[71.4537986,51.1549814],[71.4536894,51.1551396]]},"properties":{"osm_way_id":24240238,"name":"Александр Кравцов көшесі","name_ru":"улица Александра Кравцова","name_kk":null,"highway":"secondary","importance_weight":2,"kind":"road","source":"OpenStreetMap contributors","sourceId":"osm-major-roads","source_url":"https://www.openstreetmap.org/way/24240238"}},{"type":"Feature","id":"osm_way_24399559","geometry":{"type":"LineString","coordinates":[[71.3981271,51.194495],[71.3970298,51.1934918],[71.3960266,51.1925572],[71.3953718,51.1919239],[71.3943177,51.1909031],[71.3938449,51.1903413],[71.3937081,51.1902074],[71.3936647,51.190165],[71.392922,51.1894618],[71.3916671,51.1882125],[71.3907621,51.1873305],[71.3901878,51.1867709],[71.3901151,51.1867002],[71.3893582,51.1859472],[71.3885126,51.185132],[71.3877216,51.1844023],[71.3876658,51.1843459],[71.3868309,51.1835594],[71.3863555,51.1830832],[71.3861676,51.1828904],[71.3858614,51.1825762],[71.3858061,51.1825228]]},"properties":{"osm_way_id":24399559,"name":"Шабал Бейсекова көшесі","name_ru":"улица Шабал Бейсековой","name_kk":null,"highway":"secondary","importance_weight":2,"kind":"road","source":"OpenStreetMap contributors","sourceId":"osm-major-roads","source_url":"https://www.openstreetmap.org/way/24399559"}},{"type":"Feature","id":"osm_way_24672027","geometry":{"type":"LineString","coordinates":[[71.3155933,51.1351906],[71.3157803,51.1353053],[71.3187512,51.1371267],[71.3192608,51.1374391],[71.3195808,51.1376353],[71.3203273,51.1380929],[71.3236493,51.1401294],[71.3242236,51.1404815],[71.3245859,51.1407036],[71.325834,51.1414687],[71.3262319,51.1417147],[71.3267953,51.1420155],[71.3275116,51.1423784],[71.3280959,51.1426651],[71.3283276,51.1427676],[71.3287882,51.1429715],[71.3293986,51.1432131],[71.3296183,51.1433001],[71.3307901,51.14371],[71.3317203,51.1440046],[71.3326205,51.1442443],[71.3336237,51.1444757],[71.3360361,51.1449739],[71.3372296,51.1452132],[71.3377773,51.145323],[71.3384699,51.1454619],[71.3391624,51.1456008],[71.3416747,51.1461088],[71.3426313,51.1463013],[71.3428835,51.1463521]]},"properties":{"osm_way_id":24672027,"name":"Қорғалжын тас жолы","name_ru":"Коргалжинское шоссе","name_kk":"Қорғалжын тас жолы","highway":"primary","importance_weight":3,"kind":"road","source":"OpenStreetMap contributors","sourceId":"osm-major-roads","source_url":"https://www.openstreetmap.org/way/24672027"}},{"type":"Feature","id":"osm_way_24672158","geometry":{"type":"LineString","coordinates":[[71.4751169,51.1652639],[71.4749329,51.1651598],[71.4746217,51.1649668]]},"properties":{"osm_way_id":24672158,"name":"Пушкин көшесі","name_ru":"улица Пушкина","name_kk":"Пушкин көшесі","highway":"secondary","importance_weight":2,"kind":"road","source":"OpenStreetMap contributors","sourceId":"osm-major-roads","source_url":"https://www.openstreetmap.org/way/24672158"}},{"type":"Feature","id":"osm_way_24672236","geometry":{"type":"LineString","coordinates":[[71.4751169,51.1652639],[71.4752968,51.1652049]]},"properties":{"osm_way_id":24672236,"name":"Шәкәрім Құдайбердіұлы даңғылы","name_ru":"проспект Шaкaрима Кудайбердыулы","name_kk":"Шәкәрім Құдайбердіұлы даңғылы","highway":"secondary","importance_weight":2,"kind":"road","source":"OpenStreetMap contributors","sourceId":"osm-major-roads","source_url":"https://www.openstreetmap.org/way/24672236"}},{"type":"Feature","id":"osm_way_24672293","geometry":{"type":"LineString","coordinates":[[71.4307618,51.1338779],[71.4306887,51.1336898],[71.4306746,51.1336535],[71.4304781,51.1331478]]},"properties":{"osm_way_id":24672293,"name":"Ақмешіт көшесі","name_ru":"улица Акмешит","name_kk":"Ақмешіт көшесі","highway":"secondary","importance_weight":2,"kind":"road","source":"OpenStreetMap contributors","sourceId":"osm-major-roads","source_url":"https://www.openstreetmap.org/way/24672293"}},{"type":"Feature","id":"osm_way_24672314","geometry":{"type":"LineString","coordinates":[[71.4841287,51.1745476],[71.4834931,51.1738409]]},"properties":{"osm_way_id":24672314,"name":"osm_way_24672314","name_ru":null,"name_kk":null,"highway":"secondary","importance_weight":2,"kind":"road","source":"OpenStreetMap contributors","sourceId":"osm-major-roads","source_url":"https://www.openstreetmap.org/way/24672314"}},{"type":"Feature","id":"osm_way_24672461","geometry":{"type":"LineString","coordinates":[[71.4480269,51.1878473],[71.4468116,51.1882403],[71.4466803,51.1882777],[71.4461536,51.1884461],[71.4441115,51.1890989],[71.4431798,51.1894036],[71.4423078,51.1896754],[71.4420231,51.1897725],[71.4410248,51.1901433],[71.4407989,51.190226],[71.44055,51.1903197],[71.4402957,51.1903904],[71.4398779,51.1905057],[71.4396797,51.1905512],[71.4394938,51.1905938],[71.4392531,51.1906812],[71.439111,51.1907527],[71.4390378,51.1907895],[71.4385772,51.1910712],[71.4381929,51.1913725],[71.4381083,51.1914386],[71.4376329,51.1918417],[71.4372227,51.1922412],[71.4369008,51.1926697],[71.4368025,51.1928323],[71.4367617,51.1928922]]},"properties":{"osm_way_id":24672461,"name":"Жаңажол көшесі","name_ru":"улица Жанажол","name_kk":null,"highway":"secondary","importance_weight":2,"kind":"road","source":"OpenStreetMap contributors","sourceId":"osm-major-roads","source_url":"https://www.openstreetmap.org/way/24672461"}},{"type":"Feature","id":"osm_way_24672465","geometry":{"type":"LineString","coordinates":[[71.42856,51.1961957],[71.4284567,51.1962423],[71.4283101,51.1963068],[71.4277857,51.1966177],[71.4270474,51.1969781],[71.4266288,51.1971825],[71.4264414,51.1972756],[71.4258865,51.1974858],[71.4256811,51.1975574],[71.4254679,51.197593]]},"properties":{"osm_way_id":24672465,"name":"Игілік көшесі","name_ru":"улица Игилик","name_kk":null,"highway":"secondary","importance_weight":2,"kind":"road","source":"OpenStreetMap contributors","sourceId":"osm-major-roads","source_url":"https://www.openstreetmap.org/way/24672465"}},{"type":"Feature","id":"osm_way_24672470","geometry":{"type":"LineString","coordinates":[[71.3782314,51.2050295],[71.3786459,51.2048636],[71.3796275,51.2045415],[71.3807387,51.2041929],[71.3813286,51.2039871],[71.383483,51.2032982],[71.3850936,51.2027822],[71.3856501,51.2026102],[71.3857568,51.2025772],[71.3863375,51.2023979],[71.3865377,51.2023328],[71.3874968,51.2020099],[71.3876953,51.2019065],[71.3877892,51.2018225],[71.3878133,51.2017367]]},"properties":{"osm_way_id":24672470,"name":"Рақымжан Дүйсенбаев көшесі","name_ru":"улица Рахымжана Дуйсенбаева","name_kk":null,"highway":"secondary","importance_weight":2,"kind":"road","source":"OpenStreetMap contributors","sourceId":"osm-major-roads","source_url":"https://www.openstreetmap.org/way/24672470"}},{"type":"Feature","id":"osm_way_24672482","geometry":{"type":"LineString","coordinates":[[71.4667742,51.1540257],[71.4668229,51.1539445],[71.4671839,51.1533423]]},"properties":{"osm_way_id":24672482,"name":"Қаныш Сәтбаев көшесі","name_ru":"улица Каныша Сатпаева","name_kk":"Қаныш Сәтбаев көшесі","highway":"secondary","importance_weight":2,"kind":"road","source":"OpenStreetMap contributors","sourceId":"osm-major-roads","source_url":"https://www.openstreetmap.org/way/24672482"}},{"type":"Feature","id":"osm_way_24672776","geometry":{"type":"LineString","coordinates":[[71.4502355,51.1883892],[71.4500353,51.1884336],[71.4497995,51.1884521],[71.4496279,51.1884639],[71.4493328,51.1884387],[71.4490861,51.1883983],[71.4487588,51.1883075],[71.4484745,51.1882033],[71.4482917,51.1881117],[71.4481815,51.1880198],[71.4480269,51.1878473]]},"properties":{"osm_way_id":24672776,"name":"проспект Акжол","name_ru":"проспект Акжол","name_kk":"Ақжол даңғылы","highway":"secondary","importance_weight":2,"kind":"road","source":"OpenStreetMap contributors","sourceId":"osm-major-roads","source_url":"https://www.openstreetmap.org/way/24672776"}},{"type":"Feature","id":"osm_way_24844010","geometry":{"type":"LineString","coordinates":[[71.4776554,51.1564047],[71.477764,51.1562307],[71.4780095,51.1558351],[71.4782215,51.155523],[71.4786387,51.1549103],[71.4796222,51.1535151],[71.4804039,51.1524549],[71.4808598,51.151789],[71.4816578,51.1506889],[71.4817,51.1506307],[71.4825098,51.1494809],[71.4826187,51.1493263],[71.4827059,51.1492077],[71.483299,51.1484008],[71.4837649,51.1477723],[71.4838554,51.1476502],[71.4839663,51.147491],[71.4846672,51.1464846],[71.4856568,51.1451154],[71.4864968,51.1439532],[71.4869827,51.1432809],[71.4872702,51.1428757],[71.4872984,51.142836],[71.4874341,51.1426465]]},"properties":{"osm_way_id":24844010,"name":"Мағжан Жұмабаев даңғылы","name_ru":"проспект Жумабаева","name_kk":"Мағжан Жұмабаев даңғылы","highway":"secondary","importance_weight":2,"kind":"road","source":"OpenStreetMap contributors","sourceId":"osm-major-roads","source_url":"https://www.openstreetmap.org/way/24844010"}},{"type":"Feature","id":"osm_way_24844148","geometry":{"type":"LineString","coordinates":[[71.4488168,51.1202053],[71.4430378,51.1210945]]},"properties":{"osm_way_id":24844148,"name":"Арыс көпірі көшесі","name_ru":"улица Мост Арыс","name_kk":null,"highway":"secondary","importance_weight":2,"kind":"road","source":"OpenStreetMap contributors","sourceId":"osm-major-roads","source_url":"https://www.openstreetmap.org/way/24844148"}},{"type":"Feature","id":"osm_way_24844489","geometry":{"type":"LineString","coordinates":[[71.4634651,51.1097901],[71.4635073,51.1099009],[71.4636488,51.1102726],[71.4637232,51.1104568],[71.4638195,51.1107099],[71.4641629,51.1116122],[71.4648483,51.1134134],[71.4659068,51.1161952],[71.465958,51.1163272],[71.4659666,51.1163476],[71.4662899,51.1171142]]},"properties":{"osm_way_id":24844489,"name":"Тәуелсіздік даңғылы","name_ru":"проспект Тауелсиздик","name_kk":"Тәуелсіздік даңғылы","highway":"secondary","importance_weight":2,"kind":"road","source":"OpenStreetMap contributors","sourceId":"osm-major-roads","source_url":"https://www.openstreetmap.org/way/24844489"}},{"type":"Feature","id":"osm_way_24956082","geometry":{"type":"LineString","coordinates":[[71.6227445,51.1292403],[71.6209355,51.1270841],[71.6207169,51.126812]]},"properties":{"osm_way_id":24956082,"name":"Астана айналма жолы","name_ru":"Объездная Астаны","name_kk":"Астана айналма жолы","highway":"trunk","importance_weight":4,"kind":"road","source":"OpenStreetMap contributors","sourceId":"osm-major-roads","source_url":"https://www.openstreetmap.org/way/24956082"}},{"type":"Feature","id":"osm_way_24956084","geometry":{"type":"LineString","coordinates":[[71.6207169,51.126812],[71.6202402,51.1262505]]},"properties":{"osm_way_id":24956084,"name":"Астана айналма жолы","name_ru":"Объездная Астаны","name_kk":"Астана айналма жолы","highway":"trunk","importance_weight":4,"kind":"road","source":"OpenStreetMap contributors","sourceId":"osm-major-roads","source_url":"https://www.openstreetmap.org/way/24956084"}},{"type":"Feature","id":"osm_way_24956145","geometry":{"type":"LineString","coordinates":[[71.7118859,51.1046429],[71.7113163,51.1049089],[71.7109239,51.1050687],[71.7101758,51.1053429],[71.7082799,51.1060423],[71.7067349,51.1065442],[71.7056352,51.1068608],[71.7039133,51.1073256],[71.7002094,51.108284],[71.6978845,51.1088496],[71.6969276,51.1090652],[71.695838,51.1093411],[71.6887449,51.111048],[71.6865846,51.1115564],[71.6844667,51.1120685],[71.6840918,51.1121499],[71.6837009,51.1122488]]},"properties":{"osm_way_id":24956145,"name":"osm_way_24956145","name_ru":null,"name_kk":null,"highway":"trunk","importance_weight":4,"kind":"road","source":"OpenStreetMap contributors","sourceId":"osm-major-roads","source_url":"https://www.openstreetmap.org/way/24956145"}},{"type":"Feature","id":"osm_way_24956240","geometry":{"type":"LineString","coordinates":[[71.6308709,51.141134],[71.6308791,51.1405655],[71.63082,51.1399273],[71.6307799,51.1397343],[71.6307296,51.1395196],[71.6306169,51.1391339],[71.6305334,51.138919],[71.6303899,51.1386139],[71.6302385,51.1383185],[71.6300465,51.1380162],[71.6298656,51.1377289],[71.6296773,51.1374792],[71.6290914,51.136766],[71.6283466,51.1358813]]},"properties":{"osm_way_id":24956240,"name":"Астана айналма жолы","name_ru":"Объездная Астаны","name_kk":"Астана айналма жолы","highway":"trunk","importance_weight":4,"kind":"road","source":"OpenStreetMap contributors","sourceId":"osm-major-roads","source_url":"https://www.openstreetmap.org/way/24956240"}},{"type":"Feature","id":"osm_way_24956248","geometry":{"type":"LineString","coordinates":[[71.6283466,51.1358813],[71.6279685,51.1354199]]},"properties":{"osm_way_id":24956248,"name":"Астана айналма жолы","name_ru":"Объездная Астаны","name_kk":"Астана айналма жолы","highway":"trunk","importance_weight":4,"kind":"road","source":"OpenStreetMap contributors","sourceId":"osm-major-roads","source_url":"https://www.openstreetmap.org/way/24956248"}},{"type":"Feature","id":"osm_way_24956266","geometry":{"type":"LineString","coordinates":[[71.6308758,51.1418143],[71.6308709,51.141134]]},"properties":{"osm_way_id":24956266,"name":"Астана айналма жолы","name_ru":"Объездная Астаны","name_kk":"Астана айналма жолы","highway":"trunk","importance_weight":4,"kind":"road","source":"OpenStreetMap contributors","sourceId":"osm-major-roads","source_url":"https://www.openstreetmap.org/way/24956266"}},{"type":"Feature","id":"osm_way_24956271","geometry":{"type":"LineString","coordinates":[[71.5571675,51.2278359],[71.5572076,51.2277615],[71.558625,51.2250714],[71.5597504,51.2228799],[71.5623807,51.2178518],[71.5649478,51.2129345],[71.5659579,51.2109917],[71.5686933,51.2057657],[71.5688708,51.2053893],[71.5699963,51.2034275],[71.5716451,51.2010603],[71.571744,51.2009314],[71.5731561,51.1991668],[71.5737064,51.1984791],[71.5740155,51.1980928],[71.5757287,51.1959517],[71.5766997,51.1948511],[71.5776953,51.193928],[71.579464,51.1927113],[71.580827,51.1920463],[71.5818672,51.1916355],[71.5848344,51.1907255],[71.5939011,51.1879448],[71.6011171,51.1857346],[71.6035374,51.1849933],[71.6063826,51.184117],[71.6078347,51.1836785],[71.6085827,51.183433],[71.6091909,51.1832138],[71.6099863,51.1828897],[71.6107333,51.1825342],[71.6114516,51.1821284],[71.6121104,51.1817396],[71.6123281,51.1816065],[71.6125164,51.1814913],[71.6128849,51.1812339],[71.6133128,51.1808982],[71.6136957,51.1805755],[71.6143336,51.1799681],[71.6147561,51.1794501],[71.6151254,51.1789525],[71.6155129,51.1783164],[71.6158616,51.1776737],[71.6181229,51.1731375],[71.6187079,51.1718883],[71.6187648,51.1717669],[71.6188143,51.1716612],[71.61969,51.1699059],[71.6212357,51.1668074],[71.6215402,51.1661888],[71.6292137,51.1505985],[71.6303554,51.1482785],[71.6304832,51.1479903],[71.6305867,51.1477007],[71.630731,51.1472446],[71.630841,51.1467877],[71.6308828,51.1462758],[71.6309023,51.1457674],[71.6308758,51.1418143]]},"properties":{"osm_way_id":24956271,"name":"Астана айналма жолы","name_ru":"Объездная Астаны","name_kk":"Астана айналма жолы","highway":"trunk","importance_weight":4,"kind":"road","source":"OpenStreetMap contributors","sourceId":"osm-major-roads","source_url":"https://www.openstreetmap.org/way/24956271"}},{"type":"Feature","id":"osm_way_24956606","geometry":{"type":"LineString","coordinates":[[71.6584776,51.1186686],[71.6555019,51.1195144],[71.6486173,51.1213594],[71.6482012,51.1214657],[71.6477052,51.1215952],[71.6467932,51.1218182],[71.6459013,51.1220247],[71.6444521,51.1223377],[71.6381123,51.1235797],[71.6357454,51.1240093],[71.6260429,51.1256766]]},"properties":{"osm_way_id":24956606,"name":"osm_way_24956606","name_ru":null,"name_kk":null,"highway":"trunk","importance_weight":4,"kind":"road","source":"OpenStreetMap contributors","sourceId":"osm-major-roads","source_url":"https://www.openstreetmap.org/way/24956606"}},{"type":"Feature","id":"osm_way_25356041","geometry":{"type":"LineString","coordinates":[[71.5571675,51.2278359],[71.5569147,51.2284133],[71.5559656,51.23031],[71.5545316,51.233135],[71.5540085,51.2341183],[71.5527803,51.2364445]]},"properties":{"osm_way_id":25356041,"name":"Астана айналма жолы","name_ru":"Объездная Астаны","name_kk":"Астана айналма жолы","highway":"trunk","importance_weight":4,"kind":"road","source":"OpenStreetMap contributors","sourceId":"osm-major-roads","source_url":"https://www.openstreetmap.org/way/25356041"}},{"type":"Feature","id":"osm_way_25356054","geometry":{"type":"LineString","coordinates":[[71.551102,51.239456],[71.5507991,51.2399813],[71.5505367,51.2403927],[71.5500437,51.2409938],[71.5500269,51.2410107],[71.5495827,51.2414584],[71.5490336,51.2419327],[71.5488563,51.2420574],[71.5483103,51.2424417],[71.5473987,51.2429515],[71.5466211,51.2433199],[71.546016,51.2435641],[71.545106,51.2438792],[71.5441771,51.2441278],[71.5417243,51.2446897],[71.5276997,51.2479023],[71.5259097,51.2483123],[71.5135108,51.2511523],[71.5111825,51.2516856],[71.4968925,51.2549585],[71.4952133,51.2553355],[71.4943139,51.2555331],[71.4808754,51.2584854]]},"properties":{"osm_way_id":25356054,"name":"Астана айналма жолы","name_ru":"Объездная Астаны","name_kk":"Астана айналма жолы","highway":"trunk","importance_weight":4,"kind":"road","source":"OpenStreetMap contributors","sourceId":"osm-major-roads","source_url":"https://www.openstreetmap.org/way/25356054"}},{"type":"Feature","id":"osm_way_25356059","geometry":{"type":"LineString","coordinates":[[71.551102,51.239456],[71.5515158,51.2385861],[71.5518498,51.2378635],[71.5520688,51.237423],[71.55261,51.2364027],[71.5539727,51.2337772],[71.5544137,51.2329156]]},"properties":{"osm_way_id":25356059,"name":"Астана айналма жолы","name_ru":"Объездная Астаны","name_kk":"Астана айналма жолы","highway":"trunk","importance_weight":4,"kind":"road","source":"OpenStreetMap contributors","sourceId":"osm-major-roads","source_url":"https://www.openstreetmap.org/way/25356059"}},{"type":"Feature","id":"osm_way_25356063","geometry":{"type":"LineString","coordinates":[[71.5538257,51.2333632],[71.5546154,51.2337364]]},"properties":{"osm_way_id":25356063,"name":"Алаш тас жолы","name_ru":"шоссе Алаш","name_kk":"Алаш тас жолы","highway":"trunk","importance_weight":4,"kind":"road","source":"OpenStreetMap contributors","sourceId":"osm-major-roads","source_url":"https://www.openstreetmap.org/way/25356063"}},{"type":"Feature","id":"osm_way_25356080","geometry":{"type":"LineString","coordinates":[[71.5546154,51.2337364],[71.5585955,51.2355329],[71.5612498,51.2367414],[71.5618861,51.2370478],[71.56297,51.2375696],[71.5643732,51.2382902],[71.5654468,51.238917],[71.5656428,51.2390314],[71.5687862,51.2410794],[71.5692889,51.2414141],[71.5786831,51.2474051],[71.5792002,51.2477349],[71.5797266,51.2480766],[71.5916907,51.2558567]]},"properties":{"osm_way_id":25356080,"name":"Алаш тас жолы","name_ru":"шоссе Алаш","name_kk":"Алаш тас жолы","highway":"trunk","importance_weight":4,"kind":"road","source":"OpenStreetMap contributors","sourceId":"osm-major-roads","source_url":"https://www.openstreetmap.org/way/25356080"}},{"type":"Feature","id":"osm_way_25356086","geometry":{"type":"LineString","coordinates":[[71.5545571,51.2338006],[71.5537578,51.2334278]]},"properties":{"osm_way_id":25356086,"name":"Алаш тас жолы","name_ru":"шоссе Алаш","name_kk":"Алаш тас жолы","highway":"trunk","importance_weight":4,"kind":"road","source":"OpenStreetMap contributors","sourceId":"osm-major-roads","source_url":"https://www.openstreetmap.org/way/25356086"}},{"type":"Feature","id":"osm_way_25448298","geometry":{"type":"LineString","coordinates":[[71.4736817,51.1990296],[71.4740826,51.1988814],[71.4742419,51.1988012],[71.4744125,51.1986793],[71.4745358,51.198539],[71.4746263,51.198402],[71.4746829,51.1982177],[71.4746716,51.1980404],[71.4745849,51.1978372],[71.4744038,51.1976387],[71.4740434,51.1973875]]},"properties":{"osm_way_id":25448298,"name":"osm_way_25448298","name_ru":null,"name_kk":null,"highway":"secondary","importance_weight":2,"kind":"road","source":"OpenStreetMap contributors","sourceId":"osm-major-roads","source_url":"https://www.openstreetmap.org/way/25448298"}},{"type":"Feature","id":"osm_way_26539756","geometry":{"type":"LineString","coordinates":[[71.6200216,51.1259973],[71.6181986,51.1238191],[71.6159103,51.1211091],[71.6155069,51.1206484],[71.6120347,51.1164852]]},"properties":{"osm_way_id":26539756,"name":"Астана айналма жолы","name_ru":"Объездная Астаны","name_kk":"Астана айналма жолы","highway":"trunk","importance_weight":4,"kind":"road","source":"OpenStreetMap contributors","sourceId":"osm-major-roads","source_url":"https://www.openstreetmap.org/way/26539756"}},{"type":"Feature","id":"osm_way_27679437","geometry":{"type":"LineString","coordinates":[[71.3896659,51.1775633],[71.3876047,51.1781054],[71.3866927,51.1783397],[71.38589,51.178547],[71.3835302,51.1791211],[71.3832982,51.1791736],[71.3826719,51.1793311],[71.3820938,51.1794834]]},"properties":{"osm_way_id":27679437,"name":"Нұрғиса Тілендиев даңғылы","name_ru":"проспект Нургисы Тлендиева","name_kk":"Нұрғиса Тілендиев даңғылы","highway":"primary","importance_weight":3,"kind":"road","source":"OpenStreetMap contributors","sourceId":"osm-major-roads","source_url":"https://www.openstreetmap.org/way/27679437"}},{"type":"Feature","id":"osm_way_27679438","geometry":{"type":"LineString","coordinates":[[71.4086746,51.1372951],[71.4087101,51.1373853],[71.4087355,51.1374499],[71.4089438,51.1379803]]},"properties":{"osm_way_id":27679438,"name":"Тұран даңғылы","name_ru":"проспект Туран","name_kk":"Тұран даңғылы","highway":"primary","importance_weight":3,"kind":"road","source":"OpenStreetMap contributors","sourceId":"osm-major-roads","source_url":"https://www.openstreetmap.org/way/27679438"}},{"type":"Feature","id":"osm_way_27679478","geometry":{"type":"LineString","coordinates":[[71.3864402,51.2267713],[71.3865584,51.2266847],[71.3866281,51.2266242],[71.3867676,51.2265537],[71.3869178,51.22651],[71.3870948,51.2264932],[71.389069,51.2264235],[71.3904631,51.2263742],[71.3910108,51.226357],[71.391679,51.2263387],[71.39277,51.2263061],[71.3928995,51.226304],[71.3934501,51.2262951],[71.3957189,51.226214],[71.3969493,51.2261844],[71.397688,51.2261634],[71.3992634,51.2261358],[71.4003113,51.2261],[71.4009316,51.2260816],[71.4016468,51.2260604],[71.4019281,51.226052]]},"properties":{"osm_way_id":27679478,"name":"191-ші көше","name_ru":"191-я улица","name_kk":null,"highway":"secondary","importance_weight":2,"kind":"road","source":"OpenStreetMap contributors","sourceId":"osm-major-roads","source_url":"https://www.openstreetmap.org/way/27679478"}},{"type":"Feature","id":"osm_way_28695616","geometry":{"type":"LineString","coordinates":[[71.3104988,51.2043639],[71.3113074,51.2052371],[71.3123482,51.20651],[71.3131591,51.2075532],[71.3139178,51.2085994],[71.3140458,51.2087948],[71.3146248,51.2096573]]},"properties":{"osm_way_id":28695616,"name":"Астана айналма жолы","name_ru":"Объездная Астаны","name_kk":"Астана айналма жолы","highway":"trunk","importance_weight":4,"kind":"road","source":"OpenStreetMap contributors","sourceId":"osm-major-roads","source_url":"https://www.openstreetmap.org/way/28695616"}},{"type":"Feature","id":"osm_way_28695617","geometry":{"type":"LineString","coordinates":[[71.3864402,51.2267713],[71.3854547,51.229096],[71.385291,51.2294821],[71.3842213,51.2319778],[71.3839291,51.2326472],[71.3836666,51.2331932],[71.3828934,51.2350875],[71.3828765,51.2351267],[71.3820878,51.2369329],[71.381001,51.2394923],[71.3808708,51.2397953],[71.3802123,51.2413279],[71.3790961,51.2439258],[71.3781521,51.246104],[71.3781038,51.246213]]},"properties":{"osm_way_id":28695617,"name":"Өндіріс тас жолы","name_ru":"шоссе Ондирис","name_kk":null,"highway":"secondary","importance_weight":2,"kind":"road","source":"OpenStreetMap contributors","sourceId":"osm-major-roads","source_url":"https://www.openstreetmap.org/way/28695617"}},{"type":"Feature","id":"osm_way_28695618","geometry":{"type":"LineString","coordinates":[[71.4808754,51.2584854],[71.4794066,51.2588065],[71.4691438,51.2610498],[71.4623325,51.2625806],[71.457381,51.263666],[71.4530799,51.264558],[71.4503514,51.2650663],[71.4472079,51.2654629],[71.4449083,51.2656684],[71.4423225,51.2658111],[71.4373197,51.2657648],[71.4315722,51.2652959],[71.4190439,51.2632344],[71.4043655,51.2608501],[71.4031837,51.2606551]]},"properties":{"osm_way_id":28695618,"name":"Астана айналма жолы","name_ru":"Объездная Астаны","name_kk":"Астана айналма жолы","highway":"trunk","importance_weight":4,"kind":"road","source":"OpenStreetMap contributors","sourceId":"osm-major-roads","source_url":"https://www.openstreetmap.org/way/28695618"}},{"type":"Feature","id":"osm_way_28695621","geometry":{"type":"LineString","coordinates":[[71.6188143,51.1716612],[71.6193366,51.1719643],[71.6218229,51.1732276],[71.6254507,51.1750709],[71.627601,51.1761713],[71.6283184,51.1765384],[71.6286325,51.1766991],[71.6320757,51.178461],[71.6327517,51.1789082],[71.6345381,51.1804652],[71.6376584,51.1835193],[71.639858,51.1856721],[71.6402099,51.1858927],[71.6406562,51.1860541],[71.6430852,51.1867158],[71.667771,51.1931617],[71.6685382,51.1933768],[71.6743397,51.1948932],[71.6762227,51.1953805],[71.6812653,51.1967154],[71.687378,51.1983336],[71.6899905,51.1990126],[71.6912404,51.1992143],[71.6921094,51.1994462],[71.6939279,51.2001454],[71.6982946,51.2015975]]},"properties":{"osm_way_id":28695621,"name":"Астана - Қостомар","name_ru":"Астана - Костомар","name_kk":"Астана - Қостомар","highway":"secondary","importance_weight":2,"kind":"road","source":"OpenStreetMap contributors","sourceId":"osm-major-roads","source_url":"https://www.openstreetmap.org/way/28695621"}},{"type":"Feature","id":"osm_way_28695630","geometry":{"type":"LineString","coordinates":[[71.4274951,51.15133],[71.4260845,51.1503731],[71.4238966,51.1488193],[71.4237745,51.1487139],[71.4235426,51.1485183],[71.4233826,51.1483445]]},"properties":{"osm_way_id":28695630,"name":"Қабанбай Батыр даңғылы","name_ru":"проспект Кабанбай Батыра","name_kk":"Қабанбай Батыр даңғылы","highway":"secondary","importance_weight":2,"kind":"road","source":"OpenStreetMap contributors","sourceId":"osm-major-roads","source_url":"https://www.openstreetmap.org/way/28695630"}},{"type":"Feature","id":"osm_way_29845645","geometry":{"type":"LineString","coordinates":[[71.3981271,51.194495],[71.3976708,51.1946701],[71.3970085,51.1948682],[71.3960866,51.1951398],[71.3957982,51.1952266],[71.394208,51.1956622],[71.3928442,51.1960953],[71.3914312,51.19655]]},"properties":{"osm_way_id":29845645,"name":"Конституция көшесі","name_ru":"улица Конституции","name_kk":null,"highway":"secondary","importance_weight":2,"kind":"road","source":"OpenStreetMap contributors","sourceId":"osm-major-roads","source_url":"https://www.openstreetmap.org/way/29845645"}},{"type":"Feature","id":"osm_way_29845651","geometry":{"type":"LineString","coordinates":[[71.4108489,51.1937325],[71.4109662,51.1936974],[71.4111447,51.1936441],[71.4118768,51.1934157],[71.4121695,51.1933178],[71.4127567,51.1931326],[71.413578,51.1928655],[71.4138785,51.1927762],[71.4140522,51.1927284],[71.4141607,51.1926985],[71.4165525,51.1919372],[71.4170112,51.1917911],[71.4171121,51.1917589],[71.4174224,51.1916691],[71.417931,51.1915214],[71.4187526,51.1912573]]},"properties":{"osm_way_id":29845651,"name":"Гёте көшесі","name_ru":"улица Гете","name_kk":null,"highway":"secondary","importance_weight":2,"kind":"road","source":"OpenStreetMap contributors","sourceId":"osm-major-roads","source_url":"https://www.openstreetmap.org/way/29845651"}},{"type":"Feature","id":"osm_way_29845653","geometry":{"type":"LineString","coordinates":[[71.4753951,51.1979634],[71.4740434,51.1973875],[71.4738837,51.1973091],[71.4734179,51.1970971],[71.4702145,51.1957357],[71.470095,51.1956854],[71.4691325,51.1952712],[71.4690363,51.1952298],[71.4683458,51.1949388],[71.4660267,51.1939601],[71.4657854,51.1938583],[71.4648335,51.19346],[71.4640924,51.1931499],[71.4636105,51.1929477],[71.4628562,51.1926308],[71.4610954,51.1918944],[71.4594762,51.1912263],[71.4593218,51.19116]]},"properties":{"osm_way_id":29845653,"name":"Алаш тас жолы","name_ru":"шоссе Алаш","name_kk":"Алаш тас жолы","highway":"primary","importance_weight":3,"kind":"road","source":"OpenStreetMap contributors","sourceId":"osm-major-roads","source_url":"https://www.openstreetmap.org/way/29845653"}},{"type":"Feature","id":"osm_way_30147863","geometry":{"type":"LineString","coordinates":[[71.4717659,51.1633683],[71.4703973,51.1625897]]},"properties":{"osm_way_id":30147863,"name":"Пушкин көшесі","name_ru":"улица Пушкина","name_kk":"Пушкин көшесі","highway":"secondary","importance_weight":2,"kind":"road","source":"OpenStreetMap contributors","sourceId":"osm-major-roads","source_url":"https://www.openstreetmap.org/way/30147863"}},{"type":"Feature","id":"osm_way_30658825","geometry":{"type":"LineString","coordinates":[[71.466722,51.1568776],[71.4668494,51.1565547],[71.4669257,51.1562512],[71.4669457,51.1560247],[71.4669624,51.1556478],[71.4669516,51.1555194],[71.4669263,51.1553065],[71.4668022,51.1546155],[71.4667749,51.1543107],[71.4667596,51.1541399]]},"properties":{"osm_way_id":30658825,"name":"Қаныш Сәтбаев көшесі","name_ru":"улица Каныша Сатпаева","name_kk":"Қаныш Сәтбаев көшесі","highway":"secondary","importance_weight":2,"kind":"road","source":"OpenStreetMap contributors","sourceId":"osm-major-roads","source_url":"https://www.openstreetmap.org/way/30658825"}},{"type":"Feature","id":"osm_way_30658826","geometry":{"type":"LineString","coordinates":[[71.4621364,51.159861],[71.4623551,51.159788]]},"properties":{"osm_way_id":30658826,"name":"Амангелді Иманов көшесі","name_ru":"улица Амангельды Иманова","name_kk":null,"highway":"secondary","importance_weight":2,"kind":"road","source":"OpenStreetMap contributors","sourceId":"osm-major-roads","source_url":"https://www.openstreetmap.org/way/30658826"}},{"type":"Feature","id":"osm_way_32970830","geometry":{"type":"LineString","coordinates":[[71.3988734,51.1681777],[71.3991144,51.1682103],[71.4000708,51.1683251],[71.4009,51.1684247],[71.4013873,51.168485],[71.4015834,51.1685092],[71.4017011,51.1685238],[71.4025275,51.168626],[71.4039377,51.1688005],[71.4040677,51.1688166],[71.4056766,51.1690021],[71.4069955,51.16917],[71.4073404,51.1692139],[71.4074096,51.1692228],[71.4078052,51.1692718],[71.4080427,51.1693012]]},"properties":{"osm_way_id":32970830,"name":"Сәкен Сейфуллин көшесі","name_ru":"улица Сакена Сейфуллина","name_kk":"Сәкен Сейфуллин көшесі","highway":"secondary","importance_weight":2,"kind":"road","source":"OpenStreetMap contributors","sourceId":"osm-major-roads","source_url":"https://www.openstreetmap.org/way/32970830"}},{"type":"Feature","id":"osm_way_37883868","geometry":{"type":"LineString","coordinates":[[71.4384472,51.1324947],[71.439652,51.13231],[71.442079,51.1319381],[71.4436284,51.1317007],[71.4485577,51.130934]]},"properties":{"osm_way_id":37883868,"name":"Арқар көпірі (М-1) көшесі","name_ru":"улица мост Архар (М-1)","name_kk":"Арқар көпірі","highway":"secondary","importance_weight":2,"kind":"road","source":"OpenStreetMap contributors","sourceId":"osm-major-roads","source_url":"https://www.openstreetmap.org/way/37883868"}},{"type":"Feature","id":"osm_way_37883870","geometry":{"type":"LineString","coordinates":[[71.4485985,51.1310625],[71.4436819,51.1318343],[71.441294,51.1321957],[71.4391528,51.1325197],[71.4384904,51.1326199]]},"properties":{"osm_way_id":37883870,"name":"Арқар көпірі (М-1) көшесі","name_ru":"улица мост Архар (М-1)","name_kk":"Арқар көпірі","highway":"secondary","importance_weight":2,"kind":"road","source":"OpenStreetMap contributors","sourceId":"osm-major-roads","source_url":"https://www.openstreetmap.org/way/37883870"}},{"type":"Feature","id":"osm_way_37883875","geometry":{"type":"LineString","coordinates":[[71.4367746,51.1329328],[71.4353805,51.1331851],[71.4351703,51.1332189],[71.4347838,51.1332827],[71.4344718,51.1333338]]},"properties":{"osm_way_id":37883875,"name":"Сарайшық көшесі","name_ru":"улица Сарайшык","name_kk":"Сарайшық көшесі","highway":"secondary","importance_weight":2,"kind":"road","source":"OpenStreetMap contributors","sourceId":"osm-major-roads","source_url":"https://www.openstreetmap.org/way/37883875"}},{"type":"Feature","id":"osm_way_37883878","geometry":{"type":"LineString","coordinates":[[71.4578028,51.1296096],[71.457363,51.129679],[71.4556229,51.1299536]]},"properties":{"osm_way_id":37883878,"name":"Сарайшық көшесі","name_ru":"улица Сарайшык","name_kk":"Сарайшық көшесі","highway":"secondary","importance_weight":2,"kind":"road","source":"OpenStreetMap contributors","sourceId":"osm-major-roads","source_url":"https://www.openstreetmap.org/way/37883878"}},{"type":"Feature","id":"osm_way_39362501","geometry":{"type":"LineString","coordinates":[[71.4117099,51.1566813],[71.4121393,51.1550717]]},"properties":{"osm_way_id":39362501,"name":"Тұран даңғылы","name_ru":"проспект Туран","name_kk":"Тұран даңғылы","highway":"primary","importance_weight":3,"kind":"road","source":"OpenStreetMap contributors","sourceId":"osm-major-roads","source_url":"https://www.openstreetmap.org/way/39362501"}},{"type":"Feature","id":"osm_way_39362507","geometry":{"type":"LineString","coordinates":[[71.4117099,51.1566813],[71.4111403,51.1586886]]},"properties":{"osm_way_id":39362507,"name":"Тұран көпірі","name_ru":"Мост Туран","name_kk":"Тұран көпірі","highway":"primary","importance_weight":3,"kind":"road","source":"OpenStreetMap contributors","sourceId":"osm-major-roads","source_url":"https://www.openstreetmap.org/way/39362507"}},{"type":"Feature","id":"osm_way_44127576","geometry":{"type":"LineString","coordinates":[[71.4140049,51.0592724],[71.41409,51.0594707],[71.4143458,51.0601877],[71.414839,51.0615871],[71.4151144,51.0623684],[71.4151746,51.0625489],[71.415292,51.0629011]]},"properties":{"osm_way_id":44127576,"name":"Мәңгілік Ел даңғылы","name_ru":"проспект Мангилик Ел","name_kk":"Мәңгілік Ел даңғылы","highway":"secondary","importance_weight":2,"kind":"road","source":"OpenStreetMap contributors","sourceId":"osm-major-roads","source_url":"https://www.openstreetmap.org/way/44127576"}},{"type":"Feature","id":"osm_way_51488493","geometry":{"type":"LineString","coordinates":[[71.3803534,51.2167034],[71.3803518,51.2166476],[71.3806519,51.2162336],[71.3809207,51.2158445],[71.3815575,51.2149781],[71.3818236,51.2146391],[71.3823101,51.2139729],[71.3825678,51.2136314],[71.3832111,51.2129289],[71.3833296,51.2128149],[71.383598,51.2125243],[71.3842704,51.2118605],[71.3845483,51.2115261]]},"properties":{"osm_way_id":51488493,"name":"Сусамыр көшесі","name_ru":"улица Сусамыр","name_kk":null,"highway":"secondary","importance_weight":2,"kind":"road","source":"OpenStreetMap contributors","sourceId":"osm-major-roads","source_url":"https://www.openstreetmap.org/way/51488493"}},{"type":"Feature","id":"osm_way_55490085","geometry":{"type":"LineString","coordinates":[[71.3781038,51.246213],[71.3780529,51.2463359],[71.3773628,51.2480007],[71.3771294,51.2485455],[71.3770147,51.2487882],[71.3763453,51.2503858],[71.3761549,51.2508266]]},"properties":{"osm_way_id":55490085,"name":"Өндіріс тас жолы","name_ru":"шоссе Ондирис","name_kk":null,"highway":"secondary","importance_weight":2,"kind":"road","source":"OpenStreetMap contributors","sourceId":"osm-major-roads","source_url":"https://www.openstreetmap.org/way/55490085"}},{"type":"Feature","id":"osm_way_55490090","geometry":{"type":"LineString","coordinates":[[71.3865649,51.2578492],[71.3887271,51.2582047],[71.3889111,51.2582349],[71.3895805,51.2583584],[71.3929155,51.2589067],[71.3961559,51.2594332],[71.3984256,51.2598278],[71.4001572,51.2601289],[71.4005711,51.2602009],[71.4007778,51.2602368],[71.4031837,51.2606551]]},"properties":{"osm_way_id":55490090,"name":"Астана айналма жолы","name_ru":"Объездная Астаны","name_kk":"Астана айналма жолы","highway":"trunk","importance_weight":4,"kind":"road","source":"OpenStreetMap contributors","sourceId":"osm-major-roads","source_url":"https://www.openstreetmap.org/way/55490090"}},{"type":"Feature","id":"osm_way_55490091","geometry":{"type":"LineString","coordinates":[[71.3865649,51.2578492],[71.3857147,51.2577529],[71.3841944,51.2575074],[71.3823194,51.257203],[71.3813961,51.2570465]]},"properties":{"osm_way_id":55490091,"name":"Астана айналма жолы","name_ru":"Объездная Астаны","name_kk":"Астана айналма жолы","highway":"trunk","importance_weight":4,"kind":"road","source":"OpenStreetMap contributors","sourceId":"osm-major-roads","source_url":"https://www.openstreetmap.org/way/55490091"}},{"type":"Feature","id":"osm_way_55490478","geometry":{"type":"LineString","coordinates":[[71.3744302,51.2549986],[71.3742488,51.2554139]]},"properties":{"osm_way_id":55490478,"name":"osm_way_55490478","name_ru":null,"name_kk":null,"highway":"trunk","importance_weight":4,"kind":"road","source":"OpenStreetMap contributors","sourceId":"osm-major-roads","source_url":"https://www.openstreetmap.org/way/55490478"}},{"type":"Feature","id":"osm_way_55490480","geometry":{"type":"LineString","coordinates":[[71.3718921,51.260423],[71.3723111,51.2596152],[71.3734139,51.257007]]},"properties":{"osm_way_id":55490480,"name":"osm_way_55490480","name_ru":null,"name_kk":null,"highway":"motorway","importance_weight":5,"kind":"road","source":"OpenStreetMap contributors","sourceId":"osm-major-roads","source_url":"https://www.openstreetmap.org/way/55490480"}},{"type":"Feature","id":"osm_way_56304556","geometry":{"type":"LineString","coordinates":[[71.6982946,51.2015975],[71.7013292,51.2026033],[71.7086512,51.2051112],[71.7087163,51.2051334],[71.7173396,51.2080002],[71.7204558,51.2090299],[71.7273067,51.2112937],[71.7291868,51.2119233],[71.7352648,51.2139585],[71.7375554,51.2146759],[71.7396261,51.2152203],[71.7418684,51.2156571],[71.7430902,51.2158583],[71.743746,51.2159663],[71.7458488,51.2161948],[71.7484988,51.2163695],[71.7559407,51.2166798],[71.7655768,51.2170815],[71.768889,51.2172196],[71.7718126,51.2172263],[71.7734268,51.2171959],[71.7748943,51.2171668],[71.7760524,51.2171463],[71.7774667,51.2171197],[71.7812239,51.2171],[71.7842022,51.2170742],[71.7871441,51.2171238]]},"properties":{"osm_way_id":56304556,"name":"Аққайың - Қостомар","name_ru":"Аккаин - Костомар","name_kk":"Аққайың - Қостомар","highway":"secondary","importance_weight":2,"kind":"road","source":"OpenStreetMap contributors","sourceId":"osm-major-roads","source_url":"https://www.openstreetmap.org/way/56304556"}},{"type":"Feature","id":"osm_way_71376127","geometry":{"type":"LineString","coordinates":[[71.4045581,51.1271125],[71.4044926,51.1269525]]},"properties":{"osm_way_id":71376127,"name":"Тұран даңғылы","name_ru":"проспект Туран","name_kk":"Тұран даңғылы","highway":"primary","importance_weight":3,"kind":"road","source":"OpenStreetMap contributors","sourceId":"osm-major-roads","source_url":"https://www.openstreetmap.org/way/71376127"}},{"type":"Feature","id":"osm_way_107829237","geometry":{"type":"LineString","coordinates":[[71.4311994,51.154204],[71.4316661,51.1539419]]},"properties":{"osm_way_id":107829237,"name":"osm_way_107829237","name_ru":null,"name_kk":null,"highway":"primary","importance_weight":3,"kind":"road","source":"OpenStreetMap contributors","sourceId":"osm-major-roads","source_url":"https://www.openstreetmap.org/way/107829237"}},{"type":"Feature","id":"osm_way_107829241","geometry":{"type":"LineString","coordinates":[[71.459534,51.1910789],[71.4600669,51.1912952],[71.4613969,51.1918351],[71.4623367,51.1922345],[71.4623742,51.1922491],[71.4630214,51.192513],[71.4641012,51.1929788],[71.4647757,51.1932635],[71.4658492,51.1937167],[71.4661351,51.1938384],[71.4691527,51.1951226],[71.4703452,51.1956209],[71.472168,51.1963933],[71.4736523,51.1970334],[71.4743522,51.1973352],[71.474683,51.1974796],[71.4751306,51.1976709],[71.475522,51.1978397]]},"properties":{"osm_way_id":107829241,"name":"Алаш тас жолы","name_ru":"шоссе Алаш","name_kk":"Алаш тас жолы","highway":"primary","importance_weight":3,"kind":"road","source":"OpenStreetMap contributors","sourceId":"osm-major-roads","source_url":"https://www.openstreetmap.org/way/107829241"}},{"type":"Feature","id":"osm_way_107829245","geometry":{"type":"LineString","coordinates":[[71.4387646,51.178905],[71.4393612,51.1790689],[71.4398707,51.1792372],[71.4401617,51.1793307],[71.4404965,51.1794493],[71.4410387,51.1796592],[71.4416533,51.1799243],[71.4424449,51.180335],[71.4431817,51.180807],[71.4435423,51.1810775],[71.4437859,51.1812735],[71.4440912,51.1815399],[71.4442944,51.1817379],[71.4447236,51.182191],[71.4454471,51.1830119],[71.4458677,51.1835539],[71.4468418,51.1846811]]},"properties":{"osm_way_id":107829245,"name":"Алаш тас жолы","name_ru":"шоссе Алаш","name_kk":"Алаш тас жолы","highway":"primary","importance_weight":3,"kind":"road","source":"OpenStreetMap contributors","sourceId":"osm-major-roads","source_url":"https://www.openstreetmap.org/way/107829245"}},{"type":"Feature","id":"osm_way_107829256","geometry":{"type":"LineString","coordinates":[[71.4307871,51.1537232],[71.4320114,51.1545092],[71.4326646,51.1549753],[71.4329276,51.155163],[71.4350963,51.1566803],[71.435219,51.1567661],[71.4355601,51.1570046],[71.4355978,51.1570309],[71.4358327,51.1571949],[71.4365577,51.1576963],[71.437131,51.1580855],[71.4372963,51.1581915],[71.4374484,51.1582975],[71.437656,51.1584288],[71.4379523,51.1585953],[71.4381276,51.1586897],[71.4382768,51.158766],[71.4384316,51.1588368],[71.4386087,51.1589065],[71.4387408,51.158946],[71.4388848,51.1589834],[71.4390439,51.1590167],[71.4392143,51.1590413],[71.4393765,51.1590604],[71.4395451,51.1590706],[71.4398103,51.15908]]},"properties":{"osm_way_id":107829256,"name":"Бараев көшесі","name_ru":"улица Бараева","name_kk":null,"highway":"secondary","importance_weight":2,"kind":"road","source":"OpenStreetMap contributors","sourceId":"osm-major-roads","source_url":"https://www.openstreetmap.org/way/107829256"}},{"type":"Feature","id":"osm_way_107829291","geometry":{"type":"LineString","coordinates":[[71.4539954,51.1542438],[71.4542508,51.1539003]]},"properties":{"osm_way_id":107829291,"name":"osm_way_107829291","name_ru":null,"name_kk":null,"highway":"secondary","importance_weight":2,"kind":"road","source":"OpenStreetMap contributors","sourceId":"osm-major-roads","source_url":"https://www.openstreetmap.org/way/107829291"}},{"type":"Feature","id":"osm_way_107829292","geometry":{"type":"LineString","coordinates":[[71.4542508,51.1539003],[71.4545719,51.1534696],[71.4556288,51.1520551],[71.4556847,51.1519767],[71.4560859,51.1514378],[71.4561299,51.1513787],[71.456293,51.1511582]]},"properties":{"osm_way_id":107829292,"name":"Тәуелсіздік даңғылы","name_ru":"проспект Тауелсиздик","name_kk":"Тәуелсіздік даңғылы","highway":"secondary","importance_weight":2,"kind":"road","source":"OpenStreetMap contributors","sourceId":"osm-major-roads","source_url":"https://www.openstreetmap.org/way/107829292"}},{"type":"Feature","id":"osm_way_107829318","geometry":{"type":"LineString","coordinates":[[71.4502355,51.1883892],[71.4505792,51.1882454],[71.4507009,51.188181],[71.4507942,51.1881078],[71.4508428,51.188035],[71.4508759,51.1879515],[71.4508612,51.1878588],[71.4508081,51.1877508],[71.4506872,51.1876531],[71.4504403,51.1874237]]},"properties":{"osm_way_id":107829318,"name":"проспект Акжол","name_ru":"проспект Акжол","name_kk":"Ақжол даңғылы","highway":"secondary","importance_weight":2,"kind":"road","source":"OpenStreetMap contributors","sourceId":"osm-major-roads","source_url":"https://www.openstreetmap.org/way/107829318"}},{"type":"Feature","id":"osm_way_107829319","geometry":{"type":"LineString","coordinates":[[71.4317983,51.1540273],[71.4313339,51.1542887]]},"properties":{"osm_way_id":107829319,"name":"osm_way_107829319","name_ru":null,"name_kk":null,"highway":"primary","importance_weight":3,"kind":"road","source":"OpenStreetMap contributors","sourceId":"osm-major-roads","source_url":"https://www.openstreetmap.org/way/107829319"}},{"type":"Feature","id":"osm_way_107829336","geometry":{"type":"LineString","coordinates":[[71.4398065,51.1591719],[71.4395118,51.1591628],[71.4393443,51.1591496],[71.4391857,51.1591307],[71.439009,51.1591025],[71.4388446,51.15907],[71.4386898,51.1590335],[71.4385439,51.1589903],[71.4383267,51.1589046],[71.4381781,51.1588452],[71.4380198,51.1587667],[71.4378375,51.158665],[71.4375545,51.1584894],[71.4373311,51.1583507],[71.4371923,51.1582526],[71.4370232,51.1581448],[71.4365865,51.1578618],[71.4357062,51.1572663],[71.4356142,51.1572014],[71.4354422,51.1570782],[71.4353355,51.1570027],[71.4348824,51.1566822],[71.4337081,51.1558563]]},"properties":{"osm_way_id":107829336,"name":"Бараев көшесі","name_ru":"улица Бараева","name_kk":null,"highway":"secondary","importance_weight":2,"kind":"road","source":"OpenStreetMap contributors","sourceId":"osm-major-roads","source_url":"https://www.openstreetmap.org/way/107829336"}},{"type":"Feature","id":"osm_way_107829339","geometry":{"type":"LineString","coordinates":[[71.4067604,51.1752651],[71.4075132,51.175341],[71.4077445,51.1753643],[71.4099904,51.1755899],[71.410827,51.1756748],[71.411108,51.1757017]]},"properties":{"osm_way_id":107829339,"name":"Бөгенбай Батыр даңғылы","name_ru":"проспект Богенбай Батыра","name_kk":null,"highway":"primary","importance_weight":3,"kind":"road","source":"OpenStreetMap contributors","sourceId":"osm-major-roads","source_url":"https://www.openstreetmap.org/way/107829339"}},{"type":"Feature","id":"osm_way_107829340","geometry":{"type":"LineString","coordinates":[[71.4526534,51.1883319],[71.4523553,51.1882685],[71.45189,51.1881833],[71.4516509,51.1881538],[71.451457,51.1881442],[71.4512484,51.1881503],[71.4510667,51.1881745],[71.4508468,51.1882233],[71.4506353,51.1882848],[71.4502355,51.1883892]]},"properties":{"osm_way_id":107829340,"name":"проспект Акжол","name_ru":"проспект Акжол","name_kk":"Ақжол даңғылы","highway":"secondary","importance_weight":2,"kind":"road","source":"OpenStreetMap contributors","sourceId":"osm-major-roads","source_url":"https://www.openstreetmap.org/way/107829340"}},{"type":"Feature","id":"osm_way_112166895","geometry":{"type":"LineString","coordinates":[[71.5255384,51.1393976],[71.5253339,51.1395962],[71.5252922,51.1396707],[71.5252893,51.1397442],[71.5253004,51.139787],[71.5253301,51.1398277],[71.5269519,51.1414754],[71.5270105,51.1415857],[71.5270202,51.1417063],[71.5270112,51.1417527],[71.526909,51.1423438],[71.52691,51.1424526],[71.5269902,51.1427776]]},"properties":{"osm_way_id":112166895,"name":"osm_way_112166895","name_ru":null,"name_kk":null,"highway":"secondary","importance_weight":2,"kind":"road","source":"OpenStreetMap contributors","sourceId":"osm-major-roads","source_url":"https://www.openstreetmap.org/way/112166895"}},{"type":"Feature","id":"osm_way_112456419","geometry":{"type":"LineString","coordinates":[[71.4766814,51.1647812],[71.4772236,51.1646263]]},"properties":{"osm_way_id":112456419,"name":"Шәкәрім Құдайбердіұлы даңғылы","name_ru":"проспект Шaкaрима Кудайбердыулы","name_kk":"Шәкәрім Құдайбердіұлы даңғылы","highway":"secondary","importance_weight":2,"kind":"road","source":"OpenStreetMap contributors","sourceId":"osm-major-roads","source_url":"https://www.openstreetmap.org/way/112456419"}},{"type":"Feature","id":"osm_way_112606185","geometry":{"type":"LineString","coordinates":[[71.620337,51.1262153],[71.6208219,51.126794]]},"properties":{"osm_way_id":112606185,"name":"Астана айналма жолы","name_ru":"Объездная Астаны","name_kk":"Астана айналма жолы","highway":"trunk","importance_weight":4,"kind":"road","source":"OpenStreetMap contributors","sourceId":"osm-major-roads","source_url":"https://www.openstreetmap.org/way/112606185"}},{"type":"Feature","id":"osm_way_112606189","geometry":{"type":"LineString","coordinates":[[71.6208219,51.126794],[71.6211998,51.1272517],[71.6228027,51.1291532]]},"properties":{"osm_way_id":112606189,"name":"Астана айналма жолы","name_ru":"Объездная Астаны","name_kk":"Астана айналма жолы","highway":"trunk","importance_weight":4,"kind":"road","source":"OpenStreetMap contributors","sourceId":"osm-major-roads","source_url":"https://www.openstreetmap.org/way/112606189"}},{"type":"Feature","id":"osm_way_122102404","geometry":{"type":"LineString","coordinates":[[71.3735327,51.2570196],[71.3724187,51.2596339],[71.3721283,51.2604273]]},"properties":{"osm_way_id":122102404,"name":"osm_way_122102404","name_ru":null,"name_kk":null,"highway":"motorway","importance_weight":5,"kind":"road","source":"OpenStreetMap contributors","sourceId":"osm-major-roads","source_url":"https://www.openstreetmap.org/way/122102404"}},{"type":"Feature","id":"osm_way_132781684","geometry":{"type":"LineString","coordinates":[[71.3153031,51.1351882],[71.3137917,51.1342406],[71.3134466,51.1340245],[71.312854,51.1336534],[71.3124855,51.1334226],[71.3103697,51.1320775],[71.3096255,51.1316044],[71.3094608,51.1314983],[71.3092703,51.1313788],[71.3087417,51.1310472],[71.3085747,51.1309424],[71.3081265,51.1306692],[71.3046539,51.1285226],[71.3040753,51.1281932],[71.3037429,51.1280251],[71.3029311,51.1276137],[71.3026643,51.1274785],[71.3014728,51.1269611],[71.3001823,51.1264949],[71.2993406,51.1261908],[71.2991511,51.1261234],[71.2988927,51.1260333],[71.2983683,51.1258479],[71.2976783,51.1256178],[71.2934237,51.1240919],[71.2931454,51.1240069],[71.292309,51.1237256],[71.2920977,51.1236502],[71.291821,51.1235519],[71.2911897,51.1233285],[71.290347,51.1230304],[71.2867631,51.1217471],[71.2861569,51.1215328],[71.2851203,51.1211525],[71.2821207,51.1200833],[71.2815931,51.1198833],[71.2815373,51.1198622],[71.2813024,51.1197754]]},"properties":{"osm_way_id":132781684,"name":"Қорғалжын тас жолы","name_ru":"Коргалжинское шоссе","name_kk":"Қорғалжын тас жолы","highway":"primary","importance_weight":3,"kind":"road","source":"OpenStreetMap contributors","sourceId":"osm-major-roads","source_url":"https://www.openstreetmap.org/way/132781684"}},{"type":"Feature","id":"osm_way_139537456","geometry":{"type":"LineString","coordinates":[[71.4157318,51.1364433],[71.4156588,51.136317],[71.415641,51.1362835],[71.4155419,51.1360964],[71.4151951,51.1354376]]},"properties":{"osm_way_id":139537456,"name":"Қабанбай Батыр даңғылы","name_ru":"проспект Кабанбай Батыра","name_kk":"Қабанбай Батыр даңғылы","highway":"secondary","importance_weight":2,"kind":"road","source":"OpenStreetMap contributors","sourceId":"osm-major-roads","source_url":"https://www.openstreetmap.org/way/139537456"}},{"type":"Feature","id":"osm_way_140856686","geometry":{"type":"LineString","coordinates":[[71.3072332,51.2012355],[71.3065135,51.2004846]]},"properties":{"osm_way_id":140856686,"name":"Астана айналма жолы","name_ru":"Объездная Астаны","name_kk":"Астана айналма жолы","highway":"trunk","importance_weight":4,"kind":"road","source":"OpenStreetMap contributors","sourceId":"osm-major-roads","source_url":"https://www.openstreetmap.org/way/140856686"}},{"type":"Feature","id":"osm_way_140856687","geometry":{"type":"LineString","coordinates":[[71.3067437,51.2004079],[71.3074563,51.2011614]]},"properties":{"osm_way_id":140856687,"name":"Астана айналма жолы","name_ru":"Объездная Астаны","name_kk":"Астана айналма жолы","highway":"trunk","importance_weight":4,"kind":"road","source":"OpenStreetMap contributors","sourceId":"osm-major-roads","source_url":"https://www.openstreetmap.org/way/140856687"}},{"type":"Feature","id":"osm_way_141352018","geometry":{"type":"LineString","coordinates":[[71.4664262,51.1174263],[71.4661533,51.1174692],[71.4659011,51.1175108],[71.4638238,51.1178619],[71.4633063,51.1179439],[71.4608458,51.1183165],[71.4599326,51.1184529],[71.4585901,51.1186839],[71.4569949,51.1189309],[71.4566078,51.1189895]]},"properties":{"osm_way_id":141352018,"name":"Шәмші Қалдаяқов көшесі","name_ru":"улица Шамши Калдаяков","name_kk":null,"highway":"secondary","importance_weight":2,"kind":"road","source":"OpenStreetMap contributors","sourceId":"osm-major-roads","source_url":"https://www.openstreetmap.org/way/141352018"}},{"type":"Feature","id":"osm_way_158196190","geometry":{"type":"LineString","coordinates":[[71.456293,51.1511582],[71.4564646,51.1509206],[71.4567277,51.1505515],[71.457455,51.1495308],[71.4578455,51.1489763],[71.4578848,51.1489276],[71.4579296,51.1488674],[71.4580225,51.1487344],[71.4590509,51.1472892],[71.459593,51.1465303],[71.4598446,51.1461773],[71.4599651,51.1460081]]},"properties":{"osm_way_id":158196190,"name":"Тәуелсіздік даңғылы","name_ru":"проспект Тауелсиздик","name_kk":"Тәуелсіздік даңғылы","highway":"secondary","importance_weight":2,"kind":"road","source":"OpenStreetMap contributors","sourceId":"osm-major-roads","source_url":"https://www.openstreetmap.org/way/158196190"}},{"type":"Feature","id":"osm_way_158196192","geometry":{"type":"LineString","coordinates":[[71.4703128,51.127658],[71.4702581,51.127515]]},"properties":{"osm_way_id":158196192,"name":"Тәуелсіздік даңғылы","name_ru":"проспект Тауелсиздик","name_kk":"Тәуелсіздік даңғылы","highway":"secondary","importance_weight":2,"kind":"road","source":"OpenStreetMap contributors","sourceId":"osm-major-roads","source_url":"https://www.openstreetmap.org/way/158196192"}},{"type":"Feature","id":"osm_way_165569285","geometry":{"type":"LineString","coordinates":[[71.4785091,51.1574326],[71.4783708,51.1573219],[71.4783467,51.1572962],[71.478199,51.1571386],[71.4778519,51.156782],[71.4777024,51.1566203],[71.4776554,51.1565544],[71.4776408,51.1565043],[71.4776432,51.1564573],[71.4776554,51.1564047]]},"properties":{"osm_way_id":165569285,"name":"osm_way_165569285","name_ru":null,"name_kk":null,"highway":"secondary","importance_weight":2,"kind":"road","source":"OpenStreetMap contributors","sourceId":"osm-major-roads","source_url":"https://www.openstreetmap.org/way/165569285"}},{"type":"Feature","id":"osm_way_165600642","geometry":{"type":"LineString","coordinates":[[71.4013792,51.1176393],[71.4014477,51.1178307],[71.4015247,51.1180461],[71.4021366,51.1197571],[71.4022053,51.1199493],[71.4026838,51.1212871],[71.402747,51.121464],[71.4027723,51.1215346],[71.4030071,51.1221912],[71.4032756,51.122942],[71.4035052,51.1235996],[71.4035295,51.1236615],[71.4038153,51.1244826],[71.4042999,51.1258881],[71.4043915,51.1261064],[71.4045942,51.1266793],[71.404621,51.126742],[71.4046735,51.126925]]},"properties":{"osm_way_id":165600642,"name":"Тұран даңғылы","name_ru":"проспект Туран","name_kk":"Тұран даңғылы","highway":"primary","importance_weight":3,"kind":"road","source":"OpenStreetMap contributors","sourceId":"osm-major-roads","source_url":"https://www.openstreetmap.org/way/165600642"}},{"type":"Feature","id":"osm_way_165600644","geometry":{"type":"LineString","coordinates":[[71.3955509,51.0707706],[71.3953951,51.0707973],[71.3953243,51.0708077],[71.3951334,51.0708421],[71.3942835,51.0714008],[71.3941102,51.0715147],[71.3936731,51.071802],[71.3897957,51.0742158],[71.388801,51.0748321],[71.3884876,51.0750609],[71.3881219,51.0754444],[71.3879852,51.0755877],[71.3879088,51.07572],[71.3877975,51.0759128],[71.3875723,51.0763027],[71.387384,51.0767632],[71.387349,51.0768511],[71.3872552,51.0774373],[71.3872464,51.0775185],[71.3872445,51.0779428],[71.387456,51.0786532]]},"properties":{"osm_way_id":165600644,"name":"Тұран даңғылы","name_ru":"проспект Туран","name_kk":"Тұран даңғылы","highway":"primary","importance_weight":3,"kind":"road","source":"OpenStreetMap contributors","sourceId":"osm-major-roads","source_url":"https://www.openstreetmap.org/way/165600644"}},{"type":"Feature","id":"osm_way_165600645","geometry":{"type":"LineString","coordinates":[[71.3963106,51.070679],[71.3962593,51.0708837],[71.3962244,51.0710012],[71.3962249,51.0711364],[71.3962091,51.0714457]]},"properties":{"osm_way_id":165600645,"name":"Қабанбай Батыр даңғылы","name_ru":"проспект Кабанбай Батыра","name_kk":"Қабанбай Батыр даңғылы","highway":"secondary","importance_weight":2,"kind":"road","source":"OpenStreetMap contributors","sourceId":"osm-major-roads","source_url":"https://www.openstreetmap.org/way/165600645"}},{"type":"Feature","id":"osm_way_165600646","geometry":{"type":"LineString","coordinates":[[71.387456,51.0786532],[71.3875907,51.0790317]]},"properties":{"osm_way_id":165600646,"name":"Тұран даңғылы","name_ru":"проспект Туран","name_kk":"Тұран даңғылы","highway":"primary","importance_weight":3,"kind":"road","source":"OpenStreetMap contributors","sourceId":"osm-major-roads","source_url":"https://www.openstreetmap.org/way/165600646"}},{"type":"Feature","id":"osm_way_165608298","geometry":{"type":"LineString","coordinates":[[71.3808364,51.0228409],[71.381092,51.0252996],[71.3813695,51.0269839],[71.3817936,51.0299837],[71.3819092,51.0306335],[71.3820541,51.031448],[71.3824572,51.0329121],[71.3832293,51.0350734],[71.3840421,51.0373404],[71.3848846,51.0396833],[71.3871296,51.0461323],[71.3879317,51.0484293],[71.388824,51.0507071],[71.3902964,51.0549978],[71.3915951,51.0586398],[71.392176,51.0603225],[71.3927005,51.0618183],[71.3933427,51.0636408],[71.3937056,51.0647091],[71.3944802,51.0668133],[71.3946144,51.0672566],[71.3948396,51.0678155],[71.3952312,51.0688065],[71.3955391,51.0696762],[71.3956756,51.0699208],[71.3958369,51.0700701],[71.3960542,51.0702138]]},"properties":{"osm_way_id":165608298,"name":"osm_way_165608298","name_ru":null,"name_kk":null,"highway":"primary","importance_weight":3,"kind":"road","source":"OpenStreetMap contributors","sourceId":"osm-major-roads","source_url":"https://www.openstreetmap.org/way/165608298"}},{"type":"Feature","id":"osm_way_165608299","geometry":{"type":"LineString","coordinates":[[71.41077,51.0612776],[71.4097118,51.0619223]]},"properties":{"osm_way_id":165608299,"name":"Қабанбай Батыр даңғылы","name_ru":"проспект Кабанбай Батыра","name_kk":"Қабанбай Батыр даңғылы","highway":"primary","importance_weight":3,"kind":"road","source":"OpenStreetMap contributors","sourceId":"osm-major-roads","source_url":"https://www.openstreetmap.org/way/165608299"}},{"type":"Feature","id":"osm_way_165608300","geometry":{"type":"LineString","coordinates":[[71.3954044,51.0703707],[71.3954514,51.0702348],[71.3954672,51.0701373],[71.3954461,51.0700121],[71.395379,51.0698215],[71.3952789,51.0695213],[71.3951401,51.0691594],[71.3949613,51.068693],[71.3947214,51.0681076],[71.394417,51.0672408],[71.3942728,51.0668303],[71.3940839,51.0663059],[71.3937576,51.0654002],[71.3934989,51.0646471],[71.3934881,51.0646167],[71.3931609,51.0636567],[71.3918026,51.0598303],[71.3912728,51.0583318],[71.3900917,51.0550102],[71.3885365,51.0506898],[71.3880381,51.049305],[71.3869038,51.0461535],[71.3845611,51.039562],[71.3843685,51.0390522],[71.3837596,51.0373792],[71.3829167,51.0350829],[71.3821444,51.0328395],[71.3818182,51.0317038],[71.3815342,51.0302757],[71.3813496,51.0288162],[71.3811018,51.0268183],[71.3809002,51.025754],[71.3808628,51.0251724],[71.3805272,51.022875]]},"properties":{"osm_way_id":165608300,"name":"Қарқаралы тас жолы көшесі","name_ru":"шоссе Каркаралы","name_kk":null,"highway":"primary","importance_weight":3,"kind":"road","source":"OpenStreetMap contributors","sourceId":"osm-major-roads","source_url":"https://www.openstreetmap.org/way/165608300"}},{"type":"Feature","id":"osm_way_165608307","geometry":{"type":"LineString","coordinates":[[71.4100795,51.1102108],[71.4096572,51.1090519],[71.4094938,51.1086036],[71.4090509,51.1073761],[71.4090164,51.1072805],[71.4090047,51.1072475],[71.4089929,51.1072146]]},"properties":{"osm_way_id":165608307,"name":"Қабанбай Батыр даңғылы","name_ru":"проспект Кабанбай Батыра","name_kk":"Қабанбай Батыр даңғылы","highway":"secondary","importance_weight":2,"kind":"road","source":"OpenStreetMap contributors","sourceId":"osm-major-roads","source_url":"https://www.openstreetmap.org/way/165608307"}},{"type":"Feature","id":"osm_way_165609286","geometry":{"type":"LineString","coordinates":[[71.4476909,51.0383894],[71.4428686,51.0413695]]},"properties":{"osm_way_id":165609286,"name":"Қабанбай Батыр даңғылы","name_ru":"проспект Кабанбай Батыра","name_kk":"Қабанбай Батыр даңғылы","highway":"primary","importance_weight":3,"kind":"road","source":"OpenStreetMap contributors","sourceId":"osm-major-roads","source_url":"https://www.openstreetmap.org/way/165609286"}},{"type":"Feature","id":"osm_way_165612466","geometry":{"type":"LineString","coordinates":[[71.5426342,51.0549945],[71.5407347,51.0547071],[71.5388032,51.0544635],[71.5225338,51.0527153],[71.5220909,51.0526677],[71.5125854,51.0516418],[71.4983679,51.0500964],[71.4969879,51.0499229],[71.4947154,51.0495605],[71.4934245,51.0493137],[71.4931888,51.0492686],[71.4916673,51.0489322],[71.4899997,51.0485198],[71.4879185,51.0479307],[71.4865721,51.0475101],[71.4854109,51.047109],[71.4853467,51.0470868],[71.4811352,51.0455029],[71.4788648,51.0446491],[71.4738851,51.0428439],[71.4707936,51.0416567],[71.4668185,51.0401742],[71.4592972,51.0373446],[71.4585407,51.0370604],[71.4542466,51.0354471],[71.4539542,51.0353424],[71.4534044,51.0351491]]},"properties":{"osm_way_id":165612466,"name":"Астана айналма жолы","name_ru":"Объездная Астаны","name_kk":"Астана айналма жолы","highway":"trunk","importance_weight":4,"kind":"road","source":"OpenStreetMap contributors","sourceId":"osm-major-roads","source_url":"https://www.openstreetmap.org/way/165612466"}},{"type":"Feature","id":"osm_way_165613702","geometry":{"type":"LineString","coordinates":[[71.3809251,51.0030112],[71.38104,51.0031093],[71.3811325,51.0031573],[71.3812317,51.0031885],[71.3813763,51.003211],[71.3815168,51.0032229],[71.3816409,51.0032263]]},"properties":{"osm_way_id":165613702,"name":"Республика көшесі","name_ru":"улица Республики","name_kk":null,"highway":"secondary","importance_weight":2,"kind":"road","source":"OpenStreetMap contributors","sourceId":"osm-major-roads","source_url":"https://www.openstreetmap.org/way/165613702"}},{"type":"Feature","id":"osm_way_165613705","geometry":{"type":"LineString","coordinates":[[71.3819308,51.0014086],[71.3821682,50.9984596],[71.3822128,50.9978411],[71.3822634,50.9972011],[71.3823472,50.996141],[71.3824175,50.9952521],[71.3824787,50.9944658],[71.3826634,50.9920941],[71.3828149,50.9914529],[71.3831511,50.9907064],[71.3836927,50.990007],[71.3842769,50.9893779],[71.3910468,50.9820859],[71.391408,50.9816936],[71.3919486,50.9811359],[71.3925582,50.9803562],[71.3929277,50.9796711],[71.3931023,50.9790549],[71.3931879,50.9785697],[71.3932133,50.9781491],[71.3930809,50.974359],[71.3929991,50.9682724],[71.3929967,50.9680915],[71.392974,50.9672898],[71.3929425,50.9664481],[71.3928784,50.9640457],[71.3928379,50.9626958],[71.3927461,50.9619935],[71.3925418,50.9612998],[71.3921868,50.9601432],[71.3921572,50.960049]]},"properties":{"osm_way_id":165613705,"name":"Қарқаралы тас жолы","name_ru":"шоссе Каркаралы","name_kk":null,"highway":"trunk","importance_weight":4,"kind":"road","source":"OpenStreetMap contributors","sourceId":"osm-major-roads","source_url":"https://www.openstreetmap.org/way/165613705"}},{"type":"Feature","id":"osm_way_165613707","geometry":{"type":"LineString","coordinates":[[71.3815508,51.0039076],[71.381603,51.0036358],[71.3816409,51.0032263],[71.3816741,51.0028442],[71.3817084,51.0026066],[71.3817602,51.002278],[71.3819308,51.0014086]]},"properties":{"osm_way_id":165613707,"name":"osm_way_165613707","name_ru":null,"name_kk":null,"highway":"trunk","importance_weight":4,"kind":"road","source":"OpenStreetMap contributors","sourceId":"osm-major-roads","source_url":"https://www.openstreetmap.org/way/165613707"}},{"type":"Feature","id":"osm_way_165615351","geometry":{"type":"LineString","coordinates":[[71.4385227,51.1123173],[71.4382785,51.1123529]]},"properties":{"osm_way_id":165615351,"name":"Керей Және Жәнібек Хандар көшесі","name_ru":"улица Керей и Жанибек хандар","name_kk":"Керей Және Жәнібек Хандар көшесі","highway":"secondary","importance_weight":2,"kind":"road","source":"OpenStreetMap contributors","sourceId":"osm-major-roads","source_url":"https://www.openstreetmap.org/way/165615351"}},{"type":"Feature","id":"osm_way_165625144","geometry":{"type":"LineString","coordinates":[[71.4344718,51.1333338],[71.4344378,51.1332524]]},"properties":{"osm_way_id":165625144,"name":"Түркістан көшесі","name_ru":"улица Туркестан","name_kk":"Түркістан көшесі","highway":"secondary","importance_weight":2,"kind":"road","source":"OpenStreetMap contributors","sourceId":"osm-major-roads","source_url":"https://www.openstreetmap.org/way/165625144"}},{"type":"Feature","id":"osm_way_165625148","geometry":{"type":"LineString","coordinates":[[71.4341204,51.1324898],[71.4340224,51.1322544]]},"properties":{"osm_way_id":165625148,"name":"Түркістан көшесі","name_ru":"улица Туркестан","name_kk":"Түркістан көшесі","highway":"secondary","importance_weight":2,"kind":"road","source":"OpenStreetMap contributors","sourceId":"osm-major-roads","source_url":"https://www.openstreetmap.org/way/165625148"}},{"type":"Feature","id":"osm_way_165626218","geometry":{"type":"LineString","coordinates":[[71.4687405,51.1788851],[71.4681171,51.1790849],[71.467263,51.1793585],[71.4672287,51.1793695],[71.4644848,51.1802488],[71.4638131,51.1804651],[71.4636179,51.180528],[71.4635179,51.1805603],[71.4632739,51.180639],[71.4629594,51.18074],[71.462085,51.1810234],[71.4590134,51.182019],[71.456213,51.1829266]]},"properties":{"osm_way_id":165626218,"name":"проспект Акжол","name_ru":"проспект Акжол","name_kk":"Ақжол даңғылы","highway":"secondary","importance_weight":2,"kind":"road","source":"OpenStreetMap contributors","sourceId":"osm-major-roads","source_url":"https://www.openstreetmap.org/way/165626218"}},{"type":"Feature","id":"osm_way_165626219","geometry":{"type":"LineString","coordinates":[[71.4687649,51.1787396],[71.4695919,51.1784403],[71.4716837,51.1776834],[71.4732632,51.1770657],[71.4742941,51.1767026],[71.4748619,51.1765029],[71.4756772,51.1762161],[71.4763139,51.1759772],[71.4769781,51.1757267],[71.4771592,51.17566],[71.4775457,51.1755149],[71.4777787,51.1754275],[71.4785126,51.1751372],[71.4787157,51.1750623],[71.4808424,51.1742827]]},"properties":{"osm_way_id":165626219,"name":"проспект Акжол","name_ru":"проспект Акжол","name_kk":"Ақжол даңғылы","highway":"secondary","importance_weight":2,"kind":"road","source":"OpenStreetMap contributors","sourceId":"osm-major-roads","source_url":"https://www.openstreetmap.org/way/165626219"}},{"type":"Feature","id":"osm_way_165626220","geometry":{"type":"LineString","coordinates":[[71.4473455,51.186008],[71.4474093,51.1859106],[71.4474807,51.185842],[71.4482236,51.1855077]]},"properties":{"osm_way_id":165626220,"name":"проспект Акжол","name_ru":"проспект Акжол","name_kk":"Ақжол даңғылы","highway":"secondary","importance_weight":2,"kind":"road","source":"OpenStreetMap contributors","sourceId":"osm-major-roads","source_url":"https://www.openstreetmap.org/way/165626220"}},{"type":"Feature","id":"osm_way_165628639","geometry":{"type":"LineString","coordinates":[[71.4812241,51.1743292],[71.4791628,51.1750711],[71.478668,51.1752443],[71.4779112,51.1755133],[71.4776393,51.1756131],[71.4769074,51.1758817],[71.475817,51.1762819],[71.4743923,51.1768047],[71.4739583,51.1769643],[71.4738906,51.17699],[71.4732268,51.1772426],[71.4728155,51.177399],[71.4717617,51.1777784],[71.4706942,51.1781694],[71.4697335,51.1785214],[71.4687405,51.1788851]]},"properties":{"osm_way_id":165628639,"name":"проспект Акжол","name_ru":"проспект Акжол","name_kk":"Ақжол даңғылы","highway":"secondary","importance_weight":2,"kind":"road","source":"OpenStreetMap contributors","sourceId":"osm-major-roads","source_url":"https://www.openstreetmap.org/way/165628639"}},{"type":"Feature","id":"osm_way_165630267","geometry":{"type":"LineString","coordinates":[[71.5405227,51.1520672],[71.5417061,51.1516993],[71.5438213,51.1509337],[71.5442385,51.1507972],[71.544577,51.1507153],[71.5455035,51.1505655],[71.5464965,51.1503622],[71.5480314,51.1501255],[71.5495641,51.1499319]]},"properties":{"osm_way_id":165630267,"name":"Ақжол даңғылы","name_ru":"проспект Акжол","name_kk":"Ақжол даңғылы","highway":"secondary","importance_weight":2,"kind":"road","source":"OpenStreetMap contributors","sourceId":"osm-major-roads","source_url":"https://www.openstreetmap.org/way/165630267"}},{"type":"Feature","id":"osm_way_165630892","geometry":{"type":"LineString","coordinates":[[71.4881609,51.1718605],[71.4874026,51.1721459],[71.4869878,51.1722897],[71.4855359,51.1728121],[71.4843749,51.1732206],[71.4821867,51.1739905],[71.4812241,51.1743292]]},"properties":{"osm_way_id":165630892,"name":"проспект Акжол","name_ru":"проспект Акжол","name_kk":"Ақжол даңғылы","highway":"secondary","importance_weight":2,"kind":"road","source":"OpenStreetMap contributors","sourceId":"osm-major-roads","source_url":"https://www.openstreetmap.org/way/165630892"}},{"type":"Feature","id":"osm_way_165759887","geometry":{"type":"LineString","coordinates":[[71.4044926,51.1269525],[71.4046735,51.126925]]},"properties":{"osm_way_id":165759887,"name":"Сығанақ көшесі","name_ru":"улица Сыганак","name_kk":"Сығанақ көшесі","highway":"secondary","importance_weight":2,"kind":"road","source":"OpenStreetMap contributors","sourceId":"osm-major-roads","source_url":"https://www.openstreetmap.org/way/165759887"}},{"type":"Feature","id":"osm_way_165802519","geometry":{"type":"LineString","coordinates":[[71.4537285,51.1191951],[71.4538328,51.1191804],[71.4539908,51.1191586],[71.4541157,51.1191401]]},"properties":{"osm_way_id":165802519,"name":"Шәмші Қалдаяқов көшесі","name_ru":"улица Шамши Калдаяков","name_kk":null,"highway":"secondary","importance_weight":2,"kind":"road","source":"OpenStreetMap contributors","sourceId":"osm-major-roads","source_url":"https://www.openstreetmap.org/way/165802519"}},{"type":"Feature","id":"osm_way_165802521","geometry":{"type":"LineString","coordinates":[[71.4370626,51.1220468],[71.4360029,51.1222124]]},"properties":{"osm_way_id":165802521,"name":"Сығанақ көшесі","name_ru":"улица Сыганак","name_kk":"Сығанақ көшесі","highway":"secondary","importance_weight":2,"kind":"road","source":"OpenStreetMap contributors","sourceId":"osm-major-roads","source_url":"https://www.openstreetmap.org/way/165802521"}},{"type":"Feature","id":"osm_way_165802523","geometry":{"type":"LineString","coordinates":[[71.4429794,51.120931],[71.4452898,51.1205846],[71.4487551,51.1200249]]},"properties":{"osm_way_id":165802523,"name":"Арыс көпірі көшесі","name_ru":"улица Мост Арыс","name_kk":null,"highway":"secondary","importance_weight":2,"kind":"road","source":"OpenStreetMap contributors","sourceId":"osm-major-roads","source_url":"https://www.openstreetmap.org/way/165802523"}},{"type":"Feature","id":"osm_way_165802526","geometry":{"type":"LineString","coordinates":[[71.4320452,51.1228051],[71.431838,51.1228375],[71.4306554,51.1230269],[71.4303702,51.1230726],[71.4301862,51.1231012],[71.4269196,51.1236047]]},"properties":{"osm_way_id":165802526,"name":"Сығанақ көшесі","name_ru":"улица Сыганак","name_kk":"Сығанақ көшесі","highway":"secondary","importance_weight":2,"kind":"road","source":"OpenStreetMap contributors","sourceId":"osm-major-roads","source_url":"https://www.openstreetmap.org/way/165802526"}},{"type":"Feature","id":"osm_way_165802528","geometry":{"type":"LineString","coordinates":[[71.435776,51.1220504],[71.4369883,51.1218566]]},"properties":{"osm_way_id":165802528,"name":"Сығанақ көшесі","name_ru":"улица Сыганак","name_kk":"Сығанақ көшесі","highway":"secondary","importance_weight":2,"kind":"road","source":"OpenStreetMap contributors","sourceId":"osm-major-roads","source_url":"https://www.openstreetmap.org/way/165802528"}},{"type":"Feature","id":"osm_way_165802530","geometry":{"type":"LineString","coordinates":[[71.4369883,51.1218566],[71.4372071,51.121822],[71.4382349,51.1216597],[71.4386999,51.1215863],[71.4388031,51.12157],[71.4393014,51.1214872],[71.4396321,51.1214358],[71.4429794,51.120931]]},"properties":{"osm_way_id":165802530,"name":"Сығанақ көшесі","name_ru":"улица Сыганак","name_kk":"Сығанақ көшесі","highway":"secondary","importance_weight":2,"kind":"road","source":"OpenStreetMap contributors","sourceId":"osm-major-roads","source_url":"https://www.openstreetmap.org/way/165802530"}},{"type":"Feature","id":"osm_way_165805744","geometry":{"type":"LineString","coordinates":[[71.473173,51.1191816],[71.4724124,51.1192999],[71.4721314,51.1193433],[71.471021,51.1195151],[71.470189,51.1196437],[71.4701359,51.1196519],[71.4680317,51.1199772],[71.4679695,51.1199868],[71.4678845,51.1200001],[71.4674414,51.1200636]]},"properties":{"osm_way_id":165805744,"name":"Жұмекен Нәжімеденов көшесі","name_ru":"улица Жумекена Нажимеденова","name_kk":null,"highway":"secondary","importance_weight":2,"kind":"road","source":"OpenStreetMap contributors","sourceId":"osm-major-roads","source_url":"https://www.openstreetmap.org/way/165805744"}},{"type":"Feature","id":"osm_way_165805748","geometry":{"type":"LineString","coordinates":[[71.4828156,51.1176571],[71.4810139,51.1179452],[71.4808789,51.1179609],[71.4785702,51.1183236],[71.4768413,51.1185953]]},"properties":{"osm_way_id":165805748,"name":"Жұмекен Нәжімеденов көшесі","name_ru":"улица Жумекена Нажимеденова","name_kk":null,"highway":"secondary","importance_weight":2,"kind":"road","source":"OpenStreetMap contributors","sourceId":"osm-major-roads","source_url":"https://www.openstreetmap.org/way/165805748"}},{"type":"Feature","id":"osm_way_165809655","geometry":{"type":"LineString","coordinates":[[71.3950445,51.1000041],[71.3952765,51.0999708],[71.3964172,51.0998073],[71.3969566,51.09973],[71.3981836,51.0995541],[71.4003427,51.0992446],[71.4004243,51.0992329],[71.4043937,51.0986639],[71.4055175,51.0985029],[71.405608,51.09849]]},"properties":{"osm_way_id":165809655,"name":"Ұлы Дала даңғылы","name_ru":"проспект Улы Дала","name_kk":"Ұлы Дала даңғылы","highway":"secondary","importance_weight":2,"kind":"road","source":"OpenStreetMap contributors","sourceId":"osm-major-roads","source_url":"https://www.openstreetmap.org/way/165809655"}},{"type":"Feature","id":"osm_way_165809656","geometry":{"type":"LineString","coordinates":[[71.4112431,51.0978059],[71.4106722,51.0978838],[71.4104897,51.0979145],[71.407173,51.0983856],[71.4063469,51.0985046],[71.406328,51.0985087]]},"properties":{"osm_way_id":165809656,"name":"Ұлы Дала даңғылы","name_ru":"проспект Улы Дала","name_kk":"Ұлы Дала даңғылы","highway":"secondary","importance_weight":2,"kind":"road","source":"OpenStreetMap contributors","sourceId":"osm-major-roads","source_url":"https://www.openstreetmap.org/way/165809656"}},{"type":"Feature","id":"osm_way_165815504","geometry":{"type":"LineString","coordinates":[[71.4268388,51.0954775],[71.4270235,51.0954537]]},"properties":{"osm_way_id":165815504,"name":"Ұлы Дала даңғылы","name_ru":"проспект Улы Дала","name_kk":"Ұлы Дала даңғылы","highway":"secondary","importance_weight":2,"kind":"road","source":"OpenStreetMap contributors","sourceId":"osm-major-roads","source_url":"https://www.openstreetmap.org/way/165815504"}},{"type":"Feature","id":"osm_way_165815946","geometry":{"type":"LineString","coordinates":[[71.4135229,51.05957],[71.4134605,51.0596089],[71.4129016,51.059958],[71.4128234,51.0600068]]},"properties":{"osm_way_id":165815946,"name":"Қабанбай Батыр даңғылы","name_ru":"проспект Кабанбай Батыра","name_kk":"Қабанбай Батыр даңғылы","highway":"primary","importance_weight":3,"kind":"road","source":"OpenStreetMap contributors","sourceId":"osm-major-roads","source_url":"https://www.openstreetmap.org/way/165815946"}},{"type":"Feature","id":"osm_way_165815947","geometry":{"type":"LineString","coordinates":[[71.4110811,51.0610811],[71.41077,51.0612776]]},"properties":{"osm_way_id":165815947,"name":"Қабанбай Батыр даңғылы","name_ru":"проспект Кабанбай Батыра","name_kk":"Қабанбай Батыр даңғылы","highway":"primary","importance_weight":3,"kind":"road","source":"OpenStreetMap contributors","sourceId":"osm-major-roads","source_url":"https://www.openstreetmap.org/way/165815947"}},{"type":"Feature","id":"osm_way_165816974","geometry":{"type":"LineString","coordinates":[[71.4305857,51.1046317],[71.4305187,51.1047763],[71.4304633,51.1048459],[71.4303904,51.1049026],[71.4302826,51.1049228],[71.4301776,51.1049118],[71.4300494,51.1048587],[71.4299124,51.1047617]]},"properties":{"osm_way_id":165816974,"name":"osm_way_165816974","name_ru":null,"name_kk":null,"highway":"secondary","importance_weight":2,"kind":"road","source":"OpenStreetMap contributors","sourceId":"osm-major-roads","source_url":"https://www.openstreetmap.org/way/165816974"}},{"type":"Feature","id":"osm_way_165816975","geometry":{"type":"LineString","coordinates":[[71.4296019,51.1038746],[71.4296426,51.1037424],[71.4296869,51.1036857],[71.429747,51.1036402],[71.4298373,51.1036079],[71.4299435,51.1035991],[71.4300231,51.1036224],[71.4301063,51.1036579],[71.4301823,51.1037057],[71.4303834,51.1039589]]},"properties":{"osm_way_id":165816975,"name":"osm_way_165816975","name_ru":null,"name_kk":null,"highway":"secondary","importance_weight":2,"kind":"road","source":"OpenStreetMap contributors","sourceId":"osm-major-roads","source_url":"https://www.openstreetmap.org/way/165816975"}},{"type":"Feature","id":"osm_way_165816979","geometry":{"type":"LineString","coordinates":[[71.4421977,51.1366957],[71.4418618,51.13616],[71.4417699,51.1359786],[71.4417071,51.1358456],[71.4416312,51.1356635],[71.4415138,51.1353414],[71.4414335,51.1350423],[71.4413607,51.1347756],[71.4412536,51.1344536],[71.4411792,51.1342542],[71.4410678,51.133928],[71.4410225,51.1338136],[71.440959,51.1337048],[71.4408748,51.1335966],[71.4407643,51.1334855],[71.4406307,51.1333904],[71.4404796,51.1333225],[71.4395438,51.1329539],[71.4393998,51.1328904],[71.4393046,51.1328322],[71.4392145,51.1327613],[71.439133,51.1326715],[71.4390645,51.1325842],[71.4390053,51.1324627],[71.4389838,51.1323523],[71.4389833,51.1322789],[71.4389985,51.1321963],[71.4390328,51.1321046],[71.4390771,51.1320284],[71.4391467,51.1319235],[71.4392812,51.1317703],[71.4394481,51.131602],[71.4396045,51.1314408],[71.4397189,51.1313207],[71.4397905,51.1312065],[71.4398522,51.1310861],[71.4398683,51.1309893],[71.4398724,51.1309043],[71.4398603,51.1308101],[71.4398576,51.1308005],[71.4397347,51.1305348]]},"properties":{"osm_way_id":165816979,"name":"Мәңгілік Ел даңғылы","name_ru":"проспект Мангилик Ел","name_kk":"Мәңгілік Ел даңғылы","highway":"secondary","importance_weight":2,"kind":"road","source":"OpenStreetMap contributors","sourceId":"osm-major-roads","source_url":"https://www.openstreetmap.org/way/165816979"}},{"type":"Feature","id":"osm_way_165828277","geometry":{"type":"LineString","coordinates":[[71.4842917,51.1743684],[71.4844897,51.174583],[71.4851228,51.1753107]]},"properties":{"osm_way_id":165828277,"name":"osm_way_165828277","name_ru":null,"name_kk":null,"highway":"secondary","importance_weight":2,"kind":"road","source":"OpenStreetMap contributors","sourceId":"osm-major-roads","source_url":"https://www.openstreetmap.org/way/165828277"}},{"type":"Feature","id":"osm_way_165828278","geometry":{"type":"LineString","coordinates":[[71.483732,51.1737614],[71.4842917,51.1743684]]},"properties":{"osm_way_id":165828278,"name":"osm_way_165828278","name_ru":null,"name_kk":null,"highway":"secondary","importance_weight":2,"kind":"road","source":"OpenStreetMap contributors","sourceId":"osm-major-roads","source_url":"https://www.openstreetmap.org/way/165828278"}},{"type":"Feature","id":"osm_way_165832522","geometry":{"type":"LineString","coordinates":[[71.4829532,51.1732405],[71.4822022,51.1724055],[71.4821362,51.1723321]]},"properties":{"osm_way_id":165832522,"name":"osm_way_165832522","name_ru":null,"name_kk":null,"highway":"secondary","importance_weight":2,"kind":"road","source":"OpenStreetMap contributors","sourceId":"osm-major-roads","source_url":"https://www.openstreetmap.org/way/165832522"}},{"type":"Feature","id":"osm_way_165832523","geometry":{"type":"LineString","coordinates":[[71.4817553,51.1716527],[71.4823239,51.1722346]]},"properties":{"osm_way_id":165832523,"name":"osm_way_165832523","name_ru":null,"name_kk":null,"highway":"secondary","importance_weight":2,"kind":"road","source":"OpenStreetMap contributors","sourceId":"osm-major-roads","source_url":"https://www.openstreetmap.org/way/165832523"}},{"type":"Feature","id":"osm_way_165832524","geometry":{"type":"LineString","coordinates":[[71.4821362,51.1723321],[71.4815622,51.1717334]]},"properties":{"osm_way_id":165832524,"name":"osm_way_165832524","name_ru":null,"name_kk":null,"highway":"secondary","importance_weight":2,"kind":"road","source":"OpenStreetMap contributors","sourceId":"osm-major-roads","source_url":"https://www.openstreetmap.org/way/165832524"}},{"type":"Feature","id":"osm_way_165832525","geometry":{"type":"LineString","coordinates":[[71.4851228,51.1753107],[71.4855226,51.1757553],[71.4856565,51.1759143],[71.4858205,51.1761181],[71.486234,51.1766319]]},"properties":{"osm_way_id":165832525,"name":"osm_way_165832525","name_ru":null,"name_kk":null,"highway":"secondary","importance_weight":2,"kind":"road","source":"OpenStreetMap contributors","sourceId":"osm-major-roads","source_url":"https://www.openstreetmap.org/way/165832525"}},{"type":"Feature","id":"osm_way_165832526","geometry":{"type":"LineString","coordinates":[[71.4834931,51.1738409],[71.4829532,51.1732405]]},"properties":{"osm_way_id":165832526,"name":"osm_way_165832526","name_ru":null,"name_kk":null,"highway":"secondary","importance_weight":2,"kind":"road","source":"OpenStreetMap contributors","sourceId":"osm-major-roads","source_url":"https://www.openstreetmap.org/way/165832526"}},{"type":"Feature","id":"osm_way_165832527","geometry":{"type":"LineString","coordinates":[[71.4823239,51.1722346],[71.4823658,51.17228],[71.4830979,51.1730738],[71.4831918,51.1731755]]},"properties":{"osm_way_id":165832527,"name":"osm_way_165832527","name_ru":null,"name_kk":null,"highway":"secondary","importance_weight":2,"kind":"road","source":"OpenStreetMap contributors","sourceId":"osm-major-roads","source_url":"https://www.openstreetmap.org/way/165832527"}},{"type":"Feature","id":"osm_way_165832528","geometry":{"type":"LineString","coordinates":[[71.4849129,51.1753841],[71.4841287,51.1745476]]},"properties":{"osm_way_id":165832528,"name":"osm_way_165832528","name_ru":null,"name_kk":null,"highway":"secondary","importance_weight":2,"kind":"road","source":"OpenStreetMap contributors","sourceId":"osm-major-roads","source_url":"https://www.openstreetmap.org/way/165832528"}},{"type":"Feature","id":"osm_way_165832529","geometry":{"type":"LineString","coordinates":[[71.4815622,51.1717334],[71.4799213,51.1700279]]},"properties":{"osm_way_id":165832529,"name":"osm_way_165832529","name_ru":null,"name_kk":null,"highway":"secondary","importance_weight":2,"kind":"road","source":"OpenStreetMap contributors","sourceId":"osm-major-roads","source_url":"https://www.openstreetmap.org/way/165832529"}},{"type":"Feature","id":"osm_way_165832530","geometry":{"type":"LineString","coordinates":[[71.4800498,51.1699533],[71.4817553,51.1716527]]},"properties":{"osm_way_id":165832530,"name":"osm_way_165832530","name_ru":null,"name_kk":null,"highway":"secondary","importance_weight":2,"kind":"road","source":"OpenStreetMap contributors","sourceId":"osm-major-roads","source_url":"https://www.openstreetmap.org/way/165832530"}},{"type":"Feature","id":"osm_way_165832531","geometry":{"type":"LineString","coordinates":[[71.4831918,51.1731755],[71.483732,51.1737614]]},"properties":{"osm_way_id":165832531,"name":"osm_way_165832531","name_ru":null,"name_kk":null,"highway":"secondary","importance_weight":2,"kind":"road","source":"OpenStreetMap contributors","sourceId":"osm-major-roads","source_url":"https://www.openstreetmap.org/way/165832531"}},{"type":"Feature","id":"osm_way_165833006","geometry":{"type":"LineString","coordinates":[[71.4777275,51.1644755],[71.4782642,51.164314]]},"properties":{"osm_way_id":165833006,"name":"Шәкәрім Құдайбердіұлы даңғылы","name_ru":"проспект Шaкaрима Кудайбердыулы","name_kk":"Шәкәрім Құдайбердіұлы даңғылы","highway":"secondary","importance_weight":2,"kind":"road","source":"OpenStreetMap contributors","sourceId":"osm-major-roads","source_url":"https://www.openstreetmap.org/way/165833006"}},{"type":"Feature","id":"osm_way_165835031","geometry":{"type":"LineString","coordinates":[[71.486234,51.1766319],[71.4854744,51.175948],[71.485357,51.1758439],[71.4849129,51.1753841]]},"properties":{"osm_way_id":165835031,"name":"osm_way_165835031","name_ru":null,"name_kk":null,"highway":"secondary","importance_weight":2,"kind":"road","source":"OpenStreetMap contributors","sourceId":"osm-major-roads","source_url":"https://www.openstreetmap.org/way/165835031"}},{"type":"Feature","id":"osm_way_165835034","geometry":{"type":"LineString","coordinates":[[71.4799213,51.1700279],[71.4792028,51.1693189],[71.4785319,51.1687083],[71.4784898,51.1686427],[71.4784557,51.1685896]]},"properties":{"osm_way_id":165835034,"name":"Пушкин көшесі","name_ru":"улица Пушкина","name_kk":"Пушкин көшесі","highway":"secondary","importance_weight":2,"kind":"road","source":"OpenStreetMap contributors","sourceId":"osm-major-roads","source_url":"https://www.openstreetmap.org/way/165835034"}},{"type":"Feature","id":"osm_way_165835314","geometry":{"type":"LineString","coordinates":[[71.4880456,51.1717358],[71.4887262,51.1714992]]},"properties":{"osm_way_id":165835314,"name":"Әл-Фараби даңғылы","name_ru":"проспект Аль-Фараби","name_kk":"Әл-Фараби даңғылы","highway":"secondary","importance_weight":2,"kind":"road","source":"OpenStreetMap contributors","sourceId":"osm-major-roads","source_url":"https://www.openstreetmap.org/way/165835314"}},{"type":"Feature","id":"osm_way_165835317","geometry":{"type":"LineString","coordinates":[[71.4887262,51.1714992],[71.4888631,51.1714491],[71.4921542,51.1702498],[71.4930149,51.1699255],[71.504412,51.1656187],[71.5166877,51.161003],[71.5208687,51.1594336],[71.5218538,51.1590591]]},"properties":{"osm_way_id":165835317,"name":"Ақжол даңғылы","name_ru":"проспект Акжол","name_kk":"Ақжол даңғылы","highway":"secondary","importance_weight":2,"kind":"road","source":"OpenStreetMap contributors","sourceId":"osm-major-roads","source_url":"https://www.openstreetmap.org/way/165835317"}},{"type":"Feature","id":"osm_way_165835319","geometry":{"type":"LineString","coordinates":[[71.5495614,51.1500051],[71.5492719,51.1500279],[71.5488979,51.1500806],[71.5476492,51.1502567],[71.546866,51.1503796],[71.5454858,51.150644],[71.5452513,51.1506875],[71.5446827,51.1507834],[71.5441194,51.1509129],[71.5434784,51.1511417],[71.5417694,51.1517582],[71.5405657,51.152155]]},"properties":{"osm_way_id":165835319,"name":"Ақжол даңғылы","name_ru":"проспект Акжол","name_kk":"Ақжол даңғылы","highway":"secondary","importance_weight":2,"kind":"road","source":"OpenStreetMap contributors","sourceId":"osm-major-roads","source_url":"https://www.openstreetmap.org/way/165835319"}},{"type":"Feature","id":"osm_way_165835321","geometry":{"type":"LineString","coordinates":[[71.4889875,51.1715648],[71.4881609,51.1718605]]},"properties":{"osm_way_id":165835321,"name":"Әл-Фараби даңғылы","name_ru":"проспект Аль-Фараби","name_kk":"Әл-Фараби даңғылы","highway":"secondary","importance_weight":2,"kind":"road","source":"OpenStreetMap contributors","sourceId":"osm-major-roads","source_url":"https://www.openstreetmap.org/way/165835321"}},{"type":"Feature","id":"osm_way_165879642","geometry":{"type":"LineString","coordinates":[[71.5260231,51.1417754],[71.5262103,51.1418351],[71.5263391,51.1418536],[71.5265026,51.1418505],[71.5266418,51.1418173],[71.5267158,51.1417742],[71.5267485,51.1417381],[71.526795,51.1416887],[71.5268406,51.1415995],[71.5268281,51.1415081],[71.5253249,51.1399588],[71.525222,51.1398527],[71.5251716,51.1398199],[71.5251301,51.139789],[71.5250466,51.1397692],[71.5248465,51.1397617],[71.5244504,51.1398121]]},"properties":{"osm_way_id":165879642,"name":"osm_way_165879642","name_ru":null,"name_kk":null,"highway":"secondary","importance_weight":2,"kind":"road","source":"OpenStreetMap contributors","sourceId":"osm-major-roads","source_url":"https://www.openstreetmap.org/way/165879642"}},{"type":"Feature","id":"osm_way_165924929","geometry":{"type":"LineString","coordinates":[[71.522367,51.1381989],[71.5217474,51.137554],[71.5216864,51.1374921],[71.5216386,51.1374436],[71.5214576,51.1372441]]},"properties":{"osm_way_id":165924929,"name":"Рақымжан Қошқарбаев даңғылы","name_ru":"проспект Рахимжана Кошкарбаева","name_kk":"Рақымжан Қошқарбаев даңғылы","highway":"secondary","importance_weight":2,"kind":"road","source":"OpenStreetMap contributors","sourceId":"osm-major-roads","source_url":"https://www.openstreetmap.org/way/165924929"}},{"type":"Feature","id":"osm_way_165925103","geometry":{"type":"LineString","coordinates":[[71.4445636,51.1395026],[71.4421977,51.1366957]]},"properties":{"osm_way_id":165925103,"name":"Марал көпірі көшесі","name_ru":null,"name_kk":null,"highway":"secondary","importance_weight":2,"kind":"road","source":"OpenStreetMap contributors","sourceId":"osm-major-roads","source_url":"https://www.openstreetmap.org/way/165925103"}},{"type":"Feature","id":"osm_way_165927842","geometry":{"type":"LineString","coordinates":[[71.4533831,51.1550547],[71.4531824,51.15494],[71.45225,51.1545402],[71.4519143,51.1543954],[71.4512742,51.1541192],[71.450218,51.1536812]]},"properties":{"osm_way_id":165927842,"name":"Жұмабек Тәшенов көшесі","name_ru":"улица Жумабека Ташенова","name_kk":null,"highway":"primary","importance_weight":3,"kind":"road","source":"OpenStreetMap contributors","sourceId":"osm-major-roads","source_url":"https://www.openstreetmap.org/way/165927842"}},{"type":"Feature","id":"osm_way_165927843","geometry":{"type":"LineString","coordinates":[[71.4431033,51.1519314],[71.4434511,51.1518186],[71.4437277,51.1517478],[71.4439551,51.1516594],[71.4440485,51.1516164],[71.4440758,51.1516039],[71.4441831,51.1514945],[71.4443119,51.1513128],[71.444387,51.1511244],[71.4444067,51.1510574],[71.4444859,51.1508899]]},"properties":{"osm_way_id":165927843,"name":"osm_way_165927843","name_ru":null,"name_kk":null,"highway":"secondary","importance_weight":2,"kind":"road","source":"OpenStreetMap contributors","sourceId":"osm-major-roads","source_url":"https://www.openstreetmap.org/way/165927843"}},{"type":"Feature","id":"osm_way_165927844","geometry":{"type":"LineString","coordinates":[[71.4446463,51.1511075],[71.444756,51.1513815],[71.4448053,51.1514681],[71.4448472,51.1515413],[71.4449167,51.1516078],[71.4449501,51.1516397],[71.4450601,51.1517224],[71.4452103,51.1518072],[71.4458194,51.1520563]]},"properties":{"osm_way_id":165927844,"name":"osm_way_165927844","name_ru":null,"name_kk":null,"highway":"secondary","importance_weight":2,"kind":"road","source":"OpenStreetMap contributors","sourceId":"osm-major-roads","source_url":"https://www.openstreetmap.org/way/165927844"}},{"type":"Feature","id":"osm_way_165928210","geometry":{"type":"LineString","coordinates":[[71.4445345,51.1500308],[71.444601,51.1494989],[71.4446854,51.1486082],[71.444692,51.1484882],[71.4447691,51.1471928],[71.4448603,51.1460603],[71.4451408,51.1419681],[71.4451523,51.1418014],[71.4451569,51.1416859],[71.4451682,51.1415692],[71.445205,51.1410321]]},"properties":{"osm_way_id":165928210,"name":"Амман көшесі","name_ru":"улица Амман","name_kk":null,"highway":"secondary","importance_weight":2,"kind":"road","source":"OpenStreetMap contributors","sourceId":"osm-major-roads","source_url":"https://www.openstreetmap.org/way/165928210"}},{"type":"Feature","id":"osm_way_165928211","geometry":{"type":"LineString","coordinates":[[71.4446628,51.1393253],[71.4449501,51.1397648],[71.445097,51.1400087],[71.4452077,51.1402558],[71.4453125,51.1405127],[71.4453713,51.1408033],[71.4453749,51.1410299]]},"properties":{"osm_way_id":165928211,"name":"Амман көшесі","name_ru":"улица Амман","name_kk":null,"highway":"secondary","importance_weight":2,"kind":"road","source":"OpenStreetMap contributors","sourceId":"osm-major-roads","source_url":"https://www.openstreetmap.org/way/165928211"}},{"type":"Feature","id":"osm_way_165928212","geometry":{"type":"LineString","coordinates":[[71.453638,51.1551969],[71.4533831,51.1550547]]},"properties":{"osm_way_id":165928212,"name":"Жұмабек Тәшенов көшесі","name_ru":"улица Жумабека Ташенова","name_kk":null,"highway":"primary","importance_weight":3,"kind":"road","source":"OpenStreetMap contributors","sourceId":"osm-major-roads","source_url":"https://www.openstreetmap.org/way/165928212"}},{"type":"Feature","id":"osm_way_165928589","geometry":{"type":"LineString","coordinates":[[71.4443754,51.1519514],[71.4444225,51.1518233],[71.4444859,51.1508899],[71.4444989,51.150392]]},"properties":{"osm_way_id":165928589,"name":"Амман көшесі","name_ru":"улица Амман","name_kk":null,"highway":"secondary","importance_weight":2,"kind":"road","source":"OpenStreetMap contributors","sourceId":"osm-major-roads","source_url":"https://www.openstreetmap.org/way/165928589"}},{"type":"Feature","id":"osm_way_165928590","geometry":{"type":"LineString","coordinates":[[71.4446646,51.1504346],[71.4446561,51.1510026],[71.4446463,51.1511075],[71.444579,51.1518268],[71.4443754,51.1519514]]},"properties":{"osm_way_id":165928590,"name":"Амман көшесі","name_ru":"улица Амман","name_kk":null,"highway":"secondary","importance_weight":2,"kind":"road","source":"OpenStreetMap contributors","sourceId":"osm-major-roads","source_url":"https://www.openstreetmap.org/way/165928590"}},{"type":"Feature","id":"osm_way_165928591","geometry":{"type":"LineString","coordinates":[[71.4446924,51.1500484],[71.4446646,51.1504346]]},"properties":{"osm_way_id":165928591,"name":"Амман көшесі","name_ru":"улица Амман","name_kk":null,"highway":"secondary","importance_weight":2,"kind":"road","source":"OpenStreetMap contributors","sourceId":"osm-major-roads","source_url":"https://www.openstreetmap.org/way/165928591"}},{"type":"Feature","id":"osm_way_165928592","geometry":{"type":"LineString","coordinates":[[71.4444989,51.150392],[71.4445345,51.1500308]]},"properties":{"osm_way_id":165928592,"name":"Амман көшесі","name_ru":"улица Амман","name_kk":null,"highway":"secondary","importance_weight":2,"kind":"road","source":"OpenStreetMap contributors","sourceId":"osm-major-roads","source_url":"https://www.openstreetmap.org/way/165928592"}},{"type":"Feature","id":"osm_way_165929096","geometry":{"type":"LineString","coordinates":[[71.4664665,51.1598232],[71.4667062,51.1599564],[71.4667275,51.1599683],[71.4679156,51.1607613],[71.4681585,51.1609313],[71.4683205,51.1611077]]},"properties":{"osm_way_id":165929096,"name":"Пушкин көшесі","name_ru":"улица Пушкина","name_kk":"Пушкин көшесі","highway":"primary","importance_weight":3,"kind":"road","source":"OpenStreetMap contributors","sourceId":"osm-major-roads","source_url":"https://www.openstreetmap.org/way/165929096"}},{"type":"Feature","id":"osm_way_165929103","geometry":{"type":"LineString","coordinates":[[71.5061228,51.1976922],[71.5063969,51.1979826],[71.5065082,51.1981005]]},"properties":{"osm_way_id":165929103,"name":"Пушкин көшесі","name_ru":"улица Пушкина","name_kk":"Пушкин көшесі","highway":"secondary","importance_weight":2,"kind":"road","source":"OpenStreetMap contributors","sourceId":"osm-major-roads","source_url":"https://www.openstreetmap.org/way/165929103"}},{"type":"Feature","id":"osm_way_165931390","geometry":{"type":"LineString","coordinates":[[71.4778213,51.1977156],[71.477933,51.197804],[71.4779718,51.1978472],[71.4784062,51.1985129],[71.4786003,51.1988052],[71.4787126,51.1989513],[71.4788218,51.1990933],[71.4790617,51.19931],[71.479287,51.1994508],[71.479691,51.1997032]]},"properties":{"osm_way_id":165931390,"name":"osm_way_165931390","name_ru":null,"name_kk":null,"highway":"secondary","importance_weight":2,"kind":"road","source":"OpenStreetMap contributors","sourceId":"osm-major-roads","source_url":"https://www.openstreetmap.org/way/165931390"}},{"type":"Feature","id":"osm_way_165931391","geometry":{"type":"LineString","coordinates":[[71.475522,51.1978397],[71.4763817,51.1982262]]},"properties":{"osm_way_id":165931391,"name":"Алаш тас жолы","name_ru":"шоссе Алаш","name_kk":"Алаш тас жолы","highway":"primary","importance_weight":3,"kind":"road","source":"OpenStreetMap contributors","sourceId":"osm-major-roads","source_url":"https://www.openstreetmap.org/way/165931391"}},{"type":"Feature","id":"osm_way_165931680","geometry":{"type":"LineString","coordinates":[[71.4765939,51.1983089],[71.4769,51.1983554],[71.4771074,51.1983624],[71.477345,51.1983388],[71.4775373,51.1982821],[71.4777279,51.1981796],[71.4778201,51.1980694],[71.4778616,51.197904],[71.4778213,51.1977156]]},"properties":{"osm_way_id":165931680,"name":"osm_way_165931680","name_ru":null,"name_kk":null,"highway":"secondary","importance_weight":2,"kind":"road","source":"OpenStreetMap contributors","sourceId":"osm-major-roads","source_url":"https://www.openstreetmap.org/way/165931680"}},{"type":"Feature","id":"osm_way_165933104","geometry":{"type":"LineString","coordinates":[[71.4763817,51.1982262],[71.4765939,51.1983089],[71.4774181,51.19866],[71.479691,51.1997032],[71.4800515,51.1998537],[71.4810858,51.2003227],[71.4821244,51.2007916],[71.4824283,51.2009288],[71.4830044,51.2011896],[71.4834315,51.2013775],[71.4836649,51.2014877],[71.4839446,51.2016139],[71.4851447,51.2021555],[71.4854152,51.2022872],[71.486407,51.2027425],[71.4864748,51.2027711],[71.4870135,51.2029987],[71.4870983,51.203037],[71.487208,51.2030843],[71.4885216,51.2036741],[71.4890145,51.2039016],[71.4902415,51.204445],[71.4913767,51.2049783]]},"properties":{"osm_way_id":165933104,"name":"Алаш тас жолы","name_ru":"шоссе Алаш","name_kk":"Алаш тас жолы","highway":"primary","importance_weight":3,"kind":"road","source":"OpenStreetMap contributors","sourceId":"osm-major-roads","source_url":"https://www.openstreetmap.org/way/165933104"}},{"type":"Feature","id":"osm_way_165938227","geometry":{"type":"LineString","coordinates":[[71.4580941,51.1295628],[71.4580272,51.1294079]]},"properties":{"osm_way_id":165938227,"name":"Бауыржан Момышұлы даңғылы","name_ru":null,"name_kk":null,"highway":"secondary","importance_weight":2,"kind":"road","source":"OpenStreetMap contributors","sourceId":"osm-major-roads","source_url":"https://www.openstreetmap.org/way/165938227"}},{"type":"Feature","id":"osm_way_165939068","geometry":{"type":"LineString","coordinates":[[71.5030172,51.1469894],[71.5032808,51.14704],[71.5037202,51.1471612],[71.5039454,51.1472218],[71.5041477,51.1472735],[71.5043129,51.1473042],[71.504498,51.147311],[71.5047891,51.1472826],[71.5050476,51.1472551]]},"properties":{"osm_way_id":165939068,"name":"osm_way_165939068","name_ru":null,"name_kk":null,"highway":"secondary","importance_weight":2,"kind":"road","source":"OpenStreetMap contributors","sourceId":"osm-major-roads","source_url":"https://www.openstreetmap.org/way/165939068"}},{"type":"Feature","id":"osm_way_165939070","geometry":{"type":"LineString","coordinates":[[71.5031013,51.1479998],[71.5031204,51.1478149],[71.5031379,51.1477687],[71.50315,51.1477215],[71.5031594,51.1476819],[71.503165,51.1476399],[71.5031756,51.1475448],[71.5031703,51.147459],[71.5031542,51.1473799],[71.5031032,51.147311],[71.5030075,51.1471865],[71.5028576,51.1470682]]},"properties":{"osm_way_id":165939070,"name":"osm_way_165939070","name_ru":null,"name_kk":null,"highway":"secondary","importance_weight":2,"kind":"road","source":"OpenStreetMap contributors","sourceId":"osm-major-roads","source_url":"https://www.openstreetmap.org/way/165939070"}},{"type":"Feature","id":"osm_way_165984621","geometry":{"type":"LineString","coordinates":[[71.4423187,51.1364821],[71.4446628,51.1393253]]},"properties":{"osm_way_id":165984621,"name":"Марал көпірі көшесі","name_ru":null,"name_kk":null,"highway":"secondary","importance_weight":2,"kind":"road","source":"OpenStreetMap contributors","sourceId":"osm-major-roads","source_url":"https://www.openstreetmap.org/way/165984621"}},{"type":"Feature","id":"osm_way_166127546","geometry":{"type":"LineString","coordinates":[[71.2412063,51.2267645],[71.2374132,51.2277456],[71.2356769,51.2281947],[71.2343157,51.2285334],[71.2339769,51.2286177],[71.2334684,51.2287506],[71.2319526,51.2291467],[71.2019387,51.2367718]]},"properties":{"osm_way_id":166127546,"name":"osm_way_166127546","name_ru":null,"name_kk":null,"highway":"trunk","importance_weight":4,"kind":"road","source":"OpenStreetMap contributors","sourceId":"osm-major-roads","source_url":"https://www.openstreetmap.org/way/166127546"}},{"type":"Feature","id":"osm_way_166127945","geometry":{"type":"LineString","coordinates":[[71.2411059,51.2266502],[71.245737,51.2254451],[71.2465225,51.2252402],[71.2465636,51.2252295],[71.2479336,51.224882],[71.2628201,51.2211056],[71.2638587,51.220792],[71.2649394,51.2204063],[71.2659666,51.2199741],[71.272934,51.2166967],[71.2820113,51.212395],[71.282275,51.21227],[71.2894738,51.2089087],[71.2940248,51.2067513],[71.2974287,51.2051619],[71.2978719,51.2049551],[71.3021296,51.20291],[71.3063097,51.2009587],[71.3068436,51.2007032]]},"properties":{"osm_way_id":166127945,"name":"osm_way_166127945","name_ru":null,"name_kk":null,"highway":"trunk","importance_weight":4,"kind":"road","source":"OpenStreetMap contributors","sourceId":"osm-major-roads","source_url":"https://www.openstreetmap.org/way/166127945"}},{"type":"Feature","id":"osm_way_166194470","geometry":{"type":"LineString","coordinates":[[71.4430378,51.1210945],[71.4400619,51.1215676],[71.4399736,51.1215801],[71.4392894,51.1216898],[71.4387907,51.1217698],[71.4383905,51.121834],[71.4380151,51.1218942],[71.4370626,51.1220468]]},"properties":{"osm_way_id":166194470,"name":"Сығанақ көшесі","name_ru":"улица Сыганак","name_kk":"Сығанақ көшесі","highway":"secondary","importance_weight":2,"kind":"road","source":"OpenStreetMap contributors","sourceId":"osm-major-roads","source_url":"https://www.openstreetmap.org/way/166194470"}},{"type":"Feature","id":"osm_way_166195960","geometry":{"type":"LineString","coordinates":[[71.4485577,51.130934],[71.4540016,51.130083]]},"properties":{"osm_way_id":166195960,"name":"Сарайшық көшесі","name_ru":"улица Сарайшык","name_kk":"Сарайшық көшесі","highway":"secondary","importance_weight":2,"kind":"road","source":"OpenStreetMap contributors","sourceId":"osm-major-roads","source_url":"https://www.openstreetmap.org/way/166195960"}},{"type":"Feature","id":"osm_way_166438393","geometry":{"type":"LineString","coordinates":[[71.4214857,51.1856399],[71.4213404,51.1862343],[71.4213312,51.1862718],[71.4212304,51.1866839],[71.4211129,51.1874525],[71.4210961,51.18759]]},"properties":{"osm_way_id":166438393,"name":"Республика даңғылы","name_ru":"проспект Республики","name_kk":"Республика даңғылы","highway":"secondary","importance_weight":2,"kind":"road","source":"OpenStreetMap contributors","sourceId":"osm-major-roads","source_url":"https://www.openstreetmap.org/way/166438393"}},{"type":"Feature","id":"osm_way_167440136","geometry":{"type":"LineString","coordinates":[[71.4535882,51.0350399],[71.4543637,51.0353224],[71.4550067,51.0355569],[71.4593965,51.0372109],[71.4668918,51.0400406],[71.4680573,51.0404731],[71.4704723,51.0413979],[71.470852,51.0415422],[71.4739609,51.0427464],[71.4755061,51.0432979],[71.4761093,51.0435264],[71.4762929,51.0435913],[71.4768805,51.0437987],[71.4770632,51.0438677],[71.4788721,51.044526],[71.485432,51.0469932],[71.4855109,51.0470205],[71.4866516,51.0474145],[71.4879919,51.0478332],[71.4900664,51.0484204],[71.4917272,51.0488312],[71.4932422,51.0491661],[71.4947615,51.0494566],[71.4970258,51.0498177],[71.4983994,51.0499904],[71.5126045,51.0515348],[71.5217584,51.0525224],[71.5221198,51.0525614],[71.5359555,51.0540481]]},"properties":{"osm_way_id":167440136,"name":"Астана айналма жолы","name_ru":"Объездная Астаны","name_kk":"Астана айналма жолы","highway":"trunk","importance_weight":4,"kind":"road","source":"OpenStreetMap contributors","sourceId":"osm-major-roads","source_url":"https://www.openstreetmap.org/way/167440136"}},{"type":"Feature","id":"osm_way_167440141","geometry":{"type":"LineString","coordinates":[[71.6228027,51.1291532],[71.6231063,51.1295246]]},"properties":{"osm_way_id":167440141,"name":"Астана айналма жолы","name_ru":"Объездная Астаны","name_kk":"Астана айналма жолы","highway":"trunk","importance_weight":4,"kind":"road","source":"OpenStreetMap contributors","sourceId":"osm-major-roads","source_url":"https://www.openstreetmap.org/way/167440141"}},{"type":"Feature","id":"osm_way_167469624","geometry":{"type":"LineString","coordinates":[[71.4987894,51.1295491],[71.4975285,51.1291991],[71.4974646,51.1291814],[71.4972352,51.1291177]]},"properties":{"osm_way_id":167469624,"name":"Рақымжан Қошқарбаев даңғылы","name_ru":"проспект Рахимжана Кошкарбаева","name_kk":"Рақымжан Қошқарбаев даңғылы","highway":"secondary","importance_weight":2,"kind":"road","source":"OpenStreetMap contributors","sourceId":"osm-major-roads","source_url":"https://www.openstreetmap.org/way/167469624"}},{"type":"Feature","id":"osm_way_167475858","geometry":{"type":"LineString","coordinates":[[71.5212172,51.1402686],[71.5215102,51.1403939],[71.5216535,51.1404543],[71.5217988,51.1405024],[71.5219137,51.1405252],[71.5220547,51.1405465],[71.5221736,51.140559],[71.5222941,51.1405626],[71.5224357,51.1405554],[71.5226036,51.1405437]]},"properties":{"osm_way_id":167475858,"name":"osm_way_167475858","name_ru":null,"name_kk":null,"highway":"secondary","importance_weight":2,"kind":"road","source":"OpenStreetMap contributors","sourceId":"osm-major-roads","source_url":"https://www.openstreetmap.org/way/167475858"}},{"type":"Feature","id":"osm_way_167475862","geometry":{"type":"LineString","coordinates":[[71.5209567,51.1411748],[71.5211116,51.1410398],[71.5212125,51.140952],[71.5212669,51.1408728],[71.5212987,51.1407867],[71.5213235,51.1406783],[71.5213053,51.1405595],[71.5212172,51.1402686]]},"properties":{"osm_way_id":167475862,"name":"osm_way_167475862","name_ru":null,"name_kk":null,"highway":"secondary","importance_weight":2,"kind":"road","source":"OpenStreetMap contributors","sourceId":"osm-major-roads","source_url":"https://www.openstreetmap.org/way/167475862"}},{"type":"Feature","id":"osm_way_167475865","geometry":{"type":"LineString","coordinates":[[71.4580272,51.1294079],[71.4582103,51.129381]]},"properties":{"osm_way_id":167475865,"name":"проспект Рахымжана Кошкарбаева","name_ru":null,"name_kk":null,"highway":"secondary","importance_weight":2,"kind":"road","source":"OpenStreetMap contributors","sourceId":"osm-major-roads","source_url":"https://www.openstreetmap.org/way/167475865"}},{"type":"Feature","id":"osm_way_167475869","geometry":{"type":"LineString","coordinates":[[71.5190789,51.1381961],[71.5192509,51.1383176],[71.519431,51.1384596],[71.5197452,51.1387484],[71.5199421,51.1389527],[71.520209,51.1392318],[71.5205326,51.1395571],[71.5206275,51.1396536],[71.5209774,51.1400168]]},"properties":{"osm_way_id":167475869,"name":"Айнакөл көшесі","name_ru":"улица Айнаколь","name_kk":null,"highway":"secondary","importance_weight":2,"kind":"road","source":"OpenStreetMap contributors","sourceId":"osm-major-roads","source_url":"https://www.openstreetmap.org/way/167475869"}},{"type":"Feature","id":"osm_way_168183251","geometry":{"type":"LineString","coordinates":[[71.470756,51.1310495],[71.4710252,51.1311382]]},"properties":{"osm_way_id":168183251,"name":"osm_way_168183251","name_ru":null,"name_kk":null,"highway":"secondary","importance_weight":2,"kind":"road","source":"OpenStreetMap contributors","sourceId":"osm-major-roads","source_url":"https://www.openstreetmap.org/way/168183251"}},{"type":"Feature","id":"osm_way_168607088","geometry":{"type":"LineString","coordinates":[[71.3878133,51.2017367],[71.3878161,51.2016529],[71.3877074,51.2015192],[71.3868424,51.2008831],[71.3867418,51.2007797],[71.38666,51.2006184],[71.3866734,51.2004688],[71.3867311,51.2003864],[71.3867871,51.2003335]]},"properties":{"osm_way_id":168607088,"name":"Жалын көшесі","name_ru":"улица Жалын","name_kk":null,"highway":"secondary","importance_weight":2,"kind":"road","source":"OpenStreetMap contributors","sourceId":"osm-major-roads","source_url":"https://www.openstreetmap.org/way/168607088"}},{"type":"Feature","id":"osm_way_171875547","geometry":{"type":"LineString","coordinates":[[71.4045581,51.1271125],[71.404443,51.127132],[71.4027267,51.1273914]]},"properties":{"osm_way_id":171875547,"name":"Сығанақ көшесі","name_ru":"улица Сыганак","name_kk":"Сығанақ көшесі","highway":"secondary","importance_weight":2,"kind":"road","source":"OpenStreetMap contributors","sourceId":"osm-major-roads","source_url":"https://www.openstreetmap.org/way/171875547"}},{"type":"Feature","id":"osm_way_178064166","geometry":{"type":"LineString","coordinates":[[71.4314036,51.1257251],[71.4313737,51.1256484],[71.4313281,51.1255313],[71.4311827,51.1251581]]},"properties":{"osm_way_id":178064166,"name":"Түркістан көшесі","name_ru":"улица Туркестан","name_kk":"Түркістан көшесі","highway":"secondary","importance_weight":2,"kind":"road","source":"OpenStreetMap contributors","sourceId":"osm-major-roads","source_url":"https://www.openstreetmap.org/way/178064166"}},{"type":"Feature","id":"osm_way_180687139","geometry":{"type":"LineString","coordinates":[[71.3960123,51.0708252],[71.3958207,51.0708371],[71.3956355,51.070804],[71.3955509,51.0707706],[71.3954504,51.0707057],[71.3953824,51.0706259],[71.3953522,51.0705374],[71.3954044,51.0703707],[71.3955131,51.0702785],[71.3956663,51.0702158],[71.3958446,51.0701907],[71.3960542,51.0702138],[71.396202,51.0702684],[71.3962844,51.0703246],[71.3963436,51.0703914],[71.3963761,51.0704651],[71.3963803,51.0705415],[71.3963588,51.0706133],[71.3963106,51.070679],[71.3961836,51.0707699],[71.3960123,51.0708252]]},"properties":{"osm_way_id":180687139,"name":"osm_way_180687139","name_ru":null,"name_kk":null,"highway":"primary","importance_weight":3,"kind":"road","source":"OpenStreetMap contributors","sourceId":"osm-major-roads","source_url":"https://www.openstreetmap.org/way/180687139"}},{"type":"Feature","id":"osm_way_184099114","geometry":{"type":"LineString","coordinates":[[71.4616619,51.1581593],[71.460597,51.1578126]]},"properties":{"osm_way_id":184099114,"name":"Пушкин көшесі","name_ru":"улица Пушкина","name_kk":"Пушкин көшесі","highway":"primary","importance_weight":3,"kind":"road","source":"OpenStreetMap contributors","sourceId":"osm-major-roads","source_url":"https://www.openstreetmap.org/way/184099114"}},{"type":"Feature","id":"osm_way_184099115","geometry":{"type":"LineString","coordinates":[[71.414621,51.1638094],[71.4144465,51.1637882],[71.4135713,51.1636831],[71.4124653,51.1635314],[71.4119859,51.1634696],[71.4116412,51.1634184],[71.4112321,51.1633624],[71.4110113,51.1633321],[71.4106867,51.1632926]]},"properties":{"osm_way_id":184099115,"name":"Кенесары көшесі","name_ru":"улица Кенесары","name_kk":null,"highway":"secondary","importance_weight":2,"kind":"road","source":"OpenStreetMap contributors","sourceId":"osm-major-roads","source_url":"https://www.openstreetmap.org/way/184099115"}},{"type":"Feature","id":"osm_way_225197838","geometry":{"type":"LineString","coordinates":[[71.3255146,51.2275761],[71.3209673,51.2202112],[71.3197857,51.2182473],[71.3185937,51.2163188],[71.3153269,51.2109933],[71.3144764,51.2096947],[71.3137966,51.2086567],[71.3130379,51.2076106],[71.312227,51.2065673],[71.3111218,51.2052921],[71.3102973,51.2044296]]},"properties":{"osm_way_id":225197838,"name":"Астана айналма жолы","name_ru":"Объездная Астаны","name_kk":"Астана айналма жолы","highway":"trunk","importance_weight":4,"kind":"road","source":"OpenStreetMap contributors","sourceId":"osm-major-roads","source_url":"https://www.openstreetmap.org/way/225197838"}},{"type":"Feature","id":"osm_way_225197839","geometry":{"type":"LineString","coordinates":[[71.3256382,51.2275425],[71.3261989,51.2284526],[71.3264742,51.2288995]]},"properties":{"osm_way_id":225197839,"name":"Астана айналма жолы","name_ru":"Объездная Астаны","name_kk":"Астана айналма жолы","highway":"trunk","importance_weight":4,"kind":"road","source":"OpenStreetMap contributors","sourceId":"osm-major-roads","source_url":"https://www.openstreetmap.org/way/225197839"}},{"type":"Feature","id":"osm_way_225197840","geometry":{"type":"LineString","coordinates":[[71.3263372,51.2289348],[71.3255146,51.2275761]]},"properties":{"osm_way_id":225197840,"name":"Астана айналма жолы","name_ru":"Объездная Астаны","name_kk":"Астана айналма жолы","highway":"trunk","importance_weight":4,"kind":"road","source":"OpenStreetMap contributors","sourceId":"osm-major-roads","source_url":"https://www.openstreetmap.org/way/225197840"}},{"type":"Feature","id":"osm_way_225197842","geometry":{"type":"LineString","coordinates":[[71.3264742,51.2288995],[71.3313656,51.2368233],[71.3317494,51.2374686],[71.336543,51.2451605],[71.3368806,51.2456429],[71.3373574,51.2462398],[71.337842,51.2467545],[71.3382971,51.2471703],[71.3384816,51.2473389],[71.3390537,51.247794],[71.339733,51.2482863],[71.3406149,51.2488284],[71.3413967,51.2492431],[71.342494,51.2497709],[71.3429748,51.2499802],[71.3434832,51.2501662],[71.344393,51.2504994],[71.3456072,51.250865],[71.346648,51.2511162],[71.3476079,51.2512914],[71.3479363,51.2513458],[71.3495029,51.2516053]]},"properties":{"osm_way_id":225197842,"name":"Астана айналма жолы","name_ru":"Объездная Астаны","name_kk":"Астана айналма жолы","highway":"trunk","importance_weight":4,"kind":"road","source":"OpenStreetMap contributors","sourceId":"osm-major-roads","source_url":"https://www.openstreetmap.org/way/225197842"}},{"type":"Feature","id":"osm_way_227893834","geometry":{"type":"LineString","coordinates":[[71.4125535,51.1160006],[71.4116288,51.1161357],[71.4114205,51.1161647]]},"properties":{"osm_way_id":227893834,"name":"Керей Және Жәнібек Хандар көшесі","name_ru":"улица Керей и Жанибек хандар","name_kk":"Керей Және Жәнібек Хандар көшесі","highway":"secondary","importance_weight":2,"kind":"road","source":"OpenStreetMap contributors","sourceId":"osm-major-roads","source_url":"https://www.openstreetmap.org/way/227893834"}},{"type":"Feature","id":"osm_way_227893837","geometry":{"type":"LineString","coordinates":[[71.4112273,51.1151175],[71.410904,51.1133288],[71.4108204,51.1128662],[71.4107768,51.1126251],[71.4106277,51.1117999],[71.4106081,51.1116915]]},"properties":{"osm_way_id":227893837,"name":"Қабанбай Батыр даңғылы","name_ru":"проспект Кабанбай Батыра","name_kk":"Қабанбай Батыр даңғылы","highway":"secondary","importance_weight":2,"kind":"road","source":"OpenStreetMap contributors","sourceId":"osm-major-roads","source_url":"https://www.openstreetmap.org/way/227893837"}},{"type":"Feature","id":"osm_way_228228618","geometry":{"type":"LineString","coordinates":[[71.4219518,51.1461739],[71.4215172,51.1454747],[71.4214613,51.1453847],[71.4214438,51.1453508],[71.4213131,51.1451463],[71.4210078,51.144655],[71.4208993,51.1444804],[71.4208163,51.1443468]]},"properties":{"osm_way_id":228228618,"name":"Қабанбай Батыр даңғылы","name_ru":"проспект Кабанбай Батыра","name_kk":"Қабанбай Батыр даңғылы","highway":"secondary","importance_weight":2,"kind":"road","source":"OpenStreetMap contributors","sourceId":"osm-major-roads","source_url":"https://www.openstreetmap.org/way/228228618"}},{"type":"Feature","id":"osm_way_228228928","geometry":{"type":"LineString","coordinates":[[71.7118176,51.1045698],[71.7137415,51.1035906],[71.7141328,51.1033964],[71.7153554,51.1027894],[71.7176226,51.1016322],[71.7186173,51.1011701],[71.7202934,51.100338],[71.7203612,51.1003044],[71.7218677,51.0995565],[71.7219493,51.099516],[71.7279236,51.0965524],[71.7284226,51.0962983],[71.7287989,51.0961156],[71.7338344,51.0936124],[71.7360739,51.0925035],[71.7370912,51.0919984],[71.737272,51.0919009],[71.7399993,51.0905277],[71.7418159,51.0896525],[71.7449038,51.0881191],[71.7456516,51.0877478],[71.746774,51.0871794],[71.7475097,51.0868251],[71.747758,51.0867018],[71.7480943,51.0865348],[71.7496916,51.0857416],[71.7504862,51.085347],[71.7507089,51.0852364],[71.7534875,51.083839],[71.7554721,51.082864],[71.756608,51.0822919],[71.7573539,51.0819365],[71.7577367,51.0817464],[71.758152,51.0815405],[71.7661905,51.0775451],[71.7677559,51.076767],[71.76807,51.0766203],[71.7684499,51.0764257],[71.7714342,51.0749476],[71.7721122,51.0746118],[71.7757356,51.072817],[71.7765164,51.0724205],[71.7789376,51.0712102],[71.7797186,51.0708249],[71.7805685,51.0704056],[71.7813864,51.0699997],[71.7823664,51.0695129],[71.7829197,51.069238],[71.7832192,51.0690892],[71.7863525,51.0675109],[71.7901202,51.0656434],[71.7932394,51.0640831],[71.7947986,51.0633163],[71.7952382,51.0631162],[71.7956608,51.062899],[71.8016172,51.0599489],[71.8062172,51.0576506]]},"properties":{"osm_way_id":228228928,"name":"osm_way_228228928","name_ru":null,"name_kk":null,"highway":"trunk","importance_weight":4,"kind":"road","source":"OpenStreetMap contributors","sourceId":"osm-major-roads","source_url":"https://www.openstreetmap.org/way/228228928"}},{"type":"Feature","id":"osm_way_230365281","geometry":{"type":"LineString","coordinates":[[71.3885228,51.1998872],[71.3871302,51.198247],[71.3870658,51.1981641],[71.3869199,51.1979839]]},"properties":{"osm_way_id":230365281,"name":"Қарталы көшесі","name_ru":"Карталинская улица","name_kk":null,"highway":"secondary","importance_weight":2,"kind":"road","source":"OpenStreetMap contributors","sourceId":"osm-major-roads","source_url":"https://www.openstreetmap.org/way/230365281"}},{"type":"Feature","id":"osm_way_230409098","geometry":{"type":"LineString","coordinates":[[71.4247698,51.1187059],[71.4246538,51.1184103],[71.4245993,51.1182716],[71.424498,51.1180132]]},"properties":{"osm_way_id":230409098,"name":"Ақмешіт көшесі","name_ru":"улица Акмешит","name_kk":"Ақмешіт көшесі","highway":"secondary","importance_weight":2,"kind":"road","source":"OpenStreetMap contributors","sourceId":"osm-major-roads","source_url":"https://www.openstreetmap.org/way/230409098"}},{"type":"Feature","id":"osm_way_236528231","geometry":{"type":"LineString","coordinates":[[71.4054136,51.19184],[71.4055823,51.1917889],[71.4064238,51.1915088],[71.4067323,51.1914034]]},"properties":{"osm_way_id":236528231,"name":"Конституция көшесі","name_ru":"улица Конституции","name_kk":null,"highway":"secondary","importance_weight":2,"kind":"road","source":"OpenStreetMap contributors","sourceId":"osm-major-roads","source_url":"https://www.openstreetmap.org/way/236528231"}},{"type":"Feature","id":"osm_way_236528232","geometry":{"type":"LineString","coordinates":[[71.4054136,51.19184],[71.4060768,51.1914447],[71.4063584,51.1912651],[71.4064627,51.1911985],[71.4066078,51.1910979],[71.4068502,51.1909218]]},"properties":{"osm_way_id":236528232,"name":"Ілияс Есенберлин көшесі","name_ru":"улица Ильяса Есенберлина","name_kk":null,"highway":"secondary","importance_weight":2,"kind":"road","source":"OpenStreetMap contributors","sourceId":"osm-major-roads","source_url":"https://www.openstreetmap.org/way/236528232"}},{"type":"Feature","id":"osm_way_236528235","geometry":{"type":"LineString","coordinates":[[71.4054136,51.19184],[71.4049219,51.1919953],[71.4042152,51.1922247],[71.4040441,51.1922818],[71.4034539,51.1924788],[71.4028595,51.1927083],[71.402684,51.1927944],[71.4024018,51.1930792],[71.4021499,51.193198],[71.4019242,51.1932991],[71.4016705,51.1933842],[71.4015048,51.1934351]]},"properties":{"osm_way_id":236528235,"name":"Конституция көшесі","name_ru":"улица Конституции","name_kk":null,"highway":"secondary","importance_weight":2,"kind":"road","source":"OpenStreetMap contributors","sourceId":"osm-major-roads","source_url":"https://www.openstreetmap.org/way/236528235"}},{"type":"Feature","id":"osm_way_239795202","geometry":{"type":"LineString","coordinates":[[71.2223231,51.0987195],[71.2225657,51.0987553],[71.2246322,51.0994065],[71.2282414,51.1006714],[71.2297876,51.1012133],[71.2304039,51.1014293],[71.2317065,51.1018858],[71.235096,51.103094],[71.2371899,51.1038074],[71.2402978,51.1048965],[71.2415015,51.1053464],[71.2420938,51.1055678],[71.2469111,51.1073682],[71.2473694,51.1075395],[71.2477842,51.1076945],[71.2486248,51.1080087],[71.2524278,51.10943],[71.2530105,51.1096434],[71.2532063,51.1097151],[71.2533783,51.1097803],[71.2535388,51.1098393],[71.2543076,51.1101128],[71.2550764,51.1103863],[71.2584003,51.1115622],[71.2590781,51.111802],[71.2594931,51.1119488],[71.2602796,51.112227],[71.2631571,51.1132449],[71.2639167,51.1135136],[71.2643371,51.1136622],[71.2651423,51.1139471],[71.2683308,51.115075],[71.2690851,51.1153418],[71.2691897,51.1153788],[71.2694807,51.1154817],[71.2706484,51.1158947],[71.2711592,51.1160754],[71.2745998,51.1172924]]},"properties":{"osm_way_id":239795202,"name":"Қорғалжын тас жолы","name_ru":"Коргалжинское шоссе","name_kk":"Қорғалжын тас жолы","highway":"primary","importance_weight":3,"kind":"road","source":"OpenStreetMap contributors","sourceId":"osm-major-roads","source_url":"https://www.openstreetmap.org/way/239795202"}},{"type":"Feature","id":"osm_way_239795203","geometry":{"type":"LineString","coordinates":[[71.2813024,51.1197754],[71.2810278,51.1196768],[71.2802761,51.1194098],[71.2798127,51.11925],[71.2776781,51.1185142],[71.2758067,51.1178555],[71.2751212,51.1176143],[71.2747381,51.1174794],[71.2739152,51.1171898],[71.2701264,51.1158564],[71.2693554,51.1155857],[71.2690887,51.1154912],[71.2689745,51.115451],[71.2683568,51.1152336],[71.2675155,51.1149374],[71.2644939,51.1138738],[71.2638113,51.1136336],[71.2632425,51.1134334],[71.2625372,51.1131851],[71.2596603,51.1121724],[71.2589625,51.111925],[71.258375,51.1117199],[71.2577416,51.111497],[71.255704,51.1107798],[71.2546911,51.1104224],[71.2542145,51.1102405],[71.2535607,51.1099853],[71.2534413,51.1099395],[71.2532798,51.1098781],[71.2531057,51.1098114],[71.2523645,51.1095357],[71.2515905,51.1092478],[71.248063,51.1079201],[71.2472773,51.1076331],[71.2468755,51.1074791],[71.2460231,51.1071523],[71.2456085,51.1069962],[71.2431492,51.1061232],[71.2412887,51.1054627],[71.2378728,51.1042226],[71.2372227,51.1039954],[71.2350805,51.1032557],[71.2315439,51.102034],[71.2281539,51.1007422],[71.2262435,51.100118],[71.22254,51.0987969],[71.2223231,51.0987195]]},"properties":{"osm_way_id":239795203,"name":"Қорғалжын тас жолы","name_ru":"Коргалжинское шоссе","name_kk":"Қорғалжын тас жолы","highway":"primary","importance_weight":3,"kind":"road","source":"OpenStreetMap contributors","sourceId":"osm-major-roads","source_url":"https://www.openstreetmap.org/way/239795203"}},{"type":"Feature","id":"osm_way_239795375","geometry":{"type":"LineString","coordinates":[[71.4763192,51.1977551],[71.4765342,51.1976039],[71.4767303,51.1975117],[71.4769678,51.197455],[71.4772431,51.1974526],[71.4774506,51.1974833],[71.4777163,51.1975954],[71.4778213,51.1977156]]},"properties":{"osm_way_id":239795375,"name":"osm_way_239795375","name_ru":null,"name_kk":null,"highway":"secondary","importance_weight":2,"kind":"road","source":"OpenStreetMap contributors","sourceId":"osm-major-roads","source_url":"https://www.openstreetmap.org/way/239795375"}},{"type":"Feature","id":"osm_way_242323310","geometry":{"type":"LineString","coordinates":[[71.6202402,51.1262505],[71.6200216,51.1259973]]},"properties":{"osm_way_id":242323310,"name":"Астана айналма жолы","name_ru":"Объездная Астаны","name_kk":"Астана айналма жолы","highway":"trunk","importance_weight":4,"kind":"road","source":"OpenStreetMap contributors","sourceId":"osm-major-roads","source_url":"https://www.openstreetmap.org/way/242323310"}},{"type":"Feature","id":"osm_way_242323312","geometry":{"type":"LineString","coordinates":[[71.3102973,51.2044296],[71.3081412,51.2021819],[71.3072332,51.2012355]]},"properties":{"osm_way_id":242323312,"name":"Астана айналма жолы","name_ru":"Объездная Астаны","name_kk":"Астана айналма жолы","highway":"trunk","importance_weight":4,"kind":"road","source":"OpenStreetMap contributors","sourceId":"osm-major-roads","source_url":"https://www.openstreetmap.org/way/242323312"}},{"type":"Feature","id":"osm_way_242323314","geometry":{"type":"LineString","coordinates":[[71.6199977,51.1265988],[71.6209446,51.1264419],[71.6253307,51.1256925],[71.6264865,51.1254959],[71.6335819,51.1242819],[71.6356706,51.1238873],[71.6380352,51.1234457],[71.6443125,51.1222548],[71.6458805,51.1219276],[71.647624,51.1214911],[71.6481618,51.1213655],[71.6554396,51.1194233],[71.6584139,51.1185904]]},"properties":{"osm_way_id":242323314,"name":"osm_way_242323314","name_ru":null,"name_kk":null,"highway":"trunk","importance_weight":4,"kind":"road","source":"OpenStreetMap contributors","sourceId":"osm-major-roads","source_url":"https://www.openstreetmap.org/way/242323314"}},{"type":"Feature","id":"osm_way_242323316","geometry":{"type":"LineString","coordinates":[[71.6260429,51.1256766],[71.6211034,51.1265247],[71.6202592,51.1266678]]},"properties":{"osm_way_id":242323316,"name":"osm_way_242323316","name_ru":null,"name_kk":null,"highway":"trunk","importance_weight":4,"kind":"road","source":"OpenStreetMap contributors","sourceId":"osm-major-roads","source_url":"https://www.openstreetmap.org/way/242323316"}},{"type":"Feature","id":"osm_way_242466145","geometry":{"type":"LineString","coordinates":[[71.4398103,51.15908],[71.4401865,51.1590555],[71.4404824,51.1590133],[71.4407942,51.158949],[71.4411153,51.1588536],[71.441743,51.1586558]]},"properties":{"osm_way_id":242466145,"name":"Александр Кравцов көшесі","name_ru":"улица Александра Кравцова","name_kk":null,"highway":"secondary","importance_weight":2,"kind":"road","source":"OpenStreetMap contributors","sourceId":"osm-major-roads","source_url":"https://www.openstreetmap.org/way/242466145"}},{"type":"Feature","id":"osm_way_242921605","geometry":{"type":"LineString","coordinates":[[71.377431,51.1720435],[71.3776096,51.1720479]]},"properties":{"osm_way_id":242921605,"name":"Шаймерден Қосшығұлұлы көшесі","name_ru":"улица Шаймердена Косшыгулулы","name_kk":null,"highway":"secondary","importance_weight":2,"kind":"road","source":"OpenStreetMap contributors","sourceId":"osm-major-roads","source_url":"https://www.openstreetmap.org/way/242921605"}},{"type":"Feature","id":"osm_way_243133841","geometry":{"type":"LineString","coordinates":[[71.4270235,51.0954537],[71.4271667,51.0954331],[71.4286256,51.095227],[71.4293734,51.0951185],[71.4297142,51.0950575],[71.4299949,51.0950098],[71.4300919,51.0949903],[71.4303565,51.0949531],[71.4305716,51.0949228],[71.4309844,51.0948647],[71.4312615,51.0948257],[71.432432,51.0946607],[71.434501,51.0943692],[71.4348364,51.094322],[71.4358723,51.0941797],[71.4359399,51.0941704],[71.4362535,51.0941263],[71.4365261,51.0940839],[71.4376695,51.0939229],[71.4381241,51.0938584],[71.4383747,51.0938228],[71.4396749,51.0936382],[71.4397944,51.0936212],[71.4398828,51.0936087],[71.4420492,51.0933011],[71.442464,51.0932422],[71.4427555,51.0932008],[71.442893,51.093186],[71.4432096,51.0931416],[71.4443122,51.092987],[71.4443882,51.0929763],[71.4478701,51.0924858],[71.4481511,51.0924462],[71.449234,51.0922936],[71.4493024,51.092284]]},"properties":{"osm_way_id":243133841,"name":"Ұлы Дала даңғылы","name_ru":"проспект Улы Дала","name_kk":"Ұлы Дала даңғылы","highway":"secondary","importance_weight":2,"kind":"road","source":"OpenStreetMap contributors","sourceId":"osm-major-roads","source_url":"https://www.openstreetmap.org/way/243133841"}},{"type":"Feature","id":"osm_way_243139486","geometry":{"type":"LineString","coordinates":[[71.4553283,51.1559295],[71.4550142,51.1558194],[71.4546175,51.1556731],[71.4541169,51.1554654],[71.453886,51.1553407],[71.453638,51.1551969]]},"properties":{"osm_way_id":243139486,"name":"Пушкин көшесі","name_ru":"улица Пушкина","name_kk":"Пушкин көшесі","highway":"primary","importance_weight":3,"kind":"road","source":"OpenStreetMap contributors","sourceId":"osm-major-roads","source_url":"https://www.openstreetmap.org/way/243139486"}},{"type":"Feature","id":"osm_way_243286665","geometry":{"type":"LineString","coordinates":[[71.4367617,51.1928922],[71.4367284,51.1929344],[71.436654,51.1930228],[71.4364716,51.1932657],[71.4362273,51.1935466],[71.4361934,51.1935868],[71.4361257,51.1936496],[71.4356949,51.1940367],[71.4351326,51.1945419],[71.4348553,51.1947911],[71.4343241,51.1952501],[71.4340884,51.1954382],[71.4338935,51.1955937],[71.4337479,51.1957084],[71.4335103,51.1958842],[71.4334804,51.1959063],[71.4328514,51.1963348],[71.4325721,51.1965204],[71.4323728,51.1966104],[71.4321774,51.1966467]]},"properties":{"osm_way_id":243286665,"name":"Николай Гоголь көшесі","name_ru":"улица Николая Гоголя","name_kk":null,"highway":"secondary","importance_weight":2,"kind":"road","source":"OpenStreetMap contributors","sourceId":"osm-major-roads","source_url":"https://www.openstreetmap.org/way/243286665"}},{"type":"Feature","id":"osm_way_243286669","geometry":{"type":"LineString","coordinates":[[71.3845483,51.2115261],[71.3839463,51.2112951],[71.3837042,51.2111215],[71.3831029,51.2106734],[71.3829551,51.2105303],[71.3828405,51.2104448],[71.3827859,51.2104008],[71.382556,51.2101518],[71.3818891,51.2095709],[71.381707,51.2093705],[71.3810459,51.2086428],[71.3806402,51.208076],[71.3803679,51.2077135],[71.3801962,51.2075052],[71.380058,51.2073248],[71.379822,51.2070007],[71.3790401,51.2061125],[71.3789508,51.2060014],[71.3787982,51.2058115]]},"properties":{"osm_way_id":243286669,"name":"Малахов көшесі","name_ru":"улица Малахова","name_kk":null,"highway":"secondary","importance_weight":2,"kind":"road","source":"OpenStreetMap contributors","sourceId":"osm-major-roads","source_url":"https://www.openstreetmap.org/way/243286669"}},{"type":"Feature","id":"osm_way_243286672","geometry":{"type":"LineString","coordinates":[[71.4254679,51.197593],[71.4249581,51.1975878],[71.4238663,51.1974962],[71.4235672,51.1974741],[71.423387,51.1974568],[71.4223427,51.1974075],[71.4219995,51.1973578],[71.4219048,51.1973489],[71.4214706,51.1973157],[71.4201748,51.1972693],[71.4196515,51.1972425],[71.4193148,51.1972595],[71.4185702,51.1973141],[71.418162,51.1973475],[71.4176129,51.1973842],[71.4166724,51.1974396],[71.4164707,51.1974518],[71.415018,51.1975159],[71.4148248,51.1975384],[71.4146979,51.1975561],[71.4143221,51.1975958],[71.4139166,51.1976925],[71.4135641,51.1977982],[71.4134112,51.1978441],[71.4129881,51.1979957],[71.4125268,51.1981775],[71.4121566,51.1983654],[71.4117801,51.1986077],[71.4115001,51.1988459],[71.4113633,51.1989623],[71.4108366,51.1993099],[71.4106976,51.1994268]]},"properties":{"osm_way_id":243286672,"name":"Тайбурыл көшесі","name_ru":"улица Тайбурыл","name_kk":null,"highway":"secondary","importance_weight":2,"kind":"road","source":"OpenStreetMap contributors","sourceId":"osm-major-roads","source_url":"https://www.openstreetmap.org/way/243286672"}},{"type":"Feature","id":"osm_way_243286674","geometry":{"type":"LineString","coordinates":[[71.4106976,51.1994268],[71.4106436,51.1994989],[71.410615,51.1995585],[71.4105945,51.1996381],[71.4105901,51.1997245],[71.4105979,51.1997972],[71.4106286,51.2000812],[71.4106299,51.2001828],[71.4106207,51.2002879],[71.4106034,51.2003914],[71.4105141,51.2006576]]},"properties":{"osm_way_id":243286674,"name":"Үшқоңыр көшесі","name_ru":"улица Ушконыр","name_kk":null,"highway":"secondary","importance_weight":2,"kind":"road","source":"OpenStreetMap contributors","sourceId":"osm-major-roads","source_url":"https://www.openstreetmap.org/way/243286674"}},{"type":"Feature","id":"osm_way_243296032","geometry":{"type":"LineString","coordinates":[[71.4321774,51.1966467],[71.4319166,51.1966379],[71.4315953,51.1965883],[71.4305226,51.1964227],[71.4299645,51.1963326],[71.4297897,51.1963114],[71.42945,51.1962703],[71.4286823,51.1961823],[71.42856,51.1961957]]},"properties":{"osm_way_id":243296032,"name":"osm_way_243296032","name_ru":null,"name_kk":null,"highway":"secondary","importance_weight":2,"kind":"road","source":"OpenStreetMap contributors","sourceId":"osm-major-roads","source_url":"https://www.openstreetmap.org/way/243296032"}},{"type":"Feature","id":"osm_way_243512124","geometry":{"type":"LineString","coordinates":[[71.3721283,51.2604273],[71.3720199,51.260663],[71.3717005,51.2614379],[71.3701835,51.2648951],[71.3698546,51.2656971]]},"properties":{"osm_way_id":243512124,"name":"osm_way_243512124","name_ru":null,"name_kk":null,"highway":"motorway","importance_weight":5,"kind":"road","source":"OpenStreetMap contributors","sourceId":"osm-major-roads","source_url":"https://www.openstreetmap.org/way/243512124"}},{"type":"Feature","id":"osm_way_243512125","geometry":{"type":"LineString","coordinates":[[71.3743207,51.2549564],[71.3758343,51.251451],[71.375975,51.251132],[71.3761549,51.2508266]]},"properties":{"osm_way_id":243512125,"name":"osm_way_243512125","name_ru":null,"name_kk":null,"highway":"secondary","importance_weight":2,"kind":"road","source":"OpenStreetMap contributors","sourceId":"osm-major-roads","source_url":"https://www.openstreetmap.org/way/243512125"}},{"type":"Feature","id":"osm_way_243512126","geometry":{"type":"LineString","coordinates":[[71.3732713,51.2555988],[71.3747536,51.255842],[71.38132,51.2569283],[71.3857531,51.2576606],[71.3865649,51.2578492]]},"properties":{"osm_way_id":243512126,"name":"Астана айналма жолы","name_ru":"Объездная Астаны","name_kk":"Астана айналма жолы","highway":"trunk","importance_weight":4,"kind":"road","source":"OpenStreetMap contributors","sourceId":"osm-major-roads","source_url":"https://www.openstreetmap.org/way/243512126"}},{"type":"Feature","id":"osm_way_243512127","geometry":{"type":"LineString","coordinates":[[71.3813961,51.2570465],[71.3746966,51.2559498],[71.3732389,51.255685],[71.3663962,51.2545749],[71.3626184,51.2539336],[71.3619623,51.2538224],[71.360305,51.2535389],[71.3512004,51.2520096],[71.3503927,51.2518739]]},"properties":{"osm_way_id":243512127,"name":"Астана айналма жолы","name_ru":"Объездная Астаны","name_kk":"Астана айналма жолы","highway":"trunk","importance_weight":4,"kind":"road","source":"OpenStreetMap contributors","sourceId":"osm-major-roads","source_url":"https://www.openstreetmap.org/way/243512127"}},{"type":"Feature","id":"osm_way_243757592","geometry":{"type":"LineString","coordinates":[[71.3867871,51.2003335],[71.38728,51.2001822],[71.3881271,51.1999844],[71.3885228,51.1998872]]},"properties":{"osm_way_id":243757592,"name":"Қарасай Батыр көшесі","name_ru":"улица Карасай Батыра","name_kk":null,"highway":"secondary","importance_weight":2,"kind":"road","source":"OpenStreetMap contributors","sourceId":"osm-major-roads","source_url":"https://www.openstreetmap.org/way/243757592"}},{"type":"Feature","id":"osm_way_247907875","geometry":{"type":"LineString","coordinates":[[71.3761549,51.2508266],[71.3760912,51.2511539],[71.3759047,51.2514832],[71.3744302,51.2549986]]},"properties":{"osm_way_id":247907875,"name":"osm_way_247907875","name_ru":null,"name_kk":null,"highway":"secondary","importance_weight":2,"kind":"road","source":"OpenStreetMap contributors","sourceId":"osm-major-roads","source_url":"https://www.openstreetmap.org/way/247907875"}},{"type":"Feature","id":"osm_way_247907886","geometry":{"type":"LineString","coordinates":[[71.3742488,51.2554139],[71.3738794,51.2562836]]},"properties":{"osm_way_id":247907886,"name":"osm_way_247907886","name_ru":null,"name_kk":null,"highway":"trunk","importance_weight":4,"kind":"road","source":"OpenStreetMap contributors","sourceId":"osm-major-roads","source_url":"https://www.openstreetmap.org/way/247907886"}},{"type":"Feature","id":"osm_way_247907888","geometry":{"type":"LineString","coordinates":[[71.3741322,51.2553942],[71.3743207,51.2549564]]},"properties":{"osm_way_id":247907888,"name":"osm_way_247907888","name_ru":null,"name_kk":null,"highway":"trunk","importance_weight":4,"kind":"road","source":"OpenStreetMap contributors","sourceId":"osm-major-roads","source_url":"https://www.openstreetmap.org/way/247907888"}},{"type":"Feature","id":"osm_way_247907890","geometry":{"type":"LineString","coordinates":[[71.3737614,51.2562637],[71.3741322,51.2553942]]},"properties":{"osm_way_id":247907890,"name":"osm_way_247907890","name_ru":null,"name_kk":null,"highway":"trunk","importance_weight":4,"kind":"road","source":"OpenStreetMap contributors","sourceId":"osm-major-roads","source_url":"https://www.openstreetmap.org/way/247907890"}},{"type":"Feature","id":"osm_way_247909081","geometry":{"type":"LineString","coordinates":[[71.4480269,51.1878473],[71.4479461,51.1877359],[71.4479108,51.1876539],[71.4478976,51.1876231],[71.4477032,51.1870445],[71.4475307,51.1865312]]},"properties":{"osm_way_id":247909081,"name":"проспект Акжол","name_ru":"проспект Акжол","name_kk":"Ақжол даңғылы","highway":"secondary","importance_weight":2,"kind":"road","source":"OpenStreetMap contributors","sourceId":"osm-major-roads","source_url":"https://www.openstreetmap.org/way/247909081"}},{"type":"Feature","id":"osm_way_247910395","geometry":{"type":"LineString","coordinates":[[71.5327968,51.1550567],[71.5305082,51.1559109],[71.5294981,51.156301],[71.5285529,51.1566526],[71.5258528,51.1576891],[71.5247935,51.1580917],[71.5247511,51.1581005],[71.521943,51.1591791]]},"properties":{"osm_way_id":247910395,"name":"Ақжол даңғылы","name_ru":"проспект Акжол","name_kk":"Ақжол даңғылы","highway":"secondary","importance_weight":2,"kind":"road","source":"OpenStreetMap contributors","sourceId":"osm-major-roads","source_url":"https://www.openstreetmap.org/way/247910395"}},{"type":"Feature","id":"osm_way_247910398","geometry":{"type":"LineString","coordinates":[[71.5390542,51.1527034],[71.5370299,51.1534879]]},"properties":{"osm_way_id":247910398,"name":"Ақжол даңғылы","name_ru":"проспект Акжол","name_kk":"Ақжол даңғылы","highway":"secondary","importance_weight":2,"kind":"road","source":"OpenStreetMap contributors","sourceId":"osm-major-roads","source_url":"https://www.openstreetmap.org/way/247910398"}},{"type":"Feature","id":"osm_way_247910402","geometry":{"type":"LineString","coordinates":[[71.5320483,51.1552053],[71.5368148,51.1533948]]},"properties":{"osm_way_id":247910402,"name":"Ақжол даңғылы","name_ru":"проспект Акжол","name_kk":"Ақжол даңғылы","highway":"secondary","importance_weight":2,"kind":"road","source":"OpenStreetMap contributors","sourceId":"osm-major-roads","source_url":"https://www.openstreetmap.org/way/247910402"}},{"type":"Feature","id":"osm_way_255969479","geometry":{"type":"LineString","coordinates":[[71.4137327,51.1292323],[71.4137017,51.1290318],[71.4136753,51.1288614],[71.4136464,51.1286751],[71.4136374,51.1286169],[71.4136189,51.1284978]]},"properties":{"osm_way_id":255969479,"name":"Қабанбай Батыр даңғылы","name_ru":"проспект Кабанбай Батыра","name_kk":"Қабанбай Батыр даңғылы","highway":"secondary","importance_weight":2,"kind":"road","source":"OpenStreetMap contributors","sourceId":"osm-major-roads","source_url":"https://www.openstreetmap.org/way/255969479"}},{"type":"Feature","id":"osm_way_255969480","geometry":{"type":"LineString","coordinates":[[71.4142953,51.132509],[71.4137327,51.1292323]]},"properties":{"osm_way_id":255969480,"name":"Қабанбай Батыр даңғылы","name_ru":"проспект Кабанбай Батыра","name_kk":"Қабанбай Батыр даңғылы","highway":"secondary","importance_weight":2,"kind":"road","source":"OpenStreetMap contributors","sourceId":"osm-major-roads","source_url":"https://www.openstreetmap.org/way/255969480"}},{"type":"Feature","id":"osm_way_255969483","geometry":{"type":"LineString","coordinates":[[71.4152206,51.0632517],[71.4151112,51.0629312]]},"properties":{"osm_way_id":255969483,"name":"Мәңгілік Ел даңғылы","name_ru":"проспект Мангилик Ел","name_kk":"Мәңгілік Ел даңғылы","highway":"secondary","importance_weight":2,"kind":"road","source":"OpenStreetMap contributors","sourceId":"osm-major-roads","source_url":"https://www.openstreetmap.org/way/255969483"}},{"type":"Feature","id":"osm_way_255969484","geometry":{"type":"LineString","coordinates":[[71.415292,51.0629011],[71.4154038,51.0632019]]},"properties":{"osm_way_id":255969484,"name":"Мәңгілік Ел даңғылы","name_ru":"проспект Мангилик Ел","name_kk":"Мәңгілік Ел даңғылы","highway":"secondary","importance_weight":2,"kind":"road","source":"OpenStreetMap contributors","sourceId":"osm-major-roads","source_url":"https://www.openstreetmap.org/way/255969484"}},{"type":"Feature","id":"osm_way_255969485","geometry":{"type":"LineString","coordinates":[[71.4151112,51.0629312],[71.4149933,51.0625725],[71.4149197,51.0623485],[71.4146749,51.061653],[71.4143835,51.0608254],[71.4143259,51.0606651],[71.4139728,51.0596841],[71.4139272,51.0595701],[71.4138373,51.0593763]]},"properties":{"osm_way_id":255969485,"name":"Мәңгілік Ел даңғылы","name_ru":"проспект Мангилик Ел","name_kk":"Мәңгілік Ел даңғылы","highway":"secondary","importance_weight":2,"kind":"road","source":"OpenStreetMap contributors","sourceId":"osm-major-roads","source_url":"https://www.openstreetmap.org/way/255969485"}},{"type":"Feature","id":"osm_way_255969486","geometry":{"type":"LineString","coordinates":[[71.4317867,51.1087751],[71.4318597,51.108982],[71.4318973,51.1090874],[71.4323519,51.1103625],[71.4330436,51.1123021],[71.4331931,51.112745],[71.4332101,51.112796]]},"properties":{"osm_way_id":255969486,"name":"Мәңгілік Ел даңғылы","name_ru":"проспект Мангилик Ел","name_kk":"Мәңгілік Ел даңғылы","highway":"secondary","importance_weight":2,"kind":"road","source":"OpenStreetMap contributors","sourceId":"osm-major-roads","source_url":"https://www.openstreetmap.org/way/255969486"}},{"type":"Feature","id":"osm_way_257154422","geometry":{"type":"LineString","coordinates":[[71.378595,51.2055642],[71.3782314,51.2050295]]},"properties":{"osm_way_id":257154422,"name":"Малахов көшесі","name_ru":"улица Малахова","name_kk":null,"highway":"secondary","importance_weight":2,"kind":"road","source":"OpenStreetMap contributors","sourceId":"osm-major-roads","source_url":"https://www.openstreetmap.org/way/257154422"}},{"type":"Feature","id":"osm_way_257154424","geometry":{"type":"LineString","coordinates":[[71.3787982,51.2058115],[71.3787625,51.2057706],[71.3787273,51.2057264],[71.3786137,51.2055865],[71.378595,51.2055642]]},"properties":{"osm_way_id":257154424,"name":"Малахов көшесі","name_ru":"улица Малахова","name_kk":null,"highway":"secondary","importance_weight":2,"kind":"road","source":"OpenStreetMap contributors","sourceId":"osm-major-roads","source_url":"https://www.openstreetmap.org/way/257154424"}},{"type":"Feature","id":"osm_way_257462389","geometry":{"type":"LineString","coordinates":[[71.5940592,51.0946897],[71.5950331,51.0958632]]},"properties":{"osm_way_id":257462389,"name":"Астана айналма жолы","name_ru":"Объездная Астаны","name_kk":"Астана айналма жолы","highway":"trunk","importance_weight":4,"kind":"road","source":"OpenStreetMap contributors","sourceId":"osm-major-roads","source_url":"https://www.openstreetmap.org/way/257462389"}},{"type":"Feature","id":"osm_way_257462392","geometry":{"type":"LineString","coordinates":[[71.5948615,51.0959063],[71.5938918,51.0947404]]},"properties":{"osm_way_id":257462392,"name":"Астана айналма жолы","name_ru":"Объездная Астаны","name_kk":"Астана айналма жолы","highway":"trunk","importance_weight":4,"kind":"road","source":"OpenStreetMap contributors","sourceId":"osm-major-roads","source_url":"https://www.openstreetmap.org/way/257462392"}},{"type":"Feature","id":"osm_way_257462393","geometry":{"type":"LineString","coordinates":[[71.6120347,51.1164852],[71.611469,51.1157932]]},"properties":{"osm_way_id":257462393,"name":"Астана айналма жолы","name_ru":"Объездная Астаны","name_kk":"Астана айналма жолы","highway":"trunk","importance_weight":4,"kind":"road","source":"OpenStreetMap contributors","sourceId":"osm-major-roads","source_url":"https://www.openstreetmap.org/way/257462393"}},{"type":"Feature","id":"osm_way_257462394","geometry":{"type":"LineString","coordinates":[[71.6116231,51.1157497],[71.6122009,51.1164319]]},"properties":{"osm_way_id":257462394,"name":"Астана айналма жолы","name_ru":"Объездная Астаны","name_kk":"Астана айналма жолы","highway":"trunk","importance_weight":4,"kind":"road","source":"OpenStreetMap contributors","sourceId":"osm-major-roads","source_url":"https://www.openstreetmap.org/way/257462394"}},{"type":"Feature","id":"osm_way_257462395","geometry":{"type":"LineString","coordinates":[[71.5938918,51.0947404],[71.5937184,51.0945322],[71.5740512,51.0709144],[71.5732241,51.0699229],[71.5723145,51.0690016],[71.5714681,51.0681315],[71.5707892,51.067506],[71.569322,51.0662406],[71.5678796,51.0651115],[71.5668424,51.0643807]]},"properties":{"osm_way_id":257462395,"name":"Астана айналма жолы","name_ru":"Объездная Астаны","name_kk":"Астана айналма жолы","highway":"trunk","importance_weight":4,"kind":"road","source":"OpenStreetMap contributors","sourceId":"osm-major-roads","source_url":"https://www.openstreetmap.org/way/257462395"}},{"type":"Feature","id":"osm_way_257462397","geometry":{"type":"LineString","coordinates":[[71.5950331,51.0958632],[71.5987774,51.1003519],[71.6011114,51.1031481],[71.6015291,51.1036523]]},"properties":{"osm_way_id":257462397,"name":"Астана айналма жолы","name_ru":"Объездная Астаны","name_kk":"Астана айналма жолы","highway":"trunk","importance_weight":4,"kind":"road","source":"OpenStreetMap contributors","sourceId":"osm-major-roads","source_url":"https://www.openstreetmap.org/way/257462397"}},{"type":"Feature","id":"osm_way_257462398","geometry":{"type":"LineString","coordinates":[[71.611469,51.1157932],[71.6099237,51.1139622],[71.6087527,51.1125746],[71.6065786,51.1099749],[71.6043884,51.1073462],[71.6031896,51.1059112],[71.6029329,51.105602],[71.6026945,51.1053147],[71.6016812,51.104094],[71.6015703,51.1039604]]},"properties":{"osm_way_id":257462398,"name":"Астана айналма жолы","name_ru":"Объездная Астаны","name_kk":"Астана айналма жолы","highway":"trunk","importance_weight":4,"kind":"road","source":"OpenStreetMap contributors","sourceId":"osm-major-roads","source_url":"https://www.openstreetmap.org/way/257462398"}},{"type":"Feature","id":"osm_way_257462399","geometry":{"type":"LineString","coordinates":[[71.6122009,51.1164319],[71.6165871,51.1217165],[71.6183332,51.12382],[71.6186139,51.1241622],[71.620337,51.1262153]]},"properties":{"osm_way_id":257462399,"name":"Астана айналма жолы","name_ru":"Объездная Астаны","name_kk":"Астана айналма жолы","highway":"trunk","importance_weight":4,"kind":"road","source":"OpenStreetMap contributors","sourceId":"osm-major-roads","source_url":"https://www.openstreetmap.org/way/257462399"}},{"type":"Feature","id":"osm_way_257482942","geometry":{"type":"LineString","coordinates":[[71.6231063,51.1295246],[71.6234201,51.1299014]]},"properties":{"osm_way_id":257482942,"name":"Астана айналма жолы","name_ru":"Объездная Астаны","name_kk":"Астана айналма жолы","highway":"trunk","importance_weight":4,"kind":"road","source":"OpenStreetMap contributors","sourceId":"osm-major-roads","source_url":"https://www.openstreetmap.org/way/257482942"}},{"type":"Feature","id":"osm_way_257482943","geometry":{"type":"LineString","coordinates":[[71.6233173,51.1299304],[71.6230023,51.1295572]]},"properties":{"osm_way_id":257482943,"name":"Астана айналма жолы","name_ru":"Объездная Астаны","name_kk":"Астана айналма жолы","highway":"trunk","importance_weight":4,"kind":"road","source":"OpenStreetMap contributors","sourceId":"osm-major-roads","source_url":"https://www.openstreetmap.org/way/257482943"}},{"type":"Feature","id":"osm_way_257482944","geometry":{"type":"LineString","coordinates":[[71.6230023,51.1295572],[71.6227445,51.1292403]]},"properties":{"osm_way_id":257482944,"name":"Астана айналма жолы","name_ru":"Объездная Астаны","name_kk":"Астана айналма жолы","highway":"trunk","importance_weight":4,"kind":"road","source":"OpenStreetMap contributors","sourceId":"osm-major-roads","source_url":"https://www.openstreetmap.org/way/257482944"}},{"type":"Feature","id":"osm_way_257482945","geometry":{"type":"LineString","coordinates":[[71.6234201,51.1299014],[71.62443,51.1311048],[71.6279219,51.1352974],[71.6279685,51.1354199]]},"properties":{"osm_way_id":257482945,"name":"Астана айналма жолы","name_ru":"Объездная Астаны","name_kk":"Астана айналма жолы","highway":"trunk","importance_weight":4,"kind":"road","source":"OpenStreetMap contributors","sourceId":"osm-major-roads","source_url":"https://www.openstreetmap.org/way/257482945"}},{"type":"Feature","id":"osm_way_257688019","geometry":{"type":"LineString","coordinates":[[71.3817342,51.1298248],[71.3821859,51.1297605],[71.3823391,51.1297387],[71.38261,51.1297078],[71.3835499,51.1296007],[71.3845313,51.1294796],[71.3853963,51.1293729],[71.3917096,51.1285938],[71.3929194,51.1284445],[71.3945365,51.1282408],[71.3954813,51.1281283],[71.3957595,51.12809]]},"properties":{"osm_way_id":257688019,"name":"Сығанақ көшесі","name_ru":"улица Сыганак","name_kk":"Сығанақ көшесі","highway":"secondary","importance_weight":2,"kind":"road","source":"OpenStreetMap contributors","sourceId":"osm-major-roads","source_url":"https://www.openstreetmap.org/way/257688019"}},{"type":"Feature","id":"osm_way_257866337","geometry":{"type":"LineString","coordinates":[[71.3740048,51.1631179],[71.3733408,51.1611129],[71.3728403,51.1596018],[71.3727506,51.1593309],[71.3724711,51.1584868],[71.3724136,51.1583133],[71.3721187,51.1574228],[71.3715112,51.1556101],[71.3708721,51.1536586],[71.3707882,51.1533916],[71.3705135,51.1525488],[71.3701771,51.1517253]]},"properties":{"osm_way_id":257866337,"name":"Шыңғыс Айтматов көшесі","name_ru":"улица Чингиза Айтматова","name_kk":"Шыңғыс Айтматов көшесі","highway":"secondary","importance_weight":2,"kind":"road","source":"OpenStreetMap contributors","sourceId":"osm-major-roads","source_url":"https://www.openstreetmap.org/way/257866337"}},{"type":"Feature","id":"osm_way_257866338","geometry":{"type":"LineString","coordinates":[[71.3683946,51.1479262],[71.368605,51.1478671]]},"properties":{"osm_way_id":257866338,"name":"Қорғалжын тас жолы","name_ru":"Коргалжинское шоссе","name_kk":"Қорғалжын тас жолы","highway":"primary","importance_weight":3,"kind":"road","source":"OpenStreetMap contributors","sourceId":"osm-major-roads","source_url":"https://www.openstreetmap.org/way/257866338"}},{"type":"Feature","id":"osm_way_257890169","geometry":{"type":"LineString","coordinates":[[71.3988453,51.1682652],[71.3984905,51.1682224],[71.3976948,51.1681249],[71.3968472,51.1680211],[71.394756,51.1677722]]},"properties":{"osm_way_id":257890169,"name":"Шаймерден Қосшығұлұлы көшесі","name_ru":"улица Шаймердена Косшыгулулы","name_kk":null,"highway":"secondary","importance_weight":2,"kind":"road","source":"OpenStreetMap contributors","sourceId":"osm-major-roads","source_url":"https://www.openstreetmap.org/way/257890169"}},{"type":"Feature","id":"osm_way_257917470","geometry":{"type":"LineString","coordinates":[[71.4416126,51.1612683],[71.441667,51.1610972]]},"properties":{"osm_way_id":257917470,"name":"Шоқан Уәлиханов көшесі","name_ru":"улица Шокана Уалиханова","name_kk":null,"highway":"secondary","importance_weight":2,"kind":"road","source":"OpenStreetMap contributors","sourceId":"osm-major-roads","source_url":"https://www.openstreetmap.org/way/257917470"}},{"type":"Feature","id":"osm_way_257917474","geometry":{"type":"LineString","coordinates":[[71.4475307,51.1865312],[71.4474995,51.1864649],[71.4473887,51.1862294],[71.4473486,51.1860592],[71.4473455,51.186008]]},"properties":{"osm_way_id":257917474,"name":"проспект Акжол","name_ru":"проспект Акжол","name_kk":"Ақжол даңғылы","highway":"secondary","importance_weight":2,"kind":"road","source":"OpenStreetMap contributors","sourceId":"osm-major-roads","source_url":"https://www.openstreetmap.org/way/257917474"}},{"type":"Feature","id":"osm_way_258042555","geometry":{"type":"LineString","coordinates":[[71.5084758,51.1528699],[71.5081149,51.1530074]]},"properties":{"osm_way_id":258042555,"name":"Шәкәрім Құдайбердіұлы даңғылы","name_ru":"проспект Шaкaрима Кудайбердыулы","name_kk":"Шәкәрім Құдайбердіұлы даңғылы","highway":"secondary","importance_weight":2,"kind":"road","source":"OpenStreetMap contributors","sourceId":"osm-major-roads","source_url":"https://www.openstreetmap.org/way/258042555"}},{"type":"Feature","id":"osm_way_258045962","geometry":{"type":"LineString","coordinates":[[71.4961454,51.1288091],[71.4917272,51.1275584]]},"properties":{"osm_way_id":258045962,"name":"Рақымжан Қошқарбаев даңғылы","name_ru":"проспект Рахимжана Кошкарбаева","name_kk":"Рақымжан Қошқарбаев даңғылы","highway":"secondary","importance_weight":2,"kind":"road","source":"OpenStreetMap contributors","sourceId":"osm-major-roads","source_url":"https://www.openstreetmap.org/way/258045962"}},{"type":"Feature","id":"osm_way_258352690","geometry":{"type":"LineString","coordinates":[[71.391958,51.1682214],[71.3912851,51.1684874],[71.391135,51.1685579],[71.3905142,51.168818],[71.3903016,51.168907],[71.390148,51.1689715],[71.3898175,51.1691229],[71.3896286,51.1692095],[71.3884942,51.1696847],[71.386938,51.1703366],[71.3868653,51.1703645],[71.3864256,51.1705334],[71.3859643,51.1706729],[71.3848428,51.1709376],[71.3842555,51.1710762],[71.3827412,51.1714336]]},"properties":{"osm_way_id":258352690,"name":"Шаймерден Қосшығұлұлы көшесі","name_ru":"улица Шаймердена Косшыгулулы","name_kk":null,"highway":"secondary","importance_weight":2,"kind":"road","source":"OpenStreetMap contributors","sourceId":"osm-major-roads","source_url":"https://www.openstreetmap.org/way/258352690"}},{"type":"Feature","id":"osm_way_258352692","geometry":{"type":"LineString","coordinates":[[71.3918574,51.1681479],[71.3923193,51.1679866],[71.3926514,51.1678856],[71.392888,51.1678253],[71.3933769,51.1677174],[71.3936764,51.1676822],[71.3939368,51.1676547],[71.3945552,51.1676547],[71.3948464,51.1676712]]},"properties":{"osm_way_id":258352692,"name":"Шаймерден Қосшығұлұлы көшесі","name_ru":"улица Шаймердена Косшыгулулы","name_kk":null,"highway":"secondary","importance_weight":2,"kind":"road","source":"OpenStreetMap contributors","sourceId":"osm-major-roads","source_url":"https://www.openstreetmap.org/way/258352692"}},{"type":"Feature","id":"osm_way_258610081","geometry":{"type":"LineString","coordinates":[[71.6836679,51.1121692],[71.6840065,51.112088],[71.6846705,51.1119287],[71.6859934,51.1116113],[71.6873959,51.1112748],[71.6894166,51.1107899],[71.6903532,51.1105638],[71.7004908,51.1081003],[71.7020982,51.107675]]},"properties":{"osm_way_id":258610081,"name":"osm_way_258610081","name_ru":null,"name_kk":null,"highway":"trunk","importance_weight":4,"kind":"road","source":"OpenStreetMap contributors","sourceId":"osm-major-roads","source_url":"https://www.openstreetmap.org/way/258610081"}},{"type":"Feature","id":"osm_way_258804063","geometry":{"type":"LineString","coordinates":[[71.4019281,51.226052],[71.4027099,51.2260271],[71.4036017,51.2259921],[71.4050349,51.2259532],[71.4061468,51.2259197],[71.4088644,51.2258377],[71.4092534,51.225826],[71.4117784,51.2257377],[71.4136436,51.2256795],[71.4166187,51.2255011],[71.4177169,51.2254409],[71.4189201,51.2253155],[71.4193661,51.225243],[71.4201196,51.2251206],[71.4217728,51.2248033],[71.4232713,51.2244445],[71.4239688,51.2242515],[71.4248841,51.2239983],[71.4258014,51.2236945],[71.4268055,51.223342],[71.4276823,51.2229444],[71.4286532,51.2224959],[71.4301813,51.2217851],[71.4311313,51.2212834],[71.4318874,51.2207695],[71.4330303,51.2199927],[71.4369241,51.2170952],[71.4389103,51.2155962],[71.4390466,51.215494],[71.4414331,51.2137003],[71.4415267,51.21363],[71.4436313,51.2120456],[71.4461001,51.2101841],[71.4462981,51.210038],[71.4469525,51.2095609],[71.4480045,51.2088382],[71.4492342,51.2081941],[71.4494336,51.2081029]]},"properties":{"osm_way_id":258804063,"name":"191-ші көше","name_ru":"191-я улица","name_kk":null,"highway":"secondary","importance_weight":2,"kind":"road","source":"OpenStreetMap contributors","sourceId":"osm-major-roads","source_url":"https://www.openstreetmap.org/way/258804063"}},{"type":"Feature","id":"osm_way_258806690","geometry":{"type":"LineString","coordinates":[[71.4744064,51.1992372],[71.4741722,51.1992564],[71.4736549,51.1993026],[71.4732279,51.1993636],[71.4726273,51.1994728]]},"properties":{"osm_way_id":258806690,"name":"osm_way_258806690","name_ru":null,"name_kk":null,"highway":"secondary","importance_weight":2,"kind":"road","source":"OpenStreetMap contributors","sourceId":"osm-major-roads","source_url":"https://www.openstreetmap.org/way/258806690"}},{"type":"Feature","id":"osm_way_258877511","geometry":{"type":"LineString","coordinates":[[71.3494433,51.2517048],[71.3475909,51.2513761],[71.3466097,51.2511945],[71.3455649,51.2509434],[71.3443651,51.2505853],[71.3436632,51.2503384],[71.3434673,51.2502695],[71.3428898,51.2500519],[71.3423788,51.2498344],[71.3414452,51.2493893],[71.3405355,51.2488994],[71.3396297,51.2483499],[71.3389678,51.2478812],[71.3383509,51.2473908],[71.3377357,51.2468],[71.3372216,51.2462581],[71.3367687,51.2456811],[71.336431,51.2451888],[71.3316183,51.2374985],[71.3312429,51.2368451],[71.3263372,51.2289348]]},"properties":{"osm_way_id":258877511,"name":"Астана айналма жолы","name_ru":"Объездная Астаны","name_kk":"Астана айналма жолы","highway":"trunk","importance_weight":4,"kind":"road","source":"OpenStreetMap contributors","sourceId":"osm-major-roads","source_url":"https://www.openstreetmap.org/way/258877511"}},{"type":"Feature","id":"osm_way_258877513","geometry":{"type":"LineString","coordinates":[[71.3495029,51.2516053],[71.3504502,51.2517635]]},"properties":{"osm_way_id":258877513,"name":"Астана айналма жолы","name_ru":"Объездная Астаны","name_kk":"Астана айналма жолы","highway":"trunk","importance_weight":4,"kind":"road","source":"OpenStreetMap contributors","sourceId":"osm-major-roads","source_url":"https://www.openstreetmap.org/way/258877513"}},{"type":"Feature","id":"osm_way_258877515","geometry":{"type":"LineString","coordinates":[[71.3503927,51.2518739],[71.3494433,51.2517048]]},"properties":{"osm_way_id":258877515,"name":"Астана айналма жолы","name_ru":"Объездная Астаны","name_kk":"Астана айналма жолы","highway":"trunk","importance_weight":4,"kind":"road","source":"OpenStreetMap contributors","sourceId":"osm-major-roads","source_url":"https://www.openstreetmap.org/way/258877515"}},{"type":"Feature","id":"osm_way_258877520","geometry":{"type":"LineString","coordinates":[[71.3504502,51.2517635],[71.3621464,51.253738],[71.3665026,51.254456],[71.3732713,51.2555988]]},"properties":{"osm_way_id":258877520,"name":"Астана айналма жолы","name_ru":"Объездная Астаны","name_kk":"Астана айналма жолы","highway":"trunk","importance_weight":4,"kind":"road","source":"OpenStreetMap contributors","sourceId":"osm-major-roads","source_url":"https://www.openstreetmap.org/way/258877520"}},{"type":"Feature","id":"osm_way_258890873","geometry":{"type":"LineString","coordinates":[[71.5302353,51.1558707],[71.5305991,51.1557362],[71.5307227,51.1556909],[71.5311113,51.1555485],[71.5315803,51.1553767],[71.5320483,51.1552053]]},"properties":{"osm_way_id":258890873,"name":"Ақжол даңғылы","name_ru":"проспект Акжол","name_kk":"Ақжол даңғылы","highway":"secondary","importance_weight":2,"kind":"road","source":"OpenStreetMap contributors","sourceId":"osm-major-roads","source_url":"https://www.openstreetmap.org/way/258890873"}},{"type":"Feature","id":"osm_way_258890875","geometry":{"type":"LineString","coordinates":[[71.5370299,51.1534879],[71.5327968,51.1550567]]},"properties":{"osm_way_id":258890875,"name":"Ақжол даңғылы","name_ru":"проспект Акжол","name_kk":"Ақжол даңғылы","highway":"secondary","importance_weight":2,"kind":"road","source":"OpenStreetMap contributors","sourceId":"osm-major-roads","source_url":"https://www.openstreetmap.org/way/258890875"}},{"type":"Feature","id":"osm_way_258890879","geometry":{"type":"LineString","coordinates":[[71.5368148,51.1533948],[71.5390983,51.1525525],[71.5396521,51.1523565],[71.5399618,51.1522525],[71.5403377,51.1521291],[71.5405227,51.1520672]]},"properties":{"osm_way_id":258890879,"name":"Ақжол даңғылы","name_ru":"проспект Акжол","name_kk":"Ақжол даңғылы","highway":"secondary","importance_weight":2,"kind":"road","source":"OpenStreetMap contributors","sourceId":"osm-major-roads","source_url":"https://www.openstreetmap.org/way/258890879"}},{"type":"Feature","id":"osm_way_258890882","geometry":{"type":"LineString","coordinates":[[71.3126192,51.1981072],[71.3077364,51.2004341]]},"properties":{"osm_way_id":258890882,"name":"Нұрғиса Тілендиев даңғылы","name_ru":"проспект Нургисы Тлендиева","name_kk":"Нұрғиса Тілендиев даңғылы","highway":"primary","importance_weight":3,"kind":"road","source":"OpenStreetMap contributors","sourceId":"osm-major-roads","source_url":"https://www.openstreetmap.org/way/258890882"}},{"type":"Feature","id":"osm_way_258890883","geometry":{"type":"LineString","coordinates":[[71.3079939,51.2001038],[71.3112758,51.1985536],[71.3125112,51.1979701],[71.3127243,51.1978667],[71.3175658,51.1955169],[71.3189651,51.1949748],[71.3204484,51.1945393],[71.3216358,51.1942433]]},"properties":{"osm_way_id":258890883,"name":"Нұрғиса Тілендиев даңғылы","name_ru":"проспект Нургисы Тлендиева","name_kk":"Нұрғиса Тілендиев даңғылы","highway":"primary","importance_weight":3,"kind":"road","source":"OpenStreetMap contributors","sourceId":"osm-major-roads","source_url":"https://www.openstreetmap.org/way/258890883"}},{"type":"Feature","id":"osm_way_258890885","geometry":{"type":"LineString","coordinates":[[71.3681348,51.1479891],[71.3680659,51.1478752]]},"properties":{"osm_way_id":258890885,"name":"Шыңғыс Айтматов көшесі","name_ru":"улица Чингиза Айтматова","name_kk":"Шыңғыс Айтматов көшесі","highway":"secondary","importance_weight":2,"kind":"road","source":"OpenStreetMap contributors","sourceId":"osm-major-roads","source_url":"https://www.openstreetmap.org/way/258890885"}},{"type":"Feature","id":"osm_way_258890886","geometry":{"type":"LineString","coordinates":[[71.3684521,51.1480318],[71.3685399,51.1481731]]},"properties":{"osm_way_id":258890886,"name":"Шыңғыс Айтматов көшесі","name_ru":"улица Чингиза Айтматова","name_kk":"Шыңғыс Айтматов көшесі","highway":"secondary","importance_weight":2,"kind":"road","source":"OpenStreetMap contributors","sourceId":"osm-major-roads","source_url":"https://www.openstreetmap.org/way/258890886"}},{"type":"Feature","id":"osm_way_258959962","geometry":{"type":"LineString","coordinates":[[71.4127141,51.1894886],[71.4130118,51.189396],[71.4134202,51.189269],[71.4136541,51.1891963],[71.4138505,51.1891353]]},"properties":{"osm_way_id":258959962,"name":"Ілияс Есенберлин көшесі","name_ru":"улица Ильяса Есенберлина","name_kk":null,"highway":"secondary","importance_weight":2,"kind":"road","source":"OpenStreetMap contributors","sourceId":"osm-major-roads","source_url":"https://www.openstreetmap.org/way/258959962"}},{"type":"Feature","id":"osm_way_258959964","geometry":{"type":"LineString","coordinates":[[71.4138505,51.1891353],[71.4142407,51.1890139],[71.4150271,51.1887694]]},"properties":{"osm_way_id":258959964,"name":"Ілияс Есенберлин көшесі","name_ru":"улица Ильяса Есенберлина","name_kk":null,"highway":"secondary","importance_weight":2,"kind":"road","source":"OpenStreetMap contributors","sourceId":"osm-major-roads","source_url":"https://www.openstreetmap.org/way/258959964"}},{"type":"Feature","id":"osm_way_259015476","geometry":{"type":"LineString","coordinates":[[71.417034,51.1763628],[71.4173538,51.1763298],[71.4176756,51.1763533],[71.4179278,51.1763466],[71.4181224,51.1763032],[71.418373,51.1761751],[71.4185364,51.1760175]]},"properties":{"osm_way_id":259015476,"name":"osm_way_259015476","name_ru":null,"name_kk":null,"highway":"secondary","importance_weight":2,"kind":"road","source":"OpenStreetMap contributors","sourceId":"osm-major-roads","source_url":"https://www.openstreetmap.org/way/259015476"}},{"type":"Feature","id":"osm_way_259015477","geometry":{"type":"LineString","coordinates":[[71.4186721,51.1760141],[71.4186841,51.1761953],[71.4188023,51.1763708],[71.4189899,51.1764879],[71.4193749,51.1766268]]},"properties":{"osm_way_id":259015477,"name":"osm_way_259015477","name_ru":null,"name_kk":null,"highway":"secondary","importance_weight":2,"kind":"road","source":"OpenStreetMap contributors","sourceId":"osm-major-roads","source_url":"https://www.openstreetmap.org/way/259015477"}},{"type":"Feature","id":"osm_way_259015478","geometry":{"type":"LineString","coordinates":[[71.4194004,51.1767873],[71.4188222,51.1768208],[71.4187125,51.1768386],[71.4185752,51.1768915],[71.4183466,51.1771774]]},"properties":{"osm_way_id":259015478,"name":"osm_way_259015478","name_ru":null,"name_kk":null,"highway":"secondary","importance_weight":2,"kind":"road","source":"OpenStreetMap contributors","sourceId":"osm-major-roads","source_url":"https://www.openstreetmap.org/way/259015478"}},{"type":"Feature","id":"osm_way_259015479","geometry":{"type":"LineString","coordinates":[[71.4182233,51.177187],[71.4181974,51.1769931],[71.4181638,51.1768544],[71.4180833,51.1767569],[71.4180602,51.1767485],[71.4179054,51.1766703],[71.417659,51.1765954]]},"properties":{"osm_way_id":259015479,"name":"osm_way_259015479","name_ru":null,"name_kk":null,"highway":"secondary","importance_weight":2,"kind":"road","source":"OpenStreetMap contributors","sourceId":"osm-major-roads","source_url":"https://www.openstreetmap.org/way/259015479"}},{"type":"Feature","id":"osm_way_259015482","geometry":{"type":"LineString","coordinates":[[71.4182233,51.177187],[71.4183006,51.1768229],[71.4183171,51.1767627],[71.4183418,51.1766731]]},"properties":{"osm_way_id":259015482,"name":"Бейбітшілік көшесі","name_ru":"улица Бейбитшилик","name_kk":null,"highway":"secondary","importance_weight":2,"kind":"road","source":"OpenStreetMap contributors","sourceId":"osm-major-roads","source_url":"https://www.openstreetmap.org/way/259015482"}},{"type":"Feature","id":"osm_way_259505849","geometry":{"type":"LineString","coordinates":[[71.6218067,51.284051],[71.6184169,51.2803637],[71.6161041,51.2777903],[71.6150965,51.2767004],[71.6139399,51.2754337],[71.613196,51.2746189],[71.6115719,51.2728467],[71.6088492,51.2699068],[71.6080606,51.2690845],[71.6073418,51.2684065],[71.6064888,51.2676312],[71.6058712,51.2671502],[71.6055267,51.266882],[71.6044679,51.2660222]]},"properties":{"osm_way_id":259505849,"name":"Астана — Ерментау","name_ru":null,"name_kk":null,"highway":"trunk","importance_weight":4,"kind":"road","source":"OpenStreetMap contributors","sourceId":"osm-major-roads","source_url":"https://www.openstreetmap.org/way/259505849"}},{"type":"Feature","id":"osm_way_259714712","geometry":{"type":"LineString","coordinates":[[71.4120627,51.1461634],[71.4117372,51.1461283],[71.4104125,51.1460008]]},"properties":{"osm_way_id":259714712,"name":"Қорғалжын тас жолы","name_ru":"Коргалжинское шоссе","name_kk":"Қорғалжын тас жолы","highway":"primary","importance_weight":3,"kind":"road","source":"OpenStreetMap contributors","sourceId":"osm-major-roads","source_url":"https://www.openstreetmap.org/way/259714712"}},{"type":"Feature","id":"osm_way_259714717","geometry":{"type":"LineString","coordinates":[[71.4307871,51.1537232],[71.4306677,51.1536374],[71.4305175,51.1535296],[71.4295071,51.1528039],[71.4287869,51.1522867]]},"properties":{"osm_way_id":259714717,"name":"Александр Бараев көшесі","name_ru":"улица Александра Бараева","name_kk":"Александр Бараев көшесі","highway":"secondary","importance_weight":2,"kind":"road","source":"OpenStreetMap contributors","sourceId":"osm-major-roads","source_url":"https://www.openstreetmap.org/way/259714717"}},{"type":"Feature","id":"osm_way_259714718","geometry":{"type":"LineString","coordinates":[[71.4225408,51.147107],[71.4224396,51.1469564],[71.4219974,51.1462467],[71.4219518,51.1461739]]},"properties":{"osm_way_id":259714718,"name":"Қабанбай Батыр даңғылы","name_ru":"проспект Кабанбай Батыра","name_kk":"Қабанбай Батыр даңғылы","highway":"secondary","importance_weight":2,"kind":"road","source":"OpenStreetMap contributors","sourceId":"osm-major-roads","source_url":"https://www.openstreetmap.org/way/259714718"}},{"type":"Feature","id":"osm_way_259714720","geometry":{"type":"LineString","coordinates":[[71.4240065,51.1773094],[71.4239675,51.1774301],[71.4239401,51.1775283],[71.4238734,51.177767]]},"properties":{"osm_way_id":259714720,"name":"Республика даңғылы","name_ru":"проспект Республики","name_kk":"Республика даңғылы","highway":"secondary","importance_weight":2,"kind":"road","source":"OpenStreetMap contributors","sourceId":"osm-major-roads","source_url":"https://www.openstreetmap.org/way/259714720"}},{"type":"Feature","id":"osm_way_259714722","geometry":{"type":"LineString","coordinates":[[71.453638,51.1551969],[71.4534725,51.1553549],[71.4530036,51.1557165],[71.4527911,51.1558829],[71.4525786,51.1560492]]},"properties":{"osm_way_id":259714722,"name":"Александр Кравцов көшесі","name_ru":"улица Александра Кравцова","name_kk":null,"highway":"secondary","importance_weight":2,"kind":"road","source":"OpenStreetMap contributors","sourceId":"osm-major-roads","source_url":"https://www.openstreetmap.org/way/259714722"}},{"type":"Feature","id":"osm_way_259714723","geometry":{"type":"LineString","coordinates":[[71.4533831,51.1550547],[71.4534504,51.1549649],[71.4535134,51.1548821],[71.4536907,51.154647],[71.4539954,51.1542438]]},"properties":{"osm_way_id":259714723,"name":"Александр Кравцов көшесі","name_ru":"улица Александра Кравцова","name_kk":null,"highway":"secondary","importance_weight":2,"kind":"road","source":"OpenStreetMap contributors","sourceId":"osm-major-roads","source_url":"https://www.openstreetmap.org/way/259714723"}},{"type":"Feature","id":"osm_way_259714725","geometry":{"type":"LineString","coordinates":[[71.4337081,51.1558563],[71.4310978,51.1539659],[71.4307871,51.1537232]]},"properties":{"osm_way_id":259714725,"name":"Александр Бараев көшесі","name_ru":"улица Александра Бараева","name_kk":"Александр Бараев көшесі","highway":"secondary","importance_weight":2,"kind":"road","source":"OpenStreetMap contributors","sourceId":"osm-major-roads","source_url":"https://www.openstreetmap.org/way/259714725"}},{"type":"Feature","id":"osm_way_261509800","geometry":{"type":"LineString","coordinates":[[71.4239242,51.1165231],[71.423827,51.116252],[71.4237797,51.11612],[71.4236479,51.1157526],[71.4236138,51.1156574],[71.4234591,51.115226],[71.423396,51.11505],[71.4232481,51.1146374],[71.4231998,51.1145027]]},"properties":{"osm_way_id":261509800,"name":"Ақмешіт көшесі","name_ru":"улица Акмешит","name_kk":"Ақмешіт көшесі","highway":"secondary","importance_weight":2,"kind":"road","source":"OpenStreetMap contributors","sourceId":"osm-major-roads","source_url":"https://www.openstreetmap.org/way/261509800"}},{"type":"Feature","id":"osm_way_262342588","geometry":{"type":"LineString","coordinates":[[71.4525786,51.1560492],[71.452203,51.1562809],[71.4518437,51.1564547],[71.4513366,51.1566779],[71.4508699,51.1568293],[71.4506246,51.1568944],[71.4503629,51.1569639],[71.4495153,51.157127],[71.4444263,51.1580651],[71.4442995,51.158089],[71.4434455,51.1582777],[71.4422328,51.1586087]]},"properties":{"osm_way_id":262342588,"name":"Александр Кравцов көшесі","name_ru":"улица Александра Кравцова","name_kk":null,"highway":"secondary","importance_weight":2,"kind":"road","source":"OpenStreetMap contributors","sourceId":"osm-major-roads","source_url":"https://www.openstreetmap.org/way/262342588"}},{"type":"Feature","id":"osm_way_262346413","geometry":{"type":"LineString","coordinates":[[71.4582967,51.1907199],[71.4573851,51.1903357],[71.4551595,51.1893576],[71.4538491,51.1888213],[71.4534042,51.1886329],[71.4529511,51.1884508],[71.4526534,51.1883319],[71.4504403,51.1874237],[71.4501672,51.1873178],[71.4492644,51.186912]]},"properties":{"osm_way_id":262346413,"name":"Алаш тас жолы","name_ru":"шоссе Алаш","name_kk":"Алаш тас жолы","highway":"primary","importance_weight":3,"kind":"road","source":"OpenStreetMap contributors","sourceId":"osm-major-roads","source_url":"https://www.openstreetmap.org/way/262346413"}},{"type":"Feature","id":"osm_way_262346414","geometry":{"type":"LineString","coordinates":[[71.4584409,51.1906247],[71.4582967,51.1907199]]},"properties":{"osm_way_id":262346414,"name":"osm_way_262346414","name_ru":null,"name_kk":null,"highway":"primary","importance_weight":3,"kind":"road","source":"OpenStreetMap contributors","sourceId":"osm-major-roads","source_url":"https://www.openstreetmap.org/way/262346414"}},{"type":"Feature","id":"osm_way_262347826","geometry":{"type":"LineString","coordinates":[[71.4762332,51.1993285],[71.4764481,51.1993221],[71.4765681,51.1993121],[71.4766725,51.1992935],[71.4768349,51.1992462]]},"properties":{"osm_way_id":262347826,"name":"osm_way_262347826","name_ru":null,"name_kk":null,"highway":"secondary","importance_weight":2,"kind":"road","source":"OpenStreetMap contributors","sourceId":"osm-major-roads","source_url":"https://www.openstreetmap.org/way/262347826"}},{"type":"Feature","id":"osm_way_262350646","geometry":{"type":"LineString","coordinates":[[71.4382909,51.1729297],[71.4383053,51.1728708]]},"properties":{"osm_way_id":262350646,"name":"Шоқан Уәлиханов көшесі","name_ru":"улица Шокана Уалиханова","name_kk":null,"highway":"secondary","importance_weight":2,"kind":"road","source":"OpenStreetMap contributors","sourceId":"osm-major-roads","source_url":"https://www.openstreetmap.org/way/262350646"}},{"type":"Feature","id":"osm_way_262351727","geometry":{"type":"LineString","coordinates":[[71.4179409,51.1787754],[71.4178636,51.1790286],[71.4175426,51.1802064],[71.4175292,51.1802556],[71.4174619,51.1804931],[71.4171024,51.1817976],[71.416986,51.1822714],[71.416978,51.1823042],[71.4169464,51.1824239],[71.416916,51.1825572]]},"properties":{"osm_way_id":262351727,"name":"Бейбітшілік көшесі","name_ru":"улица Бейбитшилик","name_kk":null,"highway":"secondary","importance_weight":2,"kind":"road","source":"OpenStreetMap contributors","sourceId":"osm-major-roads","source_url":"https://www.openstreetmap.org/way/262351727"}},{"type":"Feature","id":"osm_way_262352152","geometry":{"type":"LineString","coordinates":[[71.421048,51.1677076],[71.4209795,51.1679081],[71.4208818,51.1682206],[71.4206923,51.1688013],[71.4206101,51.1690949],[71.4205665,51.1692419],[71.4205377,51.1693537],[71.4201855,51.1706123],[71.4201491,51.1707305],[71.4201336,51.1708036],[71.4201089,51.1708861],[71.4198968,51.171644],[71.419724,51.1722616],[71.419702,51.1723403],[71.4194939,51.1730837],[71.4194488,51.173245],[71.4193508,51.1735955],[71.4193162,51.1737189]]},"properties":{"osm_way_id":262352152,"name":"Бейбітшілік көшесі","name_ru":"улица Бейбитшилик","name_kk":null,"highway":"secondary","importance_weight":2,"kind":"road","source":"OpenStreetMap contributors","sourceId":"osm-major-roads","source_url":"https://www.openstreetmap.org/way/262352152"}},{"type":"Feature","id":"osm_way_262352657","geometry":{"type":"LineString","coordinates":[[71.4183418,51.1766731],[71.4181308,51.1766491],[71.417659,51.1765954],[71.4171575,51.1765384],[71.4152206,51.1763182],[71.4137238,51.176148],[71.4135088,51.1761218],[71.4132631,51.1760957],[71.4119752,51.1759492],[71.4113905,51.1758828],[71.4110708,51.1758493]]},"properties":{"osm_way_id":262352657,"name":"Бөгенбай Батыр даңғылы","name_ru":"проспект Богенбай Батыра","name_kk":null,"highway":"primary","importance_weight":3,"kind":"road","source":"OpenStreetMap contributors","sourceId":"osm-major-roads","source_url":"https://www.openstreetmap.org/way/262352657"}},{"type":"Feature","id":"osm_way_262352658","geometry":{"type":"LineString","coordinates":[[71.4183418,51.1766731],[71.4183895,51.1765142]]},"properties":{"osm_way_id":262352658,"name":"Бейбітшілік көшесі","name_ru":"улица Бейбитшилик","name_kk":null,"highway":"primary","importance_weight":3,"kind":"road","source":"OpenStreetMap contributors","sourceId":"osm-major-roads","source_url":"https://www.openstreetmap.org/way/262352658"}},{"type":"Feature","id":"osm_way_263316679","geometry":{"type":"LineString","coordinates":[[71.5914616,51.1314754],[71.5940955,51.1309999],[71.5985169,51.1302474],[71.5992599,51.1301322],[71.6000757,51.1299731],[71.6007571,51.1298789],[71.6030203,51.129496],[71.603312,51.1294466],[71.6098034,51.1283408],[71.6121622,51.127946],[71.612429,51.1278929],[71.615483,51.1273704],[71.6199977,51.1265988]]},"properties":{"osm_way_id":263316679,"name":"Астана-Қарағанды тас жолы","name_ru":"трасса Астана-Караганда","name_kk":null,"highway":"primary","importance_weight":3,"kind":"road","source":"OpenStreetMap contributors","sourceId":"osm-major-roads","source_url":"https://www.openstreetmap.org/way/263316679"}},{"type":"Feature","id":"osm_way_263474498","geometry":{"type":"LineString","coordinates":[[71.4776554,51.1564047],[71.477469,51.1564145],[71.4773298,51.1564326],[71.4771956,51.1564657],[71.4769196,51.156558]]},"properties":{"osm_way_id":263474498,"name":"osm_way_263474498","name_ru":null,"name_kk":null,"highway":"secondary","importance_weight":2,"kind":"road","source":"OpenStreetMap contributors","sourceId":"osm-major-roads","source_url":"https://www.openstreetmap.org/way/263474498"}},{"type":"Feature","id":"osm_way_264254377","geometry":{"type":"LineString","coordinates":[[71.5244834,51.1403912],[71.523811,51.1396942]]},"properties":{"osm_way_id":264254377,"name":"Рақымжан Қошқарбаев даңғылы","name_ru":"проспект Рахимжана Кошкарбаева","name_kk":"Рақымжан Қошқарбаев даңғылы","highway":"secondary","importance_weight":2,"kind":"road","source":"OpenStreetMap contributors","sourceId":"osm-major-roads","source_url":"https://www.openstreetmap.org/way/264254377"}},{"type":"Feature","id":"osm_way_264268578","geometry":{"type":"LineString","coordinates":[[71.5205243,51.1375204],[71.521116,51.1373456],[71.5212134,51.1373168],[71.5214576,51.1372441]]},"properties":{"osm_way_id":264268578,"name":"Төлебаев көшесі","name_ru":"улица Тулебаева","name_kk":null,"highway":"secondary","importance_weight":2,"kind":"road","source":"OpenStreetMap contributors","sourceId":"osm-major-roads","source_url":"https://www.openstreetmap.org/way/264268578"}},{"type":"Feature","id":"osm_way_264269706","geometry":{"type":"LineString","coordinates":[[71.5141287,51.1366566],[71.5151392,51.136937],[71.5155604,51.1370519],[71.515645,51.1370764],[71.5157247,51.1370995],[71.5167022,51.1373835],[71.5171791,51.1375281],[71.5175068,51.137622],[71.5179912,51.137757],[71.518311,51.1378577],[71.5185827,51.1379527]]},"properties":{"osm_way_id":264269706,"name":"Айнакөл көшесі","name_ru":"улица Айнаколь","name_kk":null,"highway":"secondary","importance_weight":2,"kind":"road","source":"OpenStreetMap contributors","sourceId":"osm-major-roads","source_url":"https://www.openstreetmap.org/way/264269706"}},{"type":"Feature","id":"osm_way_264270120","geometry":{"type":"LineString","coordinates":[[71.532562,51.1520524],[71.5317975,51.1512664]]},"properties":{"osm_way_id":264270120,"name":"Рақымжан Қошқарбаев даңғылы","name_ru":"проспект Рахимжана Кошкарбаева","name_kk":"Рақымжан Қошқарбаев даңғылы","highway":"secondary","importance_weight":2,"kind":"road","source":"OpenStreetMap contributors","sourceId":"osm-major-roads","source_url":"https://www.openstreetmap.org/way/264270120"}},{"type":"Feature","id":"osm_way_264403399","geometry":{"type":"LineString","coordinates":[[71.409383,51.1645778],[71.4093585,51.1646625],[71.4091416,51.165413],[71.4090786,51.1656306],[71.4089608,51.1660384],[71.4089162,51.1661925]]},"properties":{"osm_way_id":264403399,"name":"Сарыарқа даңғылы","name_ru":"проспект Сарыарка","name_kk":"Сарыарқа даңғылы","highway":"primary","importance_weight":3,"kind":"road","source":"OpenStreetMap contributors","sourceId":"osm-major-roads","source_url":"https://www.openstreetmap.org/way/264403399"}},{"type":"Feature","id":"osm_way_269115868","geometry":{"type":"LineString","coordinates":[[71.4451569,51.1416859],[71.4453332,51.1416837]]},"properties":{"osm_way_id":269115868,"name":"osm_way_269115868","name_ru":null,"name_kk":null,"highway":"secondary","importance_weight":2,"kind":"road","source":"OpenStreetMap contributors","sourceId":"osm-major-roads","source_url":"https://www.openstreetmap.org/way/269115868"}},{"type":"Feature","id":"osm_way_269116076","geometry":{"type":"LineString","coordinates":[[71.4582103,51.129381],[71.4582639,51.1295363]]},"properties":{"osm_way_id":269116076,"name":"Бауыржан Момышұлы даңғылы","name_ru":null,"name_kk":null,"highway":"secondary","importance_weight":2,"kind":"road","source":"OpenStreetMap contributors","sourceId":"osm-major-roads","source_url":"https://www.openstreetmap.org/way/269116076"}},{"type":"Feature","id":"osm_way_269117649","geometry":{"type":"LineString","coordinates":[[71.4601065,51.1340163],[71.4600231,51.1338988],[71.4598905,51.1337144],[71.4597823,51.1335203],[71.4596809,51.1333534],[71.4595385,51.1330581],[71.4593909,51.132739],[71.459325,51.1325966],[71.4591755,51.1322194],[71.4591585,51.1321753],[71.4591419,51.1321323],[71.4591081,51.1320465],[71.4589476,51.1316472],[71.4583537,51.13017],[71.4582442,51.1299109],[71.4582028,51.129813],[71.458179,51.1297567]]},"properties":{"osm_way_id":269117649,"name":"Бауыржан Момышұлы даңғылы","name_ru":null,"name_kk":null,"highway":"secondary","importance_weight":2,"kind":"road","source":"OpenStreetMap contributors","sourceId":"osm-major-roads","source_url":"https://www.openstreetmap.org/way/269117649"}},{"type":"Feature","id":"osm_way_269118091","geometry":{"type":"LineString","coordinates":[[71.460753,51.1346441],[71.4608576,51.1345936]]},"properties":{"osm_way_id":269118091,"name":"osm_way_269118091","name_ru":null,"name_kk":null,"highway":"secondary","importance_weight":2,"kind":"road","source":"OpenStreetMap contributors","sourceId":"osm-major-roads","source_url":"https://www.openstreetmap.org/way/269118091"}},{"type":"Feature","id":"osm_way_269120051","geometry":{"type":"LineString","coordinates":[[71.4628485,51.1356823],[71.4625796,51.1355933],[71.4623063,51.1355021],[71.4622416,51.1354805],[71.4619466,51.1353627],[71.4618123,51.1352987],[71.4616676,51.1352297],[71.4613645,51.1350715],[71.4609894,51.1348349],[71.4609311,51.1347878],[71.460753,51.1346441],[71.4605954,51.1345148],[71.4605437,51.1344724],[71.4604043,51.1343478],[71.4603104,51.1342569],[71.4602108,51.1341574],[71.4601065,51.1340163]]},"properties":{"osm_way_id":269120051,"name":"Бауыржан Момышұлы даңғылы","name_ru":"проспект Бауыржана Момышулы","name_kk":"Бауыржан Момышұлы даңғылы","highway":"secondary","importance_weight":2,"kind":"road","source":"OpenStreetMap contributors","sourceId":"osm-major-roads","source_url":"https://www.openstreetmap.org/way/269120051"}},{"type":"Feature","id":"osm_way_269120952","geometry":{"type":"LineString","coordinates":[[71.4911195,51.1436046],[71.4932439,51.1442147]]},"properties":{"osm_way_id":269120952,"name":"Бауыржан Момышұлы даңғылы","name_ru":"проспект Бауыржана Момышулы","name_kk":"Бауыржан Момышұлы даңғылы","highway":"secondary","importance_weight":2,"kind":"road","source":"OpenStreetMap contributors","sourceId":"osm-major-roads","source_url":"https://www.openstreetmap.org/way/269120952"}},{"type":"Feature","id":"osm_way_269122918","geometry":{"type":"LineString","coordinates":[[71.4954965,51.1315579],[71.4946317,51.1327714],[71.4939129,51.1337799],[71.4937703,51.13398],[71.4936235,51.1341859],[71.4917737,51.1367813],[71.4913325,51.1374003],[71.4911296,51.137685],[71.4892314,51.1403481],[71.4889602,51.1407285],[71.4881306,51.1418924],[71.4880862,51.1419547],[71.4877209,51.1424669],[71.4876912,51.1425086],[71.4876245,51.1425991]]},"properties":{"osm_way_id":269122918,"name":"Мағжан Жұмабаев даңғылы","name_ru":"проспект Жумабаева","name_kk":"Мағжан Жұмабаев даңғылы","highway":"secondary","importance_weight":2,"kind":"road","source":"OpenStreetMap contributors","sourceId":"osm-major-roads","source_url":"https://www.openstreetmap.org/way/269122918"}},{"type":"Feature","id":"osm_way_269125571","geometry":{"type":"LineString","coordinates":[[71.4777792,51.1564132],[71.4776554,51.1564047]]},"properties":{"osm_way_id":269125571,"name":"osm_way_269125571","name_ru":null,"name_kk":null,"highway":"secondary","importance_weight":2,"kind":"road","source":"OpenStreetMap contributors","sourceId":"osm-major-roads","source_url":"https://www.openstreetmap.org/way/269125571"}},{"type":"Feature","id":"osm_way_269125644","geometry":{"type":"LineString","coordinates":[[71.4785091,51.1574326],[71.4782769,51.1575156],[71.4773307,51.1578535]]},"properties":{"osm_way_id":269125644,"name":"Абылай Хан даңғылы","name_ru":"проспект Абылай Хана","name_kk":"Абылай Хан даңғылы","highway":"primary","importance_weight":3,"kind":"road","source":"OpenStreetMap contributors","sourceId":"osm-major-roads","source_url":"https://www.openstreetmap.org/way/269125644"}},{"type":"Feature","id":"osm_way_269125645","geometry":{"type":"LineString","coordinates":[[71.4702136,51.1604198],[71.4695278,51.1606663]]},"properties":{"osm_way_id":269125645,"name":"Абылай Хан даңғылы","name_ru":"проспект Абылай Хана","name_kk":"Абылай Хан даңғылы","highway":"primary","importance_weight":3,"kind":"road","source":"OpenStreetMap contributors","sourceId":"osm-major-roads","source_url":"https://www.openstreetmap.org/way/269125645"}},{"type":"Feature","id":"osm_way_269125646","geometry":{"type":"LineString","coordinates":[[71.4695278,51.1606663],[71.4691391,51.1608037]]},"properties":{"osm_way_id":269125646,"name":"Абылай Хан даңғылы","name_ru":"проспект Абылай Хана","name_kk":"Абылай Хан даңғылы","highway":"primary","importance_weight":3,"kind":"road","source":"OpenStreetMap contributors","sourceId":"osm-major-roads","source_url":"https://www.openstreetmap.org/way/269125646"}},{"type":"Feature","id":"osm_way_269127408","geometry":{"type":"LineString","coordinates":[[71.4681203,51.1611828],[71.4680243,51.1612227]]},"properties":{"osm_way_id":269127408,"name":"Кенесары көшесі","name_ru":"улица Кенесары","name_kk":null,"highway":"secondary","importance_weight":2,"kind":"road","source":"OpenStreetMap contributors","sourceId":"osm-major-roads","source_url":"https://www.openstreetmap.org/way/269127408"}},{"type":"Feature","id":"osm_way_269140425","geometry":{"type":"LineString","coordinates":[[71.4762439,51.1567644],[71.4761412,51.1567561],[71.4760265,51.156734],[71.475788,51.1566758]]},"properties":{"osm_way_id":269140425,"name":"Қажымұқан көшесі","name_ru":"улица Кажымукана","name_kk":null,"highway":"secondary","importance_weight":2,"kind":"road","source":"OpenStreetMap contributors","sourceId":"osm-major-roads","source_url":"https://www.openstreetmap.org/way/269140425"}},{"type":"Feature","id":"osm_way_269150711","geometry":{"type":"LineString","coordinates":[[71.3960676,51.2150363],[71.3973801,51.2144529],[71.3981562,51.2140583],[71.3983665,51.2139362],[71.3983988,51.213909],[71.3989716,51.2135236],[71.399154,51.2133801],[71.3998377,51.2127902],[71.4008532,51.2119268],[71.4008878,51.2119084],[71.4016652,51.2112556],[71.4023315,51.2106838],[71.4026657,51.2104077],[71.403082,51.2100384],[71.4032242,51.2099232],[71.4034908,51.2097074],[71.4038613,51.2094089],[71.4040032,51.2092945],[71.4040275,51.2092749],[71.4045354,51.2088652],[71.404748,51.2087387],[71.4049311,51.2086604],[71.4050977,51.2085973],[71.4056254,51.2084295],[71.4070698,51.2079929],[71.4077729,51.2077815],[71.4080333,51.2077033],[71.4086867,51.2074968],[71.4089268,51.2074209],[71.4106034,51.2068972],[71.4116773,51.2065961],[71.4133217,51.2060953],[71.4136901,51.2059824],[71.4140018,51.2058736]]},"properties":{"osm_way_id":269150711,"name":"Өндіріс тас жолы","name_ru":"шоссе Ондирис","name_kk":null,"highway":"secondary","importance_weight":2,"kind":"road","source":"OpenStreetMap contributors","sourceId":"osm-major-roads","source_url":"https://www.openstreetmap.org/way/269150711"}},{"type":"Feature","id":"osm_way_270791570","geometry":{"type":"LineString","coordinates":[[71.5087858,51.152754],[71.5085528,51.1525891],[71.5083326,51.1523665],[71.5079655,51.1519876],[71.5075236,51.1515336],[71.5074063,51.1514099],[71.5073642,51.1513655],[71.5073462,51.1513483],[71.5072731,51.1512793],[71.506898,51.1508924],[71.5064971,51.1504578],[71.5062313,51.1501795],[71.5056117,51.1495455],[71.5054703,51.1493995],[71.505391,51.1493177],[71.5053121,51.1492363],[71.50525,51.1491739],[71.5050452,51.1489674],[71.5048386,51.1487558],[71.5043993,51.1483086],[71.5042787,51.1481844],[71.5040459,51.1479422],[71.5039937,51.1478887],[71.5038299,51.1477197]]},"properties":{"osm_way_id":270791570,"name":"Ғабиден Мұстафин көшесі","name_ru":"улица Габидена Мустафина","name_kk":null,"highway":"secondary","importance_weight":2,"kind":"road","source":"OpenStreetMap contributors","sourceId":"osm-major-roads","source_url":"https://www.openstreetmap.org/way/270791570"}},{"type":"Feature","id":"osm_way_270809875","geometry":{"type":"LineString","coordinates":[[71.4204705,51.1692218],[71.4205117,51.1690805],[71.4205449,51.1689685],[71.4208626,51.167896],[71.4209258,51.1676925]]},"properties":{"osm_way_id":270809875,"name":"Бейбітшілік көшесі","name_ru":"улица Бейбитшилик","name_kk":null,"highway":"secondary","importance_weight":2,"kind":"road","source":"OpenStreetMap contributors","sourceId":"osm-major-roads","source_url":"https://www.openstreetmap.org/way/270809875"}},{"type":"Feature","id":"osm_way_270811579","geometry":{"type":"LineString","coordinates":[[71.4680243,51.1612227],[71.4675578,51.1613879],[71.4672995,51.1614775],[71.4671101,51.1615447],[71.4652715,51.1621161],[71.4642114,51.1624524],[71.4629788,51.1628434],[71.4623969,51.163028],[71.4611562,51.163413],[71.460499,51.1636317],[71.4592159,51.1640368],[71.4581629,51.1643707],[71.4568934,51.1647734],[71.4549288,51.1653967],[71.4519833,51.1663303],[71.4515928,51.1664544],[71.450336,51.166853],[71.4497137,51.1670547],[71.4486396,51.1673916],[71.448477,51.1674426]]},"properties":{"osm_way_id":270811579,"name":"Кенесары көшесі","name_ru":"улица Кенесары","name_kk":null,"highway":"secondary","importance_weight":2,"kind":"road","source":"OpenStreetMap contributors","sourceId":"osm-major-roads","source_url":"https://www.openstreetmap.org/way/270811579"}},{"type":"Feature","id":"osm_way_270811580","geometry":{"type":"LineString","coordinates":[[71.414621,51.1638094],[71.4146371,51.1639173],[71.4145549,51.1641566],[71.4145117,51.1642753],[71.4144059,51.1645931],[71.4142406,51.165163],[71.4142078,51.1652718],[71.4141576,51.165422],[71.4139109,51.1662239],[71.413865,51.1663587],[71.4137739,51.1666915],[71.4137429,51.1668049]]},"properties":{"osm_way_id":270811580,"name":"Жеңіс даңғылы","name_ru":"проспект Женис","name_kk":null,"highway":"secondary","importance_weight":2,"kind":"road","source":"OpenStreetMap contributors","sourceId":"osm-major-roads","source_url":"https://www.openstreetmap.org/way/270811580"}},{"type":"Feature","id":"osm_way_270832399","geometry":{"type":"LineString","coordinates":[[71.4913767,51.2049783],[71.4913865,51.2049827],[71.4926021,51.2055284],[71.4935985,51.2059758],[71.4941696,51.2062322],[71.4945991,51.206425],[71.4952426,51.2067191],[71.4957844,51.2069667],[71.4969581,51.2075031],[71.4977761,51.2078768],[71.4984228,51.2081724],[71.4998314,51.2088161],[71.5005893,51.2091601],[71.5011844,51.2094325],[71.5065226,51.2118504],[71.5068271,51.2119884],[71.5073339,51.2122182],[71.5084866,51.2127407],[71.5085743,51.2127805],[71.5094338,51.2131744],[71.5094543,51.213184],[71.509996,51.2134359],[71.5106437,51.2137371],[71.5110756,51.213938],[71.5124345,51.2145547],[71.5159703,51.216141],[71.5166082,51.2164304],[71.5170065,51.2166109],[71.5222479,51.2189968],[71.5246477,51.2200894],[71.5310259,51.2229887],[71.5453832,51.2295108],[71.5501656,51.2316811]]},"properties":{"osm_way_id":270832399,"name":"Алаш тас жолы","name_ru":"шоссе Алаш","name_kk":"Алаш тас жолы","highway":"primary","importance_weight":3,"kind":"road","source":"OpenStreetMap contributors","sourceId":"osm-major-roads","source_url":"https://www.openstreetmap.org/way/270832399"}},{"type":"Feature","id":"osm_way_270832400","geometry":{"type":"LineString","coordinates":[[71.4933229,51.2031545],[71.4941712,51.2028338],[71.4945028,51.2027074],[71.4954926,51.2023268],[71.496171,51.2020659],[71.4969059,51.2017833],[71.4974775,51.2015685],[71.4980001,51.2013636],[71.4982186,51.2012805],[71.5002761,51.2004973],[71.5006246,51.2003646],[71.5009699,51.2002331],[71.5012887,51.2001117],[71.5015663,51.200006],[71.501985,51.1998467],[71.5023593,51.1997042],[71.5051212,51.1986527]]},"properties":{"osm_way_id":270832400,"name":"69-шы көше","name_ru":"улица 69","name_kk":null,"highway":"secondary","importance_weight":2,"kind":"road","source":"OpenStreetMap contributors","sourceId":"osm-major-roads","source_url":"https://www.openstreetmap.org/way/270832400"}},{"type":"Feature","id":"osm_way_270832401","geometry":{"type":"LineString","coordinates":[[71.4901081,51.2045533],[71.4895302,51.2042951],[71.488452,51.2037925],[71.4878618,51.2035174],[71.4869642,51.2031292],[71.485834,51.2026112],[71.4853106,51.2023746],[71.4840535,51.2018171],[71.4835438,51.2015849],[71.4833346,51.2014886],[71.4832853,51.2014691],[71.4821103,51.2009621],[71.4816118,51.20072],[71.4810509,51.2004656],[71.4786294,51.1993924],[71.4776383,51.1989414],[71.4772899,51.1987964],[71.4769789,51.198665],[71.4765792,51.1984808],[71.476377,51.1983884],[71.4762052,51.1983094]]},"properties":{"osm_way_id":270832401,"name":"Алаш тас жолы","name_ru":"шоссе Алаш","name_kk":"Алаш тас жолы","highway":"primary","importance_weight":3,"kind":"road","source":"OpenStreetMap contributors","sourceId":"osm-major-roads","source_url":"https://www.openstreetmap.org/way/270832401"}},{"type":"Feature","id":"osm_way_276639113","geometry":{"type":"LineString","coordinates":[[71.6015291,51.1036523],[71.6017888,51.1039658]]},"properties":{"osm_way_id":276639113,"name":"Астана айналма жолы","name_ru":"Объездная Астаны","name_kk":"Астана айналма жолы","highway":"trunk","importance_weight":4,"kind":"road","source":"OpenStreetMap contributors","sourceId":"osm-major-roads","source_url":"https://www.openstreetmap.org/way/276639113"}},{"type":"Feature","id":"osm_way_276639115","geometry":{"type":"LineString","coordinates":[[71.6015703,51.1039604],[71.6013076,51.103644]]},"properties":{"osm_way_id":276639115,"name":"Астана айналма жолы","name_ru":"Объездная Астаны","name_kk":"Астана айналма жолы","highway":"trunk","importance_weight":4,"kind":"road","source":"OpenStreetMap contributors","sourceId":"osm-major-roads","source_url":"https://www.openstreetmap.org/way/276639115"}},{"type":"Feature","id":"osm_way_276639134","geometry":{"type":"LineString","coordinates":[[71.6013076,51.103644],[71.6008608,51.1031056],[71.6007927,51.1030238],[71.5985249,51.1003008],[71.5958273,51.0970649],[71.5954239,51.096581],[71.5948615,51.0959063]]},"properties":{"osm_way_id":276639134,"name":"Астана айналма жолы","name_ru":"Объездная Астаны","name_kk":"Астана айналма жолы","highway":"trunk","importance_weight":4,"kind":"road","source":"OpenStreetMap contributors","sourceId":"osm-major-roads","source_url":"https://www.openstreetmap.org/way/276639134"}},{"type":"Feature","id":"osm_way_276639143","geometry":{"type":"LineString","coordinates":[[71.6017888,51.1039658],[71.6031568,51.105617],[71.6034327,51.1059501],[71.6046395,51.1073871],[71.6068082,51.1099935],[71.6089967,51.1126098],[71.6113333,51.1154033],[71.6116231,51.1157497]]},"properties":{"osm_way_id":276639143,"name":"Астана айналма жолы","name_ru":"Объездная Астаны","name_kk":"Астана айналма жолы","highway":"trunk","importance_weight":4,"kind":"road","source":"OpenStreetMap contributors","sourceId":"osm-major-roads","source_url":"https://www.openstreetmap.org/way/276639143"}},{"type":"Feature","id":"osm_way_284598628","geometry":{"type":"LineString","coordinates":[[71.4857047,51.0774653],[71.4857869,51.0773416],[71.4860806,51.0768998],[71.4894418,51.072136],[71.4900715,51.0714128],[71.4908912,51.0706579],[71.4920084,51.0698818],[71.493468,51.0691163],[71.4951242,51.0684813],[71.4968054,51.0679096],[71.5014269,51.0663381],[71.5020047,51.0661416],[71.5021505,51.0660861],[71.5022987,51.0660296],[71.5030289,51.0657514],[71.5041293,51.0652328],[71.5046637,51.0648939],[71.5053532,51.0644566],[71.5062009,51.0637792],[71.5068577,51.0631018],[71.50814,51.06149],[71.5099623,51.0591993],[71.5106641,51.0585642],[71.5117308,51.0579785],[71.5128704,51.0576185],[71.5188214,51.0562741],[71.5191598,51.0561331],[71.5192873,51.05608],[71.519641,51.0557412],[71.5218487,51.0529716],[71.5220909,51.0526677]]},"properties":{"osm_way_id":284598628,"name":"osm_way_284598628","name_ru":null,"name_kk":null,"highway":"secondary","importance_weight":2,"kind":"road","source":"OpenStreetMap contributors","sourceId":"osm-major-roads","source_url":"https://www.openstreetmap.org/way/284598628"}},{"type":"Feature","id":"osm_way_296893450","geometry":{"type":"LineString","coordinates":[[71.5668955,51.0642442],[71.568011,51.0650421],[71.5694584,51.066175],[71.5709295,51.0674438],[71.5716123,51.0680729],[71.5724606,51.068945],[71.5733732,51.0698694],[71.5742032,51.0708644],[71.5938045,51.0943858],[71.5940592,51.0946897]]},"properties":{"osm_way_id":296893450,"name":"Астана айналма жолы","name_ru":"Объездная Астаны","name_kk":"Астана айналма жолы","highway":"trunk","importance_weight":4,"kind":"road","source":"OpenStreetMap contributors","sourceId":"osm-major-roads","source_url":"https://www.openstreetmap.org/way/296893450"}},{"type":"Feature","id":"osm_way_296893451","geometry":{"type":"LineString","coordinates":[[71.5668424,51.0643807],[71.5658859,51.0637315]]},"properties":{"osm_way_id":296893451,"name":"Астана айналма жолы","name_ru":"Объездная Астаны","name_kk":"Астана айналма жолы","highway":"trunk","importance_weight":4,"kind":"road","source":"OpenStreetMap contributors","sourceId":"osm-major-roads","source_url":"https://www.openstreetmap.org/way/296893451"}},{"type":"Feature","id":"osm_way_296893452","geometry":{"type":"LineString","coordinates":[[71.5658841,51.063551],[71.5668955,51.0642442]]},"properties":{"osm_way_id":296893452,"name":"Астана айналма жолы","name_ru":"Объездная Астаны","name_kk":"Астана айналма жолы","highway":"trunk","importance_weight":4,"kind":"road","source":"OpenStreetMap contributors","sourceId":"osm-major-roads","source_url":"https://www.openstreetmap.org/way/296893452"}},{"type":"Feature","id":"osm_way_301427998","geometry":{"type":"LineString","coordinates":[[71.5218538,51.1590591],[71.5220135,51.158991],[71.5230068,51.1586168],[71.5239097,51.1582714],[71.5251775,51.1578011],[71.5260955,51.1574613],[71.5273033,51.1570005],[71.5280522,51.1567163],[71.5286968,51.1564703],[71.5293508,51.1562114],[71.529781,51.1560457],[71.5302353,51.1558707]]},"properties":{"osm_way_id":301427998,"name":"Ақжол даңғылы","name_ru":"проспект Акжол","name_kk":"Ақжол даңғылы","highway":"secondary","importance_weight":2,"kind":"road","source":"OpenStreetMap contributors","sourceId":"osm-major-roads","source_url":"https://www.openstreetmap.org/way/301427998"}},{"type":"Feature","id":"osm_way_301428000","geometry":{"type":"LineString","coordinates":[[71.521943,51.1591791],[71.5167765,51.1610917],[71.5115465,51.1630692],[71.5086594,51.1641598],[71.5045206,51.1657232],[71.502537,51.1664725],[71.4993143,51.1676882],[71.4975609,51.1683496],[71.4922665,51.1703432],[71.4889875,51.1715648]]},"properties":{"osm_way_id":301428000,"name":"Ақжол даңғылы","name_ru":"проспект Акжол","name_kk":"Ақжол даңғылы","highway":"secondary","importance_weight":2,"kind":"road","source":"OpenStreetMap contributors","sourceId":"osm-major-roads","source_url":"https://www.openstreetmap.org/way/301428000"}},{"type":"Feature","id":"osm_way_303602197","geometry":{"type":"LineString","coordinates":[[71.3774761,51.1721425],[71.377535,51.1722718]]},"properties":{"osm_way_id":303602197,"name":"Шабал Бейсекова көшесі","name_ru":"улица Шабал Бейсековой","name_kk":null,"highway":"secondary","importance_weight":2,"kind":"road","source":"OpenStreetMap contributors","sourceId":"osm-major-roads","source_url":"https://www.openstreetmap.org/way/303602197"}},{"type":"Feature","id":"osm_way_310357065","geometry":{"type":"LineString","coordinates":[[71.5143165,51.1339347],[71.5141279,51.1338807],[71.5132306,51.1336237],[71.5126901,51.133469],[71.5105247,51.1328635]]},"properties":{"osm_way_id":310357065,"name":"Рақымжан Қошқарбаев даңғылы","name_ru":"проспект Рахимжана Кошкарбаева","name_kk":"Рақымжан Қошқарбаев даңғылы","highway":"secondary","importance_weight":2,"kind":"road","source":"OpenStreetMap contributors","sourceId":"osm-major-roads","source_url":"https://www.openstreetmap.org/way/310357065"}},{"type":"Feature","id":"osm_way_315300094","geometry":{"type":"LineString","coordinates":[[71.029891,51.6786297],[71.0305178,51.676236],[71.0306401,51.675807],[71.031404,51.6730782],[71.0317622,51.6718058],[71.0317602,51.671437],[71.0334617,51.6669808],[71.0342314,51.664838],[71.0346928,51.6636601],[71.0352375,51.6625477],[71.0361056,51.6610573],[71.0369408,51.6595494],[71.038594,51.656555],[71.041857,51.6505477],[71.0451402,51.6445249],[71.0484294,51.6385349],[71.0499635,51.6362068],[71.0505955,51.6353932],[71.0752425,51.6067945],[71.076501,51.6054629],[71.0777628,51.6042751],[71.0859061,51.5976965],[71.089791,51.594635],[71.0944105,51.5909622],[71.0968723,51.5890542],[71.0980068,51.5879415],[71.1006138,51.585177],[71.1027259,51.5828313],[71.1043451,51.5806752],[71.1143694,51.5663868],[71.1177534,51.5612389],[71.1228505,51.5532703],[71.1245971,51.5506259],[71.1249402,51.550081],[71.1306049,51.5416635],[71.1330928,51.5387941],[71.1352042,51.5367934],[71.1377398,51.534799],[71.1703501,51.5144093],[71.1947729,51.4991328],[71.2056298,51.4925972],[71.2111381,51.4892941],[71.2137747,51.48768],[71.2147738,51.4870673],[71.2155366,51.4866297],[71.2166005,51.4859585],[71.217392,51.4854353],[71.2178097,51.4851764],[71.2183937,51.4848045],[71.2198311,51.483875],[71.2209608,51.4831464],[71.2220762,51.4824182],[71.2244166,51.4808396],[71.2288314,51.4778308],[71.2299244,51.4770914],[71.2310611,51.4763216],[71.264583,51.4536482],[71.2662873,51.452382],[71.2676735,51.4512084],[71.2694667,51.4495202],[71.2710503,51.4476759],[71.2743259,51.4433939],[71.2756825,51.4416203],[71.2816297,51.4339858],[71.3256271,51.3769781],[71.3260907,51.3763541],[71.3268122,51.3752443],[71.3276752,51.3737374],[71.3283777,51.3722906],[71.334738,51.3553577],[71.3349612,51.3547611],[71.3437587,51.3312494],[71.3498075,51.3153632],[71.3502982,51.3140993],[71.3532076,51.3064671],[71.3548236,51.3022663],[71.3551149,51.3015089],[71.356548,51.2978416],[71.3583879,51.2931331],[71.359935,51.2891736],[71.3600248,51.2889435],[71.3639971,51.2787755],[71.3683457,51.2685201],[71.3686643,51.267601],[71.369578,51.2656253]]},"properties":{"osm_way_id":315300094,"name":"Астана — Боровое","name_ru":null,"name_kk":null,"highway":"motorway","importance_weight":5,"kind":"road","source":"OpenStreetMap contributors","sourceId":"osm-major-roads","source_url":"https://www.openstreetmap.org/way/315300094"}},{"type":"Feature","id":"osm_way_318837493","geometry":{"type":"LineString","coordinates":[[71.3068436,51.2007032],[71.3079939,51.2001038]]},"properties":{"osm_way_id":318837493,"name":"osm_way_318837493","name_ru":null,"name_kk":null,"highway":"trunk","importance_weight":4,"kind":"road","source":"OpenStreetMap contributors","sourceId":"osm-major-roads","source_url":"https://www.openstreetmap.org/way/318837493"}},{"type":"Feature","id":"osm_way_318837496","geometry":{"type":"LineString","coordinates":[[71.3069794,51.200828],[71.3061201,51.2012332],[71.3053956,51.2015748],[71.3047492,51.2018796],[71.3002606,51.203996]]},"properties":{"osm_way_id":318837496,"name":"osm_way_318837496","name_ru":null,"name_kk":null,"highway":"trunk","importance_weight":4,"kind":"road","source":"OpenStreetMap contributors","sourceId":"osm-major-roads","source_url":"https://www.openstreetmap.org/way/318837496"}},{"type":"Feature","id":"osm_way_320469782","geometry":{"type":"LineString","coordinates":[[71.4394761,51.1293505],[71.4392822,51.1293783]]},"properties":{"osm_way_id":320469782,"name":"Қонаев көшесі","name_ru":"улица Кунаева","name_kk":"Қонаев көшесі","highway":"secondary","importance_weight":2,"kind":"road","source":"OpenStreetMap contributors","sourceId":"osm-major-roads","source_url":"https://www.openstreetmap.org/way/320469782"}},{"type":"Feature","id":"osm_way_321481670","geometry":{"type":"LineString","coordinates":[[71.5501656,51.2316811],[71.5534151,51.2331775]]},"properties":{"osm_way_id":321481670,"name":"Алаш тас жолы","name_ru":"шоссе Алаш","name_kk":"Алаш тас жолы","highway":"trunk","importance_weight":4,"kind":"road","source":"OpenStreetMap contributors","sourceId":"osm-major-roads","source_url":"https://www.openstreetmap.org/way/321481670"}},{"type":"Feature","id":"osm_way_321481671","geometry":{"type":"LineString","coordinates":[[71.5534151,51.2331775],[71.5538257,51.2333632]]},"properties":{"osm_way_id":321481671,"name":"Алаш тас жолы","name_ru":"шоссе Алаш","name_kk":"Алаш тас жолы","highway":"trunk","importance_weight":4,"kind":"road","source":"OpenStreetMap contributors","sourceId":"osm-major-roads","source_url":"https://www.openstreetmap.org/way/321481671"}},{"type":"Feature","id":"osm_way_321481673","geometry":{"type":"LineString","coordinates":[[71.5500697,51.2317563],[71.5452934,51.2295865],[71.5308958,51.2230744],[71.5265683,51.2210888],[71.5260625,51.2208588],[71.5245486,51.2201725],[71.5221456,51.2190831],[71.516931,51.2167065],[71.5127267,51.2148402],[71.5093263,51.2132667],[71.5084616,51.2128745],[71.5073465,51.2123687],[71.506833,51.2121357],[71.5064014,51.2119399],[71.5010808,51.2095262],[71.4965465,51.207468],[71.495945,51.2071947],[71.4954637,51.2069756],[71.4942281,51.2064159],[71.4931718,51.2059365],[71.4929587,51.2058409],[71.4920234,51.205421],[71.4906343,51.2047944],[71.4901081,51.2045533]]},"properties":{"osm_way_id":321481673,"name":"Алаш тас жолы","name_ru":"шоссе Алаш","name_kk":"Алаш тас жолы","highway":"primary","importance_weight":3,"kind":"road","source":"OpenStreetMap contributors","sourceId":"osm-major-roads","source_url":"https://www.openstreetmap.org/way/321481673"}},{"type":"Feature","id":"osm_way_326084350","geometry":{"type":"LineString","coordinates":[[71.6202592,51.1266678],[71.6154139,51.1275006],[71.6135272,51.1278312],[71.6122146,51.1280612],[71.6112145,51.1282269],[71.6029123,51.1296535],[71.5995325,51.130232],[71.5992951,51.1302726],[71.5989959,51.1303238],[71.5986342,51.1303857],[71.5961985,51.1308004],[71.5954577,51.1309265],[71.5952888,51.1309553],[71.5945112,51.1310968],[71.5943506,51.1311188],[71.59348,51.1312619],[71.5933602,51.1312876],[71.5915166,51.1315986],[71.5913485,51.1316269],[71.5911733,51.131661],[71.5909278,51.131707],[71.5908301,51.1317186],[71.5903029,51.1318146],[71.585136,51.1326961],[71.5831454,51.1330543],[71.5778014,51.1339526]]},"properties":{"osm_way_id":326084350,"name":"Астана-Қарағанды тас жолы","name_ru":"трасса Астана-Караганда","name_kk":null,"highway":"primary","importance_weight":3,"kind":"road","source":"OpenStreetMap contributors","sourceId":"osm-major-roads","source_url":"https://www.openstreetmap.org/way/326084350"}},{"type":"Feature","id":"osm_way_326084351","geometry":{"type":"LineString","coordinates":[[71.4664665,51.1598232],[71.4662546,51.159682],[71.4659927,51.1595196],[71.4658021,51.1594191],[71.4656794,51.1593665],[71.4654028,51.1592456],[71.4643653,51.1589269],[71.4618283,51.1581972],[71.4616619,51.1581593]]},"properties":{"osm_way_id":326084351,"name":"Пушкин көшесі","name_ru":"улица Пушкина","name_kk":"Пушкин көшесі","highway":"primary","importance_weight":3,"kind":"road","source":"OpenStreetMap contributors","sourceId":"osm-major-roads","source_url":"https://www.openstreetmap.org/way/326084351"}},{"type":"Feature","id":"osm_way_327550272","geometry":{"type":"LineString","coordinates":[[71.3801518,51.1767084],[71.3800468,51.1766087],[71.3797349,51.1761818],[71.3792655,51.1756084],[71.3787183,51.1748533],[71.3783321,51.1742496],[71.3778815,51.1735181],[71.3776719,51.1731255],[71.3772175,51.1722687]]},"properties":{"osm_way_id":327550272,"name":"Шабал Бейсекова көшесі","name_ru":"улица Шабал Бейсековой","name_kk":null,"highway":"secondary","importance_weight":2,"kind":"road","source":"OpenStreetMap contributors","sourceId":"osm-major-roads","source_url":"https://www.openstreetmap.org/way/327550272"}},{"type":"Feature","id":"osm_way_329343447","geometry":{"type":"LineString","coordinates":[[71.3827412,51.1714336],[71.3823531,51.1715154]]},"properties":{"osm_way_id":329343447,"name":"Шаймерден Қосшығұлұлы көшесі","name_ru":"улица Шаймердена Косшыгулулы","name_kk":null,"highway":"secondary","importance_weight":2,"kind":"road","source":"OpenStreetMap contributors","sourceId":"osm-major-roads","source_url":"https://www.openstreetmap.org/way/329343447"}},{"type":"Feature","id":"osm_way_329343448","geometry":{"type":"LineString","coordinates":[[71.3823172,51.1714397],[71.3827013,51.1713553]]},"properties":{"osm_way_id":329343448,"name":"Шаймерден Қосшығұлұлы көшесі","name_ru":"улица Шаймердена Косшыгулулы","name_kk":null,"highway":"secondary","importance_weight":2,"kind":"road","source":"OpenStreetMap contributors","sourceId":"osm-major-roads","source_url":"https://www.openstreetmap.org/way/329343448"}},{"type":"Feature","id":"osm_way_329343449","geometry":{"type":"LineString","coordinates":[[71.3827013,51.1713553],[71.3842802,51.1709553],[71.3847854,51.1708406],[71.3853671,51.1707086],[71.385923,51.1705825],[71.3864058,51.1704345],[71.3867848,51.1702932],[71.3868617,51.1702646],[71.3886964,51.1694778],[71.3889966,51.1693542],[71.3894355,51.1691617],[71.3900657,51.1688895],[71.3902499,51.1688037]]},"properties":{"osm_way_id":329343449,"name":"Шаймерден Қосшығұлұлы көшесі","name_ru":"улица Шаймердена Косшыгулулы","name_kk":null,"highway":"secondary","importance_weight":2,"kind":"road","source":"OpenStreetMap contributors","sourceId":"osm-major-roads","source_url":"https://www.openstreetmap.org/way/329343449"}},{"type":"Feature","id":"osm_way_333391528","geometry":{"type":"LineString","coordinates":[[71.4015048,51.1934351],[71.4011515,51.19354]]},"properties":{"osm_way_id":333391528,"name":"Конституция көшесі","name_ru":"улица Конституции","name_kk":null,"highway":"secondary","importance_weight":2,"kind":"road","source":"OpenStreetMap contributors","sourceId":"osm-major-roads","source_url":"https://www.openstreetmap.org/way/333391528"}},{"type":"Feature","id":"osm_way_346571117","geometry":{"type":"LineString","coordinates":[[71.4874972,51.1425583],[71.4876245,51.1425991]]},"properties":{"osm_way_id":346571117,"name":"Бауыржан Момышұлы даңғылы","name_ru":"проспект Бауыржана Момышулы","name_kk":"Бауыржан Момышұлы даңғылы","highway":"secondary","importance_weight":2,"kind":"road","source":"OpenStreetMap contributors","sourceId":"osm-major-roads","source_url":"https://www.openstreetmap.org/way/346571117"}},{"type":"Feature","id":"osm_way_346571120","geometry":{"type":"LineString","coordinates":[[71.4874972,51.1425583],[71.4875583,51.142473],[71.4877235,51.1422416],[71.4877449,51.1422116],[71.4884243,51.1412591]]},"properties":{"osm_way_id":346571120,"name":"Мағжан Жұмабаев даңғылы","name_ru":"проспект Жумабаева","name_kk":"Мағжан Жұмабаев даңғылы","highway":"secondary","importance_weight":2,"kind":"road","source":"OpenStreetMap contributors","sourceId":"osm-major-roads","source_url":"https://www.openstreetmap.org/way/346571120"}},{"type":"Feature","id":"osm_way_346571121","geometry":{"type":"LineString","coordinates":[[71.487561,51.1426911],[71.4874329,51.1428764],[71.4872522,51.1431259],[71.4867576,51.1438175],[71.4866323,51.1439927],[71.4860116,51.1448607],[71.4858031,51.1451523],[71.4855874,51.1454538],[71.4844093,51.147101],[71.4840991,51.1475348],[71.4839893,51.1476883],[71.4839008,51.1478087],[71.4836459,51.148155],[71.4835435,51.1482942],[71.4832575,51.1486827],[71.4828464,51.1492414],[71.4827559,51.1493643],[71.4826513,51.149517],[71.4825361,51.1496852],[71.4820333,51.1504194],[71.4818564,51.1506777],[71.4812669,51.1514948],[71.4810027,51.1518323],[71.4805309,51.1524978],[71.480403,51.1526593],[71.4800362,51.153174],[71.4792751,51.1542421],[71.4790066,51.1546189],[71.478197,51.1557298],[71.477879,51.1562662],[71.4777792,51.1564132],[71.4777678,51.1564562],[71.4777663,51.1564934],[71.4777778,51.1565307],[71.4778169,51.1565953],[71.4780272,51.1568255],[71.4784406,51.1572681],[71.4784646,51.1572952],[71.4785091,51.1574326]]},"properties":{"osm_way_id":346571121,"name":"Мағжан Жұмабаев даңғылы","name_ru":"проспект Жумабаева","name_kk":"Мағжан Жұмабаев даңғылы","highway":"secondary","importance_weight":2,"kind":"road","source":"OpenStreetMap contributors","sourceId":"osm-major-roads","source_url":"https://www.openstreetmap.org/way/346571121"}},{"type":"Feature","id":"osm_way_348604255","geometry":{"type":"LineString","coordinates":[[71.4393448,51.1689069],[71.4396576,51.1678505],[71.4397407,51.1675699],[71.4398863,51.1670782],[71.4399152,51.1669805]]},"properties":{"osm_way_id":348604255,"name":"Шоқан Уәлиханов көшесі","name_ru":"улица Шокана Уалиханова","name_kk":null,"highway":"secondary","importance_weight":2,"kind":"road","source":"OpenStreetMap contributors","sourceId":"osm-major-roads","source_url":"https://www.openstreetmap.org/way/348604255"}},{"type":"Feature","id":"osm_way_348604868","geometry":{"type":"LineString","coordinates":[[71.4387177,51.1712926],[71.4389737,51.1702826],[71.439073,51.169921],[71.4391084,51.1697916],[71.4391456,51.1696577],[71.4393448,51.1689069]]},"properties":{"osm_way_id":348604868,"name":"Шоқан Уәлиханов көшесі","name_ru":"улица Шокана Уалиханова","name_kk":null,"highway":"secondary","importance_weight":2,"kind":"road","source":"OpenStreetMap contributors","sourceId":"osm-major-roads","source_url":"https://www.openstreetmap.org/way/348604868"}},{"type":"Feature","id":"osm_way_348607465","geometry":{"type":"LineString","coordinates":[[71.4255335,51.1682619],[71.426157,51.1682214],[71.4262752,51.1681899],[71.4263887,51.168128],[71.4265958,51.1679659]]},"properties":{"osm_way_id":348607465,"name":"osm_way_348607465","name_ru":null,"name_kk":null,"highway":"secondary","importance_weight":2,"kind":"road","source":"OpenStreetMap contributors","sourceId":"osm-major-roads","source_url":"https://www.openstreetmap.org/way/348607465"}},{"type":"Feature","id":"osm_way_348608534","geometry":{"type":"LineString","coordinates":[[71.4257756,51.1714431],[71.425755,51.1715079],[71.4255407,51.1722502],[71.4255312,51.1722814],[71.4255153,51.1723357],[71.4254628,51.1725519],[71.4254093,51.1727446],[71.4252888,51.1732022],[71.4251873,51.1735777],[71.4250073,51.1742432],[71.4249912,51.1742972],[71.4249618,51.1744092]]},"properties":{"osm_way_id":348608534,"name":"Республика даңғылы","name_ru":"проспект Республики","name_kk":"Республика даңғылы","highway":"primary","importance_weight":3,"kind":"road","source":"OpenStreetMap contributors","sourceId":"osm-major-roads","source_url":"https://www.openstreetmap.org/way/348608534"}},{"type":"Feature","id":"osm_way_348618468","geometry":{"type":"LineString","coordinates":[[71.4383053,51.1728708],[71.4383282,51.1727776],[71.4384271,51.1724003],[71.438621,51.1716611],[71.4387177,51.1712926]]},"properties":{"osm_way_id":348618468,"name":"Шоқан Уәлиханов көшесі","name_ru":"улица Шокана Уалиханова","name_kk":null,"highway":"secondary","importance_weight":2,"kind":"road","source":"OpenStreetMap contributors","sourceId":"osm-major-roads","source_url":"https://www.openstreetmap.org/way/348618468"}},{"type":"Feature","id":"osm_way_356726915","geometry":{"type":"LineString","coordinates":[[71.4784557,51.1685896],[71.4781087,51.1682667]]},"properties":{"osm_way_id":356726915,"name":"Пушкин көшесі","name_ru":"улица Пушкина","name_kk":"Пушкин көшесі","highway":"secondary","importance_weight":2,"kind":"road","source":"OpenStreetMap contributors","sourceId":"osm-major-roads","source_url":"https://www.openstreetmap.org/way/356726915"}},{"type":"Feature","id":"osm_way_366416901","geometry":{"type":"LineString","coordinates":[[71.4241532,51.1771481],[71.4243544,51.1771724],[71.4252402,51.1772695],[71.4267235,51.1774322],[71.4291002,51.1776929]]},"properties":{"osm_way_id":366416901,"name":"Бөгенбай Батыр даңғылы","name_ru":"проспект Богенбай Батыра","name_kk":null,"highway":"primary","importance_weight":3,"kind":"road","source":"OpenStreetMap contributors","sourceId":"osm-major-roads","source_url":"https://www.openstreetmap.org/way/366416901"}},{"type":"Feature","id":"osm_way_366416902","geometry":{"type":"LineString","coordinates":[[71.4192195,51.1737083],[71.4192538,51.1735868],[71.4193087,51.1733805],[71.4194536,51.1728651],[71.4197982,51.1716202],[71.4200093,51.170878],[71.4200349,51.170792],[71.4200504,51.170719],[71.4200867,51.1706009],[71.4204382,51.1693414],[71.4204705,51.1692218]]},"properties":{"osm_way_id":366416902,"name":"Бейбітшілік көшесі","name_ru":"улица Бейбитшилик","name_kk":null,"highway":"secondary","importance_weight":2,"kind":"road","source":"OpenStreetMap contributors","sourceId":"osm-major-roads","source_url":"https://www.openstreetmap.org/way/366416902"}},{"type":"Feature","id":"osm_way_372302006","geometry":{"type":"LineString","coordinates":[[71.5587401,51.2357005],[71.5551863,51.2340915],[71.5545571,51.2338006]]},"properties":{"osm_way_id":372302006,"name":"Алаш тас жолы","name_ru":"шоссе Алаш","name_kk":"Алаш тас жолы","highway":"trunk","importance_weight":4,"kind":"road","source":"OpenStreetMap contributors","sourceId":"osm-major-roads","source_url":"https://www.openstreetmap.org/way/372302006"}},{"type":"Feature","id":"osm_way_372302007","geometry":{"type":"LineString","coordinates":[[71.5544137,51.2329156],[71.5556558,51.2305386],[71.5568054,51.2283982],[71.5571675,51.2278359]]},"properties":{"osm_way_id":372302007,"name":"Астана айналма жолы","name_ru":"Объездная Астаны","name_kk":"Астана айналма жолы","highway":"trunk","importance_weight":4,"kind":"road","source":"OpenStreetMap contributors","sourceId":"osm-major-roads","source_url":"https://www.openstreetmap.org/way/372302007"}},{"type":"Feature","id":"osm_way_372302008","geometry":{"type":"LineString","coordinates":[[71.5527803,51.2364445],[71.552404,51.2371729],[71.5516537,51.238559],[71.5515357,51.2387508],[71.5512399,51.2392318],[71.551102,51.239456]]},"properties":{"osm_way_id":372302008,"name":"Астана айналма жолы","name_ru":"Объездная Астаны","name_kk":"Астана айналма жолы","highway":"trunk","importance_weight":4,"kind":"road","source":"OpenStreetMap contributors","sourceId":"osm-major-roads","source_url":"https://www.openstreetmap.org/way/372302008"}},{"type":"Feature","id":"osm_way_374718621","geometry":{"type":"LineString","coordinates":[[71.4632976,51.1417138],[71.4622912,51.1431126],[71.4622094,51.1432264],[71.4621346,51.1433266],[71.4620909,51.1433911],[71.4614645,51.1442617],[71.4607687,51.1452288],[71.4606589,51.1453814],[71.4601693,51.1460619]]},"properties":{"osm_way_id":374718621,"name":"Тәуелсіздік даңғылы","name_ru":"проспект Тауелсиздик","name_kk":"Тәуелсіздік даңғылы","highway":"secondary","importance_weight":2,"kind":"road","source":"OpenStreetMap contributors","sourceId":"osm-major-roads","source_url":"https://www.openstreetmap.org/way/374718621"}},{"type":"Feature","id":"osm_way_396607725","geometry":{"type":"LineString","coordinates":[[71.4667596,51.1541399],[71.4667742,51.1540257]]},"properties":{"osm_way_id":396607725,"name":"Қаныш Сәтбаев көшесі","name_ru":"улица Каныша Сатпаева","name_kk":"Қаныш Сәтбаев көшесі","highway":"secondary","importance_weight":2,"kind":"road","source":"OpenStreetMap contributors","sourceId":"osm-major-roads","source_url":"https://www.openstreetmap.org/way/396607725"}},{"type":"Feature","id":"osm_way_396607726","geometry":{"type":"LineString","coordinates":[[71.4667596,51.1541399],[71.4665097,51.1540757],[71.4659106,51.1539046],[71.4653219,51.1537365]]},"properties":{"osm_way_id":396607726,"name":"Қажымұқан көшесі","name_ru":"улица Кажымукана","name_kk":null,"highway":"secondary","importance_weight":2,"kind":"road","source":"OpenStreetMap contributors","sourceId":"osm-major-roads","source_url":"https://www.openstreetmap.org/way/396607726"}},{"type":"Feature","id":"osm_way_396608305","geometry":{"type":"LineString","coordinates":[[71.5212172,51.1402686],[71.5217172,51.1407719],[71.5217283,51.140783],[71.5217993,51.140847]]},"properties":{"osm_way_id":396608305,"name":"Айнакөл көшесі","name_ru":"улица Айнаколь","name_kk":null,"highway":"secondary","importance_weight":2,"kind":"road","source":"OpenStreetMap contributors","sourceId":"osm-major-roads","source_url":"https://www.openstreetmap.org/way/396608305"}},{"type":"Feature","id":"osm_way_398742585","geometry":{"type":"LineString","coordinates":[[71.4086746,51.1372951],[71.4083965,51.1373268],[71.4075231,51.1374214],[71.4055478,51.1376525],[71.4039022,51.1378187],[71.4037447,51.1378346],[71.4036508,51.1378441],[71.4024568,51.1379647],[71.4005514,51.1382304],[71.3994452,51.1383872],[71.3993267,51.138404],[71.3986254,51.1385031],[71.3980493,51.1385847],[71.3951543,51.1389937],[71.3940051,51.139156],[71.3937105,51.1391999],[71.3936417,51.1392101]]},"properties":{"osm_way_id":398742585,"name":"Қайым Мұхамедханов көшесі","name_ru":"улица Кайыма Мухамедханова","name_kk":"Қайым Мұхамедханов көшесі","highway":"secondary","importance_weight":2,"kind":"road","source":"OpenStreetMap contributors","sourceId":"osm-major-roads","source_url":"https://www.openstreetmap.org/way/398742585"}},{"type":"Feature","id":"osm_way_401897129","geometry":{"type":"LineString","coordinates":[[71.5722416,51.1539532],[71.5795891,51.154883],[71.5810675,51.1550788],[71.5819643,51.1551952],[71.5850298,51.1556453],[71.5863812,51.1559321],[71.5878221,51.1562869],[71.5891319,51.1566598],[71.5900256,51.1569611],[71.5913663,51.1575323],[71.5918388,51.1577349],[71.5923393,51.1579638],[71.593246,51.1584238],[71.6024286,51.1632802],[71.6045929,51.1644331],[71.6049424,51.164576],[71.6054695,51.164734],[71.6058285,51.1648946],[71.6069584,51.1654977],[71.6107752,51.1674669]]},"properties":{"osm_way_id":401897129,"name":"osm_way_401897129","name_ru":null,"name_kk":null,"highway":"secondary","importance_weight":2,"kind":"road","source":"OpenStreetMap contributors","sourceId":"osm-major-roads","source_url":"https://www.openstreetmap.org/way/401897129"}},{"type":"Feature","id":"osm_way_401897130","geometry":{"type":"LineString","coordinates":[[71.5511091,51.1502113],[71.552117,51.1504219],[71.5529568,51.1505973],[71.5574278,51.1516116],[71.5592844,51.1520804],[71.5608847,51.1523982],[71.5629544,51.152764],[71.5644348,51.1529607],[71.5663825,51.1532278],[71.5707309,51.1537419],[71.5722416,51.1539532]]},"properties":{"osm_way_id":401897130,"name":"Әл-Фараби даңғылы","name_ru":"проспект Аль-Фараби","name_kk":"Әл-Фараби даңғылы","highway":"secondary","importance_weight":2,"kind":"road","source":"OpenStreetMap contributors","sourceId":"osm-major-roads","source_url":"https://www.openstreetmap.org/way/401897130"}},{"type":"Feature","id":"osm_way_405820578","geometry":{"type":"LineString","coordinates":[[71.4992556,51.120137],[71.499328,51.1203219],[71.5001522,51.122399],[71.5003153,51.1227904],[71.5003618,51.1228985],[71.5003965,51.1230617],[71.5004745,51.1234282],[71.5005147,51.1238239],[71.5004656,51.1242228],[71.5004597,51.1242935],[71.5003431,51.124642],[71.5001678,51.1250454],[71.5001534,51.1250784]]},"properties":{"osm_way_id":405820578,"name":"Мағжан Жұмабаев даңғылы","name_ru":"проспект Жумабаева","name_kk":"Мағжан Жұмабаев даңғылы","highway":"secondary","importance_weight":2,"kind":"road","source":"OpenStreetMap contributors","sourceId":"osm-major-roads","source_url":"https://www.openstreetmap.org/way/405820578"}},{"type":"Feature","id":"osm_way_405989255","geometry":{"type":"LineString","coordinates":[[71.4953668,51.1315245],[71.495488,51.1313546],[71.4955986,51.1312011],[71.4962738,51.1302636],[71.4964792,51.1299785],[71.4969908,51.1292032],[71.4970229,51.1291548],[71.4970824,51.1290745]]},"properties":{"osm_way_id":405989255,"name":"Мағжан Жұмабаев даңғылы","name_ru":"проспект Жумабаева","name_kk":"Мағжан Жұмабаев даңғылы","highway":"secondary","importance_weight":2,"kind":"road","source":"OpenStreetMap contributors","sourceId":"osm-major-roads","source_url":"https://www.openstreetmap.org/way/405989255"}},{"type":"Feature","id":"osm_way_405991207","geometry":{"type":"LineString","coordinates":[[71.4884243,51.1412591],[71.4891001,51.1403116],[71.4893574,51.1399509]]},"properties":{"osm_way_id":405991207,"name":"Мағжан Жұмабаев даңғылы","name_ru":"проспект Жумабаева","name_kk":"Мағжан Жұмабаев даңғылы","highway":"secondary","importance_weight":2,"kind":"road","source":"OpenStreetMap contributors","sourceId":"osm-major-roads","source_url":"https://www.openstreetmap.org/way/405991207"}},{"type":"Feature","id":"osm_way_405991208","geometry":{"type":"LineString","coordinates":[[71.4893574,51.1399509],[71.4898339,51.1392828],[71.4908347,51.1378796],[71.4912035,51.1373624],[71.4914921,51.1369578],[71.4924585,51.1356027],[71.4930343,51.1347954]]},"properties":{"osm_way_id":405991208,"name":"Мағжан Жұмабаев даңғылы","name_ru":"проспект Жумабаева","name_kk":"Мағжан Жұмабаев даңғылы","highway":"secondary","importance_weight":2,"kind":"road","source":"OpenStreetMap contributors","sourceId":"osm-major-roads","source_url":"https://www.openstreetmap.org/way/405991208"}},{"type":"Feature","id":"osm_way_424726079","geometry":{"type":"LineString","coordinates":[[71.4091667,51.1662234],[71.4097373,51.1662937],[71.4097509,51.1662954],[71.4097619,51.1662967]]},"properties":{"osm_way_id":424726079,"name":"Абай даңғылы","name_ru":"проспект Абая","name_kk":"Абай даңғылы","highway":"secondary","importance_weight":2,"kind":"road","source":"OpenStreetMap contributors","sourceId":"osm-major-roads","source_url":"https://www.openstreetmap.org/way/424726079"}},{"type":"Feature","id":"osm_way_424726081","geometry":{"type":"LineString","coordinates":[[71.4137429,51.1668049],[71.4139823,51.1668345],[71.4145586,51.1669057],[71.416002,51.1670841],[71.4161953,51.167108],[71.4164292,51.1671369],[71.4183441,51.1673735],[71.4186777,51.1674147],[71.4187897,51.1674286],[71.4190059,51.1674553],[71.4200452,51.1675837],[71.4201884,51.1676014],[71.4208226,51.1676798],[71.4209258,51.1676925],[71.421048,51.1677076],[71.4211829,51.1677243],[71.4213301,51.1677425],[71.4224421,51.1678799],[71.4225437,51.1678924],[71.4225829,51.1678973],[71.4238981,51.1680598],[71.424107,51.1680856],[71.4243091,51.1681106],[71.4255335,51.1682619],[71.4264755,51.1683783]]},"properties":{"osm_way_id":424726081,"name":"Абай даңғылы","name_ru":"проспект Абая","name_kk":"Абай даңғылы","highway":"secondary","importance_weight":2,"kind":"road","source":"OpenStreetMap contributors","sourceId":"osm-major-roads","source_url":"https://www.openstreetmap.org/way/424726081"}},{"type":"Feature","id":"osm_way_424726083","geometry":{"type":"LineString","coordinates":[[71.4496934,51.1637782],[71.4498658,51.163725],[71.450633,51.1634885],[71.4508718,51.1634133],[71.451422,51.16324]]},"properties":{"osm_way_id":424726083,"name":"Амангелді Иманов көшесі","name_ru":"улица Амангельды Иманова","name_kk":null,"highway":"secondary","importance_weight":2,"kind":"road","source":"OpenStreetMap contributors","sourceId":"osm-major-roads","source_url":"https://www.openstreetmap.org/way/424726083"}},{"type":"Feature","id":"osm_way_425476448","geometry":{"type":"LineString","coordinates":[[71.429547,51.1135952],[71.4281504,51.1137946]]},"properties":{"osm_way_id":425476448,"name":"Керей Және Жәнібек Хандар көшесі","name_ru":"улица Керей и Жанибек хандар","name_kk":"Керей Және Жәнібек Хандар көшесі","highway":"secondary","importance_weight":2,"kind":"road","source":"OpenStreetMap contributors","sourceId":"osm-major-roads","source_url":"https://www.openstreetmap.org/way/425476448"}},{"type":"Feature","id":"osm_way_429586534","geometry":{"type":"LineString","coordinates":[[71.3746757,51.1651468],[71.374618,51.1649724],[71.3745969,51.1649084],[71.3740048,51.1631179]]},"properties":{"osm_way_id":429586534,"name":"Шабал Бейсекова көшесі","name_ru":null,"name_kk":null,"highway":"secondary","importance_weight":2,"kind":"road","source":"OpenStreetMap contributors","sourceId":"osm-major-roads","source_url":"https://www.openstreetmap.org/way/429586534"}},{"type":"Feature","id":"osm_way_429586535","geometry":{"type":"LineString","coordinates":[[71.374342,51.1630784],[71.3749772,51.1651085]]},"properties":{"osm_way_id":429586535,"name":"Шабал Бейсекова көшесі","name_ru":null,"name_kk":null,"highway":"secondary","importance_weight":2,"kind":"road","source":"OpenStreetMap contributors","sourceId":"osm-major-roads","source_url":"https://www.openstreetmap.org/way/429586535"}},{"type":"Feature","id":"osm_way_429586536","geometry":{"type":"LineString","coordinates":[[71.3749772,51.1651085],[71.3755427,51.1667879],[71.3760613,51.168328],[71.3766637,51.1701166],[71.3770358,51.1711611],[71.3770758,51.1712539],[71.3773924,51.1719588]]},"properties":{"osm_way_id":429586536,"name":"Шабал Бейсекова көшесі","name_ru":"улица Шабал Бейсековой","name_kk":null,"highway":"secondary","importance_weight":2,"kind":"road","source":"OpenStreetMap contributors","sourceId":"osm-major-roads","source_url":"https://www.openstreetmap.org/way/429586536"}},{"type":"Feature","id":"osm_way_429586537","geometry":{"type":"LineString","coordinates":[[71.3771126,51.1720362],[71.3770795,51.1719628]]},"properties":{"osm_way_id":429586537,"name":"Шабал Бейсекова көшесі","name_ru":"улица Шабал Бейсековой","name_kk":null,"highway":"secondary","importance_weight":2,"kind":"road","source":"OpenStreetMap contributors","sourceId":"osm-major-roads","source_url":"https://www.openstreetmap.org/way/429586537"}},{"type":"Feature","id":"osm_way_436820619","geometry":{"type":"LineString","coordinates":[[71.6219735,51.2839086],[71.6224435,51.2844178],[71.6285947,51.2910805],[71.6293296,51.2918135],[71.6300243,51.2924761],[71.6307646,51.293142],[71.6313388,51.2936585],[71.6573043,51.3175177],[71.6583265,51.3184583],[71.660438,51.3204012],[71.6623182,51.3221314],[71.6648198,51.324433],[71.6664922,51.3259717],[71.6674024,51.3268092],[71.6681993,51.3275423],[71.6713578,51.3304481],[71.6742811,51.333094],[71.67465,51.3334279],[71.6836373,51.3416767],[71.6889891,51.3466386],[71.6943295,51.3515893],[71.6958985,51.3529755],[71.697446,51.3544688],[71.6990563,51.355834],[71.7005592,51.3571455],[71.7028191,51.3590141],[71.7050776,51.3609283],[71.7065317,51.3621081],[71.7078797,51.3632896],[71.7083735,51.3637198]]},"properties":{"osm_way_id":436820619,"name":"Астана — Павлодар","name_ru":null,"name_kk":null,"highway":"motorway","importance_weight":5,"kind":"road","source":"OpenStreetMap contributors","sourceId":"osm-major-roads","source_url":"https://www.openstreetmap.org/way/436820619"}},{"type":"Feature","id":"osm_way_436883388","geometry":{"type":"LineString","coordinates":[[71.8074804,51.0573963],[71.7954345,51.0632594],[71.7911961,51.0653222],[71.790827,51.065522],[71.7907289,51.0655698],[71.7842761,51.0687155],[71.7836192,51.0690357],[71.781267,51.0702199],[71.7798344,51.0709184],[71.7785303,51.07157],[71.7764978,51.0725802],[71.7759233,51.072877],[71.7750197,51.0733236],[71.7719886,51.0748265],[71.7703922,51.0756147],[71.7697757,51.075922],[71.7688844,51.0763641],[71.7681825,51.0767131],[71.7665188,51.0775333],[71.7645103,51.078538],[71.7635827,51.078999],[71.7635129,51.079034],[71.7591819,51.0812031],[71.7578583,51.0818437],[71.7543387,51.0835948],[71.7537439,51.0839094],[71.7518938,51.0848165],[71.747868,51.086808],[71.7457079,51.0879063],[71.7450982,51.0882127],[71.7419418,51.0897525],[71.7418744,51.089786],[71.7405082,51.0904843],[71.7402831,51.0905766],[71.7400507,51.0906921],[71.7362012,51.0926046],[71.7285531,51.0964101],[71.7264238,51.0974619],[71.7219019,51.0997082],[71.7208678,51.1002219],[71.7205621,51.1003738],[71.7204943,51.1004073],[71.7177805,51.1017432],[71.716587,51.1023482],[71.714531,51.1033695],[71.7142691,51.1034996],[71.7138337,51.1037158],[71.7127523,51.1042166],[71.7119371,51.1046168],[71.7118859,51.1046429]]},"properties":{"osm_way_id":436883388,"name":"osm_way_436883388","name_ru":null,"name_kk":null,"highway":"trunk","importance_weight":4,"kind":"road","source":"OpenStreetMap contributors","sourceId":"osm-major-roads","source_url":"https://www.openstreetmap.org/way/436883388"}},{"type":"Feature","id":"osm_way_444853201","geometry":{"type":"LineString","coordinates":[[71.4407374,51.1642081],[71.4407781,51.1640737],[71.4408834,51.1637258]]},"properties":{"osm_way_id":444853201,"name":"Шоқан Уәлиханов көшесі","name_ru":"улица Шокана Уалиханова","name_kk":null,"highway":"secondary","importance_weight":2,"kind":"road","source":"OpenStreetMap contributors","sourceId":"osm-major-roads","source_url":"https://www.openstreetmap.org/way/444853201"}},{"type":"Feature","id":"osm_way_445668759","geometry":{"type":"LineString","coordinates":[[71.4104684,51.200754],[71.4104003,51.2009058],[71.4103836,51.2010551],[71.4104032,51.2011915],[71.4104778,51.2013525],[71.4106812,51.2015714],[71.4109508,51.2019305],[71.4112234,51.2022317],[71.4114669,51.2025546],[71.4117017,51.202828],[71.4122718,51.2035915],[71.4122952,51.2036229],[71.4125391,51.2039149],[71.4126279,51.2040333],[71.4130296,51.2045289],[71.4132357,51.204788],[71.4135354,51.2051854],[71.4138517,51.2055854],[71.4139243,51.2056854],[71.4139642,51.2057714],[71.4140018,51.2058736]]},"properties":{"osm_way_id":445668759,"name":"Үшқоңыр көшесі","name_ru":"улица Ушконыр","name_kk":null,"highway":"secondary","importance_weight":2,"kind":"road","source":"OpenStreetMap contributors","sourceId":"osm-major-roads","source_url":"https://www.openstreetmap.org/way/445668759"}},{"type":"Feature","id":"osm_way_445670425","geometry":{"type":"LineString","coordinates":[[71.3619866,51.1326505],[71.3623721,51.1336326],[71.3624469,51.1338211],[71.3628609,51.1348652],[71.3629058,51.1349786],[71.3629212,51.1350174],[71.363198,51.1357389],[71.3640083,51.1377586],[71.3643597,51.1386448],[71.3643919,51.1387261],[71.3647768,51.1397167],[71.3648567,51.1399183],[71.3650691,51.1404367],[71.3651031,51.1405206],[71.3651256,51.140576],[71.365173,51.1406962],[71.3653077,51.1410378],[71.3655064,51.1415417],[71.3657794,51.1422341],[71.3658054,51.14229],[71.3660024,51.1428395],[71.3662954,51.143527],[71.3663089,51.1435586],[71.3663634,51.143696],[71.3664272,51.1438583],[71.3664867,51.1440084],[71.3668987,51.145051]]},"properties":{"osm_way_id":445670425,"name":"Шыңғыс Айтматов көшесі","name_ru":"улица Чингиза Айтматова","name_kk":"Шыңғыс Айтматов көшесі","highway":"secondary","importance_weight":2,"kind":"road","source":"OpenStreetMap contributors","sourceId":"osm-major-roads","source_url":"https://www.openstreetmap.org/way/445670425"}},{"type":"Feature","id":"osm_way_445671100","geometry":{"type":"LineString","coordinates":[[71.4047376,51.1270852],[71.4045581,51.1271125]]},"properties":{"osm_way_id":445671100,"name":"Сығанақ көшесі","name_ru":"улица Сыганак","name_kk":"Сығанақ көшесі","highway":"secondary","importance_weight":2,"kind":"road","source":"OpenStreetMap contributors","sourceId":"osm-major-roads","source_url":"https://www.openstreetmap.org/way/445671100"}},{"type":"Feature","id":"osm_way_445671101","geometry":{"type":"LineString","coordinates":[[71.4046735,51.126925],[71.4047376,51.1270852]]},"properties":{"osm_way_id":445671101,"name":"Тұран даңғылы","name_ru":"проспект Туран","name_kk":"Тұран даңғылы","highway":"primary","importance_weight":3,"kind":"road","source":"OpenStreetMap contributors","sourceId":"osm-major-roads","source_url":"https://www.openstreetmap.org/way/445671101"}},{"type":"Feature","id":"osm_way_445671107","geometry":{"type":"LineString","coordinates":[[71.4149734,51.1253211],[71.4168367,51.1250134],[71.4168492,51.1250113],[71.4170269,51.124987],[71.4172602,51.1249459],[71.4178028,51.1248504],[71.4186565,51.1247036],[71.419008,51.1246097],[71.4215324,51.1242319],[71.4226001,51.1240559],[71.4228442,51.1240157],[71.4231341,51.1239721],[71.4246958,51.1237377],[71.4261211,51.1235093],[71.4263732,51.1234716]]},"properties":{"osm_way_id":445671107,"name":"Сығанақ көшесі","name_ru":"улица Сыганак","name_kk":"Сығанақ көшесі","highway":"secondary","importance_weight":2,"kind":"road","source":"OpenStreetMap contributors","sourceId":"osm-major-roads","source_url":"https://www.openstreetmap.org/way/445671107"}},{"type":"Feature","id":"osm_way_445671108","geometry":{"type":"LineString","coordinates":[[71.4044926,51.1269525],[71.4044305,51.1267654],[71.4042503,51.1262838],[71.4037579,51.1249424],[71.4034738,51.1240953],[71.4029343,51.1226104],[71.4027955,51.1222229],[71.4026981,51.1219512],[71.4025629,51.1215601],[71.4025359,51.1214981],[71.4024751,51.1213285],[71.4023732,51.1210443],[71.4021743,51.1204891],[71.4018865,51.1196858],[71.4016511,51.1190334],[71.4014563,51.1184934],[71.4012443,51.1179059],[71.401228,51.1178606],[71.4011567,51.1176696],[71.401125,51.1175628],[71.4010491,51.1173479],[71.4009928,51.1172095],[71.4007549,51.1166252],[71.4007173,51.1165327],[71.4003252,51.1153334],[71.4003151,51.1152987],[71.3999672,51.1143391],[71.399951,51.114294],[71.3999448,51.114277],[71.3997779,51.1138215],[71.3997172,51.113641],[71.3996826,51.113538],[71.3996452,51.1134269],[71.3996256,51.1133688],[71.3995832,51.1132423],[71.3995358,51.1131232],[71.3995241,51.1130898],[71.3994446,51.1128687],[71.3993655,51.1126478],[71.3985526,51.1103783],[71.398534,51.1103264],[71.3984853,51.1101903],[71.3984434,51.1100801],[71.3980057,51.1088512],[71.3975459,51.1075673],[71.3975302,51.1075221],[71.3975146,51.1074769],[71.3965614,51.1048303],[71.3964404,51.1044853],[71.3964238,51.1044381],[71.3963561,51.1042453],[71.396291,51.1040636],[71.3962543,51.103961],[71.3961173,51.1035783],[71.3958397,51.1028031],[71.3955026,51.1018618],[71.3952568,51.1011753],[71.3951676,51.1009262],[71.3949521,51.1003243],[71.3949419,51.1002959],[71.3948836,51.1001332],[71.3948479,51.1000334],[71.394785,51.0998442],[71.3946285,51.0994742],[71.3945443,51.0992304],[71.3937484,51.0969764],[71.393384,51.0959704],[71.3933582,51.0958731],[71.3929463,51.0947331],[71.3929041,51.0946139],[71.3913722,51.0903264],[71.3893163,51.0845831],[71.3891938,51.0842409],[71.3891485,51.0841143],[71.3890939,51.0839617],[71.3890446,51.0838241],[71.3889043,51.083432],[71.3873394,51.0790698]]},"properties":{"osm_way_id":445671108,"name":"Тұран даңғылы","name_ru":"проспект Туран","name_kk":"Тұран даңғылы","highway":"primary","importance_weight":3,"kind":"road","source":"OpenStreetMap contributors","sourceId":"osm-major-roads","source_url":"https://www.openstreetmap.org/way/445671108"}},{"type":"Feature","id":"osm_way_447345848","geometry":{"type":"LineString","coordinates":[[71.4276318,51.1161612],[71.4275831,51.1160243],[71.4274254,51.1155804]]},"properties":{"osm_way_id":447345848,"name":"Түркістан көшесі","name_ru":"улица Туркестан","name_kk":"Түркістан көшесі","highway":"secondary","importance_weight":2,"kind":"road","source":"OpenStreetMap contributors","sourceId":"osm-major-roads","source_url":"https://www.openstreetmap.org/way/447345848"}},{"type":"Feature","id":"osm_way_453658295","geometry":{"type":"LineString","coordinates":[[71.4419568,51.1586974],[71.4419264,51.1585904]]},"properties":{"osm_way_id":453658295,"name":"Шоқан Уәлиханов көшесі","name_ru":"улица Шокана Уалиханова","name_kk":null,"highway":"secondary","importance_weight":2,"kind":"road","source":"OpenStreetMap contributors","sourceId":"osm-major-roads","source_url":"https://www.openstreetmap.org/way/453658295"}},{"type":"Feature","id":"osm_way_453658296","geometry":{"type":"LineString","coordinates":[[71.4419568,51.1586974],[71.4417832,51.1587526]]},"properties":{"osm_way_id":453658296,"name":"Александр Кравцов көшесі","name_ru":"улица Александра Кравцова","name_kk":null,"highway":"secondary","importance_weight":2,"kind":"road","source":"OpenStreetMap contributors","sourceId":"osm-major-roads","source_url":"https://www.openstreetmap.org/way/453658296"}},{"type":"Feature","id":"osm_way_453658297","geometry":{"type":"LineString","coordinates":[[71.4536894,51.1551396],[71.453638,51.1551969]]},"properties":{"osm_way_id":453658297,"name":"Александр Кравцов көшесі","name_ru":"улица Александра Кравцова","name_kk":null,"highway":"secondary","importance_weight":2,"kind":"road","source":"OpenStreetMap contributors","sourceId":"osm-major-roads","source_url":"https://www.openstreetmap.org/way/453658297"}},{"type":"Feature","id":"osm_way_453658660","geometry":{"type":"LineString","coordinates":[[71.4366885,51.1785367],[71.4368427,51.1785538],[71.4373502,51.1786275],[71.4387646,51.178905]]},"properties":{"osm_way_id":453658660,"name":"Бөгенбай Батыр даңғылы","name_ru":"проспект Богенбай Батыра","name_kk":null,"highway":"primary","importance_weight":3,"kind":"road","source":"OpenStreetMap contributors","sourceId":"osm-major-roads","source_url":"https://www.openstreetmap.org/way/453658660"}},{"type":"Feature","id":"osm_way_466872743","geometry":{"type":"LineString","coordinates":[[71.3698546,51.2656971],[71.3694702,51.2665755],[71.369217,51.2670813],[71.3689161,51.2677831],[71.3685876,51.2685493],[71.3680574,51.269865],[71.36783,51.2702991],[71.3674813,51.2710834],[71.3641904,51.2788042],[71.3600083,51.2895189],[71.3598291,51.2899782],[71.3568105,51.2978483],[71.3561716,51.2994953],[71.3558973,51.3001081],[71.3556235,51.3008201],[71.3542217,51.3044644],[71.3540701,51.3048583],[71.353438,51.3065015],[71.3531574,51.3072376],[71.3531251,51.3073223],[71.3528098,51.3081495],[71.3439892,51.3312834],[71.3363014,51.35183],[71.3357144,51.3533985],[71.3285799,51.3723253],[71.3278946,51.3737843],[71.3270331,51.3752978],[71.326308,51.376413],[71.3258412,51.3770412],[71.281843,51.4340501],[71.2759169,51.4416468],[71.2748402,51.4430672],[71.2712618,51.4477426],[71.269671,51.4495951],[71.2678675,51.4512799],[71.2664722,51.4524743],[71.264761,51.4537456],[71.2344442,51.4742447],[71.2318826,51.4759468],[71.2290393,51.4778769],[71.2223641,51.4824063],[71.2211793,51.4831909],[71.2202425,51.483793],[71.219957,51.4839764],[71.2185313,51.4848979],[71.217712,51.4854192],[71.2170603,51.4858212],[71.2157463,51.4866428],[71.2149364,51.4871464],[71.2139528,51.4877506],[71.2113265,51.4893552],[71.2057766,51.4926836],[71.194939,51.4992379],[71.1379172,51.534897],[71.1353965,51.5368797],[71.1332964,51.5388697],[71.130819,51.5417269],[71.12307,51.5533258],[71.1179731,51.561294],[71.1145876,51.5664441],[71.1045611,51.5807357],[71.1029369,51.5828984],[71.1008193,51.5852502],[71.0982091,51.5880181],[71.0970662,51.5891391],[71.0969053,51.5892638],[71.0945993,51.5910511],[71.0897568,51.5948858],[71.0860928,51.597787],[71.0779553,51.604361],[71.0767022,51.6055406],[71.0754492,51.6068664],[71.0514184,51.6346855],[71.0507919,51.6354883],[71.0501571,51.6362701],[71.0494795,51.6372715],[71.0486571,51.6385859],[71.045335,51.6445932],[71.0420702,51.6505704],[71.0386054,51.6568213],[71.0369485,51.6598641],[71.0362731,51.6611399],[71.0350056,51.6634177],[71.0343012,51.6652307],[71.0336411,51.6670273],[71.0325021,51.6700228],[71.0319355,51.6717963],[71.0309836,51.6751382],[71.0303532,51.6779397],[71.0301487,51.678647]]},"properties":{"osm_way_id":466872743,"name":"Астана-Боровое","name_ru":null,"name_kk":null,"highway":"motorway","importance_weight":5,"kind":"road","source":"OpenStreetMap contributors","sourceId":"osm-major-roads","source_url":"https://www.openstreetmap.org/way/466872743"}},{"type":"Feature","id":"osm_way_466872745","geometry":{"type":"LineString","coordinates":[[71.369578,51.2656253],[71.369858,51.2649913],[71.3702337,51.2641676],[71.3705102,51.2635612],[71.3708325,51.2628482],[71.3718921,51.260423]]},"properties":{"osm_way_id":466872745,"name":"osm_way_466872745","name_ru":null,"name_kk":null,"highway":"motorway","importance_weight":5,"kind":"road","source":"OpenStreetMap contributors","sourceId":"osm-major-roads","source_url":"https://www.openstreetmap.org/way/466872745"}},{"type":"Feature","id":"osm_way_474629336","geometry":{"type":"LineString","coordinates":[[71.4291002,51.1776929],[71.4319646,51.1780119],[71.433976,51.178236],[71.4343018,51.1782723],[71.4364736,51.1785128],[71.4366885,51.1785367]]},"properties":{"osm_way_id":474629336,"name":"Бөгенбай Батыр даңғылы","name_ru":"проспект Богенбай Батыра","name_kk":null,"highway":"primary","importance_weight":3,"kind":"road","source":"OpenStreetMap contributors","sourceId":"osm-major-roads","source_url":"https://www.openstreetmap.org/way/474629336"}},{"type":"Feature","id":"osm_way_474772607","geometry":{"type":"LineString","coordinates":[[71.4225408,51.147107],[71.422422,51.1471309],[71.4223153,51.1471423],[71.4220219,51.1471282],[71.421254,51.1470575],[71.4207299,51.1469968],[71.4202114,51.1469432],[71.4195897,51.1468806],[71.4193772,51.1468602],[71.418681,51.1467912],[71.4179166,51.1467166],[71.4177289,51.1467002],[71.4166792,51.146621],[71.4161145,51.1465638],[71.4151006,51.1464649],[71.4149281,51.1464476],[71.4141757,51.1463733],[71.4140689,51.146362],[71.413699,51.1463251]]},"properties":{"osm_way_id":474772607,"name":"Қорғалжын тас жолы","name_ru":"Коргалжинское шоссе","name_kk":"Қорғалжын тас жолы","highway":"secondary","importance_weight":2,"kind":"road","source":"OpenStreetMap contributors","sourceId":"osm-major-roads","source_url":"https://www.openstreetmap.org/way/474772607"}},{"type":"Feature","id":"osm_way_475754745","geometry":{"type":"LineString","coordinates":[[71.4209594,51.1883964],[71.4208291,51.1893097],[71.4208015,51.189463],[71.4207947,51.1895005],[71.420698,51.1900283],[71.4206585,51.1903553],[71.4206165,51.1904772]]},"properties":{"osm_way_id":475754745,"name":"Республика даңғылы","name_ru":"проспект Республики","name_kk":"Республика даңғылы","highway":"secondary","importance_weight":2,"kind":"road","source":"OpenStreetMap contributors","sourceId":"osm-major-roads","source_url":"https://www.openstreetmap.org/way/475754745"}},{"type":"Feature","id":"osm_way_475754746","geometry":{"type":"LineString","coordinates":[[71.4210795,51.1876752],[71.4209594,51.1883964]]},"properties":{"osm_way_id":475754746,"name":"Республика даңғылы","name_ru":"проспект Республики","name_kk":"Республика даңғылы","highway":"secondary","importance_weight":2,"kind":"road","source":"OpenStreetMap contributors","sourceId":"osm-major-roads","source_url":"https://www.openstreetmap.org/way/475754746"}},{"type":"Feature","id":"osm_way_475754959","geometry":{"type":"LineString","coordinates":[[71.4067323,51.1914034],[71.4066952,51.1915936],[71.4066974,51.1916245],[71.4067035,51.1917126],[71.4068334,51.1918969],[71.4071005,51.1922505],[71.4073762,51.1926154]]},"properties":{"osm_way_id":475754959,"name":"Біржан Сал көшесі","name_ru":"улица Биржан Сала","name_kk":null,"highway":"secondary","importance_weight":2,"kind":"road","source":"OpenStreetMap contributors","sourceId":"osm-major-roads","source_url":"https://www.openstreetmap.org/way/475754959"}},{"type":"Feature","id":"osm_way_475754960","geometry":{"type":"LineString","coordinates":[[71.4067323,51.1914034],[71.4070501,51.1912963],[71.4079318,51.1909993],[71.4081802,51.1909193],[71.4082356,51.1909025],[71.4088276,51.1907234],[71.4090885,51.1906367],[71.4099165,51.1903617],[71.4100713,51.190312]]},"properties":{"osm_way_id":475754960,"name":"Ілияс Есенберлин көшесі","name_ru":"улица Ильяса Есенберлина","name_kk":null,"highway":"secondary","importance_weight":2,"kind":"road","source":"OpenStreetMap contributors","sourceId":"osm-major-roads","source_url":"https://www.openstreetmap.org/way/475754960"}},{"type":"Feature","id":"osm_way_475756220","geometry":{"type":"LineString","coordinates":[[71.4685079,51.1610383],[71.4683205,51.1611077],[71.4681203,51.1611828]]},"properties":{"osm_way_id":475756220,"name":"Абылай Хан даңғылы","name_ru":"проспект Абылай Хана","name_kk":"Абылай Хан даңғылы","highway":"primary","importance_weight":3,"kind":"road","source":"OpenStreetMap contributors","sourceId":"osm-major-roads","source_url":"https://www.openstreetmap.org/way/475756220"}},{"type":"Feature","id":"osm_way_475756221","geometry":{"type":"LineString","coordinates":[[71.4752968,51.1652049],[71.4766814,51.1647812]]},"properties":{"osm_way_id":475756221,"name":"Шәкәрім Құдайбердіұлы даңғылы","name_ru":"проспект Шaкaрима Кудайбердыулы","name_kk":"Шәкәрім Құдайбердіұлы даңғылы","highway":"secondary","importance_weight":2,"kind":"road","source":"OpenStreetMap contributors","sourceId":"osm-major-roads","source_url":"https://www.openstreetmap.org/way/475756221"}},{"type":"Feature","id":"osm_way_475765966","geometry":{"type":"LineString","coordinates":[[71.4564445,51.1512362],[71.456293,51.1511582]]},"properties":{"osm_way_id":475765966,"name":"Қажымұқан көшесі","name_ru":"улица Кажымукана","name_kk":null,"highway":"secondary","importance_weight":2,"kind":"road","source":"OpenStreetMap contributors","sourceId":"osm-major-roads","source_url":"https://www.openstreetmap.org/way/475765966"}},{"type":"Feature","id":"osm_way_475765967","geometry":{"type":"LineString","coordinates":[[71.4564445,51.1512362],[71.4563057,51.1514271],[71.4560231,51.1518226],[71.4556645,51.1523244],[71.4549612,51.1533081],[71.4544895,51.1539679]]},"properties":{"osm_way_id":475765967,"name":"Тәуелсіздік даңғылы","name_ru":"проспект Тауелсиздик","name_kk":"Тәуелсіздік даңғылы","highway":"secondary","importance_weight":2,"kind":"road","source":"OpenStreetMap contributors","sourceId":"osm-major-roads","source_url":"https://www.openstreetmap.org/way/475765967"}},{"type":"Feature","id":"osm_way_475997185","geometry":{"type":"LineString","coordinates":[[71.4444263,51.1580651],[71.4443816,51.1579614]]},"properties":{"osm_way_id":475997185,"name":"osm_way_475997185","name_ru":null,"name_kk":null,"highway":"secondary","importance_weight":2,"kind":"road","source":"OpenStreetMap contributors","sourceId":"osm-major-roads","source_url":"https://www.openstreetmap.org/way/475997185"}},{"type":"Feature","id":"osm_way_475997996","geometry":{"type":"LineString","coordinates":[[71.4127221,51.1698967],[71.4126948,51.1699775],[71.4126748,51.1701154],[71.4123701,51.1712147],[71.4122523,51.17158],[71.4120502,51.1723275],[71.4120287,51.172431],[71.4119976,51.1725321],[71.4119153,51.1728045],[71.4118814,51.1729121]]},"properties":{"osm_way_id":475997996,"name":"Жеңіс даңғылы","name_ru":"проспект Женис","name_kk":null,"highway":"secondary","importance_weight":2,"kind":"road","source":"OpenStreetMap contributors","sourceId":"osm-major-roads","source_url":"https://www.openstreetmap.org/way/475997996"}},{"type":"Feature","id":"osm_way_475997997","geometry":{"type":"LineString","coordinates":[[71.4127221,51.1698967],[71.4129744,51.1699338],[71.4135453,51.1699935],[71.4149484,51.1701435],[71.4152679,51.170181],[71.415352,51.1701905],[71.4170805,51.170392],[71.4176978,51.1704639],[71.4178756,51.1704846],[71.4198345,51.170699],[71.4200504,51.170719],[71.4201491,51.1707305],[71.4203223,51.1707507],[71.4213462,51.1708661],[71.4216045,51.1708952],[71.4230711,51.1710605],[71.423262,51.1710796],[71.4234851,51.1711083],[71.4253451,51.1713254],[71.4254206,51.1713342],[71.4256479,51.1713611]]},"properties":{"osm_way_id":475997997,"name":"Сәкен Сейфуллин көшесі","name_ru":"улица Сакена Сейфуллина","name_kk":"Сәкен Сейфуллин көшесі","highway":"secondary","importance_weight":2,"kind":"road","source":"OpenStreetMap contributors","sourceId":"osm-major-roads","source_url":"https://www.openstreetmap.org/way/475997997"}},{"type":"Feature","id":"osm_way_477114790","geometry":{"type":"LineString","coordinates":[[71.4344718,51.1333338],[71.4341895,51.1333792],[71.4338066,51.1334446],[71.4316473,51.1338129],[71.4311813,51.1338924],[71.4311292,51.1339013],[71.4307973,51.133961]]},"properties":{"osm_way_id":477114790,"name":"Сарайшық көшесі","name_ru":"улица Сарайшык","name_kk":"Сарайшық көшесі","highway":"secondary","importance_weight":2,"kind":"road","source":"OpenStreetMap contributors","sourceId":"osm-major-roads","source_url":"https://www.openstreetmap.org/way/477114790"}},{"type":"Feature","id":"osm_way_477308979","geometry":{"type":"LineString","coordinates":[[71.4736211,51.1190145],[71.4751061,51.1187816],[71.475207,51.1187658],[71.4768073,51.1185141],[71.4785349,51.1182433],[71.4788965,51.1181866],[71.4805249,51.1179313],[71.4824671,51.1176298],[71.4837402,51.1174316],[71.4840835,51.1173782]]},"properties":{"osm_way_id":477308979,"name":"Жұмекен Нәжімеденов көшесі","name_ru":"улица Жумекена Нажимеденова","name_kk":null,"highway":"secondary","importance_weight":2,"kind":"road","source":"OpenStreetMap contributors","sourceId":"osm-major-roads","source_url":"https://www.openstreetmap.org/way/477308979"}},{"type":"Feature","id":"osm_way_477309309","geometry":{"type":"LineString","coordinates":[[71.4763367,51.1265456],[71.4765866,51.1265069],[71.4768673,51.1264634],[71.4772463,51.1264047],[71.479125,51.1261221]]},"properties":{"osm_way_id":477309309,"name":"Рақымжан Қошқарбаев даңғылы","name_ru":"проспект Рахимжана Кошкарбаева","name_kk":"Рақымжан Қошқарбаев даңғылы","highway":"secondary","importance_weight":2,"kind":"road","source":"OpenStreetMap contributors","sourceId":"osm-major-roads","source_url":"https://www.openstreetmap.org/way/477309309"}},{"type":"Feature","id":"osm_way_479410013","geometry":{"type":"LineString","coordinates":[[71.5285571,51.138262],[71.5287477,51.1381926],[71.5294162,51.1379672],[71.5305022,51.1376089]]},"properties":{"osm_way_id":479410013,"name":"Астана-Қарағанды тас жолы","name_ru":"трасса Астана-Караганда","name_kk":"Астана-Қарағанды тас жолы","highway":"primary","importance_weight":3,"kind":"road","source":"OpenStreetMap contributors","sourceId":"osm-major-roads","source_url":"https://www.openstreetmap.org/way/479410013"}},{"type":"Feature","id":"osm_way_479410568","geometry":{"type":"LineString","coordinates":[[71.4942319,51.1514201],[71.4940368,51.1514947],[71.4917615,51.1523661],[71.4916145,51.152421],[71.4915168,51.1524584],[71.4892878,51.1533108]]},"properties":{"osm_way_id":479410568,"name":"Абылай Хан даңғылы","name_ru":"проспект Абылай Хана","name_kk":"Абылай Хан даңғылы","highway":"primary","importance_weight":3,"kind":"road","source":"OpenStreetMap contributors","sourceId":"osm-major-roads","source_url":"https://www.openstreetmap.org/way/479410568"}},{"type":"Feature","id":"osm_way_479411683","geometry":{"type":"LineString","coordinates":[[71.4722765,51.1462572],[71.4724166,51.1460636],[71.4733299,51.1448016],[71.4734152,51.1446837],[71.4734995,51.1445671],[71.4736742,51.1443257],[71.4737904,51.1441652],[71.4742196,51.143572]]},"properties":{"osm_way_id":479411683,"name":"Қаныш Сәтбаев көшесі","name_ru":"улица Каныша Сатпаева","name_kk":"Қаныш Сәтбаев көшесі","highway":"secondary","importance_weight":2,"kind":"road","source":"OpenStreetMap contributors","sourceId":"osm-major-roads","source_url":"https://www.openstreetmap.org/way/479411683"}},{"type":"Feature","id":"osm_way_479412194","geometry":{"type":"LineString","coordinates":[[71.4604879,51.1452744],[71.4605675,51.1451644],[71.4608734,51.1447415],[71.4619258,51.1432864],[71.4620138,51.1431648],[71.4620849,51.1430665],[71.4624413,51.1425737],[71.4624689,51.1425355],[71.46274,51.1421668],[71.4627776,51.1421087],[71.4631009,51.1416617],[71.463506,51.1411016]]},"properties":{"osm_way_id":479412194,"name":"Тәуелсіздік даңғылы","name_ru":"проспект Тауелсиздик","name_kk":"Тәуелсіздік даңғылы","highway":"secondary","importance_weight":2,"kind":"road","source":"OpenStreetMap contributors","sourceId":"osm-major-roads","source_url":"https://www.openstreetmap.org/way/479412194"}},{"type":"Feature","id":"osm_way_479415335","geometry":{"type":"LineString","coordinates":[[71.4282147,51.1627856],[71.4281768,51.1629226],[71.4280958,51.1632306]]},"properties":{"osm_way_id":479415335,"name":"Республика даңғылы","name_ru":"проспект Республики","name_kk":"Республика даңғылы","highway":"primary","importance_weight":3,"kind":"road","source":"OpenStreetMap contributors","sourceId":"osm-major-roads","source_url":"https://www.openstreetmap.org/way/479415335"}},{"type":"Feature","id":"osm_way_479415738","geometry":{"type":"LineString","coordinates":[[71.4110708,51.1758493],[71.4107901,51.1758169],[71.4100753,51.1757467],[71.4093431,51.1756749],[71.4082501,51.1755715],[71.4068466,51.1754303],[71.4067224,51.1754178]]},"properties":{"osm_way_id":479415738,"name":"Бөгенбай Батыр даңғылы","name_ru":"проспект Богенбай Батыра","name_kk":null,"highway":"primary","importance_weight":3,"kind":"road","source":"OpenStreetMap contributors","sourceId":"osm-major-roads","source_url":"https://www.openstreetmap.org/way/479415738"}},{"type":"Feature","id":"osm_way_479415739","geometry":{"type":"LineString","coordinates":[[71.4107005,51.1770658],[71.4106238,51.1773232],[71.4105941,51.1774443],[71.410356,51.1784487],[71.4101882,51.1790034],[71.410063,51.1794577],[71.4098468,51.1802966],[71.4097953,51.180487],[71.4097239,51.1807511],[71.4095218,51.1814979],[71.4094853,51.1816277],[71.4094524,51.181745],[71.4091595,51.182763],[71.4090513,51.1831679]]},"properties":{"osm_way_id":479415739,"name":"Жеңіс даңғылы","name_ru":"проспект Женис","name_kk":null,"highway":"secondary","importance_weight":2,"kind":"road","source":"OpenStreetMap contributors","sourceId":"osm-major-roads","source_url":"https://www.openstreetmap.org/way/479415739"}},{"type":"Feature","id":"osm_way_479415740","geometry":{"type":"LineString","coordinates":[[71.411108,51.1757017],[71.4114285,51.175737],[71.4119136,51.1757911],[71.4120045,51.1758013],[71.4133069,51.1759467],[71.4135515,51.1759743],[71.4137679,51.1759982],[71.417034,51.1763628],[71.4181251,51.1764847],[71.4181745,51.1764902],[71.4183895,51.1765142]]},"properties":{"osm_way_id":479415740,"name":"Бөгенбай Батыр даңғылы","name_ru":"проспект Богенбай Батыра","name_kk":null,"highway":"primary","importance_weight":3,"kind":"road","source":"OpenStreetMap contributors","sourceId":"osm-major-roads","source_url":"https://www.openstreetmap.org/way/479415740"}},{"type":"Feature","id":"osm_way_479417147","geometry":{"type":"LineString","coordinates":[[71.4089162,51.1661925],[71.4091667,51.1662234]]},"properties":{"osm_way_id":479417147,"name":"Абай даңғылы","name_ru":"проспект Абая","name_kk":"Абай даңғылы","highway":"secondary","importance_weight":2,"kind":"road","source":"OpenStreetMap contributors","sourceId":"osm-major-roads","source_url":"https://www.openstreetmap.org/way/479417147"}},{"type":"Feature","id":"osm_way_479417458","geometry":{"type":"LineString","coordinates":[[71.4118814,51.1729121],[71.4118441,51.173058],[71.4117552,51.173407],[71.4117089,51.1735989],[71.4115296,51.174227]]},"properties":{"osm_way_id":479417458,"name":"Жеңіс даңғылы","name_ru":"проспект Женис","name_kk":null,"highway":"secondary","importance_weight":2,"kind":"road","source":"OpenStreetMap contributors","sourceId":"osm-major-roads","source_url":"https://www.openstreetmap.org/way/479417458"}},{"type":"Feature","id":"osm_way_479421385","geometry":{"type":"LineString","coordinates":[[71.4144146,51.1332385],[71.4140336,51.1333011],[71.4129404,51.133474]]},"properties":{"osm_way_id":479421385,"name":"Қонаев көшесі","name_ru":"улица Кунаева","name_kk":"Қонаев көшесі","highway":"secondary","importance_weight":2,"kind":"road","source":"OpenStreetMap contributors","sourceId":"osm-major-roads","source_url":"https://www.openstreetmap.org/way/479421385"}},{"type":"Feature","id":"osm_way_486563226","geometry":{"type":"LineString","coordinates":[[71.4284316,51.1280767],[71.4281891,51.1274503]]},"properties":{"osm_way_id":486563226,"name":"Ақмешіт көшесі","name_ru":"улица Акмешит","name_kk":"Ақмешіт көшесі","highway":"secondary","importance_weight":2,"kind":"road","source":"OpenStreetMap contributors","sourceId":"osm-major-roads","source_url":"https://www.openstreetmap.org/way/486563226"}},{"type":"Feature","id":"osm_way_486563227","geometry":{"type":"LineString","coordinates":[[71.4294428,51.1305167],[71.4288717,51.1291386]]},"properties":{"osm_way_id":486563227,"name":"Ақмешіт көшесі","name_ru":"улица Акмешит","name_kk":"Ақмешіт көшесі","highway":"secondary","importance_weight":2,"kind":"road","source":"OpenStreetMap contributors","sourceId":"osm-major-roads","source_url":"https://www.openstreetmap.org/way/486563227"}},{"type":"Feature","id":"osm_way_493576724","geometry":{"type":"LineString","coordinates":[[71.425861,51.1214866],[71.425793,51.1213134],[71.4256403,51.1209243],[71.4255044,51.120578]]},"properties":{"osm_way_id":493576724,"name":"Ақмешіт көшесі","name_ru":"улица Акмешит","name_kk":"Ақмешіт көшесі","highway":"secondary","importance_weight":2,"kind":"road","source":"OpenStreetMap contributors","sourceId":"osm-major-roads","source_url":"https://www.openstreetmap.org/way/493576724"}},{"type":"Feature","id":"osm_way_495680083","geometry":{"type":"LineString","coordinates":[[71.4284784,51.1618525],[71.4284494,51.161964],[71.4282147,51.1627856]]},"properties":{"osm_way_id":495680083,"name":"Республика даңғылы","name_ru":"проспект Республики","name_kk":"Республика даңғылы","highway":"primary","importance_weight":3,"kind":"road","source":"OpenStreetMap contributors","sourceId":"osm-major-roads","source_url":"https://www.openstreetmap.org/way/495680083"}},{"type":"Feature","id":"osm_way_497357993","geometry":{"type":"LineString","coordinates":[[71.5358676,51.1136558],[71.5358493,51.1136103],[71.5355671,51.1129099],[71.5354677,51.1126632],[71.5352745,51.1121834],[71.5352315,51.1120753],[71.535097,51.1117348],[71.5348391,51.1111028],[71.5347343,51.1108427],[71.5344954,51.1102495],[71.5344563,51.1101524],[71.5342724,51.109696],[71.5342363,51.1096026],[71.5341918,51.1094959]]},"properties":{"osm_way_id":497357993,"name":"Сафуан Шаймерденов көшесі","name_ru":"улица Сафуана Шаймерденова","name_kk":"Сафуан Шаймерденов көшесі","highway":"secondary","importance_weight":2,"kind":"road","source":"OpenStreetMap contributors","sourceId":"osm-major-roads","source_url":"https://www.openstreetmap.org/way/497357993"}},{"type":"Feature","id":"osm_way_497921875","geometry":{"type":"LineString","coordinates":[[71.5276236,51.1106374],[71.5264431,51.1108246],[71.5261209,51.1108757],[71.5243652,51.1111541],[71.5234954,51.1112921],[71.5225712,51.1114386],[71.5207641,51.1117252],[71.5189004,51.1120207],[71.51859,51.1120699],[71.5183312,51.112111],[71.5169586,51.1123286],[71.5163914,51.1124186],[71.5146391,51.1126965],[71.5132715,51.1129133],[71.5126575,51.1130107]]},"properties":{"osm_way_id":497921875,"name":"Жұмекен Нәжімеденов көшесі","name_ru":"улица Жумекена Нажимеденова","name_kk":"Жұмекен Нәжімеденов көшесі","highway":"secondary","importance_weight":2,"kind":"road","source":"OpenStreetMap contributors","sourceId":"osm-major-roads","source_url":"https://www.openstreetmap.org/way/497921875"}},{"type":"Feature","id":"osm_way_498805644","geometry":{"type":"LineString","coordinates":[[71.3683946,51.1479262],[71.3684521,51.1480318]]},"properties":{"osm_way_id":498805644,"name":"Шыңғыс Айтматов көшесі","name_ru":"улица Чингиза Айтматова","name_kk":"Шыңғыс Айтматов көшесі","highway":"secondary","importance_weight":2,"kind":"road","source":"OpenStreetMap contributors","sourceId":"osm-major-roads","source_url":"https://www.openstreetmap.org/way/498805644"}},{"type":"Feature","id":"osm_way_498805646","geometry":{"type":"LineString","coordinates":[[71.3682012,51.1481037],[71.3681348,51.1479891]]},"properties":{"osm_way_id":498805646,"name":"Шыңғыс Айтматов көшесі","name_ru":"улица Чингиза Айтматова","name_kk":"Шыңғыс Айтматов көшесі","highway":"secondary","importance_weight":2,"kind":"road","source":"OpenStreetMap contributors","sourceId":"osm-major-roads","source_url":"https://www.openstreetmap.org/way/498805646"}},{"type":"Feature","id":"osm_way_498805649","geometry":{"type":"LineString","coordinates":[[71.3684521,51.1480318],[71.3682012,51.1481037]]},"properties":{"osm_way_id":498805649,"name":"Қорғалжын тас жолы","name_ru":"Коргалжинское шоссе","name_kk":"Қорғалжын тас жолы","highway":"primary","importance_weight":3,"kind":"road","source":"OpenStreetMap contributors","sourceId":"osm-major-roads","source_url":"https://www.openstreetmap.org/way/498805649"}},{"type":"Feature","id":"osm_way_498805655","geometry":{"type":"LineString","coordinates":[[71.342821,51.1464709],[71.3425663,51.1464194],[71.3417657,51.1462575],[71.3410436,51.1461115],[71.3383441,51.145572],[71.3377306,51.1454495],[71.3376037,51.1454241],[71.3371766,51.1453387],[71.3362984,51.1451632],[71.335346,51.1449729],[71.3335716,51.1446183],[71.3325738,51.1443894],[71.3317477,51.144174],[71.330585,51.143811],[71.3295433,51.1434442],[71.3289904,51.1432317],[71.3284139,51.1429966],[71.3283467,51.1429692],[71.3277244,51.1426798],[71.327614,51.1426278],[71.3270378,51.1423567],[71.3261258,51.1418653],[71.3246905,51.1409836],[71.3240529,51.1405919],[71.3237265,51.1403914],[71.3230174,51.1399558],[71.3196659,51.1378969],[71.3191013,51.1375501]]},"properties":{"osm_way_id":498805655,"name":"Қорғалжын тас жолы","name_ru":"Коргалжинское шоссе","name_kk":"Қорғалжын тас жолы","highway":"primary","importance_weight":3,"kind":"road","source":"OpenStreetMap contributors","sourceId":"osm-major-roads","source_url":"https://www.openstreetmap.org/way/498805655"}},{"type":"Feature","id":"osm_way_498805660","geometry":{"type":"LineString","coordinates":[[71.3681348,51.1479891],[71.3683946,51.1479262]]},"properties":{"osm_way_id":498805660,"name":"Қорғалжын тас жолы","name_ru":"Коргалжинское шоссе","name_kk":"Қорғалжын тас жолы","highway":"primary","importance_weight":3,"kind":"road","source":"OpenStreetMap contributors","sourceId":"osm-major-roads","source_url":"https://www.openstreetmap.org/way/498805660"}},{"type":"Feature","id":"osm_way_498805677","geometry":{"type":"LineString","coordinates":[[71.389565,51.1774066],[71.3896986,51.1773725],[71.3911627,51.1770454],[71.3923097,51.1767711],[71.3934892,51.176492],[71.3953775,51.1761179],[71.3964935,51.1759015],[71.3976881,51.1756937],[71.3978305,51.175671],[71.3984459,51.175559],[71.3993264,51.175387],[71.3993579,51.1753808],[71.3995274,51.1753495],[71.4002195,51.1752219],[71.4013131,51.1750023],[71.4018832,51.1749174],[71.4022309,51.1748864],[71.4022874,51.1748814],[71.4026674,51.1748634],[71.4031082,51.1748727],[71.4032018,51.1748763],[71.4033162,51.1748887],[71.40348,51.1749087],[71.4036354,51.174919],[71.4046255,51.1750358],[71.406118,51.1752003]]},"properties":{"osm_way_id":498805677,"name":"Бөгенбай Батыр даңғылы","name_ru":"проспект Богенбай Батыра","name_kk":null,"highway":"primary","importance_weight":3,"kind":"road","source":"OpenStreetMap contributors","sourceId":"osm-major-roads","source_url":"https://www.openstreetmap.org/way/498805677"}},{"type":"Feature","id":"osm_way_498805687","geometry":{"type":"LineString","coordinates":[[71.3771126,51.1720362],[71.377431,51.1720435]]},"properties":{"osm_way_id":498805687,"name":"Шаймерден Қосшығұлұлы көшесі","name_ru":"улица Шаймердена Косшыгулулы","name_kk":null,"highway":"secondary","importance_weight":2,"kind":"road","source":"OpenStreetMap contributors","sourceId":"osm-major-roads","source_url":"https://www.openstreetmap.org/way/498805687"}},{"type":"Feature","id":"osm_way_498805693","geometry":{"type":"LineString","coordinates":[[71.3774761,51.1721425],[71.3771586,51.1721382]]},"properties":{"osm_way_id":498805693,"name":"Шаймерден Қосшығұлұлы көшесі","name_ru":"улица Шаймердена Косшыгулулы","name_kk":null,"highway":"secondary","importance_weight":2,"kind":"road","source":"OpenStreetMap contributors","sourceId":"osm-major-roads","source_url":"https://www.openstreetmap.org/way/498805693"}},{"type":"Feature","id":"osm_way_498805697","geometry":{"type":"LineString","coordinates":[[71.3823531,51.1715154],[71.3811207,51.1717908],[71.3809691,51.1718247],[71.3804626,51.1719159],[71.3802491,51.1719512],[71.380127,51.1719681],[71.3796704,51.1720311],[71.3791919,51.172066],[71.3790839,51.1720747],[71.3789644,51.1720843],[71.3782237,51.1721288],[71.3776551,51.1721451]]},"properties":{"osm_way_id":498805697,"name":"Шаймерден Қосшығұлұлы көшесі","name_ru":"улица Шаймердена Косшыгулулы","name_kk":null,"highway":"secondary","importance_weight":2,"kind":"road","source":"OpenStreetMap contributors","sourceId":"osm-major-roads","source_url":"https://www.openstreetmap.org/way/498805697"}},{"type":"Feature","id":"osm_way_498805706","geometry":{"type":"LineString","coordinates":[[71.3771586,51.1721382],[71.3771126,51.1720362]]},"properties":{"osm_way_id":498805706,"name":"Шабал Бейсекова көшесі","name_ru":"улица Шабал Бейсековой","name_kk":null,"highway":"secondary","importance_weight":2,"kind":"road","source":"OpenStreetMap contributors","sourceId":"osm-major-roads","source_url":"https://www.openstreetmap.org/way/498805706"}},{"type":"Feature","id":"osm_way_498805709","geometry":{"type":"LineString","coordinates":[[71.377431,51.1720435],[71.3774761,51.1721425]]},"properties":{"osm_way_id":498805709,"name":"Шабал Бейсекова көшесі","name_ru":"улица Шабал Бейсековой","name_kk":null,"highway":"secondary","importance_weight":2,"kind":"road","source":"OpenStreetMap contributors","sourceId":"osm-major-roads","source_url":"https://www.openstreetmap.org/way/498805709"}},{"type":"Feature","id":"osm_way_498977349","geometry":{"type":"LineString","coordinates":[[71.4774181,51.19866],[71.4772899,51.1987964],[71.4770246,51.1992083]]},"properties":{"osm_way_id":498977349,"name":"osm_way_498977349","name_ru":null,"name_kk":null,"highway":"secondary","importance_weight":2,"kind":"road","source":"OpenStreetMap contributors","sourceId":"osm-major-roads","source_url":"https://www.openstreetmap.org/way/498977349"}},{"type":"Feature","id":"osm_way_498977350","geometry":{"type":"LineString","coordinates":[[71.4768743,51.1992248],[71.4769119,51.1990877],[71.4769345,51.1989994],[71.4769366,51.1989168],[71.4769204,51.1988487],[71.4768835,51.1987898],[71.4765792,51.1984808]]},"properties":{"osm_way_id":498977350,"name":"osm_way_498977350","name_ru":null,"name_kk":null,"highway":"secondary","importance_weight":2,"kind":"road","source":"OpenStreetMap contributors","sourceId":"osm-major-roads","source_url":"https://www.openstreetmap.org/way/498977350"}},{"type":"Feature","id":"osm_way_498977352","geometry":{"type":"LineString","coordinates":[[71.4768743,51.1992248],[71.4769213,51.1992109],[71.4769727,51.1992052],[71.4770246,51.1992083],[71.4770773,51.1992213],[71.4771219,51.1992433],[71.4771543,51.1992724],[71.4771722,51.1993062],[71.4771729,51.1993445],[71.4771547,51.199381],[71.4771194,51.1994123],[71.4770702,51.1994351],[71.4770074,51.1994476],[71.4769415,51.1994463],[71.4768801,51.1994313],[71.4768303,51.1994043],[71.4767976,51.1993685],[71.476786,51.1993278],[71.4767914,51.1992984],[71.476808,51.1992706],[71.4768349,51.1992462],[71.4768743,51.1992248]]},"properties":{"osm_way_id":498977352,"name":"osm_way_498977352","name_ru":null,"name_kk":null,"highway":"secondary","importance_weight":2,"kind":"road","source":"OpenStreetMap contributors","sourceId":"osm-major-roads","source_url":"https://www.openstreetmap.org/way/498977352"}},{"type":"Feature","id":"osm_way_499012013","geometry":{"type":"LineString","coordinates":[[71.4808424,51.1742827],[71.4839873,51.1731556],[71.4845665,51.172948],[71.4853751,51.1726582],[71.4871883,51.1720202],[71.4873163,51.1719763],[71.4880456,51.1717358]]},"properties":{"osm_way_id":499012013,"name":"проспект Акжол","name_ru":"проспект Акжол","name_kk":"Ақжол даңғылы","highway":"secondary","importance_weight":2,"kind":"road","source":"OpenStreetMap contributors","sourceId":"osm-major-roads","source_url":"https://www.openstreetmap.org/way/499012013"}},{"type":"Feature","id":"osm_way_499023502","geometry":{"type":"LineString","coordinates":[[71.5244504,51.1398121],[71.5239106,51.1400465],[71.5229344,51.1404179],[71.5226036,51.1405437]]},"properties":{"osm_way_id":499023502,"name":"Абылай Хан даңғылы","name_ru":"проспект Абылай Хана","name_kk":"Абылай Хан даңғылы","highway":"primary","importance_weight":3,"kind":"road","source":"OpenStreetMap contributors","sourceId":"osm-major-roads","source_url":"https://www.openstreetmap.org/way/499023502"}},{"type":"Feature","id":"osm_way_499644354","geometry":{"type":"LineString","coordinates":[[71.2813024,51.1197754],[71.2814048,51.1196675]]},"properties":{"osm_way_id":499644354,"name":"osm_way_499644354","name_ru":null,"name_kk":null,"highway":"primary","importance_weight":3,"kind":"road","source":"OpenStreetMap contributors","sourceId":"osm-major-roads","source_url":"https://www.openstreetmap.org/way/499644354"}},{"type":"Feature","id":"osm_way_500323858","geometry":{"type":"LineString","coordinates":[[71.4185267,51.1765324],[71.4186592,51.1765471],[71.4193749,51.1766268],[71.4196411,51.1766543],[71.4207311,51.1767669],[71.4214184,51.1768486],[71.4216363,51.176874]]},"properties":{"osm_way_id":500323858,"name":"Бөгенбай Батыр даңғылы","name_ru":"проспект Богенбай Батыра","name_kk":null,"highway":"primary","importance_weight":3,"kind":"road","source":"OpenStreetMap contributors","sourceId":"osm-major-roads","source_url":"https://www.openstreetmap.org/way/500323858"}},{"type":"Feature","id":"osm_way_500326705","geometry":{"type":"LineString","coordinates":[[71.4185267,51.1765324],[71.4184823,51.1766905]]},"properties":{"osm_way_id":500326705,"name":"Бейбітшілік көшесі","name_ru":"улица Бейбитшилик","name_kk":null,"highway":"primary","importance_weight":3,"kind":"road","source":"OpenStreetMap contributors","sourceId":"osm-major-roads","source_url":"https://www.openstreetmap.org/way/500326705"}},{"type":"Feature","id":"osm_way_500326706","geometry":{"type":"LineString","coordinates":[[71.4183466,51.1771774],[71.4183175,51.1772842],[71.4182508,51.177528],[71.4181474,51.1779307],[71.4180826,51.1782205],[71.4179409,51.1787754]]},"properties":{"osm_way_id":500326706,"name":"Бейбітшілік көшесі","name_ru":"улица Бейбитшилик","name_kk":null,"highway":"secondary","importance_weight":2,"kind":"road","source":"OpenStreetMap contributors","sourceId":"osm-major-roads","source_url":"https://www.openstreetmap.org/way/500326706"}},{"type":"Feature","id":"osm_way_500326707","geometry":{"type":"LineString","coordinates":[[71.4184823,51.1766905],[71.4183418,51.1766731]]},"properties":{"osm_way_id":500326707,"name":"Бөгенбай Батыр даңғылы","name_ru":"проспект Богенбай Батыра","name_kk":null,"highway":"primary","importance_weight":3,"kind":"road","source":"OpenStreetMap contributors","sourceId":"osm-major-roads","source_url":"https://www.openstreetmap.org/way/500326707"}},{"type":"Feature","id":"osm_way_500326708","geometry":{"type":"LineString","coordinates":[[71.4183895,51.1765142],[71.4185267,51.1765324]]},"properties":{"osm_way_id":500326708,"name":"Бөгенбай Батыр даңғылы","name_ru":"проспект Богенбай Батыра","name_kk":null,"highway":"primary","importance_weight":3,"kind":"road","source":"OpenStreetMap contributors","sourceId":"osm-major-roads","source_url":"https://www.openstreetmap.org/way/500326708"}},{"type":"Feature","id":"osm_way_500326709","geometry":{"type":"LineString","coordinates":[[71.4209258,51.1676925],[71.4210137,51.1676231]]},"properties":{"osm_way_id":500326709,"name":"Бейбітшілік көшесі","name_ru":"улица Бейбитшилик","name_kk":null,"highway":"secondary","importance_weight":2,"kind":"road","source":"OpenStreetMap contributors","sourceId":"osm-major-roads","source_url":"https://www.openstreetmap.org/way/500326709"}},{"type":"Feature","id":"osm_way_500470256","geometry":{"type":"LineString","coordinates":[[71.4210137,51.1676231],[71.421048,51.1677076]]},"properties":{"osm_way_id":500470256,"name":"Бейбітшілік көшесі","name_ru":"улица Бейбитшилик","name_kk":null,"highway":"secondary","importance_weight":2,"kind":"road","source":"OpenStreetMap contributors","sourceId":"osm-major-roads","source_url":"https://www.openstreetmap.org/way/500470256"}},{"type":"Feature","id":"osm_way_500860967","geometry":{"type":"LineString","coordinates":[[71.4970824,51.1290745],[71.4971503,51.1289805],[71.4972734,51.1288112],[71.4980186,51.1277877],[71.498059,51.1277326],[71.4985224,51.1270931],[71.4986138,51.1269669],[71.4987461,51.1267472],[71.4987884,51.1266877]]},"properties":{"osm_way_id":500860967,"name":"Мағжан Жұмабаев даңғылы","name_ru":"проспект Жумабаева","name_kk":"Мағжан Жұмабаев даңғылы","highway":"secondary","importance_weight":2,"kind":"road","source":"OpenStreetMap contributors","sourceId":"osm-major-roads","source_url":"https://www.openstreetmap.org/way/500860967"}},{"type":"Feature","id":"osm_way_500908854","geometry":{"type":"LineString","coordinates":[[71.4241219,51.1066344],[71.4239097,51.1060415],[71.4236986,51.1054517],[71.4236613,51.1053474],[71.4236172,51.1052242]]},"properties":{"osm_way_id":500908854,"name":"Түркістан көшесі","name_ru":"улица Туркестан","name_kk":"Түркістан көшесі","highway":"secondary","importance_weight":2,"kind":"road","source":"OpenStreetMap contributors","sourceId":"osm-major-roads","source_url":"https://www.openstreetmap.org/way/500908854"}},{"type":"Feature","id":"osm_way_501113812","geometry":{"type":"LineString","coordinates":[[71.4097619,51.1662967],[71.4103141,51.1663647],[71.4110711,51.1664614],[71.412219,51.1666081],[71.4127462,51.1666741],[71.4135096,51.166774],[71.4137429,51.1668049]]},"properties":{"osm_way_id":501113812,"name":"Абай даңғылы","name_ru":"проспект Абая","name_kk":"Абай даңғылы","highway":"secondary","importance_weight":2,"kind":"road","source":"OpenStreetMap contributors","sourceId":"osm-major-roads","source_url":"https://www.openstreetmap.org/way/501113812"}},{"type":"Feature","id":"osm_way_501113814","geometry":{"type":"LineString","coordinates":[[71.412965,51.1691514],[71.4128582,51.1694867],[71.4128405,51.1695414],[71.4127573,51.1697984],[71.4127221,51.1698967]]},"properties":{"osm_way_id":501113814,"name":"Жеңіс даңғылы","name_ru":"проспект Женис","name_kk":null,"highway":"secondary","importance_weight":2,"kind":"road","source":"OpenStreetMap contributors","sourceId":"osm-major-roads","source_url":"https://www.openstreetmap.org/way/501113814"}},{"type":"Feature","id":"osm_way_501124027","geometry":{"type":"LineString","coordinates":[[71.3833557,51.1788323],[71.3836708,51.1788041],[71.3838467,51.1788066],[71.3840183,51.1788049],[71.3843618,51.1787457],[71.3847144,51.1786564],[71.3856567,51.1784176],[71.3862931,51.1782576],[71.3875038,51.1779579],[71.3880774,51.1778041],[71.389565,51.1774066]]},"properties":{"osm_way_id":501124027,"name":"Нұрғиса Тілендиев даңғылы","name_ru":"проспект Нургисы Тлендиева","name_kk":"Нұрғиса Тілендиев даңғылы","highway":"primary","importance_weight":3,"kind":"road","source":"OpenStreetMap contributors","sourceId":"osm-major-roads","source_url":"https://www.openstreetmap.org/way/501124027"}},{"type":"Feature","id":"osm_way_501124028","geometry":{"type":"LineString","coordinates":[[71.4060601,51.1753511],[71.4041212,51.1751256],[71.4035922,51.1750723],[71.4034353,51.175064],[71.403265,51.1750538],[71.4029744,51.1750365],[71.4026319,51.1750236],[71.4026055,51.1750226],[71.4022344,51.1750379],[71.4021552,51.1750476],[71.4017374,51.1750988],[71.3994071,51.1755463],[71.397715,51.1758713],[71.397385,51.1759305],[71.3972892,51.1759428],[71.3964579,51.1760886],[71.3954962,51.1762712],[71.3950527,51.1763634],[71.3935684,51.1766433],[71.3926478,51.1768603],[71.3896659,51.1775633]]},"properties":{"osm_way_id":501124028,"name":"Бөгенбай Батыр даңғылы","name_ru":"проспект Богенбай Батыра","name_kk":null,"highway":"primary","importance_weight":3,"kind":"road","source":"OpenStreetMap contributors","sourceId":"osm-major-roads","source_url":"https://www.openstreetmap.org/way/501124028"}},{"type":"Feature","id":"osm_way_501197212","geometry":{"type":"LineString","coordinates":[[71.4270603,51.0955741],[71.4268852,51.0956004]]},"properties":{"osm_way_id":501197212,"name":"Ұлы Дала даңғылы","name_ru":"проспект Улы Дала","name_kk":"Ұлы Дала даңғылы","highway":"secondary","importance_weight":2,"kind":"road","source":"OpenStreetMap contributors","sourceId":"osm-major-roads","source_url":"https://www.openstreetmap.org/way/501197212"}},{"type":"Feature","id":"osm_way_501197213","geometry":{"type":"LineString","coordinates":[[71.4493503,51.0924194],[71.4481052,51.0925736],[71.4479265,51.0926024],[71.4478596,51.0926127],[71.4475314,51.0926592],[71.4463393,51.092828],[71.4432272,51.0932686],[71.4431625,51.0932803],[71.4429144,51.0933251],[71.442257,51.093407],[71.4419364,51.0934527],[71.4405562,51.0936495],[71.4400484,51.0937219],[71.4399326,51.0937384],[71.4379916,51.0940152],[71.4377915,51.0940438],[71.4376486,51.0940642],[71.4366509,51.0942064],[71.4365709,51.0942178],[71.4363003,51.0942586],[71.4359945,51.0943],[71.4349473,51.0944494],[71.4348996,51.094456],[71.4337598,51.0946138],[71.4337144,51.0946201],[71.430905,51.0950258],[71.4306679,51.0950597],[71.430621,51.0950664],[71.4303845,51.0951002],[71.4301442,51.0951343],[71.4297802,51.0951864],[71.4294613,51.0952323],[71.4285189,51.0953661],[71.4272472,51.0955459],[71.4272058,51.0955518],[71.4270603,51.0955741]]},"properties":{"osm_way_id":501197213,"name":"Ұлы Дала даңғылы","name_ru":"проспект Улы Дала","name_kk":"Ұлы Дала даңғылы","highway":"secondary","importance_weight":2,"kind":"road","source":"OpenStreetMap contributors","sourceId":"osm-major-roads","source_url":"https://www.openstreetmap.org/way/501197213"}},{"type":"Feature","id":"osm_way_501197214","geometry":{"type":"LineString","coordinates":[[71.4270235,51.0954537],[71.4270603,51.0955741]]},"properties":{"osm_way_id":501197214,"name":"Мәңгілік Ел даңғылы","name_ru":"проспект Мангилик Ел","name_kk":"Мәңгілік Ел даңғылы","highway":"secondary","importance_weight":2,"kind":"road","source":"OpenStreetMap contributors","sourceId":"osm-major-roads","source_url":"https://www.openstreetmap.org/way/501197214"}},{"type":"Feature","id":"osm_way_501197215","geometry":{"type":"LineString","coordinates":[[71.4154038,51.0632019],[71.4156822,51.0639751],[71.4168984,51.0673044],[71.4176644,51.0694013],[71.4177209,51.0695559],[71.4177372,51.0696004],[71.4177692,51.069688],[71.4182405,51.0710443],[71.4183263,51.0712911],[71.4184694,51.071703],[71.4186362,51.0721829],[71.4187765,51.0725864],[71.4188698,51.072855],[71.4190587,51.0733985],[71.4191981,51.0737996],[71.4197562,51.0753568],[71.4197821,51.075427],[71.4200228,51.0760875],[71.4204373,51.0772252],[71.4205012,51.0773883],[71.4205289,51.0774589],[71.4205612,51.0775412],[71.4206949,51.0778919],[71.4208228,51.0782354],[71.420991,51.0786875],[71.4210084,51.0787342],[71.4211643,51.0792235],[71.4211794,51.0792709],[71.4212085,51.0793621],[71.42129,51.0795712],[71.4213245,51.079664],[71.4215041,51.0801471],[71.4222341,51.0820991],[71.4224304,51.0826463],[71.4225482,51.0829744],[71.4226351,51.0832168],[71.4226454,51.0832454],[71.4226722,51.0833235],[71.4227029,51.0834127]]},"properties":{"osm_way_id":501197215,"name":"Мәңгілік Ел даңғылы","name_ru":"проспект Мангилик Ел","name_kk":"Мәңгілік Ел даңғылы","highway":"secondary","importance_weight":2,"kind":"road","source":"OpenStreetMap contributors","sourceId":"osm-major-roads","source_url":"https://www.openstreetmap.org/way/501197215"}},{"type":"Feature","id":"osm_way_501197216","geometry":{"type":"LineString","coordinates":[[71.4268852,51.0956004],[71.4268388,51.0954775]]},"properties":{"osm_way_id":501197216,"name":"Мәңгілік Ел даңғылы","name_ru":"проспект Мангилик Ел","name_kk":"Мәңгілік Ел даңғылы","highway":"secondary","importance_weight":2,"kind":"road","source":"OpenStreetMap contributors","sourceId":"osm-major-roads","source_url":"https://www.openstreetmap.org/way/501197216"}},{"type":"Feature","id":"osm_way_501197217","geometry":{"type":"LineString","coordinates":[[71.4268388,51.0954775],[71.4268031,51.0953778],[71.4265325,51.0946224],[71.4263767,51.0941905],[71.426274,51.0939057],[71.4259338,51.0929623],[71.4257531,51.0924613],[71.4254841,51.0917151],[71.4253474,51.0913411],[71.4253167,51.0912572],[71.4252809,51.091126]]},"properties":{"osm_way_id":501197217,"name":"Мәңгілік Ел даңғылы","name_ru":"проспект Мангилик Ел","name_kk":"Мәңгілік Ел даңғылы","highway":"secondary","importance_weight":2,"kind":"road","source":"OpenStreetMap contributors","sourceId":"osm-major-roads","source_url":"https://www.openstreetmap.org/way/501197217"}},{"type":"Feature","id":"osm_way_501197220","geometry":{"type":"LineString","coordinates":[[71.4225026,51.083437],[71.4224867,51.0834023],[71.4224401,51.0832723],[71.4222596,51.0827757],[71.4215749,51.0808591],[71.4213482,51.0802931],[71.4211414,51.0797387],[71.4211238,51.0796917],[71.421089,51.0795985],[71.421009,51.0793895],[71.4209745,51.0792957],[71.4208155,51.0788638],[71.4207199,51.0785413],[71.420553,51.0780473],[71.4204165,51.0776955],[71.4204056,51.0776675],[71.4203673,51.0775687],[71.4203372,51.077486],[71.4202252,51.0771777],[71.4196174,51.0755053],[71.4195985,51.0754534],[71.4195221,51.0752389],[71.4193669,51.0748029],[71.4191988,51.0743306],[71.4187108,51.0728972],[71.4184577,51.0721649],[71.4180801,51.0711105],[71.4179377,51.0707431],[71.4178134,51.0704227],[71.4176539,51.0700114],[71.4175972,51.069865],[71.4175404,51.0697186],[71.417511,51.0696349],[71.4174416,51.0694374],[71.4170593,51.0683505],[71.4164048,51.0665389],[71.4162193,51.0660253],[71.4160534,51.0655661],[71.415525,51.0641033],[71.4152206,51.0632517]]},"properties":{"osm_way_id":501197220,"name":"Мәңгілік Ел даңғылы","name_ru":"проспект Мангилик Ел","name_kk":"Мәңгілік Ел даңғылы","highway":"secondary","importance_weight":2,"kind":"road","source":"OpenStreetMap contributors","sourceId":"osm-major-roads","source_url":"https://www.openstreetmap.org/way/501197220"}},{"type":"Feature","id":"osm_way_501324209","geometry":{"type":"LineString","coordinates":[[71.3935744,51.1390193],[71.3949445,51.1388166],[71.396606,51.1385602],[71.3974632,51.13843],[71.3979507,51.1383639],[71.399256,51.1381886],[71.3995925,51.1381414],[71.4005381,51.1380133],[71.402379,51.1377554],[71.4034869,51.137629],[71.403582,51.1376181],[71.4038262,51.1375902],[71.4043951,51.1375252],[71.4054098,51.1374274],[71.4056365,51.1374056],[71.406372,51.1373347],[71.4068172,51.1372883],[71.4077702,51.1372],[71.4082394,51.1371548],[71.4083333,51.1371459],[71.4086057,51.137117]]},"properties":{"osm_way_id":501324209,"name":"Қайым Мұхамедханов көшесі","name_ru":"улица Кайыма Мухамедханова","name_kk":"Қайым Мұхамедханов көшесі","highway":"secondary","importance_weight":2,"kind":"road","source":"OpenStreetMap contributors","sourceId":"osm-major-roads","source_url":"https://www.openstreetmap.org/way/501324209"}},{"type":"Feature","id":"osm_way_501393462","geometry":{"type":"LineString","coordinates":[[71.4107934,51.1338136],[71.4094955,51.1340189]]},"properties":{"osm_way_id":501393462,"name":"Қонаев көшесі","name_ru":"улица Кунаева","name_kk":"Қонаев көшесі","highway":"secondary","importance_weight":2,"kind":"road","source":"OpenStreetMap contributors","sourceId":"osm-major-roads","source_url":"https://www.openstreetmap.org/way/501393462"}},{"type":"Feature","id":"osm_way_503812668","geometry":{"type":"LineString","coordinates":[[71.3950445,51.1000041],[71.3950802,51.1001033]]},"properties":{"osm_way_id":503812668,"name":"проспект Туран","name_ru":null,"name_kk":"Тұран даңғылы","highway":"primary","importance_weight":3,"kind":"road","source":"OpenStreetMap contributors","sourceId":"osm-major-roads","source_url":"https://www.openstreetmap.org/way/503812668"}},{"type":"Feature","id":"osm_way_503812669","geometry":{"type":"LineString","coordinates":[[71.3950802,51.1001033],[71.3951398,51.1002689],[71.3953435,51.1008346],[71.3954138,51.1010276],[71.3956484,51.101671],[71.3956745,51.1017504],[71.3956877,51.1017907],[71.3960059,51.1026745],[71.396243,51.1033329],[71.3962514,51.1033564],[71.396386,51.1037123],[71.3964724,51.103961],[71.3964961,51.1040292],[71.3965612,51.1042168],[71.3966349,51.1044062],[71.3968384,51.1049292],[71.39697,51.1052674],[71.3976995,51.1073783],[71.3977243,51.1074499],[71.3977552,51.107533],[71.3982192,51.1088215],[71.3986603,51.1100458],[71.3987001,51.110157],[71.3987505,51.1102969],[71.3987688,51.1103479],[71.3994892,51.1123032],[71.399594,51.1125965],[71.3997371,51.112997],[71.3997568,51.1130514],[71.3998134,51.1132105],[71.3998576,51.1133404],[71.3999192,51.113521],[71.4000461,51.1138804],[71.4001256,51.1141057],[71.4001524,51.1141817],[71.4001796,51.1142587],[71.4001918,51.1142933],[71.4003041,51.1146114],[71.400411,51.1149082],[71.4005796,51.1153763],[71.4006843,51.1156839],[71.4009613,51.1164362],[71.4012627,51.1172732],[71.4012784,51.1173167],[71.4013462,51.1175321]]},"properties":{"osm_way_id":503812669,"name":"Тұран даңғылы","name_ru":"проспект Туран","name_kk":"Тұран даңғылы","highway":"primary","importance_weight":3,"kind":"road","source":"OpenStreetMap contributors","sourceId":"osm-major-roads","source_url":"https://www.openstreetmap.org/way/503812669"}},{"type":"Feature","id":"osm_way_503812670","geometry":{"type":"LineString","coordinates":[[71.3950802,51.1001033],[71.3948836,51.1001332]]},"properties":{"osm_way_id":503812670,"name":"Ұлы Дала даңғылы","name_ru":"проспект Улы Дала","name_kk":"Ұлы Дала даңғылы","highway":"secondary","importance_weight":2,"kind":"road","source":"OpenStreetMap contributors","sourceId":"osm-major-roads","source_url":"https://www.openstreetmap.org/way/503812670"}},{"type":"Feature","id":"osm_way_503812671","geometry":{"type":"LineString","coordinates":[[71.3948479,51.1000334],[71.3950445,51.1000041]]},"properties":{"osm_way_id":503812671,"name":"Ұлы Дала даңғылы","name_ru":"проспект Улы Дала","name_kk":"Ұлы Дала даңғылы","highway":"secondary","importance_weight":2,"kind":"road","source":"OpenStreetMap contributors","sourceId":"osm-major-roads","source_url":"https://www.openstreetmap.org/way/503812671"}},{"type":"Feature","id":"osm_way_504247840","geometry":{"type":"LineString","coordinates":[[71.4833205,51.1624623],[71.4821741,51.1629105],[71.4819825,51.1629833],[71.4812154,51.1632867],[71.481001,51.1633715],[71.4804327,51.1635962],[71.480074,51.1637381],[71.4798391,51.1638159],[71.4794061,51.1639593],[71.4788479,51.1641327],[71.4782642,51.164314]]},"properties":{"osm_way_id":504247840,"name":"Шәкәрім Құдайбердіұлы даңғылы","name_ru":"проспект Шaкaрима Кудайбердыулы","name_kk":"Шәкәрім Құдайбердіұлы даңғылы","highway":"secondary","importance_weight":2,"kind":"road","source":"OpenStreetMap contributors","sourceId":"osm-major-roads","source_url":"https://www.openstreetmap.org/way/504247840"}},{"type":"Feature","id":"osm_way_504252454","geometry":{"type":"LineString","coordinates":[[71.4401793,51.1660884],[71.440318,51.1656067],[71.4404123,51.1653035],[71.4404236,51.1652632],[71.4404695,51.1650985],[71.4405973,51.164672]]},"properties":{"osm_way_id":504252454,"name":"Шоқан Уәлиханов көшесі","name_ru":"улица Шокана Уалиханова","name_kk":null,"highway":"secondary","importance_weight":2,"kind":"road","source":"OpenStreetMap contributors","sourceId":"osm-major-roads","source_url":"https://www.openstreetmap.org/way/504252454"}},{"type":"Feature","id":"osm_way_505789349","geometry":{"type":"LineString","coordinates":[[71.3889166,51.2209481],[71.3888061,51.2209196],[71.3885969,51.2208389],[71.388286,51.2206923],[71.3878727,51.2204929],[71.3873577,51.2202005],[71.3862803,51.2195717],[71.3833136,51.2179462],[71.3830293,51.2178117]]},"properties":{"osm_way_id":505789349,"name":"30-шы көше","name_ru":"30-я улица","name_kk":null,"highway":"secondary","importance_weight":2,"kind":"road","source":"OpenStreetMap contributors","sourceId":"osm-major-roads","source_url":"https://www.openstreetmap.org/way/505789349"}},{"type":"Feature","id":"osm_way_513046070","geometry":{"type":"LineString","coordinates":[[71.4375894,51.1247571],[71.4376508,51.1249065],[71.4380436,51.1258631],[71.4389301,51.1280218],[71.4394016,51.12917],[71.4394761,51.1293505]]},"properties":{"osm_way_id":513046070,"name":"Мәңгілік Ел даңғылы","name_ru":"проспект Мангилик Ел","name_kk":"Мәңгілік Ел даңғылы","highway":"secondary","importance_weight":2,"kind":"road","source":"OpenStreetMap contributors","sourceId":"osm-major-roads","source_url":"https://www.openstreetmap.org/way/513046070"}},{"type":"Feature","id":"osm_way_515289209","geometry":{"type":"LineString","coordinates":[[71.4989477,51.119846],[71.4988146,51.1195077],[71.4987237,51.1192782],[71.4981076,51.1177218],[71.4974367,51.1160199],[71.4974128,51.1159667],[71.4973017,51.115686],[71.4972753,51.1156191],[71.4972488,51.1155522],[71.4971981,51.1154241],[71.4971593,51.1153261]]},"properties":{"osm_way_id":515289209,"name":"osm_way_515289209","name_ru":null,"name_kk":null,"highway":"secondary","importance_weight":2,"kind":"road","source":"OpenStreetMap contributors","sourceId":"osm-major-roads","source_url":"https://www.openstreetmap.org/way/515289209"}},{"type":"Feature","id":"osm_way_515289210","geometry":{"type":"LineString","coordinates":[[71.4991651,51.1199075],[71.499201,51.1199973]]},"properties":{"osm_way_id":515289210,"name":"osm_way_515289210","name_ru":null,"name_kk":null,"highway":"secondary","importance_weight":2,"kind":"road","source":"OpenStreetMap contributors","sourceId":"osm-major-roads","source_url":"https://www.openstreetmap.org/way/515289210"}},{"type":"Feature","id":"osm_way_515289230","geometry":{"type":"LineString","coordinates":[[71.406118,51.1752003],[71.4064013,51.1752292],[71.4067604,51.1752651]]},"properties":{"osm_way_id":515289230,"name":"Бөгенбай Батыр даңғылы","name_ru":"проспект Богенбай Батыра","name_kk":null,"highway":"primary","importance_weight":3,"kind":"road","source":"OpenStreetMap contributors","sourceId":"osm-major-roads","source_url":"https://www.openstreetmap.org/way/515289230"}},{"type":"Feature","id":"osm_way_515289231","geometry":{"type":"LineString","coordinates":[[71.4067224,51.1754178],[71.4063526,51.1753804],[71.4060601,51.1753511]]},"properties":{"osm_way_id":515289231,"name":"Бөгенбай Батыр даңғылы","name_ru":"проспект Богенбай Батыра","name_kk":null,"highway":"primary","importance_weight":3,"kind":"road","source":"OpenStreetMap contributors","sourceId":"osm-major-roads","source_url":"https://www.openstreetmap.org/way/515289231"}},{"type":"Feature","id":"osm_way_516385382","geometry":{"type":"LineString","coordinates":[[71.4183895,51.1765142],[71.4184401,51.1763433],[71.4185364,51.1760175],[71.4186385,51.1756724],[71.4188405,51.1749897],[71.4190684,51.1742192],[71.4191957,51.1737889],[71.4192195,51.1737083]]},"properties":{"osm_way_id":516385382,"name":"Бейбітшілік көшесі","name_ru":"улица Бейбитшилик","name_kk":null,"highway":"secondary","importance_weight":2,"kind":"road","source":"OpenStreetMap contributors","sourceId":"osm-major-roads","source_url":"https://www.openstreetmap.org/way/516385382"}},{"type":"Feature","id":"osm_way_516592441","geometry":{"type":"LineString","coordinates":[[71.4193162,51.1737189],[71.419294,51.1737978],[71.4188142,51.1755078],[71.4186721,51.1760141],[71.4185896,51.1763079],[71.4185756,51.1763579],[71.4185267,51.1765324]]},"properties":{"osm_way_id":516592441,"name":"Бейбітшілік көшесі","name_ru":"улица Бейбитшилик","name_kk":null,"highway":"secondary","importance_weight":2,"kind":"road","source":"OpenStreetMap contributors","sourceId":"osm-major-roads","source_url":"https://www.openstreetmap.org/way/516592441"}},{"type":"Feature","id":"osm_way_520458762","geometry":{"type":"LineString","coordinates":[[71.4303702,51.1230726],[71.4302919,51.1228749]]},"properties":{"osm_way_id":520458762,"name":"Түркістан көшесі","name_ru":"улица Туркестан","name_kk":"Түркістан көшесі","highway":"secondary","importance_weight":2,"kind":"road","source":"OpenStreetMap contributors","sourceId":"osm-major-roads","source_url":"https://www.openstreetmap.org/way/520458762"}},{"type":"Feature","id":"osm_way_521162944","geometry":{"type":"LineString","coordinates":[[71.4166358,51.0970346],[71.4162724,51.097093],[71.412245,51.0976651],[71.4121879,51.0976729],[71.4117551,51.0977364],[71.4116638,51.0977499]]},"properties":{"osm_way_id":521162944,"name":"Ұлы Дала даңғылы","name_ru":"проспект Улы Дала","name_kk":"Ұлы Дала даңғылы","highway":"secondary","importance_weight":2,"kind":"road","source":"OpenStreetMap contributors","sourceId":"osm-major-roads","source_url":"https://www.openstreetmap.org/way/521162944"}},{"type":"Feature","id":"osm_way_521162950","geometry":{"type":"LineString","coordinates":[[71.4115806,51.0977595],[71.411411,51.0977836]]},"properties":{"osm_way_id":521162950,"name":"Ұлы Дала даңғылы","name_ru":"проспект Улы Дала","name_kk":"Ұлы Дала даңғылы","highway":"secondary","importance_weight":2,"kind":"road","source":"OpenStreetMap contributors","sourceId":"osm-major-roads","source_url":"https://www.openstreetmap.org/way/521162950"}},{"type":"Feature","id":"osm_way_521162951","geometry":{"type":"LineString","coordinates":[[71.4268852,51.0956004],[71.4267058,51.0956257],[71.4254659,51.0958002],[71.4212548,51.0963706],[71.4209493,51.0964156],[71.4208414,51.0964315],[71.420687,51.0964589],[71.4204954,51.0964929]]},"properties":{"osm_way_id":521162951,"name":"Ұлы Дала даңғылы","name_ru":"проспект Улы Дала","name_kk":"Ұлы Дала даңғылы","highway":"secondary","importance_weight":2,"kind":"road","source":"OpenStreetMap contributors","sourceId":"osm-major-roads","source_url":"https://www.openstreetmap.org/way/521162951"}},{"type":"Feature","id":"osm_way_521199463","geometry":{"type":"LineString","coordinates":[[71.4990169,51.1200265],[71.4989829,51.1199356]]},"properties":{"osm_way_id":521199463,"name":"osm_way_521199463","name_ru":null,"name_kk":null,"highway":"secondary","importance_weight":2,"kind":"road","source":"OpenStreetMap contributors","sourceId":"osm-major-roads","source_url":"https://www.openstreetmap.org/way/521199463"}},{"type":"Feature","id":"osm_way_521199464","geometry":{"type":"LineString","coordinates":[[71.4973224,51.1153015],[71.4973612,51.1153984],[71.4974108,51.1155229],[71.4974679,51.1156661],[71.4975456,51.1158596],[71.4977755,51.1164343],[71.4982791,51.1176932],[71.4987579,51.1188898],[71.4988844,51.1192061],[71.4991084,51.1197659],[71.499129,51.1198174]]},"properties":{"osm_way_id":521199464,"name":"osm_way_521199464","name_ru":null,"name_kk":null,"highway":"secondary","importance_weight":2,"kind":"road","source":"OpenStreetMap contributors","sourceId":"osm-major-roads","source_url":"https://www.openstreetmap.org/way/521199464"}},{"type":"Feature","id":"osm_way_521632544","geometry":{"type":"LineString","coordinates":[[71.5188493,51.1380641],[71.5190475,51.1380021]]},"properties":{"osm_way_id":521632544,"name":"Төлебаев көшесі","name_ru":"улица Тулебаева","name_kk":null,"highway":"secondary","importance_weight":2,"kind":"road","source":"OpenStreetMap contributors","sourceId":"osm-major-roads","source_url":"https://www.openstreetmap.org/way/521632544"}},{"type":"Feature","id":"osm_way_522977365","geometry":{"type":"LineString","coordinates":[[71.4315466,51.1085756],[71.4314353,51.1082645],[71.4314072,51.1081858],[71.4309452,51.1068944]]},"properties":{"osm_way_id":522977365,"name":"Мәңгілік Ел даңғылы","name_ru":"проспект Мангилик Ел","name_kk":"Мәңгілік Ел даңғылы","highway":"secondary","importance_weight":2,"kind":"road","source":"OpenStreetMap contributors","sourceId":"osm-major-roads","source_url":"https://www.openstreetmap.org/way/522977365"}},{"type":"Feature","id":"osm_way_522977372","geometry":{"type":"LineString","coordinates":[[71.4270603,51.0955741],[71.4270841,51.095641],[71.427203,51.0959748],[71.4276607,51.0972348],[71.4283465,51.0991857],[71.4283542,51.0992073],[71.4285429,51.0997279],[71.4285564,51.0997653],[71.4285699,51.0998012]]},"properties":{"osm_way_id":522977372,"name":"Мәңгілік Ел даңғылы","name_ru":"проспект Мангилик Ел","name_kk":"Мәңгілік Ел даңғылы","highway":"secondary","importance_weight":2,"kind":"road","source":"OpenStreetMap contributors","sourceId":"osm-major-roads","source_url":"https://www.openstreetmap.org/way/522977372"}},{"type":"Feature","id":"osm_way_526060122","geometry":{"type":"LineString","coordinates":[[71.429364,51.1205311],[71.4293058,51.1203842],[71.4292885,51.1203406],[71.4290793,51.1198129],[71.4290267,51.1196802],[71.4288438,51.1192187],[71.4287651,51.1190201],[71.4285915,51.1185823],[71.4285395,51.1184511],[71.4284948,51.1183388],[71.428201,51.1175972],[71.4280629,51.1172488],[71.4280033,51.1170985],[71.4278558,51.1167264],[71.4278365,51.1166776],[71.4276927,51.1163129],[71.4276318,51.1161612]]},"properties":{"osm_way_id":526060122,"name":"Түркістан көшесі","name_ru":"улица Туркестан","name_kk":"Түркістан көшесі","highway":"secondary","importance_weight":2,"kind":"road","source":"OpenStreetMap contributors","sourceId":"osm-major-roads","source_url":"https://www.openstreetmap.org/way/526060122"}},{"type":"Feature","id":"osm_way_530485525","geometry":{"type":"LineString","coordinates":[[71.3618814,51.1323627],[71.3619334,51.1325263]]},"properties":{"osm_way_id":530485525,"name":"Шыңғыс Айтматов көшесі","name_ru":"улица Чингиза Айтматова","name_kk":"Шыңғыс Айтматов көшесі","highway":"secondary","importance_weight":2,"kind":"road","source":"OpenStreetMap contributors","sourceId":"osm-major-roads","source_url":"https://www.openstreetmap.org/way/530485525"}},{"type":"Feature","id":"osm_way_534778129","geometry":{"type":"LineString","coordinates":[[71.4283626,51.162804],[71.4291599,51.1628926]]},"properties":{"osm_way_id":534778129,"name":"Амангелді Иманов көшесі","name_ru":"улица Амангельды Иманова","name_kk":null,"highway":"secondary","importance_weight":2,"kind":"road","source":"OpenStreetMap contributors","sourceId":"osm-major-roads","source_url":"https://www.openstreetmap.org/way/534778129"}},{"type":"Feature","id":"osm_way_535921238","geometry":{"type":"LineString","coordinates":[[71.4120995,51.1200535],[71.4120319,51.1196827],[71.4119303,51.119125],[71.4118372,51.1185878]]},"properties":{"osm_way_id":535921238,"name":"Қабанбай Батыр даңғылы","name_ru":"проспект Кабанбай Батыра","name_kk":"Қабанбай Батыр даңғылы","highway":"secondary","importance_weight":2,"kind":"road","source":"OpenStreetMap contributors","sourceId":"osm-major-roads","source_url":"https://www.openstreetmap.org/way/535921238"}},{"type":"Feature","id":"osm_way_536360432","geometry":{"type":"LineString","coordinates":[[71.4417604,51.1607837],[71.4420216,51.159966],[71.4421107,51.1596086],[71.4421425,51.1594299],[71.4421304,51.1593005]]},"properties":{"osm_way_id":536360432,"name":"Шоқан Уәлиханов көшесі","name_ru":"улица Шокана Уалиханова","name_kk":null,"highway":"secondary","importance_weight":2,"kind":"road","source":"OpenStreetMap contributors","sourceId":"osm-major-roads","source_url":"https://www.openstreetmap.org/way/536360432"}},{"type":"Feature","id":"osm_way_548495052","geometry":{"type":"LineString","coordinates":[[71.5970463,51.2598559],[71.596908,51.2599561]]},"properties":{"osm_way_id":548495052,"name":"osm_way_548495052","name_ru":null,"name_kk":null,"highway":"trunk","importance_weight":4,"kind":"road","source":"OpenStreetMap contributors","sourceId":"osm-major-roads","source_url":"https://www.openstreetmap.org/way/548495052"}},{"type":"Feature","id":"osm_way_549072461","geometry":{"type":"LineString","coordinates":[[71.424498,51.1180132],[71.4243578,51.1176559],[71.4243243,51.1175708],[71.4242825,51.1174642]]},"properties":{"osm_way_id":549072461,"name":"Ақмешіт көшесі","name_ru":"улица Акмешит","name_kk":"Ақмешіт көшесі","highway":"secondary","importance_weight":2,"kind":"road","source":"OpenStreetMap contributors","sourceId":"osm-major-roads","source_url":"https://www.openstreetmap.org/way/549072461"}},{"type":"Feature","id":"osm_way_549072462","geometry":{"type":"LineString","coordinates":[[71.4240392,51.1168444],[71.4239786,51.116675]]},"properties":{"osm_way_id":549072462,"name":"Ақмешіт көшесі","name_ru":"улица Акмешит","name_kk":"Ақмешіт көшесі","highway":"secondary","importance_weight":2,"kind":"road","source":"OpenStreetMap contributors","sourceId":"osm-major-roads","source_url":"https://www.openstreetmap.org/way/549072462"}},{"type":"Feature","id":"osm_way_551628460","geometry":{"type":"LineString","coordinates":[[71.5036229,51.1478002],[71.5031013,51.1479998]]},"properties":{"osm_way_id":551628460,"name":"Абылай Хан даңғылы","name_ru":"проспект Абылай Хана","name_kk":"Абылай Хан даңғылы","highway":"primary","importance_weight":3,"kind":"road","source":"OpenStreetMap contributors","sourceId":"osm-major-roads","source_url":"https://www.openstreetmap.org/way/551628460"}},{"type":"Feature","id":"osm_way_551628461","geometry":{"type":"LineString","coordinates":[[71.4216363,51.176874],[71.4218498,51.1768976],[71.4227258,51.1769937],[71.4237037,51.1771009],[71.4237881,51.1771102],[71.4240153,51.1771365]]},"properties":{"osm_way_id":551628461,"name":"Бөгенбай Батыр даңғылы","name_ru":"проспект Богенбай Батыра","name_kk":null,"highway":"primary","importance_weight":3,"kind":"road","source":"OpenStreetMap contributors","sourceId":"osm-major-roads","source_url":"https://www.openstreetmap.org/way/551628461"}},{"type":"Feature","id":"osm_way_551628462","geometry":{"type":"LineString","coordinates":[[71.4240065,51.1773094],[71.4239263,51.1773004],[71.4237364,51.1772787],[71.4222367,51.1771064],[71.4218088,51.1770573],[71.421595,51.1770281],[71.4213778,51.1770068],[71.4194004,51.1767873],[71.4190292,51.1767424],[71.4187403,51.1767164],[71.4186158,51.1767052],[71.4184823,51.1766905]]},"properties":{"osm_way_id":551628462,"name":"Бөгенбай Батыр даңғылы","name_ru":"проспект Богенбай Батыра","name_kk":null,"highway":"primary","importance_weight":3,"kind":"road","source":"OpenStreetMap contributors","sourceId":"osm-major-roads","source_url":"https://www.openstreetmap.org/way/551628462"}},{"type":"Feature","id":"osm_way_551630924","geometry":{"type":"LineString","coordinates":[[71.4683205,51.1611077],[71.4682968,51.1612583]]},"properties":{"osm_way_id":551630924,"name":"Пушкин көшесі","name_ru":"улица Пушкина","name_kk":"Пушкин көшесі","highway":"secondary","importance_weight":2,"kind":"road","source":"OpenStreetMap contributors","sourceId":"osm-major-roads","source_url":"https://www.openstreetmap.org/way/551630924"}},{"type":"Feature","id":"osm_way_557081354","geometry":{"type":"LineString","coordinates":[[71.4378352,51.152082],[71.4376732,51.1520868],[71.4363985,51.1521125],[71.4359527,51.1521434],[71.4356396,51.1521802],[71.4353736,51.1522175],[71.4350764,51.1522834],[71.434948,51.1523151],[71.434778,51.1523602]]},"properties":{"osm_way_id":557081354,"name":"Жұмабек Тәшенов көшесі","name_ru":"улица Жумабека Ташенова","name_kk":null,"highway":"primary","importance_weight":3,"kind":"road","source":"OpenStreetMap contributors","sourceId":"osm-major-roads","source_url":"https://www.openstreetmap.org/way/557081354"}},{"type":"Feature","id":"osm_way_560541069","geometry":{"type":"LineString","coordinates":[[71.4249618,51.1744092],[71.4249212,51.174536],[71.4248272,51.1748591],[71.4246359,51.1755067],[71.4245641,51.1757857],[71.4245076,51.1759852],[71.4243068,51.176656],[71.4242258,51.1769202],[71.4242068,51.1769735],[71.4241532,51.1771481]]},"properties":{"osm_way_id":560541069,"name":"Республика даңғылы","name_ru":"проспект Республики","name_kk":"Республика даңғылы","highway":"primary","importance_weight":3,"kind":"road","source":"OpenStreetMap contributors","sourceId":"osm-major-roads","source_url":"https://www.openstreetmap.org/way/560541069"}},{"type":"Feature","id":"osm_way_603987559","geometry":{"type":"LineString","coordinates":[[71.3682012,51.1481037],[71.3680095,51.1481663]]},"properties":{"osm_way_id":603987559,"name":"Қорғалжын тас жолы","name_ru":"Коргалжинское шоссе","name_kk":"Қорғалжын тас жолы","highway":"primary","importance_weight":3,"kind":"road","source":"OpenStreetMap contributors","sourceId":"osm-major-roads","source_url":"https://www.openstreetmap.org/way/603987559"}},{"type":"Feature","id":"osm_way_603987560","geometry":{"type":"LineString","coordinates":[[71.3428835,51.1463521],[71.3432089,51.1464184],[71.343792,51.1465277],[71.3446602,51.1466904],[71.3451268,51.1467792],[71.3454832,51.1468474],[71.3468206,51.1471116],[71.3471613,51.147179],[71.3474932,51.1472464],[71.3481205,51.1473738],[71.3482082,51.1473924],[71.3482235,51.1473956],[71.348349,51.1474213],[71.3484289,51.1474377],[71.348499,51.1474514],[71.3487423,51.1475021],[71.3489341,51.1475393],[71.3493377,51.1476177],[71.3496946,51.147687],[71.3502544,51.1477957],[71.3520496,51.1481728],[71.3529438,51.1483625],[71.3535806,51.148481],[71.3538051,51.1485305],[71.3539758,51.1485622],[71.3545732,51.1486731],[71.3548839,51.1487308],[71.3553911,51.1488249],[71.3571989,51.1491816],[71.3587546,51.149466],[71.3594639,51.1495301],[71.3601136,51.1495759],[71.3609515,51.1495735],[71.3616715,51.1495418],[71.3622851,51.1494864],[71.3626245,51.1494399],[71.3632164,51.1493587],[71.3636389,51.1492574],[71.3638389,51.1492095],[71.3640207,51.1491578],[71.3644679,51.1490306],[71.3660454,51.1485819],[71.3661853,51.1485415],[71.3665869,51.1484253],[71.3679303,51.1480498]]},"properties":{"osm_way_id":603987560,"name":"Қорғалжын тас жолы","name_ru":"Коргалжинское шоссе","name_kk":"Қорғалжын тас жолы","highway":"primary","importance_weight":3,"kind":"road","source":"OpenStreetMap contributors","sourceId":"osm-major-roads","source_url":"https://www.openstreetmap.org/way/603987560"}},{"type":"Feature","id":"osm_way_606411098","geometry":{"type":"LineString","coordinates":[[71.235887,51.1039761],[71.2356737,51.1043636],[71.2341385,51.1067221],[71.2330463,51.1083229],[71.2319274,51.1100315],[71.2295724,51.1138034],[71.2290252,51.1152448],[71.2288857,51.1156488],[71.2286765,51.1164806],[71.2285911,51.1170501],[71.2285527,51.1191594],[71.2287158,51.1200141],[71.2288874,51.1207346],[71.2290198,51.1212251],[71.2291512,51.1215352],[71.2293222,51.1219388],[71.2295272,51.1223282],[71.229744,51.1227777],[71.2300194,51.1232703],[71.231819,51.1256861],[71.2366426,51.1313119],[71.2372852,51.1320948],[71.2392054,51.1347887],[71.2396629,51.1355162],[71.2427527,51.1406357],[71.2471409,51.1482028],[71.2479749,51.1494239],[71.2488306,51.1504978],[71.2501781,51.1518427],[71.2509925,51.1525369],[71.2531409,51.1541207],[71.2565606,51.1564179],[71.2633897,51.1610525],[71.2795211,51.172237],[71.2809909,51.1734883],[71.2816168,51.1740882],[71.2863998,51.1790805]]},"properties":{"osm_way_id":606411098,"name":"Астана айналма жолы","name_ru":"Объездная Астаны","name_kk":"Астана айналма жолы","highway":"trunk","importance_weight":4,"kind":"road","source":"OpenStreetMap contributors","sourceId":"osm-major-roads","source_url":"https://www.openstreetmap.org/way/606411098"}},{"type":"Feature","id":"osm_way_606411099","geometry":{"type":"LineString","coordinates":[[71.3061178,51.2000592],[71.303757,51.1975225],[71.3030204,51.1967442],[71.3017529,51.1954049],[71.2948036,51.1880614]]},"properties":{"osm_way_id":606411099,"name":"Астана айналма жолы","name_ru":"Объездная Астаны","name_kk":"Астана айналма жолы","highway":"trunk","importance_weight":4,"kind":"road","source":"OpenStreetMap contributors","sourceId":"osm-major-roads","source_url":"https://www.openstreetmap.org/way/606411099"}},{"type":"Feature","id":"osm_way_606411100","geometry":{"type":"LineString","coordinates":[[71.3146248,51.2096573],[71.3154411,51.2108736],[71.3187412,51.2162802],[71.319907,51.2181899],[71.3210037,51.21996],[71.3215501,51.2208409],[71.3218213,51.2212692],[71.3256382,51.2275425]]},"properties":{"osm_way_id":606411100,"name":"Астана айналма жолы","name_ru":"Объездная Астаны","name_kk":"Астана айналма жолы","highway":"trunk","importance_weight":4,"kind":"road","source":"OpenStreetMap contributors","sourceId":"osm-major-roads","source_url":"https://www.openstreetmap.org/way/606411100"}},{"type":"Feature","id":"osm_way_607116954","geometry":{"type":"LineString","coordinates":[[71.6044679,51.2660222],[71.5996964,51.2621943],[71.5991151,51.261728],[71.5972263,51.2602126],[71.596908,51.2599561],[71.5956623,51.2589666],[71.5950692,51.258496],[71.5940192,51.2576615],[71.5933406,51.2571613],[71.5926647,51.2566611],[71.5916455,51.2559762],[71.5829757,51.2504049],[71.5808118,51.2490142],[71.5805341,51.2488358],[71.5801549,51.2485921],[71.5795319,51.2481917],[71.5652691,51.2390243],[71.5651878,51.238972],[71.564174,51.2383641],[71.5628332,51.2376687],[71.5615189,51.2370305],[71.5587401,51.2357005]]},"properties":{"osm_way_id":607116954,"name":"Алаш тас жолы","name_ru":"шоссе Алаш","name_kk":"Алаш тас жолы","highway":"trunk","importance_weight":4,"kind":"road","source":"OpenStreetMap contributors","sourceId":"osm-major-roads","source_url":"https://www.openstreetmap.org/way/607116954"}},{"type":"Feature","id":"osm_way_607116955","geometry":{"type":"LineString","coordinates":[[71.5916907,51.2558567],[71.592801,51.2565881],[71.5935418,51.2571093],[71.5946656,51.2579335],[71.5970463,51.2598559],[71.5973962,51.2601347],[71.598677,51.2611497],[71.6046304,51.2659376]]},"properties":{"osm_way_id":607116955,"name":"Алаш тас жолы","name_ru":"шоссе Алаш","name_kk":"Алаш тас жолы","highway":"trunk","importance_weight":4,"kind":"road","source":"OpenStreetMap contributors","sourceId":"osm-major-roads","source_url":"https://www.openstreetmap.org/way/607116955"}},{"type":"Feature","id":"osm_way_607127139","geometry":{"type":"LineString","coordinates":[[71.4075098,51.134333],[71.4074456,51.1341608],[71.4072808,51.1337501]]},"properties":{"osm_way_id":607127139,"name":"Тұран даңғылы","name_ru":"проспект Туран","name_kk":"Тұран даңғылы","highway":"primary","importance_weight":3,"kind":"road","source":"OpenStreetMap contributors","sourceId":"osm-major-roads","source_url":"https://www.openstreetmap.org/way/607127139"}},{"type":"Feature","id":"osm_way_607127142","geometry":{"type":"LineString","coordinates":[[71.4047376,51.1270852],[71.4047788,51.1271851],[71.405029,51.1278391],[71.4051094,51.1280535],[71.4055553,51.1291831],[71.4056623,51.129454],[71.405684,51.1295094],[71.4057674,51.1296707],[71.4057926,51.1297499],[71.4057431,51.1298973]]},"properties":{"osm_way_id":607127142,"name":"Тұран даңғылы","name_ru":"проспект Туран","name_kk":"Тұран даңғылы","highway":"primary","importance_weight":3,"kind":"road","source":"OpenStreetMap contributors","sourceId":"osm-major-roads","source_url":"https://www.openstreetmap.org/way/607127142"}},{"type":"Feature","id":"osm_way_607449461","geometry":{"type":"LineString","coordinates":[[71.4013792,51.1176393],[71.4011567,51.1176696]]},"properties":{"osm_way_id":607449461,"name":"Керей Және Жәнібек Хандар көшесі","name_ru":"улица Керей и Жанибек хандар","name_kk":"Керей Және Жәнібек Хандар көшесі","highway":"secondary","importance_weight":2,"kind":"road","source":"OpenStreetMap contributors","sourceId":"osm-major-roads","source_url":"https://www.openstreetmap.org/way/607449461"}},{"type":"Feature","id":"osm_way_608314012","geometry":{"type":"LineString","coordinates":[[71.4821822,51.1410473],[71.4823924,51.1411067],[71.4828602,51.141239],[71.4857782,51.1420641],[71.4865331,51.1422775],[71.4871577,51.1424571],[71.487316,51.1425026],[71.4874972,51.1425583]]},"properties":{"osm_way_id":608314012,"name":"Бауыржан Момышұлы даңғылы","name_ru":"проспект Бауыржана Момышулы","name_kk":"Бауыржан Момышұлы даңғылы","highway":"secondary","importance_weight":2,"kind":"road","source":"OpenStreetMap contributors","sourceId":"osm-major-roads","source_url":"https://www.openstreetmap.org/way/608314012"}},{"type":"Feature","id":"osm_way_608640258","geometry":{"type":"LineString","coordinates":[[71.441667,51.1610972],[71.4416768,51.1610711],[71.4417604,51.1607837]]},"properties":{"osm_way_id":608640258,"name":"Шоқан Уәлиханов көшесі","name_ru":"улица Шокана Уалиханова","name_kk":null,"highway":"secondary","importance_weight":2,"kind":"road","source":"OpenStreetMap contributors","sourceId":"osm-major-roads","source_url":"https://www.openstreetmap.org/way/608640258"}},{"type":"Feature","id":"osm_way_608678294","geometry":{"type":"LineString","coordinates":[[71.6837009,51.1122488],[71.6833338,51.1123467],[71.6810076,51.1129011],[71.667788,51.1160517],[71.6661288,51.1164736],[71.6643666,51.1169753],[71.6584776,51.1186686]]},"properties":{"osm_way_id":608678294,"name":"osm_way_608678294","name_ru":null,"name_kk":null,"highway":"trunk","importance_weight":4,"kind":"road","source":"OpenStreetMap contributors","sourceId":"osm-major-roads","source_url":"https://www.openstreetmap.org/way/608678294"}},{"type":"Feature","id":"osm_way_608678308","geometry":{"type":"LineString","coordinates":[[71.6584139,51.1185904],[71.6624008,51.1174369],[71.664261,51.1168919],[71.6659282,51.1164137],[71.6677293,51.1159565],[71.6825158,51.112443],[71.6836679,51.1121692]]},"properties":{"osm_way_id":608678308,"name":"osm_way_608678308","name_ru":null,"name_kk":null,"highway":"trunk","importance_weight":4,"kind":"road","source":"OpenStreetMap contributors","sourceId":"osm-major-roads","source_url":"https://www.openstreetmap.org/way/608678308"}},{"type":"Feature","id":"osm_way_609556719","geometry":{"type":"LineString","coordinates":[[71.535544,51.1121424],[71.5357039,51.1125439],[71.5358237,51.1128446],[71.5360588,51.1134347],[71.5362762,51.1139806],[71.5363157,51.1140797],[71.536358,51.114186],[71.5363925,51.1142725]]},"properties":{"osm_way_id":609556719,"name":"Сафуан Шаймерденов көшесі","name_ru":"улица Сафуана Шаймерденова","name_kk":"Сафуан Шаймерденов көшесі","highway":"secondary","importance_weight":2,"kind":"road","source":"OpenStreetMap contributors","sourceId":"osm-major-roads","source_url":"https://www.openstreetmap.org/way/609556719"}},{"type":"Feature","id":"osm_way_609576319","geometry":{"type":"LineString","coordinates":[[71.5278751,51.110588],[71.5276236,51.1106374]]},"properties":{"osm_way_id":609576319,"name":"Жұмекен Нәжімеденов көшесі","name_ru":"улица Жумекена Нажимеденова","name_kk":null,"highway":"secondary","importance_weight":2,"kind":"road","source":"OpenStreetMap contributors","sourceId":"osm-major-roads","source_url":"https://www.openstreetmap.org/way/609576319"}},{"type":"Feature","id":"osm_way_609576322","geometry":{"type":"LineString","coordinates":[[71.5345165,51.1095591],[71.5342363,51.1096026],[71.5340875,51.1096256],[71.5335392,51.1097105],[71.5331901,51.1097646],[71.5313876,51.1100439]]},"properties":{"osm_way_id":609576322,"name":"Жұмекен Нәжімеденов көшесі","name_ru":"улица Жумекена Нажимеденова","name_kk":null,"highway":"secondary","importance_weight":2,"kind":"road","source":"OpenStreetMap contributors","sourceId":"osm-major-roads","source_url":"https://www.openstreetmap.org/way/609576322"}},{"type":"Feature","id":"osm_way_609762319","geometry":{"type":"LineString","coordinates":[[71.5268308,51.1428106],[71.5264437,51.1426731],[71.5261405,51.1425756],[71.5257168,51.1424695],[71.5254169,51.1424053],[71.5253788,51.1423971],[71.5250596,51.1422406],[71.5248048,51.1420067],[71.523918,51.1410616],[71.5236032,51.1407261],[71.5235192,51.1406465],[71.5234435,51.140612],[71.5233538,51.1405881],[71.523225,51.1405612],[71.5230479,51.1405477],[71.5228868,51.140535],[71.5226036,51.1405437]]},"properties":{"osm_way_id":609762319,"name":"osm_way_609762319","name_ru":null,"name_kk":null,"highway":"secondary","importance_weight":2,"kind":"road","source":"OpenStreetMap contributors","sourceId":"osm-major-roads","source_url":"https://www.openstreetmap.org/way/609762319"}},{"type":"Feature","id":"osm_way_609896557","geometry":{"type":"LineString","coordinates":[[71.4769751,51.1397357],[71.4770222,51.1396185]]},"properties":{"osm_way_id":609896557,"name":"Қаныш Сәтбаев көшесі","name_ru":"улица Каныша Сатпаева","name_kk":"Қаныш Сәтбаев көшесі","highway":"secondary","importance_weight":2,"kind":"road","source":"OpenStreetMap contributors","sourceId":"osm-major-roads","source_url":"https://www.openstreetmap.org/way/609896557"}},{"type":"Feature","id":"osm_way_609896558","geometry":{"type":"LineString","coordinates":[[71.4770222,51.1396185],[71.4772766,51.1396861],[71.4778229,51.1398376],[71.4788087,51.140111],[71.481312,51.1408053],[71.4819609,51.1409858],[71.4821822,51.1410473]]},"properties":{"osm_way_id":609896558,"name":"Бауыржан Момышұлы даңғылы","name_ru":"проспект Бауыржана Момышулы","name_kk":"Бауыржан Момышұлы даңғылы","highway":"secondary","importance_weight":2,"kind":"road","source":"OpenStreetMap contributors","sourceId":"osm-major-roads","source_url":"https://www.openstreetmap.org/way/609896558"}},{"type":"Feature","id":"osm_way_609896576","geometry":{"type":"LineString","coordinates":[[71.5040874,51.1337879],[71.5059049,51.1342803],[71.506314,51.1344005]]},"properties":{"osm_way_id":609896576,"name":"Айнакөл көшесі","name_ru":"улица Айнаколь","name_kk":null,"highway":"secondary","importance_weight":2,"kind":"road","source":"OpenStreetMap contributors","sourceId":"osm-major-roads","source_url":"https://www.openstreetmap.org/way/609896576"}},{"type":"Feature","id":"osm_way_610176826","geometry":{"type":"LineString","coordinates":[[71.4545638,51.1036139],[71.4543921,51.1034838],[71.4539712,51.10315],[71.4537345,51.1029395],[71.4534416,51.1026171],[71.4533453,51.102513],[71.4530817,51.1020108],[71.4529234,51.1016363],[71.4526644,51.1009306],[71.4526215,51.1008101],[71.4524691,51.1003914],[71.4523118,51.099943]]},"properties":{"osm_way_id":610176826,"name":"Әл-Фараби даңғылы","name_ru":"проспект Аль-Фараби","name_kk":"Әл-Фараби даңғылы","highway":"secondary","importance_weight":2,"kind":"road","source":"OpenStreetMap contributors","sourceId":"osm-major-roads","source_url":"https://www.openstreetmap.org/way/610176826"}},{"type":"Feature","id":"osm_way_611248335","geometry":{"type":"LineString","coordinates":[[71.4157898,51.136531],[71.4157318,51.1364433]]},"properties":{"osm_way_id":611248335,"name":"Қабанбай Батыр даңғылы","name_ru":"проспект Кабанбай Батыра","name_kk":"Қабанбай Батыр даңғылы","highway":"secondary","importance_weight":2,"kind":"road","source":"OpenStreetMap contributors","sourceId":"osm-major-roads","source_url":"https://www.openstreetmap.org/way/611248335"}},{"type":"Feature","id":"osm_way_611248338","geometry":{"type":"LineString","coordinates":[[71.4157898,51.136531],[71.4155442,51.1365593],[71.414631,51.1366563],[71.4129407,51.1368364],[71.4124928,51.1368841],[71.4123699,51.1368972],[71.4105391,51.1370924],[71.4104044,51.1371076],[71.4100628,51.1371481],[71.4094447,51.1372091],[71.4090578,51.1372503],[71.4089419,51.1372627],[71.4086746,51.1372951]]},"properties":{"osm_way_id":611248338,"name":"Сарайшық көшесі","name_ru":"улица Сарайшык","name_kk":"Сарайшық көшесі","highway":"secondary","importance_weight":2,"kind":"road","source":"OpenStreetMap contributors","sourceId":"osm-major-roads","source_url":"https://www.openstreetmap.org/way/611248338"}},{"type":"Feature","id":"osm_way_611253173","geometry":{"type":"LineString","coordinates":[[71.3740605,51.1813862],[71.3743194,51.1813216],[71.3748384,51.181192],[71.37718,51.1805914],[71.3778433,51.180423],[71.3780944,51.1803574],[71.3783805,51.1802842],[71.3794541,51.1800095],[71.38134,51.179522],[71.3814233,51.1794754],[71.3816088,51.1793715],[71.3819018,51.1791871],[71.3820711,51.179105],[71.3822096,51.1790466],[71.3824386,51.1789838],[71.3829562,51.1788503],[71.3831225,51.1788402],[71.3833557,51.1788323]]},"properties":{"osm_way_id":611253173,"name":"Нұрғиса Тілендиев даңғылы","name_ru":"проспект Нургисы Тлендиева","name_kk":"Нұрғиса Тілендиев даңғылы","highway":"primary","importance_weight":3,"kind":"road","source":"OpenStreetMap contributors","sourceId":"osm-major-roads","source_url":"https://www.openstreetmap.org/way/611253173"}},{"type":"Feature","id":"osm_way_611259617","geometry":{"type":"LineString","coordinates":[[71.3902499,51.1688037],[71.3904281,51.1687347],[71.3908709,51.1685633],[71.3915826,51.1682565],[71.3918574,51.1681479]]},"properties":{"osm_way_id":611259617,"name":"Шаймерден Қосшығұлұлы көшесі","name_ru":"улица Шаймердена Косшыгулулы","name_kk":null,"highway":"secondary","importance_weight":2,"kind":"road","source":"OpenStreetMap contributors","sourceId":"osm-major-roads","source_url":"https://www.openstreetmap.org/way/611259617"}},{"type":"Feature","id":"osm_way_618266186","geometry":{"type":"LineString","coordinates":[[71.4080255,51.1693654],[71.4077833,51.1693361],[71.4075402,51.1693044],[71.4065715,51.169187],[71.4044944,51.1689394],[71.4039153,51.1688696],[71.403276,51.168792],[71.4016742,51.1685888],[71.4015631,51.1685752],[71.4013704,51.1685516],[71.400602,51.1684576],[71.4000765,51.1683933],[71.3990921,51.1682888],[71.3988453,51.1682652]]},"properties":{"osm_way_id":618266186,"name":"Сәкен Сейфуллин көшесі","name_ru":"улица Сакена Сейфуллина","name_kk":"Сәкен Сейфуллин көшесі","highway":"secondary","importance_weight":2,"kind":"road","source":"OpenStreetMap contributors","sourceId":"osm-major-roads","source_url":"https://www.openstreetmap.org/way/618266186"}},{"type":"Feature","id":"osm_way_618266187","geometry":{"type":"LineString","coordinates":[[71.4256299,51.1714255],[71.4254018,51.1713981],[71.4234595,51.1711811],[71.423238,51.1711538],[71.4230456,51.1711328],[71.4215265,51.1709616],[71.4203081,51.1708242],[71.4201336,51.1708036],[71.4200349,51.170792],[71.4198043,51.1707651],[71.4193143,51.1707123],[71.4185789,51.1706295],[71.4179537,51.1705614],[71.4176925,51.1705259],[71.4153327,51.1702622],[71.4152464,51.1702522],[71.4149314,51.170215],[71.4129412,51.1700095],[71.4126948,51.1699775],[71.4124802,51.1699552],[71.4120098,51.1698997],[71.4110795,51.1697716],[71.4101425,51.1696434],[71.4098913,51.169609],[71.4095641,51.1695643],[71.4082302,51.1693895],[71.4080255,51.1693654]]},"properties":{"osm_way_id":618266187,"name":"Сәкен Сейфуллин көшесі","name_ru":"улица Сакена Сейфуллина","name_kk":"Сәкен Сейфуллин көшесі","highway":"secondary","importance_weight":2,"kind":"road","source":"OpenStreetMap contributors","sourceId":"osm-major-roads","source_url":"https://www.openstreetmap.org/way/618266187"}},{"type":"Feature","id":"osm_way_622653190","geometry":{"type":"LineString","coordinates":[[71.4282147,51.1627856],[71.4283626,51.162804]]},"properties":{"osm_way_id":622653190,"name":"Амангелді Иманов көшесі","name_ru":"улица Амангельды Иманова","name_kk":null,"highway":"secondary","importance_weight":2,"kind":"road","source":"OpenStreetMap contributors","sourceId":"osm-major-roads","source_url":"https://www.openstreetmap.org/way/622653190"}},{"type":"Feature","id":"osm_way_622653191","geometry":{"type":"LineString","coordinates":[[71.4463866,51.1648627],[71.4463549,51.1648151]]},"properties":{"osm_way_id":622653191,"name":"Әлмұқан Сембинов көшесі","name_ru":"улица Альмукана Сембинова","name_kk":null,"highway":"secondary","importance_weight":2,"kind":"road","source":"OpenStreetMap contributors","sourceId":"osm-major-roads","source_url":"https://www.openstreetmap.org/way/622653191"}},{"type":"Feature","id":"osm_way_622739642","geometry":{"type":"LineString","coordinates":[[71.4755299,51.1983645],[71.4757953,51.1981915],[71.4763192,51.1977551]]},"properties":{"osm_way_id":622739642,"name":"osm_way_622739642","name_ru":null,"name_kk":null,"highway":"secondary","importance_weight":2,"kind":"road","source":"OpenStreetMap contributors","sourceId":"osm-major-roads","source_url":"https://www.openstreetmap.org/way/622739642"}},{"type":"Feature","id":"osm_way_622739643","geometry":{"type":"LineString","coordinates":[[71.4742497,51.1989145],[71.4746626,51.1987787],[71.4750042,51.1986395],[71.4755299,51.1983645]]},"properties":{"osm_way_id":622739643,"name":"osm_way_622739643","name_ru":null,"name_kk":null,"highway":"secondary","importance_weight":2,"kind":"road","source":"OpenStreetMap contributors","sourceId":"osm-major-roads","source_url":"https://www.openstreetmap.org/way/622739643"}},{"type":"Feature","id":"osm_way_624042311","geometry":{"type":"LineString","coordinates":[[71.2223231,51.0987195],[71.2159069,51.0964754],[71.2098825,51.094324],[71.209749,51.0942763],[71.2087907,51.0939312],[71.2075557,51.0936071],[71.206417,51.0934332],[71.1975219,51.092422]]},"properties":{"osm_way_id":624042311,"name":"osm_way_624042311","name_ru":null,"name_kk":null,"highway":"primary","importance_weight":3,"kind":"road","source":"OpenStreetMap contributors","sourceId":"osm-major-roads","source_url":"https://www.openstreetmap.org/way/624042311"}},{"type":"Feature","id":"osm_way_624044342","geometry":{"type":"LineString","coordinates":[[71.2362349,51.1029193],[71.2375883,51.1008766],[71.2538903,51.0740927],[71.2545964,51.0729322],[71.2756705,51.038284],[71.2763142,51.0374441],[71.2769794,51.0366716],[71.2777734,51.0360037],[71.2787819,51.0354437],[71.2806701,51.0345396],[71.2829554,51.033929],[71.3025355,51.0311255],[71.3217991,51.0281364],[71.325263,51.0273656],[71.3256669,51.0272625],[71.3292169,51.0262329],[71.3317823,51.025552],[71.3342714,51.0250931],[71.344614,51.0250121],[71.3493347,51.0248501],[71.3751322,51.0223161],[71.3793324,51.0219404],[71.3800864,51.0218797]]},"properties":{"osm_way_id":624044342,"name":"Астана айналма жолы","name_ru":"Объездная Астаны","name_kk":"Астана айналма жолы","highway":"trunk","importance_weight":4,"kind":"road","source":"OpenStreetMap contributors","sourceId":"osm-major-roads","source_url":"https://www.openstreetmap.org/way/624044342"}},{"type":"Feature","id":"osm_way_624810643","geometry":{"type":"LineString","coordinates":[[71.3738794,51.2562836],[71.3738094,51.2564323],[71.3735327,51.2570196]]},"properties":{"osm_way_id":624810643,"name":"osm_way_624810643","name_ru":null,"name_kk":null,"highway":"trunk","importance_weight":4,"kind":"road","source":"OpenStreetMap contributors","sourceId":"osm-major-roads","source_url":"https://www.openstreetmap.org/way/624810643"}},{"type":"Feature","id":"osm_way_624810644","geometry":{"type":"LineString","coordinates":[[71.3734139,51.257007],[71.3736138,51.2565795],[71.3737614,51.2562637]]},"properties":{"osm_way_id":624810644,"name":"osm_way_624810644","name_ru":null,"name_kk":null,"highway":"trunk","importance_weight":4,"kind":"road","source":"OpenStreetMap contributors","sourceId":"osm-major-roads","source_url":"https://www.openstreetmap.org/way/624810644"}},{"type":"Feature","id":"osm_way_626676094","geometry":{"type":"LineString","coordinates":[[71.524735,51.1393524],[71.5233198,51.1378927],[71.5232151,51.1378026],[71.5230936,51.137739],[71.5229186,51.1377063],[71.5227813,51.1377191],[71.5226103,51.1377627],[71.522495,51.1378702],[71.5224706,51.1379862],[71.5224838,51.1381194]]},"properties":{"osm_way_id":626676094,"name":"osm_way_626676094","name_ru":null,"name_kk":null,"highway":"secondary","importance_weight":2,"kind":"road","source":"OpenStreetMap contributors","sourceId":"osm-major-roads","source_url":"https://www.openstreetmap.org/way/626676094"}},{"type":"Feature","id":"osm_way_626676096","geometry":{"type":"LineString","coordinates":[[71.522367,51.1381989],[71.5222412,51.1381206],[71.5221198,51.1380746],[71.5219376,51.1380537],[71.521802,51.1380857],[71.521701,51.1381133],[71.5216303,51.1381493],[71.5215543,51.138205],[71.521517,51.1382813],[71.5215265,51.1383655],[71.5215651,51.1384445],[71.5230822,51.1399839],[71.5231352,51.1400101],[71.523207,51.1400339],[71.523285,51.1400514],[71.5233621,51.1400624],[71.5234379,51.1400668],[71.5235899,51.1400669],[71.5239106,51.1400465]]},"properties":{"osm_way_id":626676096,"name":"osm_way_626676096","name_ru":null,"name_kk":null,"highway":"secondary","importance_weight":2,"kind":"road","source":"OpenStreetMap contributors","sourceId":"osm-major-roads","source_url":"https://www.openstreetmap.org/way/626676096"}},{"type":"Feature","id":"osm_way_626676098","geometry":{"type":"LineString","coordinates":[[71.5239106,51.1400465],[71.5237319,51.1403155],[71.5236852,51.1404252],[71.5236675,51.1404669],[71.523689,51.1406134],[71.523748,51.1406655],[71.5237804,51.1407001],[71.5251925,51.1422088],[71.5253111,51.1422581],[71.5254484,51.1422815],[71.5254859,51.1422802],[71.5255905,51.1422766],[71.5257229,51.142244],[71.5258322,51.1421868],[71.5259074,51.1421111],[71.5259408,51.1420243],[71.525929,51.1419353],[71.5258997,51.1418497]]},"properties":{"osm_way_id":626676098,"name":"osm_way_626676098","name_ru":null,"name_kk":null,"highway":"secondary","importance_weight":2,"kind":"road","source":"OpenStreetMap contributors","sourceId":"osm-major-roads","source_url":"https://www.openstreetmap.org/way/626676098"}},{"type":"Feature","id":"osm_way_627124720","geometry":{"type":"LineString","coordinates":[[71.4344378,51.1332524],[71.4347877,51.1331871],[71.4353547,51.1330843],[71.4367316,51.1328087]]},"properties":{"osm_way_id":627124720,"name":"Сарайшық көшесі","name_ru":"улица Сарайшык","name_kk":"Сарайшық көшесі","highway":"secondary","importance_weight":2,"kind":"road","source":"OpenStreetMap contributors","sourceId":"osm-major-roads","source_url":"https://www.openstreetmap.org/way/627124720"}},{"type":"Feature","id":"osm_way_641203801","geometry":{"type":"LineString","coordinates":[[71.4541539,51.1195878],[71.4541274,51.1195208],[71.454076,51.1193848]]},"properties":{"osm_way_id":641203801,"name":"Жұмекен Нәжімеденов көшесі","name_ru":"улица Жумекена Нажимеденова","name_kk":null,"highway":"secondary","importance_weight":2,"kind":"road","source":"OpenStreetMap contributors","sourceId":"osm-major-roads","source_url":"https://www.openstreetmap.org/way/641203801"}},{"type":"Feature","id":"osm_way_641203802","geometry":{"type":"LineString","coordinates":[[71.4545715,51.1200819],[71.4544059,51.1199371],[71.4542844,51.1197973],[71.4542071,51.1196852],[71.4541539,51.1195878]]},"properties":{"osm_way_id":641203802,"name":"Жұмекен Нәжімеденов көшесі","name_ru":"улица Жумекена Нажимеденова","name_kk":null,"highway":"secondary","importance_weight":2,"kind":"road","source":"OpenStreetMap contributors","sourceId":"osm-major-roads","source_url":"https://www.openstreetmap.org/way/641203802"}},{"type":"Feature","id":"osm_way_641203803","geometry":{"type":"LineString","coordinates":[[71.4526968,51.1193444],[71.4537285,51.1191951]]},"properties":{"osm_way_id":641203803,"name":"Шәмші Қалдаяқов көшесі","name_ru":"улица Шамши Калдаяков","name_kk":null,"highway":"secondary","importance_weight":2,"kind":"road","source":"OpenStreetMap contributors","sourceId":"osm-major-roads","source_url":"https://www.openstreetmap.org/way/641203803"}},{"type":"Feature","id":"osm_way_641203804","geometry":{"type":"LineString","coordinates":[[71.4544652,51.1193276],[71.4543603,51.1193436],[71.4541982,51.1193664],[71.454076,51.1193848],[71.4539209,51.1194104],[71.4510063,51.1198643],[71.4488168,51.1202053]]},"properties":{"osm_way_id":641203804,"name":"Шәмші Қалдаяқов көшесі","name_ru":"улица Шамши Калдаяков","name_kk":null,"highway":"secondary","importance_weight":2,"kind":"road","source":"OpenStreetMap contributors","sourceId":"osm-major-roads","source_url":"https://www.openstreetmap.org/way/641203804"}},{"type":"Feature","id":"osm_way_641203805","geometry":{"type":"LineString","coordinates":[[71.4566078,51.1189895],[71.4544652,51.1193276]]},"properties":{"osm_way_id":641203805,"name":"Шәмші Қалдаяқов көшесі","name_ru":"улица Шамши Калдаяков","name_kk":null,"highway":"secondary","importance_weight":2,"kind":"road","source":"OpenStreetMap contributors","sourceId":"osm-major-roads","source_url":"https://www.openstreetmap.org/way/641203805"}},{"type":"Feature","id":"osm_way_641203806","geometry":{"type":"LineString","coordinates":[[71.4487551,51.1200249],[71.4512039,51.1195948],[71.4526968,51.1193444]]},"properties":{"osm_way_id":641203806,"name":"Шәмші Қалдаяқов көшесі","name_ru":"улица Шамши Калдаяков","name_kk":null,"highway":"secondary","importance_weight":2,"kind":"road","source":"OpenStreetMap contributors","sourceId":"osm-major-roads","source_url":"https://www.openstreetmap.org/way/641203806"}},{"type":"Feature","id":"osm_way_649664371","geometry":{"type":"LineString","coordinates":[[71.3619334,51.1325263],[71.3616792,51.1325579]]},"properties":{"osm_way_id":649664371,"name":"Сығанақ көшесі","name_ru":"улица Сыганак","name_kk":"Сығанақ көшесі","highway":"secondary","importance_weight":2,"kind":"road","source":"OpenStreetMap contributors","sourceId":"osm-major-roads","source_url":"https://www.openstreetmap.org/way/649664371"}},{"type":"Feature","id":"osm_way_649664372","geometry":{"type":"LineString","coordinates":[[71.3616107,51.1323975],[71.3618814,51.1323627]]},"properties":{"osm_way_id":649664372,"name":"Сығанақ көшесі","name_ru":"улица Сыганак","name_kk":"Сығанақ көшесі","highway":"secondary","importance_weight":2,"kind":"road","source":"OpenStreetMap contributors","sourceId":"osm-major-roads","source_url":"https://www.openstreetmap.org/way/649664372"}},{"type":"Feature","id":"osm_way_649664373","geometry":{"type":"LineString","coordinates":[[71.3642957,51.1440474],[71.3657551,51.1437992],[71.3658227,51.1437877]]},"properties":{"osm_way_id":649664373,"name":"Қайым Мұхамедханов көшесі","name_ru":"улица Кайыма Мухамедханова","name_kk":"Қайым Мұхамедханов көшесі","highway":"secondary","importance_weight":2,"kind":"road","source":"OpenStreetMap contributors","sourceId":"osm-major-roads","source_url":"https://www.openstreetmap.org/way/649664373"}},{"type":"Feature","id":"osm_way_649664374","geometry":{"type":"LineString","coordinates":[[71.3658967,51.1439481],[71.3647237,51.1441468],[71.3644795,51.1441882]]},"properties":{"osm_way_id":649664374,"name":"Қайым Мұхамедханов көшесі","name_ru":"улица Кайыма Мухамедханова","name_kk":"Қайым Мұхамедханов көшесі","highway":"secondary","importance_weight":2,"kind":"road","source":"OpenStreetMap contributors","sourceId":"osm-major-roads","source_url":"https://www.openstreetmap.org/way/649664374"}},{"type":"Feature","id":"osm_way_649689728","geometry":{"type":"LineString","coordinates":[[71.4011515,51.19354],[71.4010241,51.1935762],[71.4006025,51.1937159],[71.3996142,51.194034],[71.3994729,51.1940843],[71.3981271,51.194495]]},"properties":{"osm_way_id":649689728,"name":"Конституция көшесі","name_ru":"улица Конституции","name_kk":null,"highway":"secondary","importance_weight":2,"kind":"road","source":"OpenStreetMap contributors","sourceId":"osm-major-roads","source_url":"https://www.openstreetmap.org/way/649689728"}},{"type":"Feature","id":"osm_way_660618796","geometry":{"type":"LineString","coordinates":[[71.3830293,51.2178117],[71.3826841,51.2176434],[71.3825192,51.2175698],[71.3821897,51.2174262],[71.3813932,51.217124],[71.3812137,51.2170634],[71.3809063,51.2169531],[71.3807058,51.2168708],[71.3804917,51.2168026],[71.3804053,51.2167564],[71.3803534,51.2167034]]},"properties":{"osm_way_id":660618796,"name":"Өзен көшесі","name_ru":"улица Озен","name_kk":null,"highway":"secondary","importance_weight":2,"kind":"road","source":"OpenStreetMap contributors","sourceId":"osm-major-roads","source_url":"https://www.openstreetmap.org/way/660618796"}},{"type":"Feature","id":"osm_way_661488704","geometry":{"type":"LineString","coordinates":[[71.4581048,51.0910099],[71.4593219,51.0908322]]},"properties":{"osm_way_id":661488704,"name":"Ұлы Дала даңғылы","name_ru":"проспект Улы Дала","name_kk":"Ұлы Дала даңғылы","highway":"secondary","importance_weight":2,"kind":"road","source":"OpenStreetMap contributors","sourceId":"osm-major-roads","source_url":"https://www.openstreetmap.org/way/661488704"}},{"type":"Feature","id":"osm_way_661488710","geometry":{"type":"LineString","coordinates":[[71.5076142,51.100793],[71.5085522,51.1031589]]},"properties":{"osm_way_id":661488710,"name":"osm_way_661488710","name_ru":null,"name_kk":null,"highway":"secondary","importance_weight":2,"kind":"road","source":"OpenStreetMap contributors","sourceId":"osm-major-roads","source_url":"https://www.openstreetmap.org/way/661488710"}},{"type":"Feature","id":"osm_way_661488715","geometry":{"type":"LineString","coordinates":[[71.509133,51.1047014],[71.5091786,51.1048365],[71.5092298,51.1049879],[71.5096253,51.1060285],[71.5101125,51.1072598],[71.5109719,51.1094319],[71.5112526,51.1101655],[71.5113569,51.110384],[71.5116396,51.1111798],[71.511864,51.1116525],[71.5120819,51.1122321],[71.5123403,51.1128469]]},"properties":{"osm_way_id":661488715,"name":"А-52 көшесі","name_ru":"улица А-52","name_kk":null,"highway":"secondary","importance_weight":2,"kind":"road","source":"OpenStreetMap contributors","sourceId":"osm-major-roads","source_url":"https://www.openstreetmap.org/way/661488715"}},{"type":"Feature","id":"osm_way_661488717","geometry":{"type":"LineString","coordinates":[[71.4863267,51.0876321],[71.4878252,51.0880565],[71.4886972,51.0883213],[71.4894317,51.0886379],[71.490281,51.0891144],[71.4909819,51.089673],[71.4929094,51.09121],[71.4938515,51.0918179],[71.4946997,51.0922836],[71.4957124,51.0928169],[71.4959573,51.0929212],[71.4961695,51.0930181],[71.4967929,51.0932684],[71.4971607,51.0934161],[71.4980019,51.0937038],[71.501645,51.094762],[71.5025724,51.095019],[71.5032671,51.0952718],[71.5038287,51.0955167],[71.5047157,51.096016],[71.5052836,51.0964548],[71.5057341,51.0968883],[71.5060421,51.0972534],[71.5062278,51.0975798],[71.5069009,51.0990464],[71.5070194,51.0993883]]},"properties":{"osm_way_id":661488717,"name":"Ұлы Дала даңғылы","name_ru":"проспект Улы Дала","name_kk":"Ұлы Дала даңғылы","highway":"secondary","importance_weight":2,"kind":"road","source":"OpenStreetMap contributors","sourceId":"osm-major-roads","source_url":"https://www.openstreetmap.org/way/661488717"}},{"type":"Feature","id":"osm_way_665791738","geometry":{"type":"LineString","coordinates":[[71.6439324,51.3055249],[71.636167,51.2983659],[71.636128,51.2983299],[71.6341039,51.2964637],[71.631118,51.2937105],[71.6308755,51.2934869],[71.630596,51.2932291],[71.6298991,51.2925862],[71.6292232,51.291932],[71.628499,51.2912242],[71.6280158,51.2906944],[71.6218067,51.284051]]},"properties":{"osm_way_id":665791738,"name":"Астана — Ерментау","name_ru":null,"name_kk":null,"highway":"motorway","importance_weight":5,"kind":"road","source":"OpenStreetMap contributors","sourceId":"osm-major-roads","source_url":"https://www.openstreetmap.org/way/665791738"}},{"type":"Feature","id":"osm_way_665793483","geometry":{"type":"LineString","coordinates":[[71.6046304,51.2659376],[71.6066283,51.2675305],[71.6075027,51.2683025],[71.6082054,51.2689973],[71.6090262,51.2698531],[71.6117853,51.2728054],[71.6134008,51.2745876],[71.61513,51.2765104],[71.6159715,51.2774108],[71.6180306,51.2796372],[71.6219735,51.2839086]]},"properties":{"osm_way_id":665793483,"name":"Астана — Ерментау","name_ru":null,"name_kk":null,"highway":"trunk","importance_weight":4,"kind":"road","source":"OpenStreetMap contributors","sourceId":"osm-major-roads","source_url":"https://www.openstreetmap.org/way/665793483"}},{"type":"Feature","id":"osm_way_678155637","geometry":{"type":"LineString","coordinates":[[71.4555975,51.1298059],[71.4576313,51.1294721],[71.4577261,51.1294565]]},"properties":{"osm_way_id":678155637,"name":"Сарайшық көшесі","name_ru":"улица Сарайшык","name_kk":"Сарайшық көшесі","highway":"secondary","importance_weight":2,"kind":"road","source":"OpenStreetMap contributors","sourceId":"osm-major-roads","source_url":"https://www.openstreetmap.org/way/678155637"}},{"type":"Feature","id":"osm_way_678155638","geometry":{"type":"LineString","coordinates":[[71.4556229,51.1299536],[71.4540508,51.1302122]]},"properties":{"osm_way_id":678155638,"name":"Сарайшық көшесі","name_ru":"улица Сарайшык","name_kk":"Сарайшық көшесі","highway":"secondary","importance_weight":2,"kind":"road","source":"OpenStreetMap contributors","sourceId":"osm-major-roads","source_url":"https://www.openstreetmap.org/way/678155638"}},{"type":"Feature","id":"osm_way_686033258","geometry":{"type":"LineString","coordinates":[[71.4840835,51.1173782],[71.4842143,51.1173564]]},"properties":{"osm_way_id":686033258,"name":"Жұмекен Нәжімеденов көшесі","name_ru":"улица Жумекена Нажимеденова","name_kk":null,"highway":"secondary","importance_weight":2,"kind":"road","source":"OpenStreetMap contributors","sourceId":"osm-major-roads","source_url":"https://www.openstreetmap.org/way/686033258"}},{"type":"Feature","id":"osm_way_688297557","geometry":{"type":"LineString","coordinates":[[71.4215055,51.1321567],[71.4208048,51.1322639],[71.4205674,51.1323002],[71.4198516,51.1324096],[71.4195174,51.1324608],[71.4186767,51.1325893],[71.4183428,51.1326413],[71.4180991,51.1326777],[71.4172008,51.1328151],[71.4170227,51.1328423],[71.4168665,51.1328662],[71.4163302,51.1329482],[71.4154146,51.1330883],[71.4147892,51.1331839],[71.4144146,51.1332385]]},"properties":{"osm_way_id":688297557,"name":"Қонаев көшесі","name_ru":"улица Кунаева","name_kk":"Қонаев көшесі","highway":"secondary","importance_weight":2,"kind":"road","source":"OpenStreetMap contributors","sourceId":"osm-major-roads","source_url":"https://www.openstreetmap.org/way/688297557"}},{"type":"Feature","id":"osm_way_688297712","geometry":{"type":"LineString","coordinates":[[71.4392822,51.1293783],[71.4392126,51.1292052],[71.4391024,51.1289254],[71.4386023,51.127655],[71.438127,51.1264473],[71.437614,51.1251444],[71.4375523,51.1249877],[71.4375268,51.124923],[71.4374692,51.1247766],[71.4374385,51.1246986],[71.4373827,51.1245569],[71.4373662,51.1245149],[71.436587,51.1225357],[71.4364749,51.122251]]},"properties":{"osm_way_id":688297712,"name":"Мәңгілік Ел даңғылы","name_ru":"проспект Мангилик Ел","name_kk":"Мәңгілік Ел даңғылы","highway":"secondary","importance_weight":2,"kind":"road","source":"OpenStreetMap contributors","sourceId":"osm-major-roads","source_url":"https://www.openstreetmap.org/way/688297712"}},{"type":"Feature","id":"osm_way_688297714","geometry":{"type":"LineString","coordinates":[[71.4392822,51.1293783],[71.4390703,51.1294086],[71.4386104,51.1294744]]},"properties":{"osm_way_id":688297714,"name":"Қонаев көшесі","name_ru":"улица Кунаева","name_kk":"Қонаев көшесі","highway":"secondary","importance_weight":2,"kind":"road","source":"OpenStreetMap contributors","sourceId":"osm-major-roads","source_url":"https://www.openstreetmap.org/way/688297714"}},{"type":"Feature","id":"osm_way_688297715","geometry":{"type":"LineString","coordinates":[[71.4394761,51.1293505],[71.4395451,51.1295191],[71.4399065,51.1303991]]},"properties":{"osm_way_id":688297715,"name":"Мәңгілік Ел даңғылы","name_ru":"проспект Мангилик Ел","name_kk":"Мәңгілік Ел даңғылы","highway":"secondary","importance_weight":2,"kind":"road","source":"OpenStreetMap contributors","sourceId":"osm-major-roads","source_url":"https://www.openstreetmap.org/way/688297715"}},{"type":"Feature","id":"osm_way_693871434","geometry":{"type":"LineString","coordinates":[[71.4241532,51.1771481],[71.4240065,51.1773094]]},"properties":{"osm_way_id":693871434,"name":"Республика даңғылы","name_ru":"проспект Республики","name_kk":"Республика даңғылы","highway":"primary","importance_weight":3,"kind":"road","source":"OpenStreetMap contributors","sourceId":"osm-major-roads","source_url":"https://www.openstreetmap.org/way/693871434"}},{"type":"Feature","id":"osm_way_693871435","geometry":{"type":"LineString","coordinates":[[71.4240153,51.1771365],[71.4241532,51.1771481]]},"properties":{"osm_way_id":693871435,"name":"Бөгенбай Батыр даңғылы","name_ru":"проспект Богенбай Батыра","name_kk":null,"highway":"primary","importance_weight":3,"kind":"road","source":"OpenStreetMap contributors","sourceId":"osm-major-roads","source_url":"https://www.openstreetmap.org/way/693871435"}},{"type":"Feature","id":"osm_way_693873788","geometry":{"type":"LineString","coordinates":[[71.4356988,51.172562],[71.4358521,51.1725799],[71.4381049,51.1728467],[71.4383053,51.1728708]]},"properties":{"osm_way_id":693873788,"name":"Сәкен Сейфуллин көшесі","name_ru":"улица Сакена Сейфуллина","name_kk":"Сәкен Сейфуллин көшесі","highway":"secondary","importance_weight":2,"kind":"road","source":"OpenStreetMap contributors","sourceId":"osm-major-roads","source_url":"https://www.openstreetmap.org/way/693873788"}},{"type":"Feature","id":"osm_way_693873790","geometry":{"type":"LineString","coordinates":[[71.4257946,51.1713784],[71.42596,51.1714013],[71.4267261,51.1714946],[71.4273222,51.1715701],[71.4285518,51.1717092],[71.4290967,51.1717746],[71.4306591,51.1719677],[71.4307815,51.171985],[71.4308986,51.1719976],[71.4321089,51.1721325],[71.4321887,51.1721418],[71.4330906,51.1722497],[71.4333452,51.1722802],[71.435504,51.1725384],[71.4356988,51.172562]]},"properties":{"osm_way_id":693873790,"name":"Сәкен Сейфуллин көшесі","name_ru":"улица Сакена Сейфуллина","name_kk":"Сәкен Сейфуллин көшесі","highway":"secondary","importance_weight":2,"kind":"road","source":"OpenStreetMap contributors","sourceId":"osm-major-roads","source_url":"https://www.openstreetmap.org/way/693873790"}},{"type":"Feature","id":"osm_way_693873791","geometry":{"type":"LineString","coordinates":[[71.4266419,51.1683983],[71.4266018,51.1685364],[71.4264537,51.169071],[71.4262406,51.1698148],[71.4262194,51.1698889],[71.4259586,51.1708179],[71.4258465,51.1712155],[71.4258349,51.1712567],[71.4257946,51.1713784]]},"properties":{"osm_way_id":693873791,"name":"Республика даңғылы","name_ru":"проспект Республики","name_kk":"Республика даңғылы","highway":"primary","importance_weight":3,"kind":"road","source":"OpenStreetMap contributors","sourceId":"osm-major-roads","source_url":"https://www.openstreetmap.org/way/693873791"}},{"type":"Feature","id":"osm_way_693873792","geometry":{"type":"LineString","coordinates":[[71.4259586,51.1708179],[71.4259896,51.170972],[71.4260312,51.1711333],[71.4260746,51.1712277],[71.4261058,51.1712581],[71.4261917,51.1713136],[71.4263714,51.1713952],[71.4267261,51.1714946]]},"properties":{"osm_way_id":693873792,"name":"osm_way_693873792","name_ru":null,"name_kk":null,"highway":"secondary","importance_weight":2,"kind":"road","source":"OpenStreetMap contributors","sourceId":"osm-major-roads","source_url":"https://www.openstreetmap.org/way/693873792"}},{"type":"Feature","id":"osm_way_696345555","geometry":{"type":"LineString","coordinates":[[71.4204954,51.0964929],[71.4203204,51.096518],[71.4179921,51.0968487],[71.4172358,51.0969602],[71.4171744,51.0969693]]},"properties":{"osm_way_id":696345555,"name":"Ұлы Дала даңғылы","name_ru":"проспект Улы Дала","name_kk":"Ұлы Дала даңғылы","highway":"secondary","importance_weight":2,"kind":"road","source":"OpenStreetMap contributors","sourceId":"osm-major-roads","source_url":"https://www.openstreetmap.org/way/696345555"}},{"type":"Feature","id":"osm_way_696345993","geometry":{"type":"LineString","coordinates":[[71.4228133,51.1023082],[71.4230073,51.1028454],[71.4232182,51.1034182],[71.4236959,51.1047511],[71.4237565,51.10492],[71.423796,51.1050294],[71.4238405,51.1051528],[71.4238983,51.1053126],[71.4239146,51.1053579],[71.4239405,51.1054295],[71.4240022,51.1056003],[71.4242442,51.1062704]]},"properties":{"osm_way_id":696345993,"name":"Түркістан көшесі","name_ru":"улица Туркестан","name_kk":"Түркістан көшесі","highway":"secondary","importance_weight":2,"kind":"road","source":"OpenStreetMap contributors","sourceId":"osm-major-roads","source_url":"https://www.openstreetmap.org/way/696345993"}},{"type":"Feature","id":"osm_way_696346917","geometry":{"type":"LineString","coordinates":[[71.4220352,51.1008144],[71.4220191,51.100759],[71.4219584,51.1005893],[71.4218367,51.100272],[71.4213654,51.0989242],[71.4212321,51.0985581],[71.4212051,51.098484],[71.421174,51.0983982],[71.4211352,51.0982911],[71.4210751,51.0981251],[71.4208244,51.0974222],[71.4206026,51.0968035],[71.4205709,51.0967149],[71.4204954,51.0964929],[71.4204588,51.0963634]]},"properties":{"osm_way_id":696346917,"name":"Түркістан көшесі","name_ru":"улица Туркестан","name_kk":"Түркістан көшесі","highway":"secondary","importance_weight":2,"kind":"road","source":"OpenStreetMap contributors","sourceId":"osm-major-roads","source_url":"https://www.openstreetmap.org/way/696346917"}},{"type":"Feature","id":"osm_way_696897740","geometry":{"type":"LineString","coordinates":[[71.4382785,51.1123529],[71.4377036,51.1124377],[71.4371286,51.1125225]]},"properties":{"osm_way_id":696897740,"name":"Керей Және Жәнібек Хандар көшесі","name_ru":"улица Керей и Жанибек хандар","name_kk":"Керей Және Жәнібек Хандар көшесі","highway":"secondary","importance_weight":2,"kind":"road","source":"OpenStreetMap contributors","sourceId":"osm-major-roads","source_url":"https://www.openstreetmap.org/way/696897740"}},{"type":"Feature","id":"osm_way_698225896","geometry":{"type":"LineString","coordinates":[[71.4365836,51.1222413],[71.436696,51.1225224],[71.4374712,51.1244534],[71.4374825,51.1244845],[71.4375023,51.1245394],[71.4375585,51.1246798],[71.4375894,51.1247571]]},"properties":{"osm_way_id":698225896,"name":"Мәңгілік Ел даңғылы","name_ru":"проспект Мангилик Ел","name_kk":"Мәңгілік Ел даңғылы","highway":"secondary","importance_weight":2,"kind":"road","source":"OpenStreetMap contributors","sourceId":"osm-major-roads","source_url":"https://www.openstreetmap.org/way/698225896"}},{"type":"Feature","id":"osm_way_698225897","geometry":{"type":"LineString","coordinates":[[71.4364452,51.1218399],[71.4365836,51.1222413]]},"properties":{"osm_way_id":698225897,"name":"Мәңгілік Ел даңғылы","name_ru":"проспект Мангилик Ел","name_kk":"Мәңгілік Ел даңғылы","highway":"secondary","importance_weight":2,"kind":"road","source":"OpenStreetMap contributors","sourceId":"osm-major-roads","source_url":"https://www.openstreetmap.org/way/698225897"}},{"type":"Feature","id":"osm_way_698225927","geometry":{"type":"LineString","coordinates":[[71.4364749,51.122251],[71.4363418,51.1218825]]},"properties":{"osm_way_id":698225927,"name":"Мәңгілік Ел даңғылы","name_ru":"проспект Мангилик Ел","name_kk":"Мәңгілік Ел даңғылы","highway":"secondary","importance_weight":2,"kind":"road","source":"OpenStreetMap contributors","sourceId":"osm-major-roads","source_url":"https://www.openstreetmap.org/way/698225927"}},{"type":"Feature","id":"osm_way_698225928","geometry":{"type":"LineString","coordinates":[[71.4363418,51.1218825],[71.4362532,51.1216366],[71.435324,51.1190587],[71.4352917,51.1189691],[71.4348505,51.1177613],[71.4348309,51.1177076]]},"properties":{"osm_way_id":698225928,"name":"Мәңгілік Ел даңғылы","name_ru":"проспект Мангилик Ел","name_kk":"Мәңгілік Ел даңғылы","highway":"secondary","importance_weight":2,"kind":"road","source":"OpenStreetMap contributors","sourceId":"osm-major-roads","source_url":"https://www.openstreetmap.org/way/698225928"}},{"type":"Feature","id":"osm_way_698232582","geometry":{"type":"LineString","coordinates":[[71.4421304,51.1593005],[71.4421231,51.1592534],[71.4421158,51.1592058],[71.4420989,51.159096],[71.4420516,51.1589339],[71.4419918,51.1587839],[71.4419568,51.1586974]]},"properties":{"osm_way_id":698232582,"name":"Шоқан Уәлиханов көшесі","name_ru":"улица Шокана Уалиханова","name_kk":null,"highway":"secondary","importance_weight":2,"kind":"road","source":"OpenStreetMap contributors","sourceId":"osm-major-roads","source_url":"https://www.openstreetmap.org/way/698232582"}},{"type":"Feature","id":"osm_way_704260915","geometry":{"type":"LineString","coordinates":[[71.3800864,51.0218797],[71.3810129,51.0217856]]},"properties":{"osm_way_id":704260915,"name":"Астана айналма жолы","name_ru":"Объездная Астаны","name_kk":"Астана айналма жолы","highway":"trunk","importance_weight":4,"kind":"road","source":"OpenStreetMap contributors","sourceId":"osm-major-roads","source_url":"https://www.openstreetmap.org/way/704260915"}},{"type":"Feature","id":"osm_way_704260917","geometry":{"type":"LineString","coordinates":[[71.2356438,51.1038869],[71.2362349,51.1029193]]},"properties":{"osm_way_id":704260917,"name":"Астана айналма жолы","name_ru":"Объездная Астаны","name_kk":"Астана айналма жолы","highway":"trunk","importance_weight":4,"kind":"road","source":"OpenStreetMap contributors","sourceId":"osm-major-roads","source_url":"https://www.openstreetmap.org/way/704260917"}},{"type":"Feature","id":"osm_way_723049184","geometry":{"type":"LineString","coordinates":[[71.4307973,51.133961],[71.4304738,51.1340187],[71.4298723,51.134126],[71.4290537,51.1342721],[71.426396,51.1347272],[71.4252156,51.1349293],[71.4251528,51.1349401],[71.4250056,51.134965],[71.4248991,51.1349852],[71.4245542,51.1350433],[71.4228843,51.1353248],[71.4203948,51.1357445],[71.4202777,51.1357643],[71.4200255,51.1358068]]},"properties":{"osm_way_id":723049184,"name":"Сарайшық көшесі","name_ru":"улица Сарайшык","name_kk":"Сарайшық көшесі","highway":"secondary","importance_weight":2,"kind":"road","source":"OpenStreetMap contributors","sourceId":"osm-major-roads","source_url":"https://www.openstreetmap.org/way/723049184"}},{"type":"Feature","id":"osm_way_723049186","geometry":{"type":"LineString","coordinates":[[71.4307973,51.133961],[71.4307618,51.1338779]]},"properties":{"osm_way_id":723049186,"name":"Ақмешіт көшесі","name_ru":"улица Акмешит","name_kk":"Ақмешіт көшесі","highway":"secondary","importance_weight":2,"kind":"road","source":"OpenStreetMap contributors","sourceId":"osm-major-roads","source_url":"https://www.openstreetmap.org/way/723049186"}},{"type":"Feature","id":"osm_way_723051233","geometry":{"type":"LineString","coordinates":[[71.4157318,51.1364433],[71.4160126,51.1363944],[71.41631,51.1363439],[71.4168693,51.1362485],[71.4175869,51.1361261],[71.4183102,51.1360027],[71.4199944,51.1357219]]},"properties":{"osm_way_id":723051233,"name":"Сарайшық көшесі","name_ru":"улица Сарайшык","name_kk":"Сарайшық көшесі","highway":"secondary","importance_weight":2,"kind":"road","source":"OpenStreetMap contributors","sourceId":"osm-major-roads","source_url":"https://www.openstreetmap.org/way/723051233"}},{"type":"Feature","id":"osm_way_724874966","geometry":{"type":"LineString","coordinates":[[71.4309452,51.1068944],[71.4306205,51.1059867]]},"properties":{"osm_way_id":724874966,"name":"Мәңгілік Ел даңғылы","name_ru":"проспект Мангилик Ел","name_kk":"Мәңгілік Ел даңғылы","highway":"secondary","importance_weight":2,"kind":"road","source":"OpenStreetMap contributors","sourceId":"osm-major-roads","source_url":"https://www.openstreetmap.org/way/724874966"}},{"type":"Feature","id":"osm_way_724874967","geometry":{"type":"LineString","coordinates":[[71.430781,51.1059568],[71.4314958,51.1079614],[71.431601,51.1082565],[71.4316705,51.1084514],[71.4317064,51.1085519]]},"properties":{"osm_way_id":724874967,"name":"Мәңгілік Ел даңғылы","name_ru":"проспект Мангилик Ел","name_kk":"Мәңгілік Ел даңғылы","highway":"secondary","importance_weight":2,"kind":"road","source":"OpenStreetMap contributors","sourceId":"osm-major-roads","source_url":"https://www.openstreetmap.org/way/724874967"}},{"type":"Feature","id":"osm_way_724875224","geometry":{"type":"LineString","coordinates":[[71.432809,51.1131279],[71.432719,51.1131408],[71.432579,51.1131608]]},"properties":{"osm_way_id":724875224,"name":"Керей Және Жәнібек Хандар көшесі","name_ru":"улица Керей и Жанибек хандар","name_kk":"Керей Және Жәнібек Хандар көшесі","highway":"secondary","importance_weight":2,"kind":"road","source":"OpenStreetMap contributors","sourceId":"osm-major-roads","source_url":"https://www.openstreetmap.org/way/724875224"}},{"type":"Feature","id":"osm_way_724875225","geometry":{"type":"LineString","coordinates":[[71.433315,51.1130583],[71.4331591,51.1130798]]},"properties":{"osm_way_id":724875225,"name":"Керей Және Жәнібек Хандар көшесі","name_ru":"улица Керей и Жанибек хандар","name_kk":"Керей Және Жәнібек Хандар көшесі","highway":"secondary","importance_weight":2,"kind":"road","source":"OpenStreetMap contributors","sourceId":"osm-major-roads","source_url":"https://www.openstreetmap.org/way/724875225"}},{"type":"Feature","id":"osm_way_724875226","geometry":{"type":"LineString","coordinates":[[71.4336479,51.1139968],[71.4339502,51.1148554],[71.4340063,51.115015],[71.4340256,51.1150696]]},"properties":{"osm_way_id":724875226,"name":"Мәңгілік Ел даңғылы","name_ru":"проспект Мангилик Ел","name_kk":"Мәңгілік Ел даңғылы","highway":"secondary","importance_weight":2,"kind":"road","source":"OpenStreetMap contributors","sourceId":"osm-major-roads","source_url":"https://www.openstreetmap.org/way/724875226"}},{"type":"Feature","id":"osm_way_724875230","geometry":{"type":"LineString","coordinates":[[71.4330744,51.1128163],[71.4329877,51.112576],[71.4324853,51.1111818],[71.4317777,51.1092181],[71.4316999,51.1090023],[71.4316438,51.108845],[71.4316266,51.1087966]]},"properties":{"osm_way_id":724875230,"name":"Мәңгілік Ел даңғылы","name_ru":"проспект Мангилик Ел","name_kk":"Мәңгілік Ел даңғылы","highway":"secondary","importance_weight":2,"kind":"road","source":"OpenStreetMap contributors","sourceId":"osm-major-roads","source_url":"https://www.openstreetmap.org/way/724875230"}},{"type":"Feature","id":"osm_way_724878650","geometry":{"type":"LineString","coordinates":[[71.4366361,51.1787199],[71.4364032,51.178693],[71.4341869,51.1784392],[71.4338878,51.178405],[71.4318879,51.1781759],[71.4307736,51.1780483],[71.4290311,51.1778487]]},"properties":{"osm_way_id":724878650,"name":"Бөгенбай Батыр даңғылы","name_ru":"проспект Богенбай Батыра","name_kk":null,"highway":"primary","importance_weight":3,"kind":"road","source":"OpenStreetMap contributors","sourceId":"osm-major-roads","source_url":"https://www.openstreetmap.org/way/724878650"}},{"type":"Feature","id":"osm_way_724878653","geometry":{"type":"LineString","coordinates":[[71.4400358,51.1669942],[71.4399152,51.1669805]]},"properties":{"osm_way_id":724878653,"name":"Кенесары көшесі","name_ru":"улица Кенесары","name_kk":null,"highway":"secondary","importance_weight":2,"kind":"road","source":"OpenStreetMap contributors","sourceId":"osm-major-roads","source_url":"https://www.openstreetmap.org/way/724878653"}},{"type":"Feature","id":"osm_way_724878657","geometry":{"type":"LineString","coordinates":[[71.4270657,51.1654859],[71.4263266,51.1653831],[71.4259648,51.1653137],[71.4250696,51.1652061],[71.4248673,51.1651818],[71.4246938,51.1651607],[71.4233658,51.164996],[71.4232523,51.1649833],[71.4230809,51.1649603],[71.4225013,51.1648727],[71.4218904,51.1647855],[71.420948,51.1646756],[71.4206608,51.1646372],[71.4196457,51.1645026],[71.4183011,51.1643211],[71.4172446,51.1641754],[71.4170917,51.1641534],[71.4169483,51.1641349],[71.4162532,51.16403],[71.4155499,51.1639332],[71.4148349,51.1638369],[71.414621,51.1638094]]},"properties":{"osm_way_id":724878657,"name":"Кенесары көшесі","name_ru":"улица Кенесары","name_kk":null,"highway":"secondary","importance_weight":2,"kind":"road","source":"OpenStreetMap contributors","sourceId":"osm-major-roads","source_url":"https://www.openstreetmap.org/way/724878657"}},{"type":"Feature","id":"osm_way_724878659","geometry":{"type":"LineString","coordinates":[[71.4409668,51.16423],[71.4420074,51.164343]]},"properties":{"osm_way_id":724878659,"name":"Амангелді Иманов көшесі","name_ru":"улица Амангельды Иманова","name_kk":null,"highway":"secondary","importance_weight":2,"kind":"road","source":"OpenStreetMap contributors","sourceId":"osm-major-roads","source_url":"https://www.openstreetmap.org/way/724878659"}},{"type":"Feature","id":"osm_way_724878922","geometry":{"type":"LineString","coordinates":[[71.447049,51.1677933],[71.4462765,51.1677077],[71.4453679,51.1676027],[71.4444374,51.1674823],[71.4423794,51.1672679],[71.4422264,51.1672503],[71.4409037,51.1670905],[71.4401729,51.1670088],[71.4400358,51.1669942]]},"properties":{"osm_way_id":724878922,"name":"Кенесары көшесі","name_ru":"улица Кенесары","name_kk":null,"highway":"secondary","importance_weight":2,"kind":"road","source":"OpenStreetMap contributors","sourceId":"osm-major-roads","source_url":"https://www.openstreetmap.org/way/724878922"}},{"type":"Feature","id":"osm_way_724878923","geometry":{"type":"LineString","coordinates":[[71.448477,51.1674426],[71.4482654,51.1675066],[71.4475566,51.1677158],[71.4472043,51.1677844],[71.447049,51.1677933]]},"properties":{"osm_way_id":724878923,"name":"Кенесары көшесі","name_ru":"улица Кенесары","name_kk":null,"highway":"secondary","importance_weight":2,"kind":"road","source":"OpenStreetMap contributors","sourceId":"osm-major-roads","source_url":"https://www.openstreetmap.org/way/724878923"}},{"type":"Feature","id":"osm_way_724879777","geometry":{"type":"LineString","coordinates":[[71.416916,51.1825572],[71.4167983,51.1829404],[71.4167491,51.1831007],[71.4166916,51.1832909],[71.4163377,51.1845931],[71.416267,51.1848585],[71.416136,51.1853112],[71.4159333,51.1859239],[71.4159075,51.1860018],[71.4158772,51.1861025],[71.4158495,51.186199],[71.4156842,51.1867234],[71.4156256,51.1869093],[71.4152983,51.1880261],[71.4151178,51.1886605],[71.4150271,51.1887694]]},"properties":{"osm_way_id":724879777,"name":"Бейбітшілік көшесі","name_ru":"улица Бейбитшилик","name_kk":null,"highway":"secondary","importance_weight":2,"kind":"road","source":"OpenStreetMap contributors","sourceId":"osm-major-roads","source_url":"https://www.openstreetmap.org/way/724879777"}},{"type":"Feature","id":"osm_way_727438961","geometry":{"type":"LineString","coordinates":[[71.3810244,51.0218976],[71.3800987,51.0219989]]},"properties":{"osm_way_id":727438961,"name":"Астана айналма жолы","name_ru":"Объездная Астаны","name_kk":"Астана айналма жолы","highway":"trunk","importance_weight":4,"kind":"road","source":"OpenStreetMap contributors","sourceId":"osm-major-roads","source_url":"https://www.openstreetmap.org/way/727438961"}},{"type":"Feature","id":"osm_way_727438962","geometry":{"type":"LineString","coordinates":[[71.4027738,51.0214766],[71.39946,51.0211908],[71.3960006,51.020961],[71.3922348,51.0209812],[71.3893273,51.0210824],[71.3867631,51.0213186],[71.386677,51.0213286],[71.3818336,51.0218266],[71.3810244,51.0218976]]},"properties":{"osm_way_id":727438962,"name":"Астана айналма жолы","name_ru":"Объездная Астаны","name_kk":"Астана айналма жолы","highway":"trunk","importance_weight":4,"kind":"road","source":"OpenStreetMap contributors","sourceId":"osm-major-roads","source_url":"https://www.openstreetmap.org/way/727438962"}},{"type":"Feature","id":"osm_way_727438963","geometry":{"type":"LineString","coordinates":[[71.3800987,51.0219989],[71.3792653,51.0220783],[71.3757863,51.0224208],[71.3752599,51.0224621],[71.3697794,51.0229991],[71.3551881,51.0244095],[71.3492658,51.0249831],[71.3443037,51.0251484],[71.3342508,51.0252497],[71.3318744,51.0256511],[71.3285533,51.0266025],[71.3253727,51.0275136],[71.3218536,51.0282357],[71.3178518,51.0289171],[71.3034681,51.031105],[71.2830887,51.0339911],[71.2807713,51.0346658],[71.2790761,51.0354889],[71.2780247,51.0360556],[71.2772307,51.0367303],[71.2765333,51.0374791],[71.2759647,51.0382954],[71.2736098,51.0421103],[71.2623713,51.0605452],[71.2581276,51.0675279],[71.2573264,51.0688462],[71.2527413,51.0763892],[71.2469048,51.0859621],[71.2428011,51.0926773],[71.2380284,51.1005661],[71.2366236,51.1027527],[71.2363584,51.1032015]]},"properties":{"osm_way_id":727438963,"name":"Астана айналма жолы","name_ru":"Объездная Астаны","name_kk":"Астана айналма жолы","highway":"trunk","importance_weight":4,"kind":"road","source":"OpenStreetMap contributors","sourceId":"osm-major-roads","source_url":"https://www.openstreetmap.org/way/727438963"}},{"type":"Feature","id":"osm_way_727438964","geometry":{"type":"LineString","coordinates":[[71.2363584,51.1032015],[71.235887,51.1039761]]},"properties":{"osm_way_id":727438964,"name":"Астана айналма жолы","name_ru":"Объездная Астаны","name_kk":"Астана айналма жолы","highway":"trunk","importance_weight":4,"kind":"road","source":"OpenStreetMap contributors","sourceId":"osm-major-roads","source_url":"https://www.openstreetmap.org/way/727438964"}},{"type":"Feature","id":"osm_way_727450492","geometry":{"type":"LineString","coordinates":[[71.3810129,51.0217856],[71.3822626,51.0216501],[71.3885195,51.0210424],[71.3895251,51.0209757],[71.3922501,51.020855],[71.3959408,51.020801],[71.3995027,51.0210575],[71.4027583,51.0213702]]},"properties":{"osm_way_id":727450492,"name":"Астана айналма жолы","name_ru":"Объездная Астаны","name_kk":"Астана айналма жолы","highway":"trunk","importance_weight":4,"kind":"road","source":"OpenStreetMap contributors","sourceId":"osm-major-roads","source_url":"https://www.openstreetmap.org/way/727450492"}},{"type":"Feature","id":"osm_way_727453060","geometry":{"type":"LineString","coordinates":[[71.4583973,51.0911483],[71.458325,51.0911562],[71.4550614,51.0916411],[71.4549221,51.0916617],[71.4529047,51.0919617],[71.4515379,51.0921307],[71.4501347,51.0923248],[71.450074,51.0923332]]},"properties":{"osm_way_id":727453060,"name":"Ұлы Дала даңғылы","name_ru":"проспект Улы Дала","name_kk":"Ұлы Дала даңғылы","highway":"secondary","importance_weight":2,"kind":"road","source":"OpenStreetMap contributors","sourceId":"osm-major-roads","source_url":"https://www.openstreetmap.org/way/727453060"}},{"type":"Feature","id":"osm_way_727453061","geometry":{"type":"LineString","coordinates":[[71.459438,51.0910068],[71.4583973,51.0911483]]},"properties":{"osm_way_id":727453061,"name":"Ұлы Дала даңғылы","name_ru":"проспект Улы Дала","name_kk":"Ұлы Дала даңғылы","highway":"secondary","importance_weight":2,"kind":"road","source":"OpenStreetMap contributors","sourceId":"osm-major-roads","source_url":"https://www.openstreetmap.org/way/727453061"}},{"type":"Feature","id":"osm_way_727453062","geometry":{"type":"LineString","coordinates":[[71.5067635,51.0994474],[71.5065871,51.0990384],[71.5061608,51.0980617],[71.5057954,51.0973588],[71.505441,51.0969246],[71.5050638,51.0965507],[71.5045061,51.0961491],[71.503707,51.0956943],[71.5031043,51.0954232],[71.5022718,51.0951464],[71.500803,51.0947212],[71.4985178,51.0940508],[71.4976078,51.0937649],[71.4973991,51.0936912],[71.4970533,51.093569],[71.4962943,51.0932884],[71.4956585,51.0930164],[71.49406,51.0921741],[71.4927646,51.0913458],[71.4925847,51.0912308],[71.4907786,51.0897618],[71.490013,51.0892035],[71.4892266,51.0888082],[71.4885434,51.0884917],[71.4876844,51.0881886],[71.486137,51.0877368]]},"properties":{"osm_way_id":727453062,"name":"Ұлы Дала даңғылы","name_ru":"проспект Улы Дала","name_kk":"Ұлы Дала даңғылы","highway":"secondary","importance_weight":2,"kind":"road","source":"OpenStreetMap contributors","sourceId":"osm-major-roads","source_url":"https://www.openstreetmap.org/way/727453062"}},{"type":"Feature","id":"osm_way_727453063","geometry":{"type":"LineString","coordinates":[[71.5120675,51.1128855],[71.5118631,51.1124174],[71.5115593,51.1117217],[71.5113481,51.1111739],[71.5110614,51.1104396],[71.5109696,51.110217],[71.5108606,51.1099547],[71.5107139,51.1095726],[71.5099031,51.10746],[71.5098495,51.107302],[71.509362,51.1060502],[71.5091679,51.1055444],[71.5089341,51.1049606],[71.5088396,51.1047151]]},"properties":{"osm_way_id":727453063,"name":"А-52 көшесі","name_ru":"улица А-52","name_kk":null,"highway":"secondary","importance_weight":2,"kind":"road","source":"OpenStreetMap contributors","sourceId":"osm-major-roads","source_url":"https://www.openstreetmap.org/way/727453063"}},{"type":"Feature","id":"osm_way_727453064","geometry":{"type":"LineString","coordinates":[[71.5082746,51.1032169],[71.5073346,51.1008392]]},"properties":{"osm_way_id":727453064,"name":"osm_way_727453064","name_ru":null,"name_kk":null,"highway":"secondary","importance_weight":2,"kind":"road","source":"OpenStreetMap contributors","sourceId":"osm-major-roads","source_url":"https://www.openstreetmap.org/way/727453064"}},{"type":"Feature","id":"osm_way_730190088","geometry":{"type":"LineString","coordinates":[[71.4080754,51.1458765],[71.4075957,51.1458895],[71.4072874,51.1459063],[71.4068907,51.145936]]},"properties":{"osm_way_id":730190088,"name":"Қорғалжын тас жолы","name_ru":"Коргалжинское шоссе","name_kk":"Қорғалжын тас жолы","highway":"primary","importance_weight":3,"kind":"road","source":"OpenStreetMap contributors","sourceId":"osm-major-roads","source_url":"https://www.openstreetmap.org/way/730190088"}},{"type":"Feature","id":"osm_way_730190089","geometry":{"type":"LineString","coordinates":[[71.3966058,51.1474756],[71.3964354,51.147501],[71.3953024,51.147676],[71.3925975,51.1480859],[71.3923049,51.1481298],[71.3920914,51.148163],[71.390801,51.1483644],[71.3902208,51.1484466],[71.3897403,51.1484955],[71.3890154,51.1485571],[71.3887276,51.148583],[71.3883727,51.1486005],[71.3879193,51.148619],[71.3869782,51.1486288],[71.3865988,51.1486257],[71.3856607,51.1485815],[71.3848647,51.1485172],[71.3840844,51.1484366],[71.3830949,51.1482932],[71.382637,51.1481962],[71.3823606,51.1481371],[71.381896,51.148037],[71.3816259,51.1479854],[71.381384,51.1479334],[71.3807852,51.1478048],[71.3785483,51.1472868],[71.3776137,51.1471222],[71.3768075,51.1470244],[71.3759849,51.146966],[71.3756441,51.1469552],[71.3753492,51.146946],[71.3749986,51.1469432],[71.3744336,51.1469522],[71.3743607,51.1469562],[71.3741121,51.1469722],[71.3738824,51.1469898],[71.3731484,51.1470413],[71.3728621,51.1470739],[71.3723982,51.1471268],[71.3722783,51.1471495],[71.3712709,51.1473198],[71.3711598,51.1473402],[71.3702259,51.1475739],[71.3700927,51.1476073],[71.3695659,51.1477152],[71.3686665,51.1479716]]},"properties":{"osm_way_id":730190089,"name":"Қорғалжын тас жолы","name_ru":"Коргалжинское шоссе","name_kk":"Қорғалжын тас жолы","highway":"primary","importance_weight":3,"kind":"road","source":"OpenStreetMap contributors","sourceId":"osm-major-roads","source_url":"https://www.openstreetmap.org/way/730190089"}},{"type":"Feature","id":"osm_way_730190091","geometry":{"type":"LineString","coordinates":[[71.4062609,51.1460081],[71.405774,51.1460707]]},"properties":{"osm_way_id":730190091,"name":"Қорғалжын тас жолы","name_ru":"Коргалжинское шоссе","name_kk":"Қорғалжын тас жолы","highway":"primary","importance_weight":3,"kind":"road","source":"OpenStreetMap contributors","sourceId":"osm-major-roads","source_url":"https://www.openstreetmap.org/way/730190091"}},{"type":"Feature","id":"osm_way_730190093","geometry":{"type":"LineString","coordinates":[[71.4068907,51.145936],[71.4065797,51.1459734],[71.4062609,51.1460081]]},"properties":{"osm_way_id":730190093,"name":"Қорғалжын тас жолы","name_ru":"Коргалжинское шоссе","name_kk":"Қорғалжын тас жолы","highway":"primary","importance_weight":3,"kind":"road","source":"OpenStreetMap contributors","sourceId":"osm-major-roads","source_url":"https://www.openstreetmap.org/way/730190093"}},{"type":"Feature","id":"osm_way_730190094","geometry":{"type":"LineString","coordinates":[[71.4062419,51.1458972],[71.4065554,51.1458564],[71.4068692,51.1458183]]},"properties":{"osm_way_id":730190094,"name":"Қорғалжын тас жолы","name_ru":"Коргалжинское шоссе","name_kk":"Қорғалжын тас жолы","highway":"primary","importance_weight":3,"kind":"road","source":"OpenStreetMap contributors","sourceId":"osm-major-roads","source_url":"https://www.openstreetmap.org/way/730190094"}},{"type":"Feature","id":"osm_way_730190097","geometry":{"type":"LineString","coordinates":[[71.4068692,51.1458183],[71.4072004,51.1457959],[71.4075739,51.145776],[71.408633,51.145761],[71.4087617,51.1457626],[71.4090353,51.1457659],[71.4092302,51.1457795],[71.4094698,51.1457962],[71.4100572,51.1458354]]},"properties":{"osm_way_id":730190097,"name":"Қорғалжын тас жолы","name_ru":"Коргалжинское шоссе","name_kk":"Қорғалжын тас жолы","highway":"primary","importance_weight":3,"kind":"road","source":"OpenStreetMap contributors","sourceId":"osm-major-roads","source_url":"https://www.openstreetmap.org/way/730190097"}},{"type":"Feature","id":"osm_way_730190098","geometry":{"type":"LineString","coordinates":[[71.4051827,51.1460332],[71.4062419,51.1458972]]},"properties":{"osm_way_id":730190098,"name":"Қорғалжын тас жолы","name_ru":"Коргалжинское шоссе","name_kk":"Қорғалжын тас жолы","highway":"primary","importance_weight":3,"kind":"road","source":"OpenStreetMap contributors","sourceId":"osm-major-roads","source_url":"https://www.openstreetmap.org/way/730190098"}},{"type":"Feature","id":"osm_way_732104622","geometry":{"type":"LineString","coordinates":[[71.2947463,51.1877244],[71.2949975,51.1879891]]},"properties":{"osm_way_id":732104622,"name":"Астана айналма жолы","name_ru":"Объездная Астаны","name_kk":"Астана айналма жолы","highway":"trunk","importance_weight":4,"kind":"road","source":"OpenStreetMap contributors","sourceId":"osm-major-roads","source_url":"https://www.openstreetmap.org/way/732104622"}},{"type":"Feature","id":"osm_way_732104623","geometry":{"type":"LineString","coordinates":[[71.2949975,51.1879891],[71.3021362,51.195463],[71.3029154,51.1962787],[71.3040203,51.1974353],[71.3062716,51.1998822]]},"properties":{"osm_way_id":732104623,"name":"Астана айналма жолы","name_ru":"Объездная Астаны","name_kk":"Астана айналма жолы","highway":"trunk","importance_weight":4,"kind":"road","source":"OpenStreetMap contributors","sourceId":"osm-major-roads","source_url":"https://www.openstreetmap.org/way/732104623"}},{"type":"Feature","id":"osm_way_732104624","geometry":{"type":"LineString","coordinates":[[71.2863057,51.1792164],[71.2837751,51.1765576],[71.2808955,51.1735317],[71.2794416,51.1723342],[71.2632197,51.1611395],[71.2564557,51.1564609],[71.2530434,51.1541818],[71.2506616,51.1524389],[71.249613,51.1514961],[71.2486446,51.1505209],[71.2478453,51.1494878],[71.2470782,51.1483336],[71.239568,51.1356554],[71.2392944,51.1351487],[71.2370332,51.1321819],[71.2363815,51.1313164],[71.2317039,51.1257478],[71.2302232,51.1239097],[71.2298262,51.1232969],[71.2295772,51.1228813],[71.2293185,51.1223636],[71.2289786,51.1215831],[71.2286622,51.1205629],[71.2283886,51.1192557],[71.2284315,51.1168286],[71.2287855,51.1152156],[71.2295365,51.1135991],[71.2338383,51.106612],[71.2354162,51.1042388],[71.2356438,51.1038869]]},"properties":{"osm_way_id":732104624,"name":"Астана айналма жолы","name_ru":"Объездная Астаны","name_kk":"Астана айналма жолы","highway":"trunk","importance_weight":4,"kind":"road","source":"OpenStreetMap contributors","sourceId":"osm-major-roads","source_url":"https://www.openstreetmap.org/way/732104624"}},{"type":"Feature","id":"osm_way_732104625","geometry":{"type":"LineString","coordinates":[[71.2948036,51.1880614],[71.2945524,51.1877967]]},"properties":{"osm_way_id":732104625,"name":"Астана айналма жолы","name_ru":"Объездная Астаны","name_kk":"Астана айналма жолы","highway":"trunk","importance_weight":4,"kind":"road","source":"OpenStreetMap contributors","sourceId":"osm-major-roads","source_url":"https://www.openstreetmap.org/way/732104625"}},{"type":"Feature","id":"osm_way_732104630","geometry":{"type":"LineString","coordinates":[[71.4494336,51.2081029],[71.4496555,51.2080041],[71.4503405,51.2076937],[71.4517218,51.2071211],[71.4526679,51.2068088],[71.4530224,51.2066919],[71.4532909,51.206587]]},"properties":{"osm_way_id":732104630,"name":"191-ші көше","name_ru":"191-я улица","name_kk":null,"highway":"secondary","importance_weight":2,"kind":"road","source":"OpenStreetMap contributors","sourceId":"osm-major-roads","source_url":"https://www.openstreetmap.org/way/732104630"}},{"type":"Feature","id":"osm_way_734360465","geometry":{"type":"LineString","coordinates":[[71.4200255,51.1358068],[71.416177,51.1364663],[71.4160609,51.1364862],[71.4157898,51.136531]]},"properties":{"osm_way_id":734360465,"name":"Сарайшық көшесі","name_ru":"улица Сарайшык","name_kk":"Сарайшық көшесі","highway":"secondary","importance_weight":2,"kind":"road","source":"OpenStreetMap contributors","sourceId":"osm-major-roads","source_url":"https://www.openstreetmap.org/way/734360465"}},{"type":"Feature","id":"osm_way_734360467","geometry":{"type":"LineString","coordinates":[[71.4199944,51.1357219],[71.4200652,51.1357096],[71.4202472,51.1356781],[71.4227336,51.135247],[71.4234625,51.1351243],[71.4249594,51.1348722],[71.4251058,51.1348476],[71.4252046,51.1348304],[71.4259723,51.1346972],[71.4271176,51.1344984],[71.4280458,51.1343399],[71.4297801,51.1340437],[71.4303941,51.1339389],[71.4304358,51.1339318],[71.4307618,51.1338779],[71.4310987,51.1338148],[71.4313059,51.1337758],[71.4320964,51.1336434],[71.4335399,51.1334016],[71.4340552,51.1333136],[71.4341503,51.1332973],[71.4344378,51.1332524]]},"properties":{"osm_way_id":734360467,"name":"Сарайшық көшесі","name_ru":"улица Сарайшык","name_kk":"Сарайшық көшесі","highway":"secondary","importance_weight":2,"kind":"road","source":"OpenStreetMap contributors","sourceId":"osm-major-roads","source_url":"https://www.openstreetmap.org/way/734360467"}},{"type":"Feature","id":"osm_way_734363102","geometry":{"type":"LineString","coordinates":[[71.4104125,51.1460008],[71.4096779,51.1459312],[71.409437,51.1459084],[71.4086286,51.1458785],[71.4080754,51.1458765]]},"properties":{"osm_way_id":734363102,"name":"Қорғалжын тас жолы","name_ru":"Коргалжинское шоссе","name_kk":"Қорғалжын тас жолы","highway":"primary","importance_weight":3,"kind":"road","source":"OpenStreetMap contributors","sourceId":"osm-major-roads","source_url":"https://www.openstreetmap.org/way/734363102"}},{"type":"Feature","id":"osm_way_734363104","geometry":{"type":"LineString","coordinates":[[71.4100572,51.1458354],[71.4116149,51.1459951],[71.4117286,51.1460068]]},"properties":{"osm_way_id":734363104,"name":"Қорғалжын тас жолы","name_ru":"Коргалжинское шоссе","name_kk":"Қорғалжын тас жолы","highway":"primary","importance_weight":3,"kind":"road","source":"OpenStreetMap contributors","sourceId":"osm-major-roads","source_url":"https://www.openstreetmap.org/way/734363104"}},{"type":"Feature","id":"osm_way_734363108","geometry":{"type":"LineString","coordinates":[[71.3873394,51.0790698],[71.3871988,51.0786813],[71.3870251,51.0781059],[71.3869979,51.0775348],[71.3870387,51.07715],[71.3870692,51.0768925],[71.3873139,51.0763353],[71.3877236,51.0756708],[71.3878077,51.0755344],[71.3879443,51.0753811],[71.3879908,51.075329],[71.3881192,51.0751783],[71.3884019,51.074921],[71.3887644,51.0746848],[71.3895971,51.0741312],[71.3935345,51.071681],[71.3950251,51.0707322],[71.3951843,51.0706362],[71.3953522,51.0705374]]},"properties":{"osm_way_id":734363108,"name":"Тұран даңғылы","name_ru":"проспект Туран","name_kk":"Тұран даңғылы","highway":"primary","importance_weight":3,"kind":"road","source":"OpenStreetMap contributors","sourceId":"osm-major-roads","source_url":"https://www.openstreetmap.org/way/734363108"}},{"type":"Feature","id":"osm_way_734363110","geometry":{"type":"LineString","coordinates":[[71.3875907,51.0790317],[71.3891529,51.0834264],[71.3892317,51.083648],[71.3892812,51.0837874],[71.389331,51.0839276],[71.3893853,51.0840805],[71.38943,51.0842075],[71.3895132,51.0844443],[71.3895393,51.0845139],[71.3915922,51.0902944],[71.3931155,51.0945821],[71.3931561,51.094702],[71.3947477,51.099169],[71.3949601,51.0997565],[71.3949837,51.0998217],[71.3950445,51.1000041]]},"properties":{"osm_way_id":734363110,"name":"Тұран даңғылы","name_ru":"проспект Туран","name_kk":"Тұран даңғылы","highway":"primary","importance_weight":3,"kind":"road","source":"OpenStreetMap contributors","sourceId":"osm-major-roads","source_url":"https://www.openstreetmap.org/way/734363110"}},{"type":"Feature","id":"osm_way_734363112","geometry":{"type":"LineString","coordinates":[[71.3955245,51.1282864],[71.3949198,51.1283615],[71.3937938,51.1285014],[71.3930865,51.1285893],[71.3841914,51.1296946],[71.3826749,51.1298876],[71.3824208,51.12992],[71.3822508,51.1299396],[71.3818162,51.1299897],[71.3815435,51.1300236]]},"properties":{"osm_way_id":734363112,"name":"Сығанақ көшесі","name_ru":"улица Сыганак","name_kk":"Сығанақ көшесі","highway":"secondary","importance_weight":2,"kind":"road","source":"OpenStreetMap contributors","sourceId":"osm-major-roads","source_url":"https://www.openstreetmap.org/way/734363112"}},{"type":"Feature","id":"osm_way_734363113","geometry":{"type":"LineString","coordinates":[[71.4028434,51.1272198],[71.4036721,51.1270844],[71.4043099,51.1269802],[71.4043818,51.1269685],[71.4044926,51.1269525]]},"properties":{"osm_way_id":734363113,"name":"Сығанақ көшесі","name_ru":"улица Сыганак","name_kk":"Сығанақ көшесі","highway":"secondary","importance_weight":2,"kind":"road","source":"OpenStreetMap contributors","sourceId":"osm-major-roads","source_url":"https://www.openstreetmap.org/way/734363113"}},{"type":"Feature","id":"osm_way_734363798","geometry":{"type":"LineString","coordinates":[[71.4128467,51.124705],[71.4125976,51.1232776],[71.4124587,51.1223846],[71.4124903,51.1223295]]},"properties":{"osm_way_id":734363798,"name":"Қабанбай Батыр даңғылы","name_ru":"проспект Кабанбай Батыра","name_kk":"Қабанбай Батыр даңғылы","highway":"secondary","importance_weight":2,"kind":"road","source":"OpenStreetMap contributors","sourceId":"osm-major-roads","source_url":"https://www.openstreetmap.org/way/734363798"}},{"type":"Feature","id":"osm_way_734363799","geometry":{"type":"LineString","coordinates":[[71.4136189,51.1284978],[71.4136075,51.1284238]]},"properties":{"osm_way_id":734363799,"name":"Қабанбай Батыр даңғылы","name_ru":"проспект Кабанбай Батыра","name_kk":"Қабанбай Батыр даңғылы","highway":"secondary","importance_weight":2,"kind":"road","source":"OpenStreetMap contributors","sourceId":"osm-major-roads","source_url":"https://www.openstreetmap.org/way/734363799"}},{"type":"Feature","id":"osm_way_734364844","geometry":{"type":"LineString","coordinates":[[71.5351075,51.1364459],[71.5358732,51.1363183]]},"properties":{"osm_way_id":734364844,"name":"Астана-Қарағанды тас жолы","name_ru":"трасса Астана-Караганда","name_kk":"Астана-Қарағанды тас жолы","highway":"primary","importance_weight":3,"kind":"road","source":"OpenStreetMap contributors","sourceId":"osm-major-roads","source_url":"https://www.openstreetmap.org/way/734364844"}},{"type":"Feature","id":"osm_way_734364845","geometry":{"type":"LineString","coordinates":[[71.53144,51.1373179],[71.5323649,51.1370115],[71.5336289,51.1366884],[71.5344615,51.1365363]]},"properties":{"osm_way_id":734364845,"name":"Астана-Қарағанды тас жолы","name_ru":"трасса Астана-Караганда","name_kk":"Астана-Қарағанды тас жолы","highway":"primary","importance_weight":3,"kind":"road","source":"OpenStreetMap contributors","sourceId":"osm-major-roads","source_url":"https://www.openstreetmap.org/way/734364845"}},{"type":"Feature","id":"osm_way_734364846","geometry":{"type":"LineString","coordinates":[[71.5344615,51.1365363],[71.5351075,51.1364459]]},"properties":{"osm_way_id":734364846,"name":"Астана-Қарағанды тас жолы","name_ru":"трасса Астана-Караганда","name_kk":"Астана-Қарағанды тас жолы","highway":"primary","importance_weight":3,"kind":"road","source":"OpenStreetMap contributors","sourceId":"osm-major-roads","source_url":"https://www.openstreetmap.org/way/734364846"}},{"type":"Feature","id":"osm_way_734364849","geometry":{"type":"LineString","coordinates":[[71.5388856,51.1358968],[71.5393407,51.1358621]]},"properties":{"osm_way_id":734364849,"name":"Астана-Қарағанды тас жолы","name_ru":"трасса Астана-Караганда","name_kk":"Астана-Қарағанды тас жолы","highway":"primary","importance_weight":3,"kind":"road","source":"OpenStreetMap contributors","sourceId":"osm-major-roads","source_url":"https://www.openstreetmap.org/way/734364849"}},{"type":"Feature","id":"osm_way_734364850","geometry":{"type":"LineString","coordinates":[[71.5358732,51.1363183],[71.5361277,51.1362791],[71.5367232,51.1361873],[71.5371902,51.1361256],[71.5379803,51.1360213]]},"properties":{"osm_way_id":734364850,"name":"Астана-Қарағанды тас жолы","name_ru":"трасса Астана-Караганда","name_kk":"Астана-Қарағанды тас жолы","highway":"primary","importance_weight":3,"kind":"road","source":"OpenStreetMap contributors","sourceId":"osm-major-roads","source_url":"https://www.openstreetmap.org/way/734364850"}},{"type":"Feature","id":"osm_way_734364853","geometry":{"type":"LineString","coordinates":[[71.5396349,51.1358417],[71.5402699,51.1357976],[71.5410414,51.135755],[71.5418132,51.135731]]},"properties":{"osm_way_id":734364853,"name":"Астана-Қарағанды тас жолы","name_ru":"трасса Астана-Караганда","name_kk":"Астана-Қарағанды тас жолы","highway":"primary","importance_weight":3,"kind":"road","source":"OpenStreetMap contributors","sourceId":"osm-major-roads","source_url":"https://www.openstreetmap.org/way/734364853"}},{"type":"Feature","id":"osm_way_734364854","geometry":{"type":"LineString","coordinates":[[71.5418132,51.135731],[71.5424,51.1357123],[71.5426304,51.1357126],[71.5431188,51.13571],[71.5435691,51.135717],[71.5440791,51.1357274],[71.5445883,51.1357428],[71.545123,51.1357758]]},"properties":{"osm_way_id":734364854,"name":"Астана-Қарағанды тас жолы","name_ru":"трасса Астана-Караганда","name_kk":"Астана-Қарағанды тас жолы","highway":"primary","importance_weight":3,"kind":"road","source":"OpenStreetMap contributors","sourceId":"osm-major-roads","source_url":"https://www.openstreetmap.org/way/734364854"}},{"type":"Feature","id":"osm_way_734367930","geometry":{"type":"LineString","coordinates":[[71.4676615,51.097376],[71.4682103,51.0971575]]},"properties":{"osm_way_id":734367930,"name":"Керей Және Жәнібек Хандар көшесі","name_ru":"улица Керей и Жанибек хандар","name_kk":"Керей Және Жәнібек Хандар көшесі","highway":"secondary","importance_weight":2,"kind":"road","source":"OpenStreetMap contributors","sourceId":"osm-major-roads","source_url":"https://www.openstreetmap.org/way/734367930"}},{"type":"Feature","id":"osm_way_734367932","geometry":{"type":"LineString","coordinates":[[71.4545638,51.1036139],[71.4544108,51.1036897],[71.4542832,51.103753],[71.453984,51.1039012]]},"properties":{"osm_way_id":734367932,"name":"Керей Және Жәнібек Хандар көшесі","name_ru":"улица Керей и Жанибек хандар","name_kk":"Керей Және Жәнібек Хандар көшесі","highway":"secondary","importance_weight":2,"kind":"road","source":"OpenStreetMap contributors","sourceId":"osm-major-roads","source_url":"https://www.openstreetmap.org/way/734367932"}},{"type":"Feature","id":"osm_way_734367933","geometry":{"type":"LineString","coordinates":[[71.4497226,51.106164],[71.4491894,51.1064933],[71.4490764,51.1065641]]},"properties":{"osm_way_id":734367933,"name":"Керей Және Жәнібек Хандар көшесі","name_ru":"улица Керей и Жанибек хандар","name_kk":"Керей Және Жәнібек Хандар көшесі","highway":"secondary","importance_weight":2,"kind":"road","source":"OpenStreetMap contributors","sourceId":"osm-major-roads","source_url":"https://www.openstreetmap.org/way/734367933"}},{"type":"Feature","id":"osm_way_734367934","geometry":{"type":"LineString","coordinates":[[71.4560188,51.1028252],[71.4566468,51.1024872],[71.4570027,51.1022957],[71.4574094,51.1020768],[71.4586552,51.1014064],[71.4594396,51.1009843],[71.4599944,51.1006857]]},"properties":{"osm_way_id":734367934,"name":"Керей Және Жәнібек Хандар көшесі","name_ru":"улица Керей и Жанибек хандар","name_kk":"Керей Және Жәнібек Хандар көшесі","highway":"secondary","importance_weight":2,"kind":"road","source":"OpenStreetMap contributors","sourceId":"osm-major-roads","source_url":"https://www.openstreetmap.org/way/734367934"}},{"type":"Feature","id":"osm_way_734367935","geometry":{"type":"LineString","coordinates":[[71.4621978,51.0995406],[71.4630987,51.099151],[71.464089,51.0987525],[71.4648015,51.0984854]]},"properties":{"osm_way_id":734367935,"name":"Керей Және Жәнібек Хандар көшесі","name_ru":"улица Керей и Жанибек хандар","name_kk":"Керей Және Жәнібек Хандар көшесі","highway":"secondary","importance_weight":2,"kind":"road","source":"OpenStreetMap contributors","sourceId":"osm-major-roads","source_url":"https://www.openstreetmap.org/way/734367935"}},{"type":"Feature","id":"osm_way_734367938","geometry":{"type":"LineString","coordinates":[[71.4487932,51.1067414],[71.4484871,51.106957]]},"properties":{"osm_way_id":734367938,"name":"Керей Және Жәнібек Хандар көшесі","name_ru":"улица Керей и Жанибек хандар","name_kk":"Керей Және Жәнібек Хандар көшесі","highway":"secondary","importance_weight":2,"kind":"road","source":"OpenStreetMap contributors","sourceId":"osm-major-roads","source_url":"https://www.openstreetmap.org/way/734367938"}},{"type":"Feature","id":"osm_way_734370425","geometry":{"type":"LineString","coordinates":[[71.442252,51.1113274],[71.4419839,51.1114683],[71.4415817,51.1116541]]},"properties":{"osm_way_id":734370425,"name":"Керей Және Жәнібек Хандар көшесі","name_ru":"улица Керей и Жанибек хандар","name_kk":"Керей Және Жәнібек Хандар көшесі","highway":"secondary","importance_weight":2,"kind":"road","source":"OpenStreetMap contributors","sourceId":"osm-major-roads","source_url":"https://www.openstreetmap.org/way/734370425"}},{"type":"Feature","id":"osm_way_734370426","geometry":{"type":"LineString","coordinates":[[71.4435726,51.1104523],[71.4434248,51.1105594],[71.4433953,51.1105807],[71.4431766,51.1107296]]},"properties":{"osm_way_id":734370426,"name":"Керей Және Жәнібек Хандар көшесі","name_ru":"улица Керей и Жанибек хандар","name_kk":"Керей Және Жәнібек Хандар көшесі","highway":"secondary","importance_weight":2,"kind":"road","source":"OpenStreetMap contributors","sourceId":"osm-major-roads","source_url":"https://www.openstreetmap.org/way/734370426"}},{"type":"Feature","id":"osm_way_734370429","geometry":{"type":"LineString","coordinates":[[71.4415817,51.1116541],[71.4412749,51.1117731],[71.4408879,51.1119059],[71.4405166,51.1119867],[71.4402885,51.1120363]]},"properties":{"osm_way_id":734370429,"name":"Керей Және Жәнібек Хандар көшесі","name_ru":"улица Керей и Жанибек хандар","name_kk":"Керей Және Жәнібек Хандар көшесі","highway":"secondary","importance_weight":2,"kind":"road","source":"OpenStreetMap contributors","sourceId":"osm-major-roads","source_url":"https://www.openstreetmap.org/way/734370429"}},{"type":"Feature","id":"osm_way_734370431","geometry":{"type":"LineString","coordinates":[[71.4399247,51.1120942],[71.4389515,51.112249]]},"properties":{"osm_way_id":734370431,"name":"Керей Және Жәнібек Хандар көшесі","name_ru":"улица Керей и Жанибек хандар","name_kk":"Керей Және Жәнібек Хандар көшесі","highway":"secondary","importance_weight":2,"kind":"road","source":"OpenStreetMap contributors","sourceId":"osm-major-roads","source_url":"https://www.openstreetmap.org/way/734370431"}},{"type":"Feature","id":"osm_way_734375698","geometry":{"type":"LineString","coordinates":[[71.4171374,51.096841],[71.4201815,51.0964006],[71.4202788,51.0963866],[71.4204588,51.0963634],[71.4206381,51.0963363],[71.4207973,51.0963121],[71.4212469,51.0962477],[71.4254645,51.095643],[71.4265871,51.0955084],[71.4266593,51.0954997],[71.4268388,51.0954775]]},"properties":{"osm_way_id":734375698,"name":"Ұлы Дала даңғылы","name_ru":"проспект Улы Дала","name_kk":"Ұлы Дала даңғылы","highway":"secondary","importance_weight":2,"kind":"road","source":"OpenStreetMap contributors","sourceId":"osm-major-roads","source_url":"https://www.openstreetmap.org/way/734375698"}},{"type":"Feature","id":"osm_way_734375700","geometry":{"type":"LineString","coordinates":[[71.3962091,51.0714457],[71.3960164,51.0712168],[71.3959035,51.0710709],[71.3958031,51.0709594],[71.3956355,51.070804]]},"properties":{"osm_way_id":734375700,"name":"Қабанбай Батыр даңғылы","name_ru":"проспект Кабанбай Батыра","name_kk":"Қабанбай Батыр даңғылы","highway":"secondary","importance_weight":2,"kind":"road","source":"OpenStreetMap contributors","sourceId":"osm-major-roads","source_url":"https://www.openstreetmap.org/way/734375700"}},{"type":"Feature","id":"osm_way_734375701","geometry":{"type":"LineString","coordinates":[[71.4041164,51.0935705],[71.4040969,51.0935164],[71.4031194,51.0908123]]},"properties":{"osm_way_id":734375701,"name":"Қабанбай Батыр даңғылы","name_ru":"проспект Кабанбай Батыра","name_kk":"Қабанбай Батыр даңғылы","highway":"secondary","importance_weight":2,"kind":"road","source":"OpenStreetMap contributors","sourceId":"osm-major-roads","source_url":"https://www.openstreetmap.org/way/734375701"}},{"type":"Feature","id":"osm_way_734375702","geometry":{"type":"LineString","coordinates":[[71.4056465,51.0986021],[71.4044839,51.0987676],[71.4005733,51.099323],[71.4004602,51.0993391],[71.3968178,51.0998565],[71.3954545,51.1000501],[71.3953097,51.1000707],[71.3950802,51.1001033]]},"properties":{"osm_way_id":734375702,"name":"Ұлы Дала даңғылы","name_ru":"проспект Улы Дала","name_kk":"Ұлы Дала даңғылы","highway":"secondary","importance_weight":2,"kind":"road","source":"OpenStreetMap contributors","sourceId":"osm-major-roads","source_url":"https://www.openstreetmap.org/way/734375702"}},{"type":"Feature","id":"osm_way_734375704","geometry":{"type":"LineString","coordinates":[[71.4106081,51.1116915],[71.4104705,51.1115275]]},"properties":{"osm_way_id":734375704,"name":"Қабанбай Батыр даңғылы","name_ru":"проспект Кабанбай Батыра","name_kk":"Қабанбай Батыр даңғылы","highway":"secondary","importance_weight":2,"kind":"road","source":"OpenStreetMap contributors","sourceId":"osm-major-roads","source_url":"https://www.openstreetmap.org/way/734375704"}},{"type":"Feature","id":"osm_way_734496265","geometry":{"type":"LineString","coordinates":[[71.4500145,51.0921803],[71.4508651,51.0920542],[71.4512116,51.092006],[71.4524902,51.0918282],[71.4547219,51.0915014],[71.4548662,51.0914803],[71.4578839,51.0910382],[71.4581048,51.0910099]]},"properties":{"osm_way_id":734496265,"name":"Ұлы Дала даңғылы","name_ru":"проспект Улы Дала","name_kk":"Ұлы Дала даңғылы","highway":"secondary","importance_weight":2,"kind":"road","source":"OpenStreetMap contributors","sourceId":"osm-major-roads","source_url":"https://www.openstreetmap.org/way/734496265"}},{"type":"Feature","id":"osm_way_735041697","geometry":{"type":"LineString","coordinates":[[71.4399065,51.1303991],[71.4400569,51.1308],[71.4401136,51.1308877],[71.4401914,51.1309666],[71.4403477,51.1310902],[71.44056,51.1311968],[71.44076,51.1312745],[71.4415097,51.1315714],[71.441653,51.1316603],[71.4417839,51.1317547],[71.4418671,51.1318424],[71.441922,51.1319348],[71.4419535,51.1319934],[71.4419757,51.1320505],[71.4420014,51.1321304],[71.4420119,51.132211],[71.4420002,51.132304],[71.4419629,51.1324073],[71.441915,51.1324916],[71.4418345,51.1325985],[71.4417387,51.1327062],[71.4416193,51.1328386],[71.4414423,51.133038],[71.4413511,51.1331458],[71.441262,51.1332591],[71.4411965,51.1334157],[71.4411806,51.1335567],[71.441193,51.1338332],[71.441356,51.1342834],[71.4413922,51.1343688],[71.4415813,51.1349243],[71.4416204,51.1350665],[71.4417447,51.1354655],[71.4418618,51.1357548],[71.4419885,51.136001],[71.4420883,51.1361542],[71.4423187,51.1364821]]},"properties":{"osm_way_id":735041697,"name":"Мәңгілік Ел даңғылы","name_ru":"проспект Мангилик Ел","name_kk":"Мәңгілік Ел даңғылы","highway":"secondary","importance_weight":2,"kind":"road","source":"OpenStreetMap contributors","sourceId":"osm-major-roads","source_url":"https://www.openstreetmap.org/way/735041697"}},{"type":"Feature","id":"osm_way_735041698","geometry":{"type":"LineString","coordinates":[[71.4397347,51.1305348],[71.4396153,51.1302387],[71.4394217,51.1297347],[71.4393496,51.129547],[71.4392822,51.1293783]]},"properties":{"osm_way_id":735041698,"name":"Мәңгілік Ел даңғылы","name_ru":"проспект Мангилик Ел","name_kk":"Мәңгілік Ел даңғылы","highway":"secondary","importance_weight":2,"kind":"road","source":"OpenStreetMap contributors","sourceId":"osm-major-roads","source_url":"https://www.openstreetmap.org/way/735041698"}},{"type":"Feature","id":"osm_way_735043815","geometry":{"type":"LineString","coordinates":[[71.4306205,51.1059867],[71.4301849,51.1052332],[71.4299124,51.1047617]]},"properties":{"osm_way_id":735043815,"name":"Мәңгілік Ел даңғылы","name_ru":"проспект Мангилик Ел","name_kk":"Мәңгілік Ел даңғылы","highway":"secondary","importance_weight":2,"kind":"road","source":"OpenStreetMap contributors","sourceId":"osm-major-roads","source_url":"https://www.openstreetmap.org/way/735043815"}},{"type":"Feature","id":"osm_way_735043816","geometry":{"type":"LineString","coordinates":[[71.4299124,51.1047617],[71.4298085,51.1046121],[71.4296758,51.1043822],[71.4296241,51.1042081],[71.4296037,51.1040535],[71.4296019,51.1038746]]},"properties":{"osm_way_id":735043816,"name":"Мәңгілік Ел даңғылы","name_ru":"проспект Мангилик Ел","name_kk":"Мәңгілік Ел даңғылы","highway":"secondary","importance_weight":2,"kind":"road","source":"OpenStreetMap contributors","sourceId":"osm-major-roads","source_url":"https://www.openstreetmap.org/way/735043816"}},{"type":"Feature","id":"osm_way_735043817","geometry":{"type":"LineString","coordinates":[[71.4305857,51.1046317],[71.4307049,51.1054404],[71.430781,51.1059568]]},"properties":{"osm_way_id":735043817,"name":"Мәңгілік Ел даңғылы","name_ru":"проспект Мангилик Ел","name_kk":"Мәңгілік Ел даңғылы","highway":"secondary","importance_weight":2,"kind":"road","source":"OpenStreetMap contributors","sourceId":"osm-major-roads","source_url":"https://www.openstreetmap.org/way/735043817"}},{"type":"Feature","id":"osm_way_735043818","geometry":{"type":"LineString","coordinates":[[71.4284214,51.0998945],[71.4284014,51.0998263],[71.4283863,51.0997878],[71.4282893,51.0995244],[71.4282708,51.0994729],[71.4278076,51.0981782],[71.4271206,51.0962583],[71.4270857,51.0961608],[71.4269172,51.0956899],[71.4269083,51.095665],[71.4268852,51.0956004]]},"properties":{"osm_way_id":735043818,"name":"Мәңгілік Ел даңғылы","name_ru":"проспект Мангилик Ел","name_kk":"Мәңгілік Ел даңғылы","highway":"secondary","importance_weight":2,"kind":"road","source":"OpenStreetMap contributors","sourceId":"osm-major-roads","source_url":"https://www.openstreetmap.org/way/735043818"}},{"type":"Feature","id":"osm_way_735043819","geometry":{"type":"LineString","coordinates":[[71.4294767,51.1023591],[71.4295795,51.1025405],[71.4300936,51.1034476],[71.4303834,51.1039589]]},"properties":{"osm_way_id":735043819,"name":"Мәңгілік Ел даңғылы","name_ru":"проспект Мангилик Ел","name_kk":"Мәңгілік Ел даңғылы","highway":"secondary","importance_weight":2,"kind":"road","source":"OpenStreetMap contributors","sourceId":"osm-major-roads","source_url":"https://www.openstreetmap.org/way/735043819"}},{"type":"Feature","id":"osm_way_735043820","geometry":{"type":"LineString","coordinates":[[71.4303834,51.1039589],[71.430423,51.1040246],[71.4304698,51.1041286],[71.4305234,51.1042478],[71.4305363,51.1043228],[71.4305684,51.1045088],[71.4305857,51.1046317]]},"properties":{"osm_way_id":735043820,"name":"Мәңгілік Ел даңғылы","name_ru":"проспект Мангилик Ел","name_kk":"Мәңгілік Ел даңғылы","highway":"secondary","importance_weight":2,"kind":"road","source":"OpenStreetMap contributors","sourceId":"osm-major-roads","source_url":"https://www.openstreetmap.org/way/735043820"}},{"type":"Feature","id":"osm_way_735043821","geometry":{"type":"LineString","coordinates":[[71.4296019,51.1038746],[71.4293492,51.1025912],[71.4293034,51.1023584]]},"properties":{"osm_way_id":735043821,"name":"Мәңгілік Ел даңғылы","name_ru":"проспект Мангилик Ел","name_kk":"Мәңгілік Ел даңғылы","highway":"secondary","importance_weight":2,"kind":"road","source":"OpenStreetMap contributors","sourceId":"osm-major-roads","source_url":"https://www.openstreetmap.org/way/735043821"}},{"type":"Feature","id":"osm_way_735050495","geometry":{"type":"LineString","coordinates":[[71.3668987,51.145051],[71.3670063,51.1452592],[71.3671683,51.1456001],[71.367299,51.1458749],[71.3675039,51.1462854],[71.3677261,51.1467305],[71.367749,51.1467764],[71.3677805,51.1468395],[71.3683245,51.1478156]]},"properties":{"osm_way_id":735050495,"name":"Шыңғыс Айтматов көшесі","name_ru":"улица Чингиза Айтматова","name_kk":"Шыңғыс Айтматов көшесі","highway":"secondary","importance_weight":2,"kind":"road","source":"OpenStreetMap contributors","sourceId":"osm-major-roads","source_url":"https://www.openstreetmap.org/way/735050495"}},{"type":"Feature","id":"osm_way_735050496","geometry":{"type":"LineString","coordinates":[[71.3666458,51.145001],[71.36626,51.1440897],[71.3662437,51.1440513],[71.3661797,51.1439002],[71.3661158,51.143738],[71.3660608,51.1436083],[71.3656591,51.1426592],[71.3656243,51.1425001],[71.3653282,51.141754],[71.3651276,51.141268],[71.3649534,51.1408094],[71.3648799,51.1406241],[71.3648544,51.1405599],[71.3647979,51.1404177],[71.3647494,51.1402954],[71.3641946,51.1388973],[71.3641104,51.1386852],[71.3640646,51.1385696],[71.3638952,51.1381427],[71.3637595,51.1378006],[71.363312,51.1368001],[71.363276,51.1366839],[71.3631325,51.1362206],[71.3629545,51.135772],[71.3626703,51.135056],[71.362626,51.1349443],[71.3623424,51.1342294],[71.362199,51.133868],[71.3621286,51.1336906],[71.3617423,51.1327187],[71.3617282,51.1326832]]},"properties":{"osm_way_id":735050496,"name":"Шыңғыс Айтматов көшесі","name_ru":"улица Чингиза Айтматова","name_kk":"Шыңғыс Айтматов көшесі","highway":"secondary","importance_weight":2,"kind":"road","source":"OpenStreetMap contributors","sourceId":"osm-major-roads","source_url":"https://www.openstreetmap.org/way/735050496"}},{"type":"Feature","id":"osm_way_735055684","geometry":{"type":"LineString","coordinates":[[71.4443754,51.1519514],[71.4441429,51.1519477],[71.4431033,51.1519314]]},"properties":{"osm_way_id":735055684,"name":"Жұмабек Тәшенов көшесі","name_ru":"улица Жумабека Ташенова","name_kk":null,"highway":"primary","importance_weight":3,"kind":"road","source":"OpenStreetMap contributors","sourceId":"osm-major-roads","source_url":"https://www.openstreetmap.org/way/735055684"}},{"type":"Feature","id":"osm_way_735055686","geometry":{"type":"LineString","coordinates":[[71.4415399,51.1519462],[71.4407074,51.1519722],[71.4402681,51.151986],[71.439214,51.152019]]},"properties":{"osm_way_id":735055686,"name":"Жұмабек Тәшенов көшесі","name_ru":"улица Жумабека Ташенова","name_kk":null,"highway":"primary","importance_weight":3,"kind":"road","source":"OpenStreetMap contributors","sourceId":"osm-major-roads","source_url":"https://www.openstreetmap.org/way/735055686"}},{"type":"Feature","id":"osm_way_735055688","geometry":{"type":"LineString","coordinates":[[71.445296,51.1519872],[71.4446786,51.1519495],[71.4443754,51.1519514]]},"properties":{"osm_way_id":735055688,"name":"Жұмабек Тәшенов көшесі","name_ru":"улица Жумабека Ташенова","name_kk":null,"highway":"primary","importance_weight":3,"kind":"road","source":"OpenStreetMap contributors","sourceId":"osm-major-roads","source_url":"https://www.openstreetmap.org/way/735055688"}},{"type":"Feature","id":"osm_way_735055921","geometry":{"type":"LineString","coordinates":[[71.441743,51.1586558],[71.4419264,51.1585904],[71.4419949,51.1585667],[71.4421638,51.1585061]]},"properties":{"osm_way_id":735055921,"name":"Александр Кравцов көшесі","name_ru":"улица Александра Кравцова","name_kk":null,"highway":"secondary","importance_weight":2,"kind":"road","source":"OpenStreetMap contributors","sourceId":"osm-major-roads","source_url":"https://www.openstreetmap.org/way/735055921"}},{"type":"Feature","id":"osm_way_735055924","geometry":{"type":"LineString","coordinates":[[71.4421638,51.1585061],[71.4427929,51.1583334],[71.4429388,51.1582959],[71.4434339,51.1581686],[71.444049,51.1580355],[71.4442514,51.1579841],[71.4443816,51.1579614],[71.4450078,51.1578464],[71.4456365,51.157731],[71.445752,51.1577098],[71.4491401,51.157106],[71.4492361,51.1570889],[71.449949,51.156954],[71.4506724,51.1567767],[71.4508591,51.156725],[71.4513017,51.1565702],[71.4516075,51.1564356],[71.452,51.1562447],[71.4523434,51.1560553],[71.4526195,51.1558409],[71.4530926,51.1553996],[71.4532206,51.1552466],[71.4533831,51.1550547]]},"properties":{"osm_way_id":735055924,"name":"Александр Кравцов көшесі","name_ru":"улица Александра Кравцова","name_kk":null,"highway":"secondary","importance_weight":2,"kind":"road","source":"OpenStreetMap contributors","sourceId":"osm-major-roads","source_url":"https://www.openstreetmap.org/way/735055924"}},{"type":"Feature","id":"osm_way_735055925","geometry":{"type":"LineString","coordinates":[[71.4422328,51.1586087],[71.44205,51.1586643],[71.4419568,51.1586974]]},"properties":{"osm_way_id":735055925,"name":"Александр Кравцов көшесі","name_ru":"улица Александра Кравцова","name_kk":null,"highway":"secondary","importance_weight":2,"kind":"road","source":"OpenStreetMap contributors","sourceId":"osm-major-roads","source_url":"https://www.openstreetmap.org/way/735055925"}},{"type":"Feature","id":"osm_way_735055927","geometry":{"type":"LineString","coordinates":[[71.4417832,51.1587526],[71.4411558,51.1589511],[71.4408348,51.1590401],[71.4405094,51.159109],[71.4402151,51.1591502],[71.4398065,51.1591719]]},"properties":{"osm_way_id":735055927,"name":"Александр Кравцов көшесі","name_ru":"улица Александра Кравцова","name_kk":null,"highway":"secondary","importance_weight":2,"kind":"road","source":"OpenStreetMap contributors","sourceId":"osm-major-roads","source_url":"https://www.openstreetmap.org/way/735055927"}},{"type":"Feature","id":"osm_way_735282120","geometry":{"type":"LineString","coordinates":[[71.4125701,51.152755],[71.4126075,51.1522595]]},"properties":{"osm_way_id":735282120,"name":"Тұран даңғылы","name_ru":"проспект Туран","name_kk":"Тұран даңғылы","highway":"primary","importance_weight":3,"kind":"road","source":"OpenStreetMap contributors","sourceId":"osm-major-roads","source_url":"https://www.openstreetmap.org/way/735282120"}},{"type":"Feature","id":"osm_way_735282124","geometry":{"type":"LineString","coordinates":[[71.4126448,51.1514587],[71.4126229,51.1502003],[71.4125996,51.1496941],[71.4125924,51.1495366]]},"properties":{"osm_way_id":735282124,"name":"Тұран даңғылы","name_ru":"проспект Туран","name_kk":"Тұран даңғылы","highway":"primary","importance_weight":3,"kind":"road","source":"OpenStreetMap contributors","sourceId":"osm-major-roads","source_url":"https://www.openstreetmap.org/way/735282124"}},{"type":"Feature","id":"osm_way_735282126","geometry":{"type":"LineString","coordinates":[[71.412485,51.1484529],[71.4123966,51.1479252],[71.4122421,51.1470443]]},"properties":{"osm_way_id":735282126,"name":"Тұран даңғылы","name_ru":"проспект Туран","name_kk":"Тұран даңғылы","highway":"primary","importance_weight":3,"kind":"road","source":"OpenStreetMap contributors","sourceId":"osm-major-roads","source_url":"https://www.openstreetmap.org/way/735282126"}},{"type":"Feature","id":"osm_way_735282127","geometry":{"type":"LineString","coordinates":[[71.4125924,51.1495366],[71.4125355,51.1488233]]},"properties":{"osm_way_id":735282127,"name":"Тұран даңғылы","name_ru":"проспект Туран","name_kk":"Тұран даңғылы","highway":"primary","importance_weight":3,"kind":"road","source":"OpenStreetMap contributors","sourceId":"osm-major-roads","source_url":"https://www.openstreetmap.org/way/735282127"}},{"type":"Feature","id":"osm_way_735389748","geometry":{"type":"LineString","coordinates":[[71.3701771,51.1517253],[71.3698299,51.1509801],[71.3697853,51.150899],[71.3697742,51.1508794],[71.3694302,51.1502749],[71.3693491,51.1501323],[71.369262,51.1499788],[71.3689365,51.1493113],[71.368838,51.1491093],[71.3682665,51.1482453]]},"properties":{"osm_way_id":735389748,"name":"Шыңғыс Айтматов көшесі","name_ru":"улица Чингиза Айтматова","name_kk":"Шыңғыс Айтматов көшесі","highway":"secondary","importance_weight":2,"kind":"road","source":"OpenStreetMap contributors","sourceId":"osm-major-roads","source_url":"https://www.openstreetmap.org/way/735389748"}},{"type":"Feature","id":"osm_way_735389749","geometry":{"type":"LineString","coordinates":[[71.3680659,51.1478752],[71.3676267,51.146998],[71.3675587,51.1468622],[71.3674148,51.1465687],[71.3672963,51.1463272],[71.367115,51.1459575],[71.3666458,51.145001]]},"properties":{"osm_way_id":735389749,"name":"Шыңғыс Айтматов көшесі","name_ru":"улица Чингиза Айтматова","name_kk":"Шыңғыс Айтматов көшесі","highway":"secondary","importance_weight":2,"kind":"road","source":"OpenStreetMap contributors","sourceId":"osm-major-roads","source_url":"https://www.openstreetmap.org/way/735389749"}},{"type":"Feature","id":"osm_way_735389750","geometry":{"type":"LineString","coordinates":[[71.3682665,51.1482453],[71.3682012,51.1481037]]},"properties":{"osm_way_id":735389750,"name":"Шыңғыс Айтматов көшесі","name_ru":"улица Чингиза Айтматова","name_kk":"Шыңғыс Айтматов көшесі","highway":"secondary","importance_weight":2,"kind":"road","source":"OpenStreetMap contributors","sourceId":"osm-major-roads","source_url":"https://www.openstreetmap.org/way/735389750"}},{"type":"Feature","id":"osm_way_735389751","geometry":{"type":"LineString","coordinates":[[71.3679303,51.1480498],[71.3681348,51.1479891]]},"properties":{"osm_way_id":735389751,"name":"Қорғалжын тас жолы","name_ru":"Коргалжинское шоссе","name_kk":"Қорғалжын тас жолы","highway":"primary","importance_weight":3,"kind":"road","source":"OpenStreetMap contributors","sourceId":"osm-major-roads","source_url":"https://www.openstreetmap.org/way/735389751"}},{"type":"Feature","id":"osm_way_735389752","geometry":{"type":"LineString","coordinates":[[71.368605,51.1478671],[71.3695196,51.1476343],[71.3702291,51.1474152],[71.3710918,51.1472228],[71.3723106,51.1470022],[71.3723222,51.1470004],[71.3728791,51.1469172],[71.373842,51.1468325],[71.3741106,51.1468204],[71.3742443,51.1468128],[71.3744362,51.1468059],[71.3753899,51.146793],[71.3758487,51.146818],[71.3762642,51.1468406],[71.3765037,51.1468536],[71.3769429,51.1468986],[71.377702,51.1469958],[71.3789328,51.1472155],[71.3808988,51.1476847],[71.3816909,51.1478702],[71.3819478,51.1479255],[71.3824036,51.1480212],[71.38268,51.1480796],[71.3830121,51.1481424],[71.3832256,51.1481828],[71.3834882,51.148221],[71.3837902,51.1482649],[71.3841571,51.1483182],[71.3851449,51.1483841],[71.3859683,51.1484446],[71.3868373,51.1484699],[71.3879151,51.1484766],[71.3881947,51.1484697],[71.3883587,51.1484597],[71.3887404,51.1484335],[71.3889907,51.1484044],[71.3910319,51.148186],[71.39205,51.1480388],[71.3922596,51.1480075],[71.3925549,51.147954],[71.3934129,51.1478199],[71.3940122,51.1477286],[71.3949714,51.1475821],[71.3959043,51.1474339],[71.3959807,51.1474219],[71.3965565,51.1473372]]},"properties":{"osm_way_id":735389752,"name":"Қорғалжын тас жолы","name_ru":"Коргалжинское шоссе","name_kk":"Қорғалжын тас жолы","highway":"primary","importance_weight":3,"kind":"road","source":"OpenStreetMap contributors","sourceId":"osm-major-roads","source_url":"https://www.openstreetmap.org/way/735389752"}},{"type":"Feature","id":"osm_way_735389753","geometry":{"type":"LineString","coordinates":[[71.3686665,51.1479716],[71.3684521,51.1480318]]},"properties":{"osm_way_id":735389753,"name":"Қорғалжын тас жолы","name_ru":"Коргалжинское шоссе","name_kk":"Қорғалжын тас жолы","highway":"primary","importance_weight":3,"kind":"road","source":"OpenStreetMap contributors","sourceId":"osm-major-roads","source_url":"https://www.openstreetmap.org/way/735389753"}},{"type":"Feature","id":"osm_way_735389754","geometry":{"type":"LineString","coordinates":[[71.3680095,51.1481663],[71.3673095,51.1483917],[71.3663959,51.1486485],[71.3658398,51.1488049],[71.3654612,51.1489113],[71.3653131,51.1489529],[71.3651331,51.1490012],[71.364274,51.149249],[71.3633898,51.1494787],[71.3626697,51.1495794],[71.3623649,51.149622],[71.3619212,51.1496529],[71.3617595,51.1496641],[71.3610223,51.1497122],[71.3607013,51.1497089],[71.3602275,51.149704],[71.3595341,51.1496711],[71.3588147,51.1495913],[71.3563281,51.1491507],[71.3547714,51.1488749],[71.3536607,51.1486628],[71.3531999,51.1485722],[71.3530277,51.1485397],[71.3525972,51.1484501],[71.3520719,51.1483399],[71.3515465,51.1482297],[71.3513778,51.1481968],[71.3490336,51.1477123],[71.3486609,51.1476399],[71.3483799,51.1475766],[71.3482019,51.147543],[71.3480493,51.1475114],[71.3473272,51.1473683],[71.3431349,51.1465373],[71.342821,51.1464709]]},"properties":{"osm_way_id":735389754,"name":"Қорғалжын тас жолы","name_ru":"Коргалжинское шоссе","name_kk":"Қорғалжын тас жолы","highway":"primary","importance_weight":3,"kind":"road","source":"OpenStreetMap contributors","sourceId":"osm-major-roads","source_url":"https://www.openstreetmap.org/way/735389754"}},{"type":"Feature","id":"osm_way_735389755","geometry":{"type":"LineString","coordinates":[[71.3685399,51.1481731],[71.3688799,51.1487199],[71.3689971,51.1489106],[71.3691366,51.1491428],[71.3691465,51.1491606],[71.3694685,51.1497428],[71.3695674,51.1499216],[71.3700216,51.1508589],[71.370413,51.1516703],[71.370753,51.1525265],[71.3711318,51.1536402],[71.3714591,51.1546157],[71.3714704,51.1546523],[71.3715089,51.1547572],[71.3715393,51.1548383],[71.3717128,51.1553486],[71.3724271,51.1574472],[71.3725852,51.1579117],[71.3727477,51.1583892],[71.3728051,51.1585582],[71.3730696,51.1593363],[71.3736609,51.161076],[71.374342,51.1630784]]},"properties":{"osm_way_id":735389755,"name":"Шыңғыс Айтматов көшесі","name_ru":"улица Чингиза Айтматова","name_kk":"Шыңғыс Айтматов көшесі","highway":"secondary","importance_weight":2,"kind":"road","source":"OpenStreetMap contributors","sourceId":"osm-major-roads","source_url":"https://www.openstreetmap.org/way/735389755"}},{"type":"Feature","id":"osm_way_735389756","geometry":{"type":"LineString","coordinates":[[71.3683245,51.1478156],[71.3683946,51.1479262]]},"properties":{"osm_way_id":735389756,"name":"Шыңғыс Айтматов көшесі","name_ru":"улица Чингиза Айтматова","name_kk":"Шыңғыс Айтматов көшесі","highway":"secondary","importance_weight":2,"kind":"road","source":"OpenStreetMap contributors","sourceId":"osm-major-roads","source_url":"https://www.openstreetmap.org/way/735389756"}},{"type":"Feature","id":"osm_way_735390174","geometry":{"type":"LineString","coordinates":[[71.3820938,51.1794834],[71.3819186,51.1795245],[71.3814454,51.1796685],[71.3810739,51.1797815],[71.3782351,51.1805111],[71.3779462,51.1805845],[71.376348,51.1809961],[71.3749898,51.1813451],[71.3744734,51.1814756],[71.3741971,51.1815454]]},"properties":{"osm_way_id":735390174,"name":"Нұрғиса Тілендиев даңғылы","name_ru":"проспект Нургисы Тлендиева","name_kk":"Нұрғиса Тілендиев даңғылы","highway":"primary","importance_weight":3,"kind":"road","source":"OpenStreetMap contributors","sourceId":"osm-major-roads","source_url":"https://www.openstreetmap.org/way/735390174"}},{"type":"Feature","id":"osm_way_735391040","geometry":{"type":"LineString","coordinates":[[71.3948464,51.1676712],[71.3975675,51.1680114],[71.3985384,51.1681328],[71.3988734,51.1681777]]},"properties":{"osm_way_id":735391040,"name":"Шаймерден Қосшығұлұлы көшесі","name_ru":"улица Шаймердена Косшыгулулы","name_kk":null,"highway":"secondary","importance_weight":2,"kind":"road","source":"OpenStreetMap contributors","sourceId":"osm-major-roads","source_url":"https://www.openstreetmap.org/way/735391040"}},{"type":"Feature","id":"osm_way_735391041","geometry":{"type":"LineString","coordinates":[[71.394756,51.1677722],[71.3945127,51.1677632],[71.3941285,51.1677545],[71.3937959,51.1677659],[71.3935924,51.1677941],[71.3932713,51.1678377],[71.3929915,51.1678975],[71.3926705,51.1679798],[71.3923915,51.1680764],[71.391958,51.1682214]]},"properties":{"osm_way_id":735391041,"name":"Шаймерден Қосшығұлұлы көшесі","name_ru":"улица Шаймердена Косшыгулулы","name_kk":null,"highway":"secondary","importance_weight":2,"kind":"road","source":"OpenStreetMap contributors","sourceId":"osm-major-roads","source_url":"https://www.openstreetmap.org/way/735391041"}},{"type":"Feature","id":"osm_way_735392081","geometry":{"type":"LineString","coordinates":[[71.3772175,51.1722687],[71.3771586,51.1721382]]},"properties":{"osm_way_id":735392081,"name":"Шабал Бейсекова көшесі","name_ru":"улица Шабал Бейсековой","name_kk":null,"highway":"secondary","importance_weight":2,"kind":"road","source":"OpenStreetMap contributors","sourceId":"osm-major-roads","source_url":"https://www.openstreetmap.org/way/735392081"}},{"type":"Feature","id":"osm_way_735392083","geometry":{"type":"LineString","coordinates":[[71.377535,51.1722718],[71.3778627,51.1729127],[71.3780209,51.1732104],[71.3783978,51.1738386],[71.3785869,51.1741538],[71.3789865,51.1747457],[71.3795257,51.1755058],[71.3803439,51.1765765]]},"properties":{"osm_way_id":735392083,"name":"Шабал Бейсекова көшесі","name_ru":"улица Шабал Бейсековой","name_kk":null,"highway":"secondary","importance_weight":2,"kind":"road","source":"OpenStreetMap contributors","sourceId":"osm-major-roads","source_url":"https://www.openstreetmap.org/way/735392083"}},{"type":"Feature","id":"osm_way_735392085","geometry":{"type":"LineString","coordinates":[[71.3776551,51.1721451],[71.3774761,51.1721425]]},"properties":{"osm_way_id":735392085,"name":"Шаймерден Қосшығұлұлы көшесі","name_ru":"улица Шаймердена Косшыгулулы","name_kk":null,"highway":"secondary","importance_weight":2,"kind":"road","source":"OpenStreetMap contributors","sourceId":"osm-major-roads","source_url":"https://www.openstreetmap.org/way/735392085"}},{"type":"Feature","id":"osm_way_735392087","geometry":{"type":"LineString","coordinates":[[71.3776096,51.1720479],[71.3783893,51.1720264],[71.3788139,51.172021],[71.3791541,51.1719948],[71.3793648,51.1719776],[71.3802218,51.1718672],[71.3803297,51.1718512],[71.3804158,51.1718366],[71.380938,51.1717276],[71.3823172,51.1714397]]},"properties":{"osm_way_id":735392087,"name":"Шаймерден Қосшығұлұлы көшесі","name_ru":"улица Шаймердена Косшыгулулы","name_kk":null,"highway":"secondary","importance_weight":2,"kind":"road","source":"OpenStreetMap contributors","sourceId":"osm-major-roads","source_url":"https://www.openstreetmap.org/way/735392087"}},{"type":"Feature","id":"osm_way_735392089","geometry":{"type":"LineString","coordinates":[[71.3773924,51.1719588],[71.377431,51.1720435]]},"properties":{"osm_way_id":735392089,"name":"Шабал Бейсекова көшесі","name_ru":"улица Шабал Бейсековой","name_kk":null,"highway":"secondary","importance_weight":2,"kind":"road","source":"OpenStreetMap contributors","sourceId":"osm-major-roads","source_url":"https://www.openstreetmap.org/way/735392089"}},{"type":"Feature","id":"osm_way_735392090","geometry":{"type":"LineString","coordinates":[[71.3770795,51.1719628],[71.3766639,51.1709652],[71.3765011,51.1705785],[71.3763786,51.1702876],[71.3757574,51.1683688],[71.3756881,51.1681546],[71.3752751,51.1668791],[71.3746757,51.1651468]]},"properties":{"osm_way_id":735392090,"name":"Шабал Бейсекова көшесі","name_ru":"улица Шабал Бейсековой","name_kk":null,"highway":"secondary","importance_weight":2,"kind":"road","source":"OpenStreetMap contributors","sourceId":"osm-major-roads","source_url":"https://www.openstreetmap.org/way/735392090"}},{"type":"Feature","id":"osm_way_735392388","geometry":{"type":"LineString","coordinates":[[71.3741971,51.1815454],[71.3739157,51.1816148],[71.3721617,51.1820479],[71.3694087,51.1827218],[71.3692413,51.1827643],[71.3690262,51.1828171],[71.3678663,51.1831016],[71.3641275,51.1840212],[71.3638774,51.1840802]]},"properties":{"osm_way_id":735392388,"name":"Нұрғиса Тілендиев даңғылы","name_ru":"проспект Нургисы Тлендиева","name_kk":"Нұрғиса Тілендиев даңғылы","highway":"primary","importance_weight":3,"kind":"road","source":"OpenStreetMap contributors","sourceId":"osm-major-roads","source_url":"https://www.openstreetmap.org/way/735392388"}},{"type":"Feature","id":"osm_way_735392390","geometry":{"type":"LineString","coordinates":[[71.3638774,51.1840802],[71.363573,51.1841529],[71.3589421,51.1852881],[71.3586815,51.1853519],[71.3539701,51.186505],[71.3538227,51.1865411],[71.3537292,51.186564],[71.3535538,51.1866069],[71.3497249,51.187544],[71.3451925,51.18866]]},"properties":{"osm_way_id":735392390,"name":"Нұрғиса Тілендиев даңғылы","name_ru":"проспект Нургисы Тлендиева","name_kk":"Нұрғиса Тілендиев даңғылы","highway":"primary","importance_weight":3,"kind":"road","source":"OpenStreetMap contributors","sourceId":"osm-major-roads","source_url":"https://www.openstreetmap.org/way/735392390"}},{"type":"Feature","id":"osm_way_735392391","geometry":{"type":"LineString","coordinates":[[71.3638733,51.1839171],[71.3640378,51.1838744],[71.3689343,51.1826606],[71.3691182,51.1826151],[71.3692977,51.1825734],[71.3738151,51.1814473],[71.3740605,51.1813862]]},"properties":{"osm_way_id":735392391,"name":"Нұрғиса Тілендиев даңғылы","name_ru":"проспект Нургисы Тлендиева","name_kk":"Нұрғиса Тілендиев даңғылы","highway":"primary","importance_weight":3,"kind":"road","source":"OpenStreetMap contributors","sourceId":"osm-major-roads","source_url":"https://www.openstreetmap.org/way/735392391"}},{"type":"Feature","id":"osm_way_735392393","geometry":{"type":"LineString","coordinates":[[71.3451925,51.18866],[71.3449399,51.1887162],[71.3429585,51.1892061],[71.3409071,51.1897215],[71.3406743,51.1897802],[71.3405121,51.1898189],[71.3385004,51.1902957],[71.3341596,51.1913552]]},"properties":{"osm_way_id":735392393,"name":"Нұрғиса Тілендиев даңғылы","name_ru":"проспект Нургисы Тлендиева","name_kk":"Нұрғиса Тілендиев даңғылы","highway":"primary","importance_weight":3,"kind":"road","source":"OpenStreetMap contributors","sourceId":"osm-major-roads","source_url":"https://www.openstreetmap.org/way/735392393"}},{"type":"Feature","id":"osm_way_735392394","geometry":{"type":"LineString","coordinates":[[71.3451221,51.1884996],[71.3455602,51.188399],[71.3534619,51.1864639],[71.3536309,51.1864222],[71.3538864,51.18636],[71.3552651,51.1860224],[71.3579883,51.1853555],[71.3585953,51.1852068],[71.3608013,51.1846665],[71.3618156,51.1844191],[71.3627619,51.1841863],[71.3634778,51.184011],[71.3638733,51.1839171]]},"properties":{"osm_way_id":735392394,"name":"Нұрғиса Тілендиев даңғылы","name_ru":"проспект Нургисы Тлендиева","name_kk":"Нұрғиса Тілендиев даңғылы","highway":"primary","importance_weight":3,"kind":"road","source":"OpenStreetMap contributors","sourceId":"osm-major-roads","source_url":"https://www.openstreetmap.org/way/735392394"}},{"type":"Feature","id":"osm_way_735395084","geometry":{"type":"LineString","coordinates":[[71.3217484,51.1943944],[71.3205717,51.1946767],[71.3203761,51.1947236],[71.3190542,51.1951353],[71.3174824,51.195764],[71.3126192,51.1981072]]},"properties":{"osm_way_id":735395084,"name":"Нұрғиса Тілендиев даңғылы","name_ru":"проспект Нургисы Тлендиева","name_kk":"Нұрғиса Тілендиев даңғылы","highway":"primary","importance_weight":3,"kind":"road","source":"OpenStreetMap contributors","sourceId":"osm-major-roads","source_url":"https://www.openstreetmap.org/way/735395084"}},{"type":"Feature","id":"osm_way_735395086","geometry":{"type":"LineString","coordinates":[[71.3340675,51.1912067],[71.3403914,51.1896603]]},"properties":{"osm_way_id":735395086,"name":"Нұрғиса Тілендиев даңғылы","name_ru":"проспект Нургисы Тлендиева","name_kk":"Нұрғиса Тілендиев даңғылы","highway":"primary","importance_weight":3,"kind":"road","source":"OpenStreetMap contributors","sourceId":"osm-major-roads","source_url":"https://www.openstreetmap.org/way/735395086"}},{"type":"Feature","id":"osm_way_735396426","geometry":{"type":"LineString","coordinates":[[71.5313503,51.1099517],[71.5340459,51.1095193],[71.5341918,51.1094959],[71.5344723,51.109452]]},"properties":{"osm_way_id":735396426,"name":"Жұмекен Нәжімеденов көшесі","name_ru":"улица Жумекена Нажимеденова","name_kk":null,"highway":"secondary","importance_weight":2,"kind":"road","source":"OpenStreetMap contributors","sourceId":"osm-major-roads","source_url":"https://www.openstreetmap.org/way/735396426"}},{"type":"Feature","id":"osm_way_735396428","geometry":{"type":"LineString","coordinates":[[71.5303113,51.1102106],[71.5290131,51.1104117],[71.5285764,51.1104794],[71.5278751,51.110588]]},"properties":{"osm_way_id":735396428,"name":"Жұмекен Нәжімеденов көшесі","name_ru":"улица Жумекена Нажимеденова","name_kk":null,"highway":"secondary","importance_weight":2,"kind":"road","source":"OpenStreetMap contributors","sourceId":"osm-major-roads","source_url":"https://www.openstreetmap.org/way/735396428"}},{"type":"Feature","id":"osm_way_735414582","geometry":{"type":"LineString","coordinates":[[71.4707984,51.127427],[71.471168,51.1273674],[71.4723754,51.1271837],[71.4731447,51.1270666],[71.4749192,51.1267967]]},"properties":{"osm_way_id":735414582,"name":"Рақымжан Қошқарбаев даңғылы","name_ru":"проспект Рахимжана Кошкарбаева","name_kk":"Рақымжан Қошқарбаев даңғылы","highway":"secondary","importance_weight":2,"kind":"road","source":"OpenStreetMap contributors","sourceId":"osm-major-roads","source_url":"https://www.openstreetmap.org/way/735414582"}},{"type":"Feature","id":"osm_way_735414583","geometry":{"type":"LineString","coordinates":[[71.470522,51.1274716],[71.4705852,51.1276189]]},"properties":{"osm_way_id":735414583,"name":"Тәуелсіздік даңғылы","name_ru":"проспект Тауелсиздик","name_kk":"Тәуелсіздік даңғылы","highway":"secondary","importance_weight":2,"kind":"road","source":"OpenStreetMap contributors","sourceId":"osm-major-roads","source_url":"https://www.openstreetmap.org/way/735414583"}},{"type":"Feature","id":"osm_way_735414584","geometry":{"type":"LineString","coordinates":[[71.4703128,51.127658],[71.4699753,51.127711],[71.4683293,51.1279684],[71.4662698,51.1282885],[71.4640761,51.1286295],[71.4638972,51.1286573],[71.4636559,51.1286948],[71.4599811,51.1292661],[71.4585753,51.1294848],[71.4585237,51.1294928],[71.4582639,51.1295363]]},"properties":{"osm_way_id":735414584,"name":"Рақымжан Қошқарбаев даңғылы","name_ru":"проспект Рахимжана Кошкарбаева","name_kk":"Рақымжан Қошқарбаев даңғылы","highway":"secondary","importance_weight":2,"kind":"road","source":"OpenStreetMap contributors","sourceId":"osm-major-roads","source_url":"https://www.openstreetmap.org/way/735414584"}},{"type":"Feature","id":"osm_way_735417031","geometry":{"type":"LineString","coordinates":[[71.4672244,51.1200971],[71.4671845,51.1199992],[71.4671575,51.1199248],[71.4668871,51.1192709],[71.466767,51.118979],[71.4666242,51.1186318],[71.466212,51.1176177],[71.4661533,51.1174692],[71.4660689,51.117273]]},"properties":{"osm_way_id":735417031,"name":"Тәуелсіздік даңғылы","name_ru":"проспект Тауелсиздик","name_kk":"Тәуелсіздік даңғылы","highway":"secondary","importance_weight":2,"kind":"road","source":"OpenStreetMap contributors","sourceId":"osm-major-roads","source_url":"https://www.openstreetmap.org/way/735417031"}},{"type":"Feature","id":"osm_way_735417032","geometry":{"type":"LineString","coordinates":[[71.4672244,51.1200971],[71.4668854,51.1201247],[71.4666949,51.1201368],[71.4661509,51.1201713],[71.4651635,51.1202266],[71.4648627,51.1202436],[71.4643811,51.1202746],[71.4641351,51.1202904],[71.4633377,51.1203355],[71.4624956,51.1203832],[71.4617502,51.1204302],[71.4597652,51.1205528],[71.4573573,51.120709],[71.4569278,51.1207335],[71.4566949,51.1207316],[71.4564183,51.1207195],[71.4561068,51.1206884],[71.4558646,51.1206481],[71.4556158,51.1205912],[71.4554037,51.1205193],[71.4551268,51.1204155],[71.4548958,51.1203028],[71.4547384,51.1202072],[71.4545715,51.1200819]]},"properties":{"osm_way_id":735417032,"name":"Жұмекен Нәжімеденов көшесі","name_ru":"улица Жумекена Нажимеденова","name_kk":null,"highway":"secondary","importance_weight":2,"kind":"road","source":"OpenStreetMap contributors","sourceId":"osm-major-roads","source_url":"https://www.openstreetmap.org/way/735417032"}},{"type":"Feature","id":"osm_way_735417033","geometry":{"type":"LineString","coordinates":[[71.4674414,51.1200636],[71.4676098,51.1204834],[71.4691048,51.1242465],[71.4692004,51.1244873],[71.4692744,51.1246464],[71.4693061,51.1247227],[71.4693617,51.1248567],[71.4695185,51.1251956],[71.4703025,51.1269906],[71.4704445,51.1272955],[71.470522,51.1274716]]},"properties":{"osm_way_id":735417033,"name":"Тәуелсіздік даңғылы","name_ru":"проспект Тауелсиздик","name_kk":"Тәуелсіздік даңғылы","highway":"secondary","importance_weight":2,"kind":"road","source":"OpenStreetMap contributors","sourceId":"osm-major-roads","source_url":"https://www.openstreetmap.org/way/735417033"}},{"type":"Feature","id":"osm_way_735417034","geometry":{"type":"LineString","coordinates":[[71.4673984,51.1199677],[71.4678403,51.119911],[71.4679239,51.1198984],[71.4680575,51.1198776],[71.4685818,51.1197962],[71.4691061,51.1197147],[71.4706886,51.1194687],[71.4707023,51.1194666],[71.4717763,51.1192996],[71.4731424,51.1190874]]},"properties":{"osm_way_id":735417034,"name":"Жұмекен Нәжімеденов көшесі","name_ru":"улица Жумекена Нажимеденова","name_kk":null,"highway":"secondary","importance_weight":2,"kind":"road","source":"OpenStreetMap contributors","sourceId":"osm-major-roads","source_url":"https://www.openstreetmap.org/way/735417034"}},{"type":"Feature","id":"osm_way_735417035","geometry":{"type":"LineString","coordinates":[[71.4833814,51.125614],[71.4817501,51.1258732],[71.4813881,51.1259371],[71.4801919,51.1261161],[71.4780847,51.126444],[71.4773533,51.1265578]]},"properties":{"osm_way_id":735417035,"name":"Рақымжан Қошқарбаев даңғылы","name_ru":"проспект Рахимжана Кошкарбаева","name_kk":"Рақымжан Қошқарбаев даңғылы","highway":"secondary","importance_weight":2,"kind":"road","source":"OpenStreetMap contributors","sourceId":"osm-major-roads","source_url":"https://www.openstreetmap.org/way/735417035"}},{"type":"Feature","id":"osm_way_735417036","geometry":{"type":"LineString","coordinates":[[71.4834057,51.1254504],[71.4838585,51.1254268],[71.4842296,51.1254324],[71.4845146,51.1254504],[71.4850606,51.1255301],[71.4856173,51.1256604],[71.4863386,51.1258757],[71.4864263,51.1259018]]},"properties":{"osm_way_id":735417036,"name":"Рақымжан Қошқарбаев даңғылы","name_ru":"проспект Рахимжана Кошкарбаева","name_kk":"Рақымжан Қошқарбаев даңғылы","highway":"secondary","importance_weight":2,"kind":"road","source":"OpenStreetMap contributors","sourceId":"osm-major-roads","source_url":"https://www.openstreetmap.org/way/735417036"}},{"type":"Feature","id":"osm_way_735417038","geometry":{"type":"LineString","coordinates":[[71.5201107,51.1359051],[71.5198624,51.1357217],[71.5195756,51.1355463],[71.5192576,51.1353917],[71.5189503,51.135266],[71.5186029,51.1351608],[71.5180755,51.1350141],[71.5176487,51.1348954],[71.5175649,51.1348721],[71.5168795,51.1346697],[71.5149252,51.1341035]]},"properties":{"osm_way_id":735417038,"name":"Рақымжан Қошқарбаев даңғылы","name_ru":"проспект Рахимжана Кошкарбаева","name_kk":"Рақымжан Қошқарбаев даңғылы","highway":"secondary","importance_weight":2,"kind":"road","source":"OpenStreetMap contributors","sourceId":"osm-major-roads","source_url":"https://www.openstreetmap.org/way/735417038"}},{"type":"Feature","id":"osm_way_735417044","geometry":{"type":"LineString","coordinates":[[71.5312913,51.1507458],[71.5308926,51.150317],[71.5305325,51.149902]]},"properties":{"osm_way_id":735417044,"name":"Рақымжан Қошқарбаев даңғылы","name_ru":"проспект Рахимжана Кошкарбаева","name_kk":"Рақымжан Қошқарбаев даңғылы","highway":"secondary","importance_weight":2,"kind":"road","source":"OpenStreetMap contributors","sourceId":"osm-major-roads","source_url":"https://www.openstreetmap.org/way/735417044"}},{"type":"Feature","id":"osm_way_735417047","geometry":{"type":"LineString","coordinates":[[71.5305325,51.149902],[71.530336,51.1496617],[71.5301875,51.1494379],[71.5300532,51.1492018],[71.5299622,51.1489906],[71.5299006,51.1487888],[71.529868,51.1486046],[71.5298648,51.1483981],[71.5298873,51.1481286],[71.5299484,51.1476436]]},"properties":{"osm_way_id":735417047,"name":"Рақымжан Қошқарбаев даңғылы","name_ru":"проспект Рахимжана Кошкарбаева","name_kk":"Рақымжан Қошқарбаев даңғылы","highway":"secondary","importance_weight":2,"kind":"road","source":"OpenStreetMap contributors","sourceId":"osm-major-roads","source_url":"https://www.openstreetmap.org/way/735417047"}},{"type":"Feature","id":"osm_way_738247812","geometry":{"type":"LineString","coordinates":[[71.6107752,51.1674669],[71.6120268,51.1681197],[71.6186302,51.171564],[71.6188143,51.1716612]]},"properties":{"osm_way_id":738247812,"name":"osm_way_738247812","name_ru":null,"name_kk":null,"highway":"secondary","importance_weight":2,"kind":"road","source":"OpenStreetMap contributors","sourceId":"osm-major-roads","source_url":"https://www.openstreetmap.org/way/738247812"}},{"type":"Feature","id":"osm_way_742779722","geometry":{"type":"LineString","coordinates":[[71.4540016,51.130083],[71.4555975,51.1298059]]},"properties":{"osm_way_id":742779722,"name":"Сарайшық көшесі","name_ru":"улица Сарайшык","name_kk":"Сарайшық көшесі","highway":"secondary","importance_weight":2,"kind":"road","source":"OpenStreetMap contributors","sourceId":"osm-major-roads","source_url":"https://www.openstreetmap.org/way/742779722"}},{"type":"Feature","id":"osm_way_742779723","geometry":{"type":"LineString","coordinates":[[71.4540508,51.1302122],[71.4485985,51.1310625]]},"properties":{"osm_way_id":742779723,"name":"Сарайшық көшесі","name_ru":"улица Сарайшык","name_kk":"Сарайшық көшесі","highway":"secondary","importance_weight":2,"kind":"road","source":"OpenStreetMap contributors","sourceId":"osm-major-roads","source_url":"https://www.openstreetmap.org/way/742779723"}},{"type":"Feature","id":"osm_way_742795618","geometry":{"type":"LineString","coordinates":[[71.4664819,51.1175754],[71.4665825,51.1178278],[71.4673322,51.1197836],[71.4673697,51.119892],[71.4673984,51.1199677]]},"properties":{"osm_way_id":742795618,"name":"Тәуелсіздік даңғылы","name_ru":"проспект Тауелсиздик","name_kk":"Тәуелсіздік даңғылы","highway":"secondary","importance_weight":2,"kind":"road","source":"OpenStreetMap contributors","sourceId":"osm-major-roads","source_url":"https://www.openstreetmap.org/way/742795618"}},{"type":"Feature","id":"osm_way_742795619","geometry":{"type":"LineString","coordinates":[[71.4660188,51.1171478],[71.4656766,51.1162752],[71.4656308,51.1161659],[71.4653871,51.1155441],[71.4645621,51.1134607],[71.464288,51.1127684],[71.4633495,51.1103985],[71.4631712,51.1099482],[71.4631279,51.1098389]]},"properties":{"osm_way_id":742795619,"name":"Тәуелсіздік даңғылы","name_ru":"проспект Тауелсиздик","name_kk":"Тәуелсіздік даңғылы","highway":"secondary","importance_weight":2,"kind":"road","source":"OpenStreetMap contributors","sourceId":"osm-major-roads","source_url":"https://www.openstreetmap.org/way/742795619"}},{"type":"Feature","id":"osm_way_753217987","geometry":{"type":"LineString","coordinates":[[71.4492739,51.0335933],[71.4523754,51.0345922],[71.4524637,51.0346235],[71.4529216,51.0347859]]},"properties":{"osm_way_id":753217987,"name":"Астана айналма жолы","name_ru":"Объездная Астаны","name_kk":"Астана айналма жолы","highway":"trunk","importance_weight":4,"kind":"road","source":"OpenStreetMap contributors","sourceId":"osm-major-roads","source_url":"https://www.openstreetmap.org/way/753217987"}},{"type":"Feature","id":"osm_way_753217988","geometry":{"type":"LineString","coordinates":[[71.4527661,51.0349073],[71.4519266,51.0346206],[71.4491854,51.0336844]]},"properties":{"osm_way_id":753217988,"name":"Астана айналма жолы","name_ru":"Объездная Астаны","name_kk":"Астана айналма жолы","highway":"trunk","importance_weight":4,"kind":"road","source":"OpenStreetMap contributors","sourceId":"osm-major-roads","source_url":"https://www.openstreetmap.org/way/753217988"}},{"type":"Feature","id":"osm_way_753217989","geometry":{"type":"LineString","coordinates":[[71.4529216,51.0347859],[71.4535882,51.0350399]]},"properties":{"osm_way_id":753217989,"name":"Астана айналма жолы","name_ru":"Объездная Астаны","name_kk":"Астана айналма жолы","highway":"trunk","importance_weight":4,"kind":"road","source":"OpenStreetMap contributors","sourceId":"osm-major-roads","source_url":"https://www.openstreetmap.org/way/753217989"}},{"type":"Feature","id":"osm_way_753217992","geometry":{"type":"LineString","coordinates":[[71.4534044,51.0351491],[71.4527661,51.0349073]]},"properties":{"osm_way_id":753217992,"name":"Астана айналма жолы","name_ru":"Объездная Астаны","name_kk":"Астана айналма жолы","highway":"trunk","importance_weight":4,"kind":"road","source":"OpenStreetMap contributors","sourceId":"osm-major-roads","source_url":"https://www.openstreetmap.org/way/753217992"}},{"type":"Feature","id":"osm_way_753631004","geometry":{"type":"LineString","coordinates":[[71.4772668,51.1674832],[71.477052,51.1672615]]},"properties":{"osm_way_id":753631004,"name":"Пушкин көшесі","name_ru":"улица Пушкина","name_kk":"Пушкин көшесі","highway":"secondary","importance_weight":2,"kind":"road","source":"OpenStreetMap contributors","sourceId":"osm-major-roads","source_url":"https://www.openstreetmap.org/way/753631004"}},{"type":"Feature","id":"osm_way_753631459","geometry":{"type":"LineString","coordinates":[[71.4482236,51.1855077],[71.4493945,51.1850461],[71.4506117,51.1845813]]},"properties":{"osm_way_id":753631459,"name":"проспект Акжол","name_ru":"проспект Акжол","name_kk":"Akzhol avenue","highway":"secondary","importance_weight":2,"kind":"road","source":"OpenStreetMap contributors","sourceId":"osm-major-roads","source_url":"https://www.openstreetmap.org/way/753631459"}},{"type":"Feature","id":"osm_way_753631460","geometry":{"type":"LineString","coordinates":[[71.4561165,51.1828155],[71.4567198,51.1826219],[71.4572559,51.1824499],[71.4574537,51.182387],[71.4582217,51.1821426],[71.4594708,51.1817268],[71.4634282,51.1804507],[71.463538,51.1804153],[71.4637202,51.1803575],[71.4643298,51.1801639],[71.4650573,51.1799328],[71.4676698,51.1791031],[71.4685326,51.1788199],[71.4687649,51.1787396]]},"properties":{"osm_way_id":753631460,"name":"проспект Акжол","name_ru":"проспект Акжол","name_kk":"Ақжол даңғылы","highway":"secondary","importance_weight":2,"kind":"road","source":"OpenStreetMap contributors","sourceId":"osm-major-roads","source_url":"https://www.openstreetmap.org/way/753631460"}},{"type":"Feature","id":"osm_way_753631461","geometry":{"type":"LineString","coordinates":[[71.4506117,51.1845813],[71.4514296,51.1843531],[71.4523938,51.1840338],[71.4528608,51.1838791],[71.4532293,51.1837571],[71.4542258,51.183427],[71.4561165,51.1828155]]},"properties":{"osm_way_id":753631461,"name":"Әл-Фараби даңғылы","name_ru":"проспект Аль-Фараби","name_kk":"Әл-Фараби даңғылы","highway":"secondary","importance_weight":2,"kind":"road","source":"OpenStreetMap contributors","sourceId":"osm-major-roads","source_url":"https://www.openstreetmap.org/way/753631461"}},{"type":"Feature","id":"osm_way_753631462","geometry":{"type":"LineString","coordinates":[[71.4483594,51.1856183],[71.4479673,51.1858157],[71.4476583,51.1860084],[71.4476381,51.1860196],[71.4475492,51.1861338],[71.4475411,51.1862186],[71.4475395,51.1862662],[71.4475307,51.1865312]]},"properties":{"osm_way_id":753631462,"name":"проспект Акжол","name_ru":"проспект Акжол","name_kk":"Ақжол даңғылы","highway":"secondary","importance_weight":2,"kind":"road","source":"OpenStreetMap contributors","sourceId":"osm-major-roads","source_url":"https://www.openstreetmap.org/way/753631462"}},{"type":"Feature","id":"osm_way_753631464","geometry":{"type":"LineString","coordinates":[[71.4501922,51.1848954],[71.4494884,51.185152],[71.4487799,51.1854504],[71.4483594,51.1856183]]},"properties":{"osm_way_id":753631464,"name":"проспект Акжол","name_ru":"проспект Акжол","name_kk":"Ақжол даңғылы","highway":"secondary","importance_weight":2,"kind":"road","source":"OpenStreetMap contributors","sourceId":"osm-major-roads","source_url":"https://www.openstreetmap.org/way/753631464"}},{"type":"Feature","id":"osm_way_753631465","geometry":{"type":"LineString","coordinates":[[71.456213,51.1829266],[71.4555147,51.183154],[71.4545857,51.1834564],[71.4529503,51.1839889],[71.4521404,51.1842551],[71.4512065,51.184562],[71.4501922,51.1848954]]},"properties":{"osm_way_id":753631465,"name":"проспект Акжол","name_ru":"проспект Акжол","name_kk":"Ақжол даңғылы","highway":"secondary","importance_weight":2,"kind":"road","source":"OpenStreetMap contributors","sourceId":"osm-major-roads","source_url":"https://www.openstreetmap.org/way/753631465"}},{"type":"Feature","id":"osm_way_753632887","geometry":{"type":"LineString","coordinates":[[71.4541157,51.1191401],[71.4542708,51.119118],[71.4567807,51.118745],[71.458513,51.1184596],[71.4598481,51.1182488],[71.462243,51.1178786],[71.4637396,51.1176472],[71.4643738,51.1175492],[71.465812,51.1173165]]},"properties":{"osm_way_id":753632887,"name":"Шәмші Қалдаяқов көшесі","name_ru":"улица Шамши Калдаяков","name_kk":null,"highway":"secondary","importance_weight":2,"kind":"road","source":"OpenStreetMap contributors","sourceId":"osm-major-roads","source_url":"https://www.openstreetmap.org/way/753632887"}},{"type":"Feature","id":"osm_way_753632888","geometry":{"type":"LineString","coordinates":[[71.4542507,51.1195001],[71.4543388,51.1196625],[71.4544514,51.119809],[71.4546129,51.1199688],[71.4547785,51.1200963],[71.4550237,51.1202392],[71.4552643,51.1203559],[71.4555797,51.1204772],[71.4557598,51.1205255],[71.4559938,51.1205717],[71.4562289,51.1206056],[71.4565763,51.1206335],[71.4569047,51.120628],[71.4576273,51.1205916],[71.4601622,51.1204211],[71.4604866,51.1204025],[71.4615079,51.1203441],[71.4628202,51.120269],[71.4635812,51.1202242],[71.4643696,51.1201762],[71.4646775,51.1201575],[71.4661617,51.1200733],[71.4668459,51.1200291],[71.4668729,51.120027],[71.4671845,51.1199992]]},"properties":{"osm_way_id":753632888,"name":"Жұмекен Нәжімеденов көшесі","name_ru":"улица Жумекена Нажимеденова","name_kk":null,"highway":"secondary","importance_weight":2,"kind":"road","source":"OpenStreetMap contributors","sourceId":"osm-major-roads","source_url":"https://www.openstreetmap.org/way/753632888"}},{"type":"Feature","id":"osm_way_753633685","geometry":{"type":"LineString","coordinates":[[71.4117757,51.11819],[71.4116527,51.1174669]]},"properties":{"osm_way_id":753633685,"name":"Қабанбай Батыр даңғылы","name_ru":"проспект Кабанбай Батыра","name_kk":"Қабанбай Батыр даңғылы","highway":"secondary","importance_weight":2,"kind":"road","source":"OpenStreetMap contributors","sourceId":"osm-major-roads","source_url":"https://www.openstreetmap.org/way/753633685"}},{"type":"Feature","id":"osm_way_754284067","geometry":{"type":"LineString","coordinates":[[71.5352315,51.1120753],[71.5355009,51.1120343]]},"properties":{"osm_way_id":754284067,"name":"osm_way_754284067","name_ru":null,"name_kk":null,"highway":"secondary","importance_weight":2,"kind":"road","source":"OpenStreetMap contributors","sourceId":"osm-major-roads","source_url":"https://www.openstreetmap.org/way/754284067"}},{"type":"Feature","id":"osm_way_754284068","geometry":{"type":"LineString","coordinates":[[71.5353652,51.1116936],[71.535097,51.1117348]]},"properties":{"osm_way_id":754284068,"name":"osm_way_754284068","name_ru":null,"name_kk":null,"highway":"secondary","importance_weight":2,"kind":"road","source":"OpenStreetMap contributors","sourceId":"osm-major-roads","source_url":"https://www.openstreetmap.org/way/754284068"}},{"type":"Feature","id":"osm_way_762778201","geometry":{"type":"LineString","coordinates":[[71.4268353,51.1313109],[71.4260214,51.1314401],[71.4258949,51.1314602],[71.4249316,51.131613]]},"properties":{"osm_way_id":762778201,"name":"Қонаев көшесі","name_ru":"улица Кунаева","name_kk":"Қонаев көшесі","highway":"secondary","importance_weight":2,"kind":"road","source":"OpenStreetMap contributors","sourceId":"osm-major-roads","source_url":"https://www.openstreetmap.org/way/762778201"}},{"type":"Feature","id":"osm_way_762778578","geometry":{"type":"LineString","coordinates":[[71.4349595,51.1176919],[71.4349809,51.1177512],[71.4353018,51.1186395],[71.4353644,51.1188053],[71.4354458,51.1190426],[71.4363645,51.121614],[71.4364452,51.1218399]]},"properties":{"osm_way_id":762778578,"name":"Мәңгілік Ел даңғылы","name_ru":"проспект Мангилик Ел","name_kk":"Мәңгілік Ел даңғылы","highway":"secondary","importance_weight":2,"kind":"road","source":"OpenStreetMap contributors","sourceId":"osm-major-roads","source_url":"https://www.openstreetmap.org/way/762778578"}},{"type":"Feature","id":"osm_way_762781546","geometry":{"type":"LineString","coordinates":[[71.4989819,51.1267375],[71.4989391,51.1268002],[71.4987738,51.1270147],[71.4986877,51.1271091],[71.4986727,51.1271299],[71.4985029,51.1273648],[71.4974363,51.1288182],[71.4974147,51.1288477],[71.4972997,51.1290213],[71.4972352,51.1291177]]},"properties":{"osm_way_id":762781546,"name":"Мағжан Жұмабаев даңғылы","name_ru":"проспект Жумабаева","name_kk":"Мағжан Жұмабаев даңғылы","highway":"secondary","importance_weight":2,"kind":"road","source":"OpenStreetMap contributors","sourceId":"osm-major-roads","source_url":"https://www.openstreetmap.org/way/762781546"}},{"type":"Feature","id":"osm_way_762781547","geometry":{"type":"LineString","coordinates":[[71.4999554,51.1250312],[71.4999737,51.124996],[71.5001822,51.1245949],[71.5003002,51.1241908],[71.5003354,51.1239194],[71.500268,51.1234216],[71.500219,51.1230855],[71.5001954,51.1229241],[71.5001579,51.1228148],[71.5000386,51.1224674],[71.4997832,51.1219006],[71.4991766,51.1203865],[71.4991057,51.1202267],[71.4990781,51.1201645],[71.4990169,51.1200265]]},"properties":{"osm_way_id":762781547,"name":"Мағжан Жұмабаев даңғылы","name_ru":"проспект Жумабаева","name_kk":"Мағжан Жұмабаев даңғылы","highway":"secondary","importance_weight":2,"kind":"road","source":"OpenStreetMap contributors","sourceId":"osm-major-roads","source_url":"https://www.openstreetmap.org/way/762781547"}},{"type":"Feature","id":"osm_way_779800657","geometry":{"type":"LineString","coordinates":[[71.445205,51.1410321],[71.4451614,51.1406611],[71.4450506,51.1403486],[71.4449046,51.1400199],[71.4447342,51.1397447],[71.4445636,51.1395026]]},"properties":{"osm_way_id":779800657,"name":"Амман көшесі","name_ru":"улица Амман","name_kk":null,"highway":"secondary","importance_weight":2,"kind":"road","source":"OpenStreetMap contributors","sourceId":"osm-major-roads","source_url":"https://www.openstreetmap.org/way/779800657"}},{"type":"Feature","id":"osm_way_779800658","geometry":{"type":"LineString","coordinates":[[71.4453749,51.1410299],[71.4453366,51.14157],[71.4453332,51.1416837],[71.4453199,51.1418073],[71.445309,51.1419612],[71.4448974,51.1479331],[71.444848,51.1484944],[71.4448387,51.1486156],[71.4448226,51.1488454],[71.4447786,51.149255],[71.4447214,51.1497881],[71.4446924,51.1500484]]},"properties":{"osm_way_id":779800658,"name":"Амман көшесі","name_ru":"улица Амман","name_kk":null,"highway":"secondary","importance_weight":2,"kind":"road","source":"OpenStreetMap contributors","sourceId":"osm-major-roads","source_url":"https://www.openstreetmap.org/way/779800658"}},{"type":"Feature","id":"osm_way_779801636","geometry":{"type":"LineString","coordinates":[[71.4708838,51.1290582],[71.4705631,51.1282728],[71.4703713,51.1278032],[71.4703128,51.127658]]},"properties":{"osm_way_id":779801636,"name":"Тәуелсіздік даңғылы","name_ru":"проспект Тауелсиздик","name_kk":"Тәуелсіздік даңғылы","highway":"secondary","importance_weight":2,"kind":"road","source":"OpenStreetMap contributors","sourceId":"osm-major-roads","source_url":"https://www.openstreetmap.org/way/779801636"}},{"type":"Feature","id":"osm_way_779801637","geometry":{"type":"LineString","coordinates":[[71.4712919,51.1293756],[71.4713052,51.1294809],[71.4713282,51.1296635],[71.4713458,51.1301956],[71.4713099,51.130427],[71.4711577,51.1309014],[71.4710252,51.1311382]]},"properties":{"osm_way_id":779801637,"name":"Тәуелсіздік даңғылы","name_ru":"проспект Тауелсиздик","name_kk":"Тәуелсіздік даңғылы","highway":"secondary","importance_weight":2,"kind":"road","source":"OpenStreetMap contributors","sourceId":"osm-major-roads","source_url":"https://www.openstreetmap.org/way/779801637"}},{"type":"Feature","id":"osm_way_779801638","geometry":{"type":"LineString","coordinates":[[71.4710214,51.1295343],[71.4709799,51.1293364],[71.4708838,51.1290582]]},"properties":{"osm_way_id":779801638,"name":"Тәуелсіздік даңғылы","name_ru":"проспект Тауелсиздик","name_kk":"Тәуелсіздік даңғылы","highway":"secondary","importance_weight":2,"kind":"road","source":"OpenStreetMap contributors","sourceId":"osm-major-roads","source_url":"https://www.openstreetmap.org/way/779801638"}},{"type":"Feature","id":"osm_way_779801639","geometry":{"type":"LineString","coordinates":[[71.470756,51.1310495],[71.4708778,51.1307707],[71.4709702,51.1304706],[71.471004,51.1302419],[71.4710292,51.1300024],[71.4710368,51.1297466],[71.4710214,51.1295343]]},"properties":{"osm_way_id":779801639,"name":"Тәуелсіздік даңғылы","name_ru":"проспект Тауелсиздик","name_kk":"Тәуелсіздік даңғылы","highway":"secondary","importance_weight":2,"kind":"road","source":"OpenStreetMap contributors","sourceId":"osm-major-roads","source_url":"https://www.openstreetmap.org/way/779801639"}},{"type":"Feature","id":"osm_way_779801640","geometry":{"type":"LineString","coordinates":[[71.4710252,51.1311382],[71.4708589,51.1313677],[71.4707291,51.1315451],[71.4706327,51.131681],[71.468864,51.1340961],[71.468633,51.1344123],[71.4673947,51.136107],[71.4670553,51.1365713],[71.4670216,51.1366174],[71.466922,51.136754],[71.4668502,51.1368522],[71.4667592,51.136976],[71.4661232,51.1378582],[71.46565,51.1384947],[71.4651288,51.139208],[71.4645591,51.1399892],[71.4645373,51.1400146],[71.4641679,51.1405229],[71.4638747,51.1409241],[71.4632976,51.1417138]]},"properties":{"osm_way_id":779801640,"name":"Тәуелсіздік даңғылы","name_ru":"проспект Тауелсиздик","name_kk":"Тәуелсіздік даңғылы","highway":"secondary","importance_weight":2,"kind":"road","source":"OpenStreetMap contributors","sourceId":"osm-major-roads","source_url":"https://www.openstreetmap.org/way/779801640"}},{"type":"Feature","id":"osm_way_783654873","geometry":{"type":"LineString","coordinates":[[71.4682103,51.0971575],[71.4687461,51.0969451]]},"properties":{"osm_way_id":783654873,"name":"Керей Және Жәнібек Хандар көшесі","name_ru":"улица Керей и Жанибек хандар","name_kk":"Керей Және Жәнібек Хандар көшесі","highway":"secondary","importance_weight":2,"kind":"road","source":"OpenStreetMap contributors","sourceId":"osm-major-roads","source_url":"https://www.openstreetmap.org/way/783654873"}},{"type":"Feature","id":"osm_way_783654874","geometry":{"type":"LineString","coordinates":[[71.4687461,51.0969451],[71.4704448,51.0963023],[71.4709489,51.0960968],[71.4711609,51.0960077],[71.4714195,51.0958989]]},"properties":{"osm_way_id":783654874,"name":"Керей Және Жәнібек Хандар көшесі","name_ru":"улица Керей и Жанибек хандар","name_kk":"Керей Және Жәнібек Хандар көшесі","highway":"secondary","importance_weight":2,"kind":"road","source":"OpenStreetMap contributors","sourceId":"osm-major-roads","source_url":"https://www.openstreetmap.org/way/783654874"}},{"type":"Feature","id":"osm_way_814806734","geometry":{"type":"LineString","coordinates":[[71.4383469,51.1729359],[71.4382909,51.1729297]]},"properties":{"osm_way_id":814806734,"name":"Сәкен Сейфуллин көшесі","name_ru":"улица Сакена Сейфуллина","name_kk":"Сәкен Сейфуллин көшесі","highway":"secondary","importance_weight":2,"kind":"road","source":"OpenStreetMap contributors","sourceId":"osm-major-roads","source_url":"https://www.openstreetmap.org/way/814806734"}},{"type":"Feature","id":"osm_way_814807513","geometry":{"type":"LineString","coordinates":[[71.4300589,51.1560785],[71.4298637,51.1568666],[71.4298119,51.1570713],[71.4297557,51.1572763],[71.4295946,51.1578514],[71.4294922,51.1582323],[71.4294192,51.1584819],[71.4294029,51.1585375],[71.4292777,51.1590104],[71.4289828,51.1600839],[71.4288209,51.1606985],[71.4288118,51.160733],[71.4287819,51.1608584],[71.4285544,51.1616175],[71.4284784,51.1618525]]},"properties":{"osm_way_id":814807513,"name":"Республика даңғылы","name_ru":"проспект Республики","name_kk":"Республика даңғылы","highway":"primary","importance_weight":3,"kind":"road","source":"OpenStreetMap contributors","sourceId":"osm-major-roads","source_url":"https://www.openstreetmap.org/way/814807513"}},{"type":"Feature","id":"osm_way_835668141","geometry":{"type":"LineString","coordinates":[[71.5061228,51.1976922],[71.5055939,51.1971245]]},"properties":{"osm_way_id":835668141,"name":"Пушкин көшесі","name_ru":"улица Пушкина","name_kk":"Пушкин көшесі","highway":"secondary","importance_weight":2,"kind":"road","source":"OpenStreetMap contributors","sourceId":"osm-major-roads","source_url":"https://www.openstreetmap.org/way/835668141"}},{"type":"Feature","id":"osm_way_835726843","geometry":{"type":"LineString","coordinates":[[71.5007937,51.114752],[71.5013341,51.1146705]]},"properties":{"osm_way_id":835726843,"name":"Жұмекен Нәжімеденов көшесі","name_ru":"улица Жумекена Нажимеденова","name_kk":null,"highway":"secondary","importance_weight":2,"kind":"road","source":"OpenStreetMap contributors","sourceId":"osm-major-roads","source_url":"https://www.openstreetmap.org/way/835726843"}},{"type":"Feature","id":"osm_way_835726845","geometry":{"type":"LineString","coordinates":[[71.5300244,51.1101538],[71.5302739,51.1101167]]},"properties":{"osm_way_id":835726845,"name":"Жұмекен Нәжімеденов көшесі","name_ru":"улица Жумекена Нажимеденова","name_kk":null,"highway":"secondary","importance_weight":2,"kind":"road","source":"OpenStreetMap contributors","sourceId":"osm-major-roads","source_url":"https://www.openstreetmap.org/way/835726845"}},{"type":"Feature","id":"osm_way_846023745","geometry":{"type":"LineString","coordinates":[[71.4623551,51.159788],[71.4637613,51.1592746],[71.464213,51.1590663],[71.4646099,51.1588621],[71.4648438,51.1587242],[71.4649486,51.1586602],[71.4652275,51.1584661],[71.4654674,51.1582779],[71.4657429,51.1580675],[71.466062,51.1577823],[71.466331,51.157456],[71.4664811,51.157234],[71.466722,51.1568776]]},"properties":{"osm_way_id":846023745,"name":"Беласар көпірі","name_ru":"мост Беласар","name_kk":"Беласар көпірі","highway":"secondary","importance_weight":2,"kind":"road","source":"OpenStreetMap contributors","sourceId":"osm-major-roads","source_url":"https://www.openstreetmap.org/way/846023745"}},{"type":"Feature","id":"osm_way_858735196","geometry":{"type":"LineString","coordinates":[[71.3062716,51.1998822],[71.3065213,51.200156],[71.3067437,51.2004079]]},"properties":{"osm_way_id":858735196,"name":"Астана айналма жолы","name_ru":"Объездная Астаны","name_kk":"Астана айналма жолы","highway":"trunk","importance_weight":4,"kind":"road","source":"OpenStreetMap contributors","sourceId":"osm-major-roads","source_url":"https://www.openstreetmap.org/way/858735196"}},{"type":"Feature","id":"osm_way_858735197","geometry":{"type":"LineString","coordinates":[[71.3065135,51.2004846],[71.3061178,51.2000592]]},"properties":{"osm_way_id":858735197,"name":"Астана айналма жолы","name_ru":"Объездная Астаны","name_kk":"Астана айналма жолы","highway":"trunk","importance_weight":4,"kind":"road","source":"OpenStreetMap contributors","sourceId":"osm-major-roads","source_url":"https://www.openstreetmap.org/way/858735197"}},{"type":"Feature","id":"osm_way_900681152","geometry":{"type":"LineString","coordinates":[[71.3074563,51.2011614],[71.307672,51.2013884],[71.3104988,51.2043639]]},"properties":{"osm_way_id":900681152,"name":"Астана айналма жолы","name_ru":"Объездная Астаны","name_kk":"Астана айналма жолы","highway":"trunk","importance_weight":4,"kind":"road","source":"OpenStreetMap contributors","sourceId":"osm-major-roads","source_url":"https://www.openstreetmap.org/way/900681152"}},{"type":"Feature","id":"osm_way_900681153","geometry":{"type":"LineString","coordinates":[[71.3077364,51.2004341],[71.3071919,51.2007278],[71.3069794,51.200828]]},"properties":{"osm_way_id":900681153,"name":"Нұрғиса Тілендиев даңғылы","name_ru":"проспект Нургисы Тлендиева","name_kk":"Нұрғиса Тілендиев даңғылы","highway":"trunk","importance_weight":4,"kind":"road","source":"OpenStreetMap contributors","sourceId":"osm-major-roads","source_url":"https://www.openstreetmap.org/way/900681153"}},{"type":"Feature","id":"osm_way_900681154","geometry":{"type":"LineString","coordinates":[[71.2881429,51.1808865],[71.288354,51.1810981],[71.2887806,51.1815104],[71.2928337,51.185745],[71.2947463,51.1877244]]},"properties":{"osm_way_id":900681154,"name":"Астана айналма жолы","name_ru":"Объездная Астаны","name_kk":"Астана айналма жолы","highway":"trunk","importance_weight":4,"kind":"road","source":"OpenStreetMap contributors","sourceId":"osm-major-roads","source_url":"https://www.openstreetmap.org/way/900681154"}},{"type":"Feature","id":"osm_way_900681155","geometry":{"type":"LineString","coordinates":[[71.2945524,51.1877967],[71.2884073,51.1814007],[71.288197,51.1811888],[71.2880809,51.1810781]]},"properties":{"osm_way_id":900681155,"name":"Астана айналма жолы","name_ru":"Объездная Астаны","name_kk":"Астана айналма жолы","highway":"trunk","importance_weight":4,"kind":"road","source":"OpenStreetMap contributors","sourceId":"osm-major-roads","source_url":"https://www.openstreetmap.org/way/900681155"}},{"type":"Feature","id":"osm_way_900681156","geometry":{"type":"LineString","coordinates":[[71.2863998,51.1790805],[71.2881429,51.1808865]]},"properties":{"osm_way_id":900681156,"name":"Астана айналма жолы","name_ru":"Объездная Астаны","name_kk":"Астана айналма жолы","highway":"trunk","importance_weight":4,"kind":"road","source":"OpenStreetMap contributors","sourceId":"osm-major-roads","source_url":"https://www.openstreetmap.org/way/900681156"}},{"type":"Feature","id":"osm_way_900681157","geometry":{"type":"LineString","coordinates":[[71.2880809,51.1810781],[71.2871825,51.1801352],[71.2863057,51.1792164]]},"properties":{"osm_way_id":900681157,"name":"Астана айналма жолы","name_ru":"Объездная Астаны","name_kk":"Астана айналма жолы","highway":"trunk","importance_weight":4,"kind":"road","source":"OpenStreetMap contributors","sourceId":"osm-major-roads","source_url":"https://www.openstreetmap.org/way/900681157"}},{"type":"Feature","id":"osm_way_903345827","geometry":{"type":"LineString","coordinates":[[71.4705852,51.1276189],[71.4703128,51.127658]]},"properties":{"osm_way_id":903345827,"name":"Рақымжан Қошқарбаев даңғылы","name_ru":"проспект Рахимжана Кошкарбаева","name_kk":"Рақымжан Қошқарбаев даңғылы","highway":"secondary","importance_weight":2,"kind":"road","source":"OpenStreetMap contributors","sourceId":"osm-major-roads","source_url":"https://www.openstreetmap.org/way/903345827"}},{"type":"Feature","id":"osm_way_903345828","geometry":{"type":"LineString","coordinates":[[71.4705852,51.1276189],[71.4706453,51.1277553],[71.4712919,51.1293756]]},"properties":{"osm_way_id":903345828,"name":"Тәуелсіздік даңғылы","name_ru":"проспект Тауелсиздик","name_kk":"Тәуелсіздік даңғылы","highway":"secondary","importance_weight":2,"kind":"road","source":"OpenStreetMap contributors","sourceId":"osm-major-roads","source_url":"https://www.openstreetmap.org/way/903345828"}},{"type":"Feature","id":"osm_way_903345829","geometry":{"type":"LineString","coordinates":[[71.4702581,51.127515],[71.470181,51.1273374],[71.4700638,51.1269892],[71.4692559,51.1252374],[71.4690842,51.124904],[71.4690303,51.1247831],[71.469,51.1247027],[71.468931,51.1245415],[71.4688231,51.1242738],[71.4673265,51.1203472],[71.4672689,51.1202061],[71.4672244,51.1200971]]},"properties":{"osm_way_id":903345829,"name":"Тәуелсіздік даңғылы","name_ru":"проспект Тауелсиздик","name_kk":"Тәуелсіздік даңғылы","highway":"secondary","importance_weight":2,"kind":"road","source":"OpenStreetMap contributors","sourceId":"osm-major-roads","source_url":"https://www.openstreetmap.org/way/903345829"}},{"type":"Feature","id":"osm_way_903345830","geometry":{"type":"LineString","coordinates":[[71.4702581,51.127515],[71.470522,51.1274716]]},"properties":{"osm_way_id":903345830,"name":"Рақымжан Қошқарбаев даңғылы","name_ru":"проспект Рахимжана Кошкарбаева","name_kk":"Рақымжан Қошқарбаев даңғылы","highway":"secondary","importance_weight":2,"kind":"road","source":"OpenStreetMap contributors","sourceId":"osm-major-roads","source_url":"https://www.openstreetmap.org/way/903345830"}},{"type":"Feature","id":"osm_way_903345831","geometry":{"type":"LineString","coordinates":[[71.4582103,51.129381],[71.4584665,51.1293386],[71.458907,51.1292692],[71.4601603,51.1290716],[71.4602268,51.1290612],[71.4604718,51.1290267],[71.4616764,51.1288337],[71.4622382,51.1287426],[71.4635842,51.1285369],[71.4638348,51.1284964],[71.4640029,51.1284705],[71.465456,51.128241],[71.4685506,51.1277683],[71.4698625,51.1275756],[71.469906,51.1275687],[71.4702581,51.127515]]},"properties":{"osm_way_id":903345831,"name":"Рақымжан Қошқарбаев даңғылы","name_ru":"проспект Рахимжана Кошкарбаева","name_kk":"Рақымжан Қошқарбаев даңғылы","highway":"secondary","importance_weight":2,"kind":"road","source":"OpenStreetMap contributors","sourceId":"osm-major-roads","source_url":"https://www.openstreetmap.org/way/903345831"}},{"type":"Feature","id":"osm_way_903345832","geometry":{"type":"LineString","coordinates":[[71.4582639,51.1295363],[71.4580941,51.1295628]]},"properties":{"osm_way_id":903345832,"name":"проспект Рахымжана Кошкарбаева","name_ru":null,"name_kk":null,"highway":"secondary","importance_weight":2,"kind":"road","source":"OpenStreetMap contributors","sourceId":"osm-major-roads","source_url":"https://www.openstreetmap.org/way/903345832"}},{"type":"Feature","id":"osm_way_903345833","geometry":{"type":"LineString","coordinates":[[71.4583419,51.1297328],[71.4586316,51.1304171],[71.4592478,51.1319744],[71.4593004,51.1321073],[71.459319,51.1321514],[71.4593376,51.1321955],[71.4593788,51.1322927],[71.4598239,51.1333448],[71.459847,51.1333852],[71.4600714,51.133778],[71.4603571,51.134135],[71.4606682,51.13442],[71.4607097,51.1344581],[71.4607963,51.1345374],[71.4608576,51.1345936],[71.461032,51.1347296],[71.4610952,51.1347789],[71.4613683,51.1349509],[71.4617461,51.1351623],[71.4620297,51.1352886],[71.4621463,51.1353368],[71.4623067,51.135403],[71.4626347,51.1355175],[71.4628713,51.1355929],[71.4631703,51.1356773],[71.4635876,51.1357972],[71.4644983,51.1360599],[71.4654299,51.136329],[71.4662969,51.1365789],[71.4663654,51.1365986]]},"properties":{"osm_way_id":903345833,"name":"Бауыржан Момышұлы даңғылы","name_ru":"проспект Бауыржана Момышулы","name_kk":"Бауыржан Момышұлы даңғылы","highway":"secondary","importance_weight":2,"kind":"road","source":"OpenStreetMap contributors","sourceId":"osm-major-roads","source_url":"https://www.openstreetmap.org/way/903345833"}},{"type":"Feature","id":"osm_way_903347162","geometry":{"type":"LineString","coordinates":[[71.4853091,51.0875278],[71.4851373,51.0874847],[71.4829344,51.0869925],[71.4827715,51.0869651],[71.4825519,51.0869297],[71.4819886,51.0868867],[71.4809399,51.0868538],[71.4796404,51.0869077],[71.478074,51.0871032],[71.4767852,51.0872826],[71.4740613,51.0876919],[71.4732652,51.087811],[71.4728804,51.0878685],[71.4726452,51.0879069],[71.4717745,51.0880655],[71.4705155,51.0883886],[71.4694233,51.0887439],[71.4690444,51.0888696],[71.4689817,51.0888919],[71.4688525,51.0889379],[71.465748,51.0899401],[71.4648828,51.0901678],[71.4643633,51.0902831],[71.462367,51.0905889],[71.459438,51.0910068]]},"properties":{"osm_way_id":903347162,"name":"Ұлы Дала даңғылы","name_ru":"проспект Улы Дала","name_kk":"Ұлы Дала даңғылы","highway":"secondary","importance_weight":2,"kind":"road","source":"OpenStreetMap contributors","sourceId":"osm-major-roads","source_url":"https://www.openstreetmap.org/way/903347162"}},{"type":"Feature","id":"osm_way_903348089","geometry":{"type":"LineString","coordinates":[[71.4593219,51.0908322],[71.4594134,51.0908172],[71.4622834,51.0904198],[71.464138,51.0901222],[71.4648347,51.0899791],[71.4685842,51.0887904],[71.4686983,51.0887542],[71.468877,51.0886944],[71.4696107,51.0884541],[71.4703092,51.0882311],[71.4715008,51.0879227],[71.472423,51.0877309],[71.4725337,51.0877123],[71.4729401,51.0876438],[71.4744122,51.0874163],[71.4750492,51.0873119],[71.476679,51.0871112],[71.4794754,51.0867309],[71.4808381,51.0866499],[71.4819458,51.0866836],[71.4829376,51.0867839],[71.4840638,51.087019],[71.4844134,51.0870938],[71.485031,51.0872728],[71.4852259,51.0873293],[71.4854124,51.0873581],[71.4862816,51.0876198],[71.4863267,51.0876321]]},"properties":{"osm_way_id":903348089,"name":"Ұлы Дала даңғылы","name_ru":"проспект Улы Дала","name_kk":"Ұлы Дала даңғылы","highway":"secondary","importance_weight":2,"kind":"road","source":"OpenStreetMap contributors","sourceId":"osm-major-roads","source_url":"https://www.openstreetmap.org/way/903348089"}},{"type":"Feature","id":"osm_way_910569073","geometry":{"type":"LineString","coordinates":[[71.4302919,51.1228749],[71.4301783,51.1225879],[71.4301303,51.1224665],[71.4298297,51.1217073],[71.429647,51.121246]]},"properties":{"osm_way_id":910569073,"name":"Түркістан көшесі","name_ru":"улица Туркестан","name_kk":"Түркістан көшесі","highway":"secondary","importance_weight":2,"kind":"road","source":"OpenStreetMap contributors","sourceId":"osm-major-roads","source_url":"https://www.openstreetmap.org/way/910569073"}},{"type":"Feature","id":"osm_way_910571033","geometry":{"type":"LineString","coordinates":[[71.4728804,51.0878685],[71.4729401,51.0876438],[71.4730227,51.0873535],[71.4730412,51.0872886],[71.4730549,51.0872493],[71.4733519,51.0863945],[71.4736423,51.0858796],[71.4739939,51.0853829],[71.4742896,51.0850738],[71.4746347,51.0847581],[71.4749667,51.0844703],[71.4758478,51.0839024],[71.4765168,51.0836152],[71.4777806,51.0832051],[71.4796223,51.0827598],[71.4806261,51.0824576],[71.4811238,51.0822684],[71.4815501,51.0820718],[71.4818363,51.0819022],[71.4822068,51.0816678],[71.4823763,51.0815662]]},"properties":{"osm_way_id":910571033,"name":"Шерхан Мұртаза көшесі","name_ru":"улица Шерхана Муртазы","name_kk":"Шерхан Мұртаза көшесі","highway":"secondary","importance_weight":2,"kind":"road","source":"OpenStreetMap contributors","sourceId":"osm-major-roads","source_url":"https://www.openstreetmap.org/way/910571033"}},{"type":"Feature","id":"osm_way_910571035","geometry":{"type":"LineString","coordinates":[[71.4714195,51.0958989],[71.4714032,51.0957549],[71.4713379,51.0951782],[71.4713603,51.0948926],[71.4715743,51.0938868],[71.4717064,51.0932387],[71.472128,51.0914912],[71.4722241,51.0910283],[71.4728254,51.0881336],[71.4728804,51.0878685]]},"properties":{"osm_way_id":910571035,"name":"Шерхан Мұртаза көшесі","name_ru":"улица Шерхана Муртазы","name_kk":"Шерхан Мұртаза көшесі","highway":"secondary","importance_weight":2,"kind":"road","source":"OpenStreetMap contributors","sourceId":"osm-major-roads","source_url":"https://www.openstreetmap.org/way/910571035"}},{"type":"Feature","id":"osm_way_961517493","geometry":{"type":"LineString","coordinates":[[71.5427257,51.0548892],[71.5450506,51.0553306],[71.5471756,51.0557931],[71.5490651,51.0562445],[71.5517905,51.0570215],[71.5534917,51.057558],[71.5553341,51.0582165],[71.5576534,51.0591304],[71.5594488,51.059911],[71.5613206,51.0608803],[71.5630512,51.0618126],[71.5645883,51.0627153],[71.5658841,51.063551]]},"properties":{"osm_way_id":961517493,"name":"Астана айналма жолы","name_ru":"Объездная Астаны","name_kk":"Астана айналма жолы","highway":"trunk","importance_weight":4,"kind":"road","source":"OpenStreetMap contributors","sourceId":"osm-major-roads","source_url":"https://www.openstreetmap.org/way/961517493"}},{"type":"Feature","id":"osm_way_961517494","geometry":{"type":"LineString","coordinates":[[71.5359555,51.0540481],[71.5388345,51.0543575]]},"properties":{"osm_way_id":961517494,"name":"Астана айналма жолы","name_ru":"Объездная Астаны","name_kk":"Астана айналма жолы","highway":"trunk","importance_weight":4,"kind":"road","source":"OpenStreetMap contributors","sourceId":"osm-major-roads","source_url":"https://www.openstreetmap.org/way/961517494"}},{"type":"Feature","id":"osm_way_961517495","geometry":{"type":"LineString","coordinates":[[71.5388345,51.0543575],[71.5407711,51.0546017],[71.5427257,51.0548892]]},"properties":{"osm_way_id":961517495,"name":"Астана айналма жолы","name_ru":"Объездная Астаны","name_kk":"Астана айналма жолы","highway":"trunk","importance_weight":4,"kind":"road","source":"OpenStreetMap contributors","sourceId":"osm-major-roads","source_url":"https://www.openstreetmap.org/way/961517495"}},{"type":"Feature","id":"osm_way_961517892","geometry":{"type":"LineString","coordinates":[[71.5658859,51.0637315],[71.5647398,51.0629647],[71.5629368,51.0618929],[71.5612103,51.0609628],[71.5593452,51.0599971],[71.557559,51.0592204],[71.5552462,51.0583091],[71.5534108,51.0576531],[71.5517166,51.0571188],[71.5489991,51.0563441]]},"properties":{"osm_way_id":961517892,"name":"Астана айналма жолы","name_ru":"Объездная Астаны","name_kk":"Астана айналма жолы","highway":"trunk","importance_weight":4,"kind":"road","source":"OpenStreetMap contributors","sourceId":"osm-major-roads","source_url":"https://www.openstreetmap.org/way/961517892"}},{"type":"Feature","id":"osm_way_961517893","geometry":{"type":"LineString","coordinates":[[71.5489991,51.0563441],[71.547117,51.0558944],[71.5460574,51.0556638]]},"properties":{"osm_way_id":961517893,"name":"Астана айналма жолы","name_ru":"Объездная Астаны","name_kk":"Астана айналма жолы","highway":"trunk","importance_weight":4,"kind":"road","source":"OpenStreetMap contributors","sourceId":"osm-major-roads","source_url":"https://www.openstreetmap.org/way/961517893"}},{"type":"Feature","id":"osm_way_961517894","geometry":{"type":"LineString","coordinates":[[71.5460574,51.0556638],[71.5449977,51.0554332],[71.5426342,51.0549945]]},"properties":{"osm_way_id":961517894,"name":"Астана айналма жолы","name_ru":"Объездная Астаны","name_kk":"Астана айналма жолы","highway":"trunk","importance_weight":4,"kind":"road","source":"OpenStreetMap contributors","sourceId":"osm-major-roads","source_url":"https://www.openstreetmap.org/way/961517894"}},{"type":"Feature","id":"osm_way_961518464","geometry":{"type":"LineString","coordinates":[[71.5778014,51.1339526],[71.5761393,51.1342281],[71.5735873,51.1346625],[71.5716181,51.1349136]]},"properties":{"osm_way_id":961518464,"name":"Астана-Қарағанды тас жолы","name_ru":"трасса Астана-Караганда","name_kk":null,"highway":"primary","importance_weight":3,"kind":"road","source":"OpenStreetMap contributors","sourceId":"osm-major-roads","source_url":"https://www.openstreetmap.org/way/961518464"}},{"type":"Feature","id":"osm_way_961518465","geometry":{"type":"LineString","coordinates":[[71.545123,51.1357758],[71.5456395,51.135813],[71.5464821,51.135884],[71.5477939,51.1360004],[71.5489542,51.1360945],[71.549418,51.1361295],[71.550067,51.1361656],[71.5507048,51.1361821],[71.5512655,51.1361971],[71.5515618,51.136197],[71.5524975,51.1362103]]},"properties":{"osm_way_id":961518465,"name":"Астана-Қарағанды тас жолы","name_ru":"трасса Астана-Караганда","name_kk":"Астана-Қарағанды тас жолы","highway":"primary","importance_weight":3,"kind":"road","source":"OpenStreetMap contributors","sourceId":"osm-major-roads","source_url":"https://www.openstreetmap.org/way/961518465"}},{"type":"Feature","id":"osm_way_961518466","geometry":{"type":"LineString","coordinates":[[71.5716181,51.1349136],[71.5722742,51.134774],[71.5777235,51.1337973]]},"properties":{"osm_way_id":961518466,"name":"Астана-Қарағанды тас жолы","name_ru":"трасса Астана-Караганда","name_kk":null,"highway":"primary","importance_weight":3,"kind":"road","source":"OpenStreetMap contributors","sourceId":"osm-major-roads","source_url":"https://www.openstreetmap.org/way/961518466"}},{"type":"Feature","id":"osm_way_964634777","geometry":{"type":"LineString","coordinates":[[71.4144146,51.1332385],[71.4143813,51.133046],[71.4143321,51.1326742]]},"properties":{"osm_way_id":964634777,"name":"Қабанбай Батыр даңғылы","name_ru":"проспект Кабанбай Батыра","name_kk":"Қабанбай Батыр даңғылы","highway":"secondary","importance_weight":2,"kind":"road","source":"OpenStreetMap contributors","sourceId":"osm-major-roads","source_url":"https://www.openstreetmap.org/way/964634777"}},{"type":"Feature","id":"osm_way_964636626","geometry":{"type":"LineString","coordinates":[[71.4080427,51.1693012],[71.4082506,51.1693268],[71.409326,51.1694693],[71.4101237,51.1695647],[71.4111087,51.1696972],[71.4113152,51.1697254],[71.411931,51.1698081],[71.4125137,51.1698793],[71.4127221,51.1698967]]},"properties":{"osm_way_id":964636626,"name":"Сәкен Сейфуллин көшесі","name_ru":"улица Сакена Сейфуллина","name_kk":"Сәкен Сейфуллин көшесі","highway":"secondary","importance_weight":2,"kind":"road","source":"OpenStreetMap contributors","sourceId":"osm-major-roads","source_url":"https://www.openstreetmap.org/way/964636626"}},{"type":"Feature","id":"osm_way_964849212","geometry":{"type":"LineString","coordinates":[[71.4601693,51.1460619],[71.4600408,51.1462404],[71.4595576,51.1469121],[71.4592493,51.1473405],[71.458997,51.1476912],[71.4587367,51.148053],[71.4582797,51.1486881],[71.4581114,51.1489246],[71.4580673,51.1489833],[71.4580359,51.1490281],[71.4573103,51.150042],[71.4572387,51.1501348],[71.4571999,51.1501888],[71.4566689,51.1509267],[71.4566391,51.1509681],[71.4564445,51.1512362]]},"properties":{"osm_way_id":964849212,"name":"Тәуелсіздік даңғылы","name_ru":"проспект Тауелсиздик","name_kk":"Тәуелсіздік даңғылы","highway":"secondary","importance_weight":2,"kind":"road","source":"OpenStreetMap contributors","sourceId":"osm-major-roads","source_url":"https://www.openstreetmap.org/way/964849212"}},{"type":"Feature","id":"osm_way_964849214","geometry":{"type":"LineString","coordinates":[[71.4599651,51.1460081],[71.460043,51.1458988]]},"properties":{"osm_way_id":964849214,"name":"Тәуелсіздік даңғылы","name_ru":"проспект Тауелсиздик","name_kk":"Тәуелсіздік даңғылы","highway":"secondary","importance_weight":2,"kind":"road","source":"OpenStreetMap contributors","sourceId":"osm-major-roads","source_url":"https://www.openstreetmap.org/way/964849214"}},{"type":"Feature","id":"osm_way_964849215","geometry":{"type":"LineString","coordinates":[[71.460043,51.1458988],[71.4604879,51.1452744]]},"properties":{"osm_way_id":964849215,"name":"Тәуелсіздік даңғылы","name_ru":"проспект Тауелсиздик","name_kk":"Тәуелсіздік даңғылы","highway":"secondary","importance_weight":2,"kind":"road","source":"OpenStreetMap contributors","sourceId":"osm-major-roads","source_url":"https://www.openstreetmap.org/way/964849215"}},{"type":"Feature","id":"osm_way_965512760","geometry":{"type":"LineString","coordinates":[[71.416002,51.115516],[71.4156009,51.1155724]]},"properties":{"osm_way_id":965512760,"name":"Керей Және Жәнібек Хандар көшесі","name_ru":"улица Керей и Жанибек хандар","name_kk":"Керей Және Жәнібек Хандар көшесі","highway":"secondary","importance_weight":2,"kind":"road","source":"OpenStreetMap contributors","sourceId":"osm-major-roads","source_url":"https://www.openstreetmap.org/way/965512760"}},{"type":"Feature","id":"osm_way_966335513","geometry":{"type":"LineString","coordinates":[[71.4266997,51.12364],[71.4266178,51.12343]]},"properties":{"osm_way_id":966335513,"name":"Ақмешіт көшесі","name_ru":"улица Акмешит","name_kk":"Ақмешіт көшесі","highway":"secondary","importance_weight":2,"kind":"road","source":"OpenStreetMap contributors","sourceId":"osm-major-roads","source_url":"https://www.openstreetmap.org/way/966335513"}},{"type":"Feature","id":"osm_way_966335514","geometry":{"type":"LineString","coordinates":[[71.4126387,51.1258448],[71.4123954,51.1258829],[71.4111887,51.1260719],[71.4090613,51.1264052],[71.4085184,51.126488],[71.408189,51.1265419],[71.407849,51.1265893],[71.40735,51.1266733],[71.4066026,51.1267903],[71.4050358,51.1270359],[71.4049557,51.1270491],[71.4047376,51.1270852]]},"properties":{"osm_way_id":966335514,"name":"Сығанақ көшесі","name_ru":"улица Сыганак","name_kk":"Сығанақ көшесі","highway":"secondary","importance_weight":2,"kind":"road","source":"OpenStreetMap contributors","sourceId":"osm-major-roads","source_url":"https://www.openstreetmap.org/way/966335514"}},{"type":"Feature","id":"osm_way_966335515","geometry":{"type":"LineString","coordinates":[[71.4270331,51.1233582],[71.4275646,51.1232796],[71.4295876,51.1229803],[71.430106,51.1229037],[71.4302919,51.1228749],[71.4305851,51.1228294],[71.4310369,51.1227593],[71.4317742,51.122649],[71.4327891,51.1224972],[71.4329645,51.122471]]},"properties":{"osm_way_id":966335515,"name":"Сығанақ көшесі","name_ru":"улица Сыганак","name_kk":"Сығанақ көшесі","highway":"secondary","importance_weight":2,"kind":"road","source":"OpenStreetMap contributors","sourceId":"osm-major-roads","source_url":"https://www.openstreetmap.org/way/966335515"}},{"type":"Feature","id":"osm_way_975252023","geometry":{"type":"LineString","coordinates":[[71.4468418,51.1846811],[71.4472891,51.1852584],[71.4475318,51.1854982]]},"properties":{"osm_way_id":975252023,"name":"Алаш тас жолы","name_ru":"шоссе Алаш","name_kk":"Алаш тас жолы","highway":"primary","importance_weight":3,"kind":"road","source":"OpenStreetMap contributors","sourceId":"osm-major-roads","source_url":"https://www.openstreetmap.org/way/975252023"}},{"type":"Feature","id":"osm_way_975252024","geometry":{"type":"LineString","coordinates":[[71.4473482,51.1855987],[71.4468625,51.1851402],[71.446579,51.1848067]]},"properties":{"osm_way_id":975252024,"name":"Алаш тас жолы","name_ru":"шоссе Алаш","name_kk":"Алаш тас жолы","highway":"primary","importance_weight":3,"kind":"road","source":"OpenStreetMap contributors","sourceId":"osm-major-roads","source_url":"https://www.openstreetmap.org/way/975252024"}},{"type":"Feature","id":"osm_way_975252025","geometry":{"type":"LineString","coordinates":[[71.4492644,51.186912],[71.4485166,51.1864937],[71.4481384,51.1862506]]},"properties":{"osm_way_id":975252025,"name":"Алаш тас жолы","name_ru":"шоссе Алаш","name_kk":"Алаш тас жолы","highway":"primary","importance_weight":3,"kind":"road","source":"OpenStreetMap contributors","sourceId":"osm-major-roads","source_url":"https://www.openstreetmap.org/way/975252025"}},{"type":"Feature","id":"osm_way_975252026","geometry":{"type":"LineString","coordinates":[[71.4483481,51.1861597],[71.4488284,51.1864579],[71.4494961,51.1868165]]},"properties":{"osm_way_id":975252026,"name":"Алаш тас жолы","name_ru":"шоссе Алаш","name_kk":"Алаш тас жолы","highway":"primary","importance_weight":3,"kind":"road","source":"OpenStreetMap contributors","sourceId":"osm-major-roads","source_url":"https://www.openstreetmap.org/way/975252026"}},{"type":"Feature","id":"osm_way_975252028","geometry":{"type":"LineString","coordinates":[[71.4481384,51.1862506],[71.4477849,51.1859625],[71.4474733,51.1857167],[71.4473482,51.1855987]]},"properties":{"osm_way_id":975252028,"name":"Алаш тас жолы","name_ru":"шоссе Алаш","name_kk":"Алаш тас жолы","highway":"primary","importance_weight":3,"kind":"road","source":"OpenStreetMap contributors","sourceId":"osm-major-roads","source_url":"https://www.openstreetmap.org/way/975252028"}},{"type":"Feature","id":"osm_way_975252029","geometry":{"type":"LineString","coordinates":[[71.4475318,51.1854982],[71.4476232,51.1855886],[71.4479858,51.1858929],[71.4483481,51.1861597]]},"properties":{"osm_way_id":975252029,"name":"Алаш тас жолы","name_ru":"шоссе Алаш","name_kk":"Алаш тас жолы","highway":"primary","importance_weight":3,"kind":"road","source":"OpenStreetMap contributors","sourceId":"osm-major-roads","source_url":"https://www.openstreetmap.org/way/975252029"}},{"type":"Feature","id":"osm_way_1025403961","geometry":{"type":"LineString","coordinates":[[71.537605,51.1173189],[71.5376679,51.1174879],[71.5379402,51.1182192],[71.5386726,51.1200577],[71.5391752,51.121329],[71.5392805,51.1215954],[71.5400974,51.1236045],[71.5402608,51.1240063],[71.5405778,51.1248474],[71.5406906,51.1251467],[71.5407017,51.1251893],[71.5407157,51.125243],[71.5420675,51.1285255],[71.5423665,51.1292704],[71.5425404,51.1296768],[71.5426457,51.1299561],[71.5429553,51.1307778],[71.5430431,51.1309975],[71.5432048,51.1314022],[71.543524,51.1322304],[71.5435659,51.1323704],[71.5437493,51.1329827],[71.5437627,51.1336004],[71.5436799,51.133934],[71.5436152,51.1341945],[71.5433496,51.1346961],[71.543135,51.135026],[71.5426304,51.1357126]]},"properties":{"osm_way_id":1025403961,"name":"Сафуан Шаймерденов көшесі","name_ru":"улица Сафуана Шаймерденова","name_kk":"Сафуан Шаймерденов көшесі","highway":"secondary","importance_weight":2,"kind":"road","source":"OpenStreetMap contributors","sourceId":"osm-major-roads","source_url":"https://www.openstreetmap.org/way/1025403961"}},{"type":"Feature","id":"osm_way_1037217720","geometry":{"type":"LineString","coordinates":[[71.4525733,51.0999093],[71.4528858,51.1007728],[71.4530478,51.1012203],[71.4532812,51.1018896],[71.4535653,51.1024036],[71.4538134,51.1027186],[71.4540175,51.1029236],[71.4542103,51.1030695],[71.4545963,51.1033618],[71.4546129,51.1033743],[71.454774,51.1035008]]},"properties":{"osm_way_id":1037217720,"name":"Әл-Фараби даңғылы","name_ru":"проспект Аль-Фараби","name_kk":"Әл-Фараби даңғылы","highway":"secondary","importance_weight":2,"kind":"road","source":"OpenStreetMap contributors","sourceId":"osm-major-roads","source_url":"https://www.openstreetmap.org/way/1037217720"}},{"type":"Feature","id":"osm_way_1037228862","geometry":{"type":"LineString","coordinates":[[71.450377,51.093796],[71.4504262,51.0939374],[71.4506787,51.0946629],[71.4510031,51.0955952]]},"properties":{"osm_way_id":1037228862,"name":"Әл-Фараби даңғылы","name_ru":"проспект Аль-Фараби","name_kk":"Әл-Фараби даңғылы","highway":"secondary","importance_weight":2,"kind":"road","source":"OpenStreetMap contributors","sourceId":"osm-major-roads","source_url":"https://www.openstreetmap.org/way/1037228862"}},{"type":"Feature","id":"osm_way_1076785068","geometry":{"type":"LineString","coordinates":[[71.462566,51.1083832],[71.4627245,51.1085559],[71.4629831,51.1089025],[71.463143,51.1091566],[71.4633655,51.1095759],[71.4634293,51.1096961]]},"properties":{"osm_way_id":1076785068,"name":"проспект Аль-Фараби","name_ru":"проспект Аль-Фараби","name_kk":null,"highway":"secondary","importance_weight":2,"kind":"road","source":"OpenStreetMap contributors","sourceId":"osm-major-roads","source_url":"https://www.openstreetmap.org/way/1076785068"}},{"type":"Feature","id":"osm_way_1076785069","geometry":{"type":"LineString","coordinates":[[71.4630902,51.1097387],[71.4630889,51.1097356],[71.4630387,51.1096255],[71.4628344,51.1091775],[71.4627018,51.1089583],[71.4626702,51.108906],[71.4625056,51.1086938],[71.4622948,51.1084992]]},"properties":{"osm_way_id":1076785069,"name":"проспект Аль-Фараби","name_ru":"проспект Аль-Фараби","name_kk":null,"highway":"secondary","importance_weight":2,"kind":"road","source":"OpenStreetMap contributors","sourceId":"osm-major-roads","source_url":"https://www.openstreetmap.org/way/1076785069"}},{"type":"Feature","id":"osm_way_1076788055","geometry":{"type":"LineString","coordinates":[[71.4551806,51.1040097],[71.4551082,51.1039619],[71.4546969,51.1037075],[71.4545638,51.1036139]]},"properties":{"osm_way_id":1076788055,"name":"проспект Аль-Фараби","name_ru":null,"name_kk":null,"highway":"secondary","importance_weight":2,"kind":"road","source":"OpenStreetMap contributors","sourceId":"osm-major-roads","source_url":"https://www.openstreetmap.org/way/1076788055"}},{"type":"Feature","id":"osm_way_1076788056","geometry":{"type":"LineString","coordinates":[[71.454774,51.1035008],[71.4549011,51.1035758],[71.4549226,51.1035881],[71.4553853,51.1038613]]},"properties":{"osm_way_id":1076788056,"name":"проспект Аль-Фараби","name_ru":null,"name_kk":null,"highway":"secondary","importance_weight":2,"kind":"road","source":"OpenStreetMap contributors","sourceId":"osm-major-roads","source_url":"https://www.openstreetmap.org/way/1076788056"}},{"type":"Feature","id":"osm_way_1076788057","geometry":{"type":"LineString","coordinates":[[71.4569786,51.10481],[71.4600849,51.1066801]]},"properties":{"osm_way_id":1076788057,"name":"проспект Аль-Фараби","name_ru":"проспект Аль-Фараби","name_kk":null,"highway":"secondary","importance_weight":2,"kind":"road","source":"OpenStreetMap contributors","sourceId":"osm-major-roads","source_url":"https://www.openstreetmap.org/way/1076788057"}},{"type":"Feature","id":"osm_way_1076788058","geometry":{"type":"LineString","coordinates":[[71.4598153,51.10683],[71.4566263,51.1048997]]},"properties":{"osm_way_id":1076788058,"name":"проспект Аль-Фараби","name_ru":"проспект Аль-Фараби","name_kk":null,"highway":"secondary","importance_weight":2,"kind":"road","source":"OpenStreetMap contributors","sourceId":"osm-major-roads","source_url":"https://www.openstreetmap.org/way/1076788058"}},{"type":"Feature","id":"osm_way_1077656402","geometry":{"type":"LineString","coordinates":[[71.4630902,51.1097387],[71.4634293,51.1096961]]},"properties":{"osm_way_id":1077656402,"name":"Иван Панфилов көшесі","name_ru":null,"name_kk":null,"highway":"secondary","importance_weight":2,"kind":"road","source":"OpenStreetMap contributors","sourceId":"osm-major-roads","source_url":"https://www.openstreetmap.org/way/1077656402"}},{"type":"Feature","id":"osm_way_1080184797","geometry":{"type":"LineString","coordinates":[[71.5008276,51.1148579],[71.5005959,51.114894],[71.4996009,51.1150491]]},"properties":{"osm_way_id":1080184797,"name":"Жұмекен Нәжімеденов көшесі","name_ru":"улица Жумекена Нажимеденова","name_kk":null,"highway":"secondary","importance_weight":2,"kind":"road","source":"OpenStreetMap contributors","sourceId":"osm-major-roads","source_url":"https://www.openstreetmap.org/way/1080184797"}},{"type":"Feature","id":"osm_way_1080184798","geometry":{"type":"LineString","coordinates":[[71.5013776,51.114774],[71.5008276,51.1148579]]},"properties":{"osm_way_id":1080184798,"name":"Жұмекен Нәжімеденов көшесі","name_ru":"улица Жумекена Нажимеденова","name_kk":null,"highway":"secondary","importance_weight":2,"kind":"road","source":"OpenStreetMap contributors","sourceId":"osm-major-roads","source_url":"https://www.openstreetmap.org/way/1080184798"}},{"type":"Feature","id":"osm_way_1080184799","geometry":{"type":"LineString","coordinates":[[71.5025939,51.1145851],[71.5016549,51.1147309],[71.501584,51.1147419],[71.5013776,51.114774]]},"properties":{"osm_way_id":1080184799,"name":"Жұмекен Нәжімеденов көшесі","name_ru":"улица Жумекена Нажимеденова","name_kk":null,"highway":"secondary","importance_weight":2,"kind":"road","source":"OpenStreetMap contributors","sourceId":"osm-major-roads","source_url":"https://www.openstreetmap.org/way/1080184799"}},{"type":"Feature","id":"osm_way_1080184800","geometry":{"type":"LineString","coordinates":[[71.4981054,51.1152821],[71.4976463,51.1153538],[71.4973612,51.1153984],[71.4971981,51.1154241],[71.4964862,51.1155335],[71.4963393,51.1155557],[71.4927221,51.1161228],[71.4917486,51.1162699],[71.4916874,51.1162792],[71.4915484,51.1163002],[71.4914763,51.1163131],[71.4912646,51.1163443],[71.4910751,51.1163748],[71.4907945,51.1164196],[71.4899554,51.1165537],[71.4892728,51.1166589],[71.4845517,51.1173866],[71.4842385,51.1174349]]},"properties":{"osm_way_id":1080184800,"name":"Жұмекен Нәжімеденов көшесі","name_ru":"улица Жумекена Нажимеденова","name_kk":null,"highway":"secondary","importance_weight":2,"kind":"road","source":"OpenStreetMap contributors","sourceId":"osm-major-roads","source_url":"https://www.openstreetmap.org/way/1080184800"}},{"type":"Feature","id":"osm_way_1080189792","geometry":{"type":"LineString","coordinates":[[71.5360527,51.1141151],[71.5360101,51.1140219],[71.5358676,51.1136558]]},"properties":{"osm_way_id":1080189792,"name":"Сафуан Шаймерденов көшесі","name_ru":"улица Сафуана Шаймерденова","name_kk":"Сафуан Шаймерденов көшесі","highway":"secondary","importance_weight":2,"kind":"road","source":"OpenStreetMap contributors","sourceId":"osm-major-roads","source_url":"https://www.openstreetmap.org/way/1080189792"}},{"type":"Feature","id":"osm_way_1080189793","geometry":{"type":"LineString","coordinates":[[71.536097,51.1142251],[71.5360527,51.1141151]]},"properties":{"osm_way_id":1080189793,"name":"Сафуан Шаймерденов көшесі","name_ru":"улица Сафуана Шаймерденова","name_kk":"Сафуан Шаймерденов көшесі","highway":"secondary","importance_weight":2,"kind":"road","source":"OpenStreetMap contributors","sourceId":"osm-major-roads","source_url":"https://www.openstreetmap.org/way/1080189793"}},{"type":"Feature","id":"osm_way_1080189795","geometry":{"type":"LineString","coordinates":[[71.5360527,51.1141151],[71.5363157,51.1140797]]},"properties":{"osm_way_id":1080189795,"name":"Ахмет Байтұрсынов даңғылы","name_ru":"улица Ахмета Байтурсынова","name_kk":null,"highway":"secondary","importance_weight":2,"kind":"road","source":"OpenStreetMap contributors","sourceId":"osm-major-roads","source_url":"https://www.openstreetmap.org/way/1080189795"}},{"type":"Feature","id":"osm_way_1086841544","geometry":{"type":"LineString","coordinates":[[71.4270993,51.1246347],[71.4270334,51.1244631]]},"properties":{"osm_way_id":1086841544,"name":"Ақмешіт көшесі","name_ru":"улица Акмешит","name_kk":"Ақмешіт көшесі","highway":"secondary","importance_weight":2,"kind":"road","source":"OpenStreetMap contributors","sourceId":"osm-major-roads","source_url":"https://www.openstreetmap.org/way/1086841544"}},{"type":"Feature","id":"osm_way_1086841545","geometry":{"type":"LineString","coordinates":[[71.4270292,51.1244521],[71.4267536,51.1237728]]},"properties":{"osm_way_id":1086841545,"name":"Ақмешіт көшесі","name_ru":"улица Акмешит","name_kk":"Ақмешіт көшесі","highway":"secondary","importance_weight":2,"kind":"road","source":"OpenStreetMap contributors","sourceId":"osm-major-roads","source_url":"https://www.openstreetmap.org/way/1086841545"}},{"type":"Feature","id":"osm_way_1087660619","geometry":{"type":"LineString","coordinates":[[71.4208048,51.0967724],[71.4210143,51.0973479],[71.4212653,51.0980388],[71.4213331,51.0982253],[71.421385,51.0983682],[71.4214081,51.0984318],[71.4214162,51.0984542],[71.4214221,51.0984703],[71.4217501,51.0993622],[71.4219927,51.1000367],[71.4221806,51.1005583],[71.4222473,51.1007415],[71.4222682,51.1007932]]},"properties":{"osm_way_id":1087660619,"name":"Түркістан көшесі","name_ru":"улица Туркестан","name_kk":"Түркістан көшесі","highway":"secondary","importance_weight":2,"kind":"road","source":"OpenStreetMap contributors","sourceId":"osm-major-roads","source_url":"https://www.openstreetmap.org/way/1087660619"}},{"type":"Feature","id":"osm_way_1087660620","geometry":{"type":"LineString","coordinates":[[71.4236172,51.1052242],[71.4236051,51.1051901],[71.4235599,51.1050641],[71.4235412,51.1050132],[71.4233037,51.104365],[71.422777,51.1028764],[71.4225909,51.102363]]},"properties":{"osm_way_id":1087660620,"name":"Түркістан көшесі","name_ru":"улица Туркестан","name_kk":"Түркістан көшесі","highway":"secondary","importance_weight":2,"kind":"road","source":"OpenStreetMap contributors","sourceId":"osm-major-roads","source_url":"https://www.openstreetmap.org/way/1087660620"}},{"type":"Feature","id":"osm_way_1087660951","geometry":{"type":"LineString","coordinates":[[71.4254265,51.1095646],[71.4255191,51.1098103],[71.4259414,51.1110452],[71.4260573,51.111384]]},"properties":{"osm_way_id":1087660951,"name":"Түркістан көшесі","name_ru":"улица Туркестан","name_kk":"Түркістан көшесі","highway":"secondary","importance_weight":2,"kind":"road","source":"OpenStreetMap contributors","sourceId":"osm-major-roads","source_url":"https://www.openstreetmap.org/way/1087660951"}},{"type":"Feature","id":"osm_way_1095672736","geometry":{"type":"LineString","coordinates":[[71.4268555,51.11398],[71.4267237,51.1138191],[71.4260536,51.1119896],[71.4260308,51.1119268],[71.4258598,51.1114568]]},"properties":{"osm_way_id":1095672736,"name":"Түркістан көшесі","name_ru":"улица Туркестан","name_kk":"Түркістан көшесі","highway":"secondary","importance_weight":2,"kind":"road","source":"OpenStreetMap contributors","sourceId":"osm-major-roads","source_url":"https://www.openstreetmap.org/way/1095672736"}},{"type":"Feature","id":"osm_way_1095672743","geometry":{"type":"LineString","coordinates":[[71.4268555,51.11398],[71.4265793,51.1140184],[71.4257503,51.1141403],[71.4256263,51.1141585]]},"properties":{"osm_way_id":1095672743,"name":"Керей Және Жәнібек Хандар көшесі","name_ru":"улица Керей и Жанибек хандар","name_kk":"Керей Және Жәнібек Хандар көшесі","highway":"secondary","importance_weight":2,"kind":"road","source":"OpenStreetMap contributors","sourceId":"osm-major-roads","source_url":"https://www.openstreetmap.org/way/1095672743"}},{"type":"Feature","id":"osm_way_1115171916","geometry":{"type":"LineString","coordinates":[[71.4087984,51.1943699],[71.4089611,51.194323],[71.4094353,51.1941763],[71.4102841,51.1939121],[71.4108489,51.1937325]]},"properties":{"osm_way_id":1115171916,"name":"Гёте көшесі","name_ru":"улица Гете","name_kk":null,"highway":"secondary","importance_weight":2,"kind":"road","source":"OpenStreetMap contributors","sourceId":"osm-major-roads","source_url":"https://www.openstreetmap.org/way/1115171916"}},{"type":"Feature","id":"osm_way_1149340637","geometry":{"type":"LineString","coordinates":[[71.4511352,51.0966892],[71.4510878,51.096563],[71.450979,51.0962737],[71.4508013,51.0957843],[71.4504396,51.0946962],[71.4504015,51.0945814],[71.450002,51.0934492]]},"properties":{"osm_way_id":1149340637,"name":"Әл-Фараби даңғылы","name_ru":"проспект Аль-Фараби","name_kk":"Әл-Фараби даңғылы","highway":"secondary","importance_weight":2,"kind":"road","source":"OpenStreetMap contributors","sourceId":"osm-major-roads","source_url":"https://www.openstreetmap.org/way/1149340637"}},{"type":"Feature","id":"osm_way_1150323593","geometry":{"type":"LineString","coordinates":[[71.4611304,51.029989],[71.4611731,51.02999],[71.4612284,51.0299998],[71.4612698,51.0300202],[71.4612967,51.0300547],[71.4613095,51.0300932]]},"properties":{"osm_way_id":1150323593,"name":"osm_way_1150323593","name_ru":null,"name_kk":null,"highway":"primary","importance_weight":3,"kind":"road","source":"OpenStreetMap contributors","sourceId":"osm-major-roads","source_url":"https://www.openstreetmap.org/way/1150323593"}},{"type":"Feature","id":"osm_way_1154972681","geometry":{"type":"LineString","coordinates":[[71.4285965,51.0998663],[71.4286443,51.1000218],[71.4286838,51.1001328],[71.4287635,51.1003566],[71.4291974,51.101575],[71.4294767,51.1023591]]},"properties":{"osm_way_id":1154972681,"name":"Мәңгілік Ел даңғылы","name_ru":"проспект Мангилик Ел","name_kk":"Мәңгілік Ел даңғылы","highway":"secondary","importance_weight":2,"kind":"road","source":"OpenStreetMap contributors","sourceId":"osm-major-roads","source_url":"https://www.openstreetmap.org/way/1154972681"}},{"type":"Feature","id":"osm_way_1155938792","geometry":{"type":"LineString","coordinates":[[71.5371895,51.1169499],[71.537145,51.1168369],[71.5368153,51.1160009],[71.5367049,51.1157218],[71.5366355,51.1155466],[71.5364904,51.1151799],[71.5363285,51.114771],[71.5362602,51.1145983],[71.5361308,51.1143071]]},"properties":{"osm_way_id":1155938792,"name":"Сафуан Шаймерденов көшесі","name_ru":"улица Сафуана Шаймерденова","name_kk":"Сафуан Шаймерденов көшесі","highway":"secondary","importance_weight":2,"kind":"road","source":"OpenStreetMap contributors","sourceId":"osm-major-roads","source_url":"https://www.openstreetmap.org/way/1155938792"}},{"type":"Feature","id":"osm_way_1157593428","geometry":{"type":"LineString","coordinates":[[71.4902415,51.204445],[71.4910672,51.2040241],[71.4911368,51.2039967],[71.491817,51.203729],[71.4921907,51.2035864],[71.4933229,51.2031545]]},"properties":{"osm_way_id":1157593428,"name":"69-шы көше","name_ru":"улица 69","name_kk":null,"highway":"secondary","importance_weight":2,"kind":"road","source":"OpenStreetMap contributors","sourceId":"osm-major-roads","source_url":"https://www.openstreetmap.org/way/1157593428"}},{"type":"Feature","id":"osm_way_1157593429","geometry":{"type":"LineString","coordinates":[[71.5065082,51.1981005],[71.506312,51.1981786],[71.5059852,51.1983087],[71.5056566,51.1984395],[71.5052618,51.1985956],[71.5051212,51.1986527]]},"properties":{"osm_way_id":1157593429,"name":"69-шы көше","name_ru":"улица 69","name_kk":null,"highway":"secondary","importance_weight":2,"kind":"road","source":"OpenStreetMap contributors","sourceId":"osm-major-roads","source_url":"https://www.openstreetmap.org/way/1157593429"}},{"type":"Feature","id":"osm_way_1160149307","geometry":{"type":"LineString","coordinates":[[71.4491854,51.0336844],[71.4467713,51.0329658],[71.4457669,51.0326926],[71.4391352,51.0306543],[71.431349,51.0282593],[71.4309659,51.0281621],[71.4206641,51.0252151],[71.4135962,51.0232539],[71.411384,51.02275],[71.4100407,51.0224826],[71.4068056,51.0219283],[71.404618,51.0216453],[71.4031333,51.0215077]]},"properties":{"osm_way_id":1160149307,"name":"Астана айналма жолы","name_ru":"Объездная Астаны","name_kk":"Астана айналма жолы","highway":"trunk","importance_weight":4,"kind":"road","source":"OpenStreetMap contributors","sourceId":"osm-major-roads","source_url":"https://www.openstreetmap.org/way/1160149307"}},{"type":"Feature","id":"osm_way_1160149308","geometry":{"type":"LineString","coordinates":[[71.4031295,51.0214014],[71.4044664,51.0215189],[71.4061332,51.0217439],[71.4061662,51.0217484],[71.4082635,51.0220354],[71.4105402,51.0224651],[71.41276,51.022956],[71.4142154,51.0232936],[71.4188175,51.0245773],[71.4220699,51.0255183],[71.428347,51.0272366],[71.4297897,51.0276752],[71.4329558,51.0286377],[71.4457133,51.0325391],[71.4475128,51.0330542],[71.4492739,51.0335933]]},"properties":{"osm_way_id":1160149308,"name":"Астана айналма жолы","name_ru":"Объездная Астаны","name_kk":"Астана айналма жолы","highway":"trunk","importance_weight":4,"kind":"road","source":"OpenStreetMap contributors","sourceId":"osm-major-roads","source_url":"https://www.openstreetmap.org/way/1160149308"}},{"type":"Feature","id":"osm_way_1160149310","geometry":{"type":"LineString","coordinates":[[71.4031333,51.0215077],[71.4027738,51.0214766]]},"properties":{"osm_way_id":1160149310,"name":"Астана айналма жолы","name_ru":"Объездная Астаны","name_kk":"Астана айналма жолы","highway":"trunk","importance_weight":4,"kind":"road","source":"OpenStreetMap contributors","sourceId":"osm-major-roads","source_url":"https://www.openstreetmap.org/way/1160149310"}},{"type":"Feature","id":"osm_way_1160149311","geometry":{"type":"LineString","coordinates":[[71.4027583,51.0213702],[71.4031295,51.0214014]]},"properties":{"osm_way_id":1160149311,"name":"Астана айналма жолы","name_ru":"Объездная Астаны","name_kk":"Астана айналма жолы","highway":"trunk","importance_weight":4,"kind":"road","source":"OpenStreetMap contributors","sourceId":"osm-major-roads","source_url":"https://www.openstreetmap.org/way/1160149311"}},{"type":"Feature","id":"osm_way_1163649764","geometry":{"type":"LineString","coordinates":[[71.3864402,51.2267713],[71.3865777,51.2264417],[71.3867132,51.2261168],[71.3873997,51.2244713],[71.3885198,51.221843],[71.3886722,51.2215072],[71.3889166,51.2209481]]},"properties":{"osm_way_id":1163649764,"name":"Өндіріс тас жолы","name_ru":"шоссе Ондирис","name_kk":null,"highway":"secondary","importance_weight":2,"kind":"road","source":"OpenStreetMap contributors","sourceId":"osm-major-roads","source_url":"https://www.openstreetmap.org/way/1163649764"}},{"type":"Feature","id":"osm_way_1164714528","geometry":{"type":"LineString","coordinates":[[71.4070385,51.1902282],[71.4069325,51.1906075],[71.4068859,51.1907745],[71.4068502,51.1909218],[71.4067911,51.1911657],[71.4067852,51.1911902],[71.4067323,51.1914034]]},"properties":{"osm_way_id":1164714528,"name":"Жеңіс даңғылы","name_ru":"проспект Женис","name_kk":null,"highway":"secondary","importance_weight":2,"kind":"road","source":"OpenStreetMap contributors","sourceId":"osm-major-roads","source_url":"https://www.openstreetmap.org/way/1164714528"}},{"type":"Feature","id":"osm_way_1164714529","geometry":{"type":"LineString","coordinates":[[71.411108,51.1757017],[71.4110708,51.1758493]]},"properties":{"osm_way_id":1164714529,"name":"Жеңіс даңғылы","name_ru":"проспект Женис","name_kk":null,"highway":"secondary","importance_weight":2,"kind":"road","source":"OpenStreetMap contributors","sourceId":"osm-major-roads","source_url":"https://www.openstreetmap.org/way/1164714529"}},{"type":"Feature","id":"osm_way_1164716138","geometry":{"type":"LineString","coordinates":[[71.3914312,51.19655],[71.3898074,51.1970496],[71.3892365,51.1972184],[71.3888696,51.1973381],[71.3886344,51.1974148],[71.3880574,51.1976044],[71.3876486,51.1977321],[71.3873121,51.1978373],[71.3869199,51.1979839]]},"properties":{"osm_way_id":1164716138,"name":"Конституция көшесі","name_ru":"улица Конституции","name_kk":null,"highway":"secondary","importance_weight":2,"kind":"road","source":"OpenStreetMap contributors","sourceId":"osm-major-roads","source_url":"https://www.openstreetmap.org/way/1164716138"}},{"type":"Feature","id":"osm_way_1165380331","geometry":{"type":"LineString","coordinates":[[71.4184823,51.1766905],[71.4184578,51.1767779],[71.4183466,51.1771774]]},"properties":{"osm_way_id":1165380331,"name":"Бейбітшілік көшесі","name_ru":"улица Бейбитшилик","name_kk":null,"highway":"secondary","importance_weight":2,"kind":"road","source":"OpenStreetMap contributors","sourceId":"osm-major-roads","source_url":"https://www.openstreetmap.org/way/1165380331"}},{"type":"Feature","id":"osm_way_1167852418","geometry":{"type":"LineString","coordinates":[[71.4588448,51.1909552],[71.4582967,51.1907199]]},"properties":{"osm_way_id":1167852418,"name":"Алаш тас жолы","name_ru":"шоссе Алаш","name_kk":"Алаш тас жолы","highway":"primary","importance_weight":3,"kind":"road","source":"OpenStreetMap contributors","sourceId":"osm-major-roads","source_url":"https://www.openstreetmap.org/way/1167852418"}},{"type":"Feature","id":"osm_way_1167852419","geometry":{"type":"LineString","coordinates":[[71.4494961,51.1868165],[71.4505498,51.1872717],[71.4524995,51.1880937],[71.4529715,51.188285],[71.4529974,51.1882965],[71.4531496,51.188375],[71.4537262,51.1886113],[71.4540803,51.188761],[71.4544343,51.1889106],[71.4550404,51.1891775],[71.4552819,51.1892838],[71.4560543,51.1896099],[71.4561373,51.1896448],[71.4581225,51.1904796],[71.4584409,51.1906247],[71.4589027,51.1908226],[71.4589656,51.1908482]]},"properties":{"osm_way_id":1167852419,"name":"Алаш тас жолы","name_ru":"шоссе Алаш","name_kk":"Алаш тас жолы","highway":"primary","importance_weight":3,"kind":"road","source":"OpenStreetMap contributors","sourceId":"osm-major-roads","source_url":"https://www.openstreetmap.org/way/1167852419"}},{"type":"Feature","id":"osm_way_1167852420","geometry":{"type":"LineString","coordinates":[[71.4589656,51.1908482],[71.459534,51.1910789]]},"properties":{"osm_way_id":1167852420,"name":"Алаш тас жолы","name_ru":"шоссе Алаш","name_kk":"Алаш тас жолы","highway":"primary","importance_weight":3,"kind":"road","source":"OpenStreetMap contributors","sourceId":"osm-major-roads","source_url":"https://www.openstreetmap.org/way/1167852420"}},{"type":"Feature","id":"osm_way_1167852421","geometry":{"type":"LineString","coordinates":[[71.4593218,51.19116],[71.4588448,51.1909552]]},"properties":{"osm_way_id":1167852421,"name":"Алаш тас жолы","name_ru":"шоссе Алаш","name_kk":"Алаш тас жолы","highway":"primary","importance_weight":3,"kind":"road","source":"OpenStreetMap contributors","sourceId":"osm-major-roads","source_url":"https://www.openstreetmap.org/way/1167852421"}},{"type":"Feature","id":"osm_way_1175582462","geometry":{"type":"LineString","coordinates":[[71.4046735,51.126925],[71.4048898,51.1268936],[71.4056896,51.1267773],[71.4065644,51.126631],[71.4077698,51.126434],[71.4081248,51.126388],[71.4084499,51.1263331],[71.4091631,51.1262229],[71.4119663,51.1257895],[71.4125305,51.1257016],[71.4125975,51.1256912]]},"properties":{"osm_way_id":1175582462,"name":"Сығанақ көшесі","name_ru":"улица Сыганак","name_kk":"Сығанақ көшесі","highway":"secondary","importance_weight":2,"kind":"road","source":"OpenStreetMap contributors","sourceId":"osm-major-roads","source_url":"https://www.openstreetmap.org/way/1175582462"}},{"type":"Feature","id":"osm_way_1175582463","geometry":{"type":"LineString","coordinates":[[71.4264696,51.1236766],[71.4232287,51.1241741],[71.422945,51.1242177],[71.4226974,51.1242568],[71.4212881,51.1244799],[71.4186373,51.1248977],[71.4183762,51.1249415],[71.4174197,51.125093],[71.417333,51.1251068],[71.4170906,51.1251459]]},"properties":{"osm_way_id":1175582463,"name":"Сығанақ көшесі","name_ru":"улица Сыганак","name_kk":"Сығанақ көшесі","highway":"secondary","importance_weight":2,"kind":"road","source":"OpenStreetMap contributors","sourceId":"osm-major-roads","source_url":"https://www.openstreetmap.org/way/1175582463"}},{"type":"Feature","id":"osm_way_1175582593","geometry":{"type":"LineString","coordinates":[[71.4136075,51.1284238],[71.4135741,51.1282466],[71.4135682,51.1282152],[71.4135092,51.1279019],[71.4134043,51.1273442],[71.4133811,51.127221],[71.4132886,51.1267292]]},"properties":{"osm_way_id":1175582593,"name":"Қабанбай Батыр даңғылы","name_ru":"проспект Кабанбай Батыра","name_kk":"Қабанбай Батыр даңғылы","highway":"secondary","importance_weight":2,"kind":"road","source":"OpenStreetMap contributors","sourceId":"osm-major-roads","source_url":"https://www.openstreetmap.org/way/1175582593"}},{"type":"Feature","id":"osm_way_1175582596","geometry":{"type":"LineString","coordinates":[[71.4130405,51.1256241],[71.4132656,51.1255883]]},"properties":{"osm_way_id":1175582596,"name":"Сығанақ көшесі","name_ru":"улица Сыганак","name_kk":"Сығанақ көшесі","highway":"secondary","importance_weight":2,"kind":"road","source":"OpenStreetMap contributors","sourceId":"osm-major-roads","source_url":"https://www.openstreetmap.org/way/1175582596"}},{"type":"Feature","id":"osm_way_1175584959","geometry":{"type":"LineString","coordinates":[[71.3665446,51.1436653],[71.3675871,51.1434775],[71.3680469,51.1434041],[71.3685048,51.1433331],[71.3703175,51.1430259],[71.3712684,51.1428685],[71.371334,51.1428576]]},"properties":{"osm_way_id":1175584959,"name":"Қайым Мұхамедханов көшесі","name_ru":"улица Кайыма Мухамедханова","name_kk":"Қайым Мұхамедханов көшесі","highway":"secondary","importance_weight":2,"kind":"road","source":"OpenStreetMap contributors","sourceId":"osm-major-roads","source_url":"https://www.openstreetmap.org/way/1175584959"}},{"type":"Feature","id":"osm_way_1175584961","geometry":{"type":"LineString","coordinates":[[71.3713913,51.1430222],[71.3697084,51.1433024],[71.3687488,51.1434649],[71.3683269,51.1435364],[71.3666599,51.1438188],[71.36661,51.1438273]]},"properties":{"osm_way_id":1175584961,"name":"Қайым Мұхамедханов көшесі","name_ru":"улица Кайыма Мухамедханова","name_kk":"Қайым Мұхамедханов көшесі","highway":"secondary","importance_weight":2,"kind":"road","source":"OpenStreetMap contributors","sourceId":"osm-major-roads","source_url":"https://www.openstreetmap.org/way/1175584961"}},{"type":"Feature","id":"osm_way_1177787637","geometry":{"type":"LineString","coordinates":[[71.4169719,51.0969939],[71.4168056,51.097014]]},"properties":{"osm_way_id":1177787637,"name":"Ұлы Дала даңғылы","name_ru":"проспект Улы Дала","name_kk":"Ұлы Дала даңғылы","highway":"secondary","importance_weight":2,"kind":"road","source":"OpenStreetMap contributors","sourceId":"osm-major-roads","source_url":"https://www.openstreetmap.org/way/1177787637"}},{"type":"Feature","id":"osm_way_1177858833","geometry":{"type":"LineString","coordinates":[[71.4207773,51.0966855],[71.4208048,51.0967724]]},"properties":{"osm_way_id":1177858833,"name":"Түркістан көшесі","name_ru":"улица Туркестан","name_kk":"Түркістан көшесі","highway":"secondary","importance_weight":2,"kind":"road","source":"OpenStreetMap contributors","sourceId":"osm-major-roads","source_url":"https://www.openstreetmap.org/way/1177858833"}},{"type":"Feature","id":"osm_way_1179893199","geometry":{"type":"LineString","coordinates":[[71.5501323,51.1500785],[71.5500787,51.1500562],[71.5500382,51.1500249],[71.5500135,51.1499852],[71.5500099,51.1499427],[71.5500277,51.1499017],[71.5500651,51.1498662],[71.550096,51.1498488],[71.5501626,51.1498282],[71.5502365,51.149823],[71.5503087,51.1498341],[71.5503294,51.1498407],[71.550349,51.1498485]]},"properties":{"osm_way_id":1179893199,"name":"Әл-Фараби даңғылы","name_ru":"проспект Аль-Фараби","name_kk":"Әл-Фараби даңғылы","highway":"secondary","importance_weight":2,"kind":"road","source":"OpenStreetMap contributors","sourceId":"osm-major-roads","source_url":"https://www.openstreetmap.org/way/1179893199"}},{"type":"Feature","id":"osm_way_1179911015","geometry":{"type":"LineString","coordinates":[[71.3815435,51.1300236],[71.3803563,51.1301817],[71.3788546,51.1303665],[71.3786872,51.1303871],[71.3782619,51.1304415],[71.3780373,51.1304729],[71.3779017,51.1304895],[71.3764263,51.1306706],[71.3748635,51.1308721],[71.3742406,51.1309524],[71.3731044,51.1311006],[71.3722749,51.1312089],[71.372045,51.1312372],[71.3718751,51.1312589],[71.371707,51.1312803],[71.3706846,51.1314094],[71.3690442,51.1316188],[71.3684867,51.1316899],[71.3674846,51.1318201],[71.3673076,51.1318414],[71.3671064,51.1318704],[71.3665656,51.131943],[71.3655829,51.132064],[71.3652683,51.1321035],[71.3639605,51.1322676],[71.3622447,51.1324853],[71.3621739,51.1324943]]},"properties":{"osm_way_id":1179911015,"name":"Сығанақ көшесі","name_ru":"улица Сыганак","name_kk":"Сығанақ көшесі","highway":"secondary","importance_weight":2,"kind":"road","source":"OpenStreetMap contributors","sourceId":"osm-major-roads","source_url":"https://www.openstreetmap.org/way/1179911015"}},{"type":"Feature","id":"osm_way_1179911016","geometry":{"type":"LineString","coordinates":[[71.3621247,51.1323318],[71.3635622,51.1321575],[71.3636923,51.1321403],[71.3661176,51.1318213],[71.3668412,51.1317283],[71.3670558,51.1317011],[71.3672507,51.1316779],[71.3674344,51.1316523],[71.3674699,51.1316478],[71.3685031,51.1315163],[71.3685528,51.13151],[71.3703044,51.1312861],[71.3713552,51.1311494],[71.3716489,51.1311112],[71.3718212,51.1310888],[71.3719994,51.1310656]]},"properties":{"osm_way_id":1179911016,"name":"Сығанақ көшесі","name_ru":"улица Сыганак","name_kk":"Сығанақ көшесі","highway":"secondary","importance_weight":2,"kind":"road","source":"OpenStreetMap contributors","sourceId":"osm-major-roads","source_url":"https://www.openstreetmap.org/way/1179911016"}},{"type":"Feature","id":"osm_way_1184292630","geometry":{"type":"LineString","coordinates":[[71.4013462,51.1175321],[71.4013792,51.1176393]]},"properties":{"osm_way_id":1184292630,"name":"Тұран даңғылы","name_ru":"проспект Туран","name_kk":"Тұран даңғылы","highway":"primary","importance_weight":3,"kind":"road","source":"OpenStreetMap contributors","sourceId":"osm-major-roads","source_url":"https://www.openstreetmap.org/way/1184292630"}},{"type":"Feature","id":"osm_way_1186144308","geometry":{"type":"LineString","coordinates":[[71.4360029,51.1222124],[71.4344268,51.1224485],[71.433562,51.122578],[71.4335212,51.1225841],[71.4331391,51.1226413],[71.4329129,51.1226752],[71.4323531,51.122759],[71.4320452,51.1228051]]},"properties":{"osm_way_id":1186144308,"name":"Сығанақ көшесі","name_ru":"улица Сыганак","name_kk":"Сығанақ көшесі","highway":"secondary","importance_weight":2,"kind":"road","source":"OpenStreetMap contributors","sourceId":"osm-major-roads","source_url":"https://www.openstreetmap.org/way/1186144308"}},{"type":"Feature","id":"osm_way_1186145847","geometry":{"type":"LineString","coordinates":[[71.4384904,51.1326199],[71.4367746,51.1329328]]},"properties":{"osm_way_id":1186145847,"name":"Сарайшық көшесі","name_ru":"улица Сарайшык","name_kk":"Сарайшық көшесі","highway":"secondary","importance_weight":2,"kind":"road","source":"OpenStreetMap contributors","sourceId":"osm-major-roads","source_url":"https://www.openstreetmap.org/way/1186145847"}},{"type":"Feature","id":"osm_way_1186145848","geometry":{"type":"LineString","coordinates":[[71.4367316,51.1328087],[71.4384472,51.1324947]]},"properties":{"osm_way_id":1186145848,"name":"Сарайшық көшесі","name_ru":"улица Сарайшык","name_kk":"Сарайшық көшесі","highway":"secondary","importance_weight":2,"kind":"road","source":"OpenStreetMap contributors","sourceId":"osm-major-roads","source_url":"https://www.openstreetmap.org/way/1186145848"}},{"type":"Feature","id":"osm_way_1189110903","geometry":{"type":"LineString","coordinates":[[71.5159282,51.1499721],[71.515686,51.1500648],[71.5144981,51.1505184],[71.5131015,51.1510536],[71.5118178,51.1515448],[71.5117331,51.1515771],[71.5115467,51.1516485],[71.5103346,51.1521122]]},"properties":{"osm_way_id":1189110903,"name":"Шәкәрім Құдайбердіұлы даңғылы","name_ru":"проспект Шaкaрима Кудайбердыулы","name_kk":"Шәкәрім Құдайбердіұлы даңғылы","highway":"secondary","importance_weight":2,"kind":"road","source":"OpenStreetMap contributors","sourceId":"osm-major-roads","source_url":"https://www.openstreetmap.org/way/1189110903"}},{"type":"Feature","id":"osm_way_1189111275","geometry":{"type":"LineString","coordinates":[[71.5288869,51.1449525],[71.5287398,51.1448006],[71.5285352,51.144584],[71.5278369,51.1438542],[71.5276049,51.1436139],[71.5271356,51.1431294],[71.5270249,51.1430138],[71.5268308,51.1428106],[71.5258997,51.1418497],[71.5244834,51.1403912]]},"properties":{"osm_way_id":1189111275,"name":"Рақымжан Қошқарбаев даңғылы","name_ru":"проспект Рахимжана Кошкарбаева","name_kk":"Рақымжан Қошқарбаев даңғылы","highway":"secondary","importance_weight":2,"kind":"road","source":"OpenStreetMap contributors","sourceId":"osm-major-roads","source_url":"https://www.openstreetmap.org/way/1189111275"}},{"type":"Feature","id":"osm_way_1189111278","geometry":{"type":"LineString","coordinates":[[71.5258422,51.1461237],[71.5257391,51.1461637],[71.5256319,51.1462052],[71.5255005,51.1462562],[71.5241997,51.1467606],[71.5230044,51.1472242],[71.5228661,51.1472778],[71.522732,51.1473298],[71.5215355,51.1477938],[71.520253,51.1482912],[71.5201182,51.1483434],[71.5199949,51.1483913],[71.5188977,51.1488168],[71.5187722,51.1488654],[71.5186306,51.1489203],[71.5182057,51.1490851]]},"properties":{"osm_way_id":1189111278,"name":"Шәкәрім Құдайбердіұлы даңғылы","name_ru":"проспект Шaкaрима Кудайбердыулы","name_kk":"Шәкәрім Құдайбердіұлы даңғылы","highway":"secondary","importance_weight":2,"kind":"road","source":"OpenStreetMap contributors","sourceId":"osm-major-roads","source_url":"https://www.openstreetmap.org/way/1189111278"}},{"type":"Feature","id":"osm_way_1189549185","geometry":{"type":"LineString","coordinates":[[71.4290311,51.1778487],[71.4267057,51.1775986],[71.4247215,51.1773851],[71.4244901,51.1773602],[71.4243029,51.1773401],[71.4240065,51.1773094]]},"properties":{"osm_way_id":1189549185,"name":"Бөгенбай Батыр даңғылы","name_ru":"проспект Богенбай Батыра","name_kk":null,"highway":"primary","importance_weight":3,"kind":"road","source":"OpenStreetMap contributors","sourceId":"osm-major-roads","source_url":"https://www.openstreetmap.org/way/1189549185"}},{"type":"Feature","id":"osm_way_1189551423","geometry":{"type":"LineString","coordinates":[[71.4027267,51.1273914],[71.4023678,51.127436],[71.4013557,51.1275618],[71.4001642,51.1277098],[71.3999737,51.1277335],[71.3987272,51.1278884],[71.3961061,51.1282141]]},"properties":{"osm_way_id":1189551423,"name":"Сығанақ көшесі","name_ru":"улица Сыганак","name_kk":"Сығанақ көшесі","highway":"secondary","importance_weight":2,"kind":"road","source":"OpenStreetMap contributors","sourceId":"osm-major-roads","source_url":"https://www.openstreetmap.org/way/1189551423"}},{"type":"Feature","id":"osm_way_1189551426","geometry":{"type":"LineString","coordinates":[[71.3961061,51.1282141],[71.3958162,51.1282501],[71.3955245,51.1282864]]},"properties":{"osm_way_id":1189551426,"name":"Сығанақ көшесі","name_ru":"улица Сыганак","name_kk":"Сығанақ көшесі","highway":"secondary","importance_weight":2,"kind":"road","source":"OpenStreetMap contributors","sourceId":"osm-major-roads","source_url":"https://www.openstreetmap.org/way/1189551426"}},{"type":"Feature","id":"osm_way_1198922580","geometry":{"type":"LineString","coordinates":[[71.6279685,51.1354199],[71.6278199,51.1353179],[71.6233173,51.1299304]]},"properties":{"osm_way_id":1198922580,"name":"Астана айналма жолы","name_ru":"Объездная Астаны","name_kk":"Астана айналма жолы","highway":"trunk","importance_weight":4,"kind":"road","source":"OpenStreetMap contributors","sourceId":"osm-major-roads","source_url":"https://www.openstreetmap.org/way/1198922580"}},{"type":"Feature","id":"osm_way_1202676881","geometry":{"type":"LineString","coordinates":[[71.4775373,51.1982821],[71.4776247,51.1983416],[71.4776707,51.1983891],[71.4776756,51.1984303],[71.4776558,51.1984668],[71.477616,51.1985182],[71.4775403,51.1985703],[71.4774181,51.19866]]},"properties":{"osm_way_id":1202676881,"name":"osm_way_1202676881","name_ru":null,"name_kk":null,"highway":"secondary","importance_weight":2,"kind":"road","source":"OpenStreetMap contributors","sourceId":"osm-major-roads","source_url":"https://www.openstreetmap.org/way/1202676881"}},{"type":"Feature","id":"osm_way_1203401847","geometry":{"type":"LineString","coordinates":[[71.5511091,51.1502113],[71.5503912,51.1500403]]},"properties":{"osm_way_id":1203401847,"name":"Әл-Фараби даңғылы","name_ru":"проспект Аль-Фараби","name_kk":"Әл-Фараби даңғылы","highway":"secondary","importance_weight":2,"kind":"road","source":"OpenStreetMap contributors","sourceId":"osm-major-roads","source_url":"https://www.openstreetmap.org/way/1203401847"}},{"type":"Feature","id":"osm_way_1203401848","geometry":{"type":"LineString","coordinates":[[71.5504287,51.1499193],[71.5511091,51.1502113]]},"properties":{"osm_way_id":1203401848,"name":"Әл-Фараби даңғылы","name_ru":"проспект Аль-Фараби","name_kk":"Әл-Фараби даңғылы","highway":"secondary","importance_weight":2,"kind":"road","source":"OpenStreetMap contributors","sourceId":"osm-major-roads","source_url":"https://www.openstreetmap.org/way/1203401848"}},{"type":"Feature","id":"osm_way_1203401849","geometry":{"type":"LineString","coordinates":[[71.5495641,51.1499319],[71.5500651,51.1498662]]},"properties":{"osm_way_id":1203401849,"name":"Әл-Фараби даңғылы","name_ru":"проспект Аль-Фараби","name_kk":"Әл-Фараби даңғылы","highway":"secondary","importance_weight":2,"kind":"road","source":"OpenStreetMap contributors","sourceId":"osm-major-roads","source_url":"https://www.openstreetmap.org/way/1203401849"}},{"type":"Feature","id":"osm_way_1203401850","geometry":{"type":"LineString","coordinates":[[71.5500382,51.1500249],[71.5495614,51.1500051]]},"properties":{"osm_way_id":1203401850,"name":"Әл-Фараби даңғылы","name_ru":"проспект Аль-Фараби","name_kk":"Әл-Фараби даңғылы","highway":"secondary","importance_weight":2,"kind":"road","source":"OpenStreetMap contributors","sourceId":"osm-major-roads","source_url":"https://www.openstreetmap.org/way/1203401850"}},{"type":"Feature","id":"osm_way_1204810169","geometry":{"type":"LineString","coordinates":[[71.550349,51.1498485],[71.5503987,51.1498801],[71.5504287,51.1499193],[71.5504372,51.1499615],[71.5504243,51.1500032],[71.5503912,51.1500403],[71.5503411,51.1500691],[71.5502746,51.1500874],[71.5502022,51.1500906],[71.5501323,51.1500785]]},"properties":{"osm_way_id":1204810169,"name":"Әл-Фараби даңғылы","name_ru":"проспект Аль-Фараби","name_kk":"Әл-Фараби даңғылы","highway":"secondary","importance_weight":2,"kind":"road","source":"OpenStreetMap contributors","sourceId":"osm-major-roads","source_url":"https://www.openstreetmap.org/way/1204810169"}},{"type":"Feature","id":"osm_way_1214275394","geometry":{"type":"LineString","coordinates":[[71.486137,51.0877368],[71.4859664,51.087697],[71.485513,51.0875803],[71.4853091,51.0875278]]},"properties":{"osm_way_id":1214275394,"name":"Ұлы Дала даңғылы","name_ru":"проспект Улы Дала","name_kk":"Ұлы Дала даңғылы","highway":"secondary","importance_weight":2,"kind":"road","source":"OpenStreetMap contributors","sourceId":"osm-major-roads","source_url":"https://www.openstreetmap.org/way/1214275394"}},{"type":"Feature","id":"osm_way_1214911286","geometry":{"type":"LineString","coordinates":[[71.536358,51.114186],[71.536097,51.1142251]]},"properties":{"osm_way_id":1214911286,"name":"Ахмет Байтұрсынов даңғылы","name_ru":"улица Ахмета Байтурсынова","name_kk":null,"highway":"secondary","importance_weight":2,"kind":"road","source":"OpenStreetMap contributors","sourceId":"osm-major-roads","source_url":"https://www.openstreetmap.org/way/1214911286"}},{"type":"Feature","id":"osm_way_1328815797","geometry":{"type":"LineString","coordinates":[[71.3957595,51.12809],[71.3960421,51.1280588],[71.3961783,51.128039],[71.397139,51.1279217],[71.3973298,51.1279002],[71.3982591,51.1277855],[71.3983813,51.1277705],[71.3999186,51.1275809],[71.4001162,51.1275564],[71.4013044,51.1274089],[71.4028434,51.1272198]]},"properties":{"osm_way_id":1328815797,"name":"Сығанақ көшесі","name_ru":"улица Сыганак","name_kk":"Сығанақ көшесі","highway":"secondary","importance_weight":2,"kind":"road","source":"OpenStreetMap contributors","sourceId":"osm-major-roads","source_url":"https://www.openstreetmap.org/way/1328815797"}},{"type":"Feature","id":"osm_way_1348755685","geometry":{"type":"LineString","coordinates":[[71.5374498,51.11691],[71.537605,51.1173189]]},"properties":{"osm_way_id":1348755685,"name":"Сафуан Шаймерденов көшесі","name_ru":"улица Сафуана Шаймерденова","name_kk":"Сафуан Шаймерденов көшесі","highway":"secondary","importance_weight":2,"kind":"road","source":"OpenStreetMap contributors","sourceId":"osm-major-roads","source_url":"https://www.openstreetmap.org/way/1348755685"}},{"type":"Feature","id":"osm_way_1348755690","geometry":{"type":"LineString","coordinates":[[71.4958646,51.1314635],[71.4966357,51.131675],[71.497252,51.1318473],[71.4980956,51.1320832],[71.4986658,51.1322426],[71.4995229,51.1324814],[71.4998,51.1325634],[71.5000795,51.1326461],[71.5005607,51.1327836],[71.5010139,51.1329132],[71.5023528,51.133296],[71.5028401,51.1334353],[71.5036914,51.1336778]]},"properties":{"osm_way_id":1348755690,"name":"Айнакөл көшесі","name_ru":"улица Айнаколь","name_kk":null,"highway":"secondary","importance_weight":2,"kind":"road","source":"OpenStreetMap contributors","sourceId":"osm-major-roads","source_url":"https://www.openstreetmap.org/way/1348755690"}},{"type":"Feature","id":"osm_way_1348755710","geometry":{"type":"LineString","coordinates":[[71.4498196,51.0922092],[71.4498718,51.0923612],[71.4499017,51.092449]]},"properties":{"osm_way_id":1348755710,"name":"Әл-Фараби даңғылы","name_ru":"проспект Аль-Фараби","name_kk":"Әл-Фараби даңғылы","highway":"secondary","importance_weight":2,"kind":"road","source":"OpenStreetMap contributors","sourceId":"osm-major-roads","source_url":"https://www.openstreetmap.org/way/1348755710"}},{"type":"Feature","id":"osm_way_1348755711","geometry":{"type":"LineString","coordinates":[[71.449656,51.092479],[71.4496452,51.0924489],[71.4496298,51.0923848],[71.4495759,51.0922455]]},"properties":{"osm_way_id":1348755711,"name":"Әл-Фараби даңғылы","name_ru":"проспект Аль-Фараби","name_kk":"Әл-Фараби даңғылы","highway":"secondary","importance_weight":2,"kind":"road","source":"OpenStreetMap contributors","sourceId":"osm-major-roads","source_url":"https://www.openstreetmap.org/way/1348755711"}},{"type":"Feature","id":"osm_way_1350998946","geometry":{"type":"LineString","coordinates":[[71.3809251,51.0030112],[71.3798737,51.0020779],[71.3797674,51.0019836],[71.3784997,51.0009056],[71.3780596,51.0005313],[71.3779807,51.0004642],[71.3778719,51.000372],[71.3776924,51.00022],[71.3774551,51.000019],[71.3757209,50.9985499],[71.3752626,50.9981617],[71.374427,50.9974537],[71.3743017,50.9973476],[71.3737432,50.996859],[71.3730092,50.9962167],[71.3721689,50.9955129],[71.3719821,50.9953564],[71.371923,50.9953069],[71.3716093,50.9950441],[71.3713083,50.994792],[71.3706448,50.9942362],[71.3703116,50.9939571],[71.3699195,50.9936382],[71.3695393,50.9933242]]},"properties":{"osm_way_id":1350998946,"name":"Республика көшесі","name_ru":"улица Республики","name_kk":null,"highway":"secondary","importance_weight":2,"kind":"road","source":"OpenStreetMap contributors","sourceId":"osm-major-roads","source_url":"https://www.openstreetmap.org/way/1350998946"}},{"type":"Feature","id":"osm_way_1353724061","geometry":{"type":"LineString","coordinates":[[71.5405657,51.152155],[71.5390542,51.1527034]]},"properties":{"osm_way_id":1353724061,"name":"Ақжол даңғылы","name_ru":"проспект Акжол","name_kk":"Ақжол даңғылы","highway":"secondary","importance_weight":2,"kind":"road","source":"OpenStreetMap contributors","sourceId":"osm-major-roads","source_url":"https://www.openstreetmap.org/way/1353724061"}},{"type":"Feature","id":"osm_way_1364232974","geometry":{"type":"LineString","coordinates":[[71.4193659,51.142148],[71.419353,51.142129],[71.4184006,51.1406093],[71.418117,51.1401567]]},"properties":{"osm_way_id":1364232974,"name":"Қабанбай Батыр даңғылы","name_ru":"проспект Кабанбай Батыра","name_kk":"Қабанбай Батыр даңғылы","highway":"secondary","importance_weight":2,"kind":"road","source":"OpenStreetMap contributors","sourceId":"osm-major-roads","source_url":"https://www.openstreetmap.org/way/1364232974"}},{"type":"Feature","id":"osm_way_1373014070","geometry":{"type":"LineString","coordinates":[[71.4749192,51.1267967],[71.4752836,51.1267319],[71.4761116,51.1265854],[71.4763367,51.1265456]]},"properties":{"osm_way_id":1373014070,"name":"проспект Кошкарбаева","name_ru":null,"name_kk":null,"highway":"secondary","importance_weight":2,"kind":"road","source":"OpenStreetMap contributors","sourceId":"osm-major-roads","source_url":"https://www.openstreetmap.org/way/1373014070"}},{"type":"Feature","id":"osm_way_1376683977","geometry":{"type":"LineString","coordinates":[[71.4105141,51.2006576],[71.4104684,51.200754]]},"properties":{"osm_way_id":1376683977,"name":"Үшқоңыр көшесі","name_ru":"улица Ушконыр","name_kk":null,"highway":"secondary","importance_weight":2,"kind":"road","source":"OpenStreetMap contributors","sourceId":"osm-major-roads","source_url":"https://www.openstreetmap.org/way/1376683977"}},{"type":"Feature","id":"osm_way_1385143683","geometry":{"type":"LineString","coordinates":[[71.5302739,51.1101167],[71.5313503,51.1099517]]},"properties":{"osm_way_id":1385143683,"name":"Жұмекен Нәжімеденов көшесі","name_ru":"улица Жумекена Нажимеденова","name_kk":null,"highway":"secondary","importance_weight":2,"kind":"road","source":"OpenStreetMap contributors","sourceId":"osm-major-roads","source_url":"https://www.openstreetmap.org/way/1385143683"}},{"type":"Feature","id":"osm_way_1385143684","geometry":{"type":"LineString","coordinates":[[71.5313876,51.1100439],[71.5303113,51.1102106]]},"properties":{"osm_way_id":1385143684,"name":"Жұмекен Нәжімеденов көшесі","name_ru":"улица Жумекена Нажимеденова","name_kk":null,"highway":"secondary","importance_weight":2,"kind":"road","source":"OpenStreetMap contributors","sourceId":"osm-major-roads","source_url":"https://www.openstreetmap.org/way/1385143684"}},{"type":"Feature","id":"osm_way_1393750056","geometry":{"type":"LineString","coordinates":[[71.3618814,51.1323627],[71.3621247,51.1323318]]},"properties":{"osm_way_id":1393750056,"name":"Сығанақ көшесі","name_ru":"улица Сыганак","name_kk":"Сығанақ көшесі","highway":"secondary","importance_weight":2,"kind":"road","source":"OpenStreetMap contributors","sourceId":"osm-major-roads","source_url":"https://www.openstreetmap.org/way/1393750056"}},{"type":"Feature","id":"osm_way_1393750057","geometry":{"type":"LineString","coordinates":[[71.3621739,51.1324943],[71.3619334,51.1325263]]},"properties":{"osm_way_id":1393750057,"name":"Сығанақ көшесі","name_ru":"улица Сыганак","name_kk":"Сығанақ көшесі","highway":"secondary","importance_weight":2,"kind":"road","source":"OpenStreetMap contributors","sourceId":"osm-major-roads","source_url":"https://www.openstreetmap.org/way/1393750057"}},{"type":"Feature","id":"osm_way_1393750058","geometry":{"type":"LineString","coordinates":[[71.3619334,51.1325263],[71.3619866,51.1326505]]},"properties":{"osm_way_id":1393750058,"name":"Шыңғыс Айтматов көшесі","name_ru":"улица Чингиза Айтматова","name_kk":"Шыңғыс Айтматов көшесі","highway":"secondary","importance_weight":2,"kind":"road","source":"OpenStreetMap contributors","sourceId":"osm-major-roads","source_url":"https://www.openstreetmap.org/way/1393750058"}},{"type":"Feature","id":"osm_way_1393750059","geometry":{"type":"LineString","coordinates":[[71.3617282,51.1326832],[71.3616792,51.1325579],[71.3616107,51.1323975]]},"properties":{"osm_way_id":1393750059,"name":"Шыңғыс Айтматов көшесі","name_ru":"улица Чингиза Айтматова","name_kk":"Шыңғыс Айтматов көшесі","highway":"secondary","importance_weight":2,"kind":"road","source":"OpenStreetMap contributors","sourceId":"osm-major-roads","source_url":"https://www.openstreetmap.org/way/1393750059"}},{"type":"Feature","id":"osm_way_1409787467","geometry":{"type":"LineString","coordinates":[[71.3968438,51.1472941],[71.3968773,51.1474346]]},"properties":{"osm_way_id":1409787467,"name":"osm_way_1409787467","name_ru":null,"name_kk":null,"highway":"primary","importance_weight":3,"kind":"road","source":"OpenStreetMap contributors","sourceId":"osm-major-roads","source_url":"https://www.openstreetmap.org/way/1409787467"}},{"type":"Feature","id":"osm_way_1409787468","geometry":{"type":"LineString","coordinates":[[71.3968773,51.1474346],[71.3966718,51.1473194]]},"properties":{"osm_way_id":1409787468,"name":"osm_way_1409787468","name_ru":null,"name_kk":null,"highway":"primary","importance_weight":3,"kind":"road","source":"OpenStreetMap contributors","sourceId":"osm-major-roads","source_url":"https://www.openstreetmap.org/way/1409787468"}},{"type":"Feature","id":"osm_way_1410839110","geometry":{"type":"LineString","coordinates":[[71.3403914,51.1896603],[71.3405734,51.1896158],[71.3408246,51.1895541],[71.3448655,51.1885619],[71.3451221,51.1884996]]},"properties":{"osm_way_id":1410839110,"name":"Нұрғиса Тілендиев даңғылы","name_ru":"проспект Нургисы Тлендиева","name_kk":"Нұрғиса Тілендиев даңғылы","highway":"primary","importance_weight":3,"kind":"road","source":"OpenStreetMap contributors","sourceId":"osm-major-roads","source_url":"https://www.openstreetmap.org/way/1410839110"}},{"type":"Feature","id":"osm_way_1410839111","geometry":{"type":"LineString","coordinates":[[71.3341596,51.1913552],[71.3319815,51.191901],[71.3296647,51.1924664],[71.325689,51.1934367],[71.3217484,51.1943944]]},"properties":{"osm_way_id":1410839111,"name":"Нұрғиса Тілендиев даңғылы","name_ru":"проспект Нургисы Тлендиева","name_kk":"Нұрғиса Тілендиев даңғылы","highway":"primary","importance_weight":3,"kind":"road","source":"OpenStreetMap contributors","sourceId":"osm-major-roads","source_url":"https://www.openstreetmap.org/way/1410839111"}},{"type":"Feature","id":"osm_way_1412103533","geometry":{"type":"LineString","coordinates":[[71.4076325,51.1881108],[71.4074066,51.1890204],[71.4072688,51.1894736],[71.407157,51.1898504],[71.4071162,51.1899879],[71.4070385,51.1902282]]},"properties":{"osm_way_id":1412103533,"name":"Жеңіс даңғылы","name_ru":"проспект Женис","name_kk":null,"highway":"secondary","importance_weight":2,"kind":"road","source":"OpenStreetMap contributors","sourceId":"osm-major-roads","source_url":"https://www.openstreetmap.org/way/1412103533"}},{"type":"Feature","id":"osm_way_1412103534","geometry":{"type":"LineString","coordinates":[[71.4084947,51.1851376],[71.4084615,51.1852533],[71.4084217,51.1853981],[71.4082175,51.1861411],[71.4081346,51.1864429],[71.4078917,51.1872418],[71.4077049,51.1878562],[71.4076638,51.1879914]]},"properties":{"osm_way_id":1412103534,"name":"Жеңіс даңғылы","name_ru":"проспект Женис","name_kk":null,"highway":"secondary","importance_weight":2,"kind":"road","source":"OpenStreetMap contributors","sourceId":"osm-major-roads","source_url":"https://www.openstreetmap.org/way/1412103534"}},{"type":"Feature","id":"osm_way_1412930829","geometry":{"type":"LineString","coordinates":[[71.4076638,51.1879914],[71.4076325,51.1881108]]},"properties":{"osm_way_id":1412930829,"name":"Жеңіс даңғылы","name_ru":"проспект Женис","name_kk":null,"highway":"secondary","importance_weight":2,"kind":"road","source":"OpenStreetMap contributors","sourceId":"osm-major-roads","source_url":"https://www.openstreetmap.org/way/1412930829"}},{"type":"Feature","id":"osm_way_1414606577","geometry":{"type":"LineString","coordinates":[[71.3965565,51.1473372],[71.3966718,51.1473194],[71.3968438,51.1472941],[71.397151,51.1472464],[71.3972757,51.1472266],[71.3993591,51.1468964],[71.4000972,51.1467907],[71.4008434,51.1466839],[71.4012633,51.1466238],[71.4051827,51.1460332]]},"properties":{"osm_way_id":1414606577,"name":"Қорғалжын тас жолы","name_ru":"Коргалжинское шоссе","name_kk":"Қорғалжын тас жолы","highway":"primary","importance_weight":3,"kind":"road","source":"OpenStreetMap contributors","sourceId":"osm-major-roads","source_url":"https://www.openstreetmap.org/way/1414606577"}},{"type":"Feature","id":"osm_way_1414606578","geometry":{"type":"LineString","coordinates":[[71.405774,51.1460707],[71.4050098,51.146188],[71.4044742,51.1462702],[71.4039387,51.1463524],[71.4005458,51.1468732],[71.3994123,51.1470324],[71.3987978,51.1471229],[71.3984613,51.1471725],[71.3979375,51.1472496],[71.397201,51.1473844],[71.3968773,51.1474346],[71.3966058,51.1474756]]},"properties":{"osm_way_id":1414606578,"name":"Қорғалжын тас жолы","name_ru":"Коргалжинское шоссе","name_kk":"Қорғалжын тас жолы","highway":"primary","importance_weight":3,"kind":"road","source":"OpenStreetMap contributors","sourceId":"osm-major-roads","source_url":"https://www.openstreetmap.org/way/1414606578"}},{"type":"Feature","id":"osm_way_1414615361","geometry":{"type":"LineString","coordinates":[[71.5041394,51.1476026],[71.503963,51.1476693],[71.5038299,51.1477197],[71.5036229,51.1478002]]},"properties":{"osm_way_id":1414615361,"name":"Абылай Хан даңғылы","name_ru":"проспект Абылай Хана","name_kk":"Абылай Хан даңғылы","highway":"primary","importance_weight":3,"kind":"road","source":"OpenStreetMap contributors","sourceId":"osm-major-roads","source_url":"https://www.openstreetmap.org/way/1414615361"}},{"type":"Feature","id":"osm_way_1414615362","geometry":{"type":"LineString","coordinates":[[71.5055736,51.1470482],[71.5050476,51.1472551]]},"properties":{"osm_way_id":1414615362,"name":"Абылай Хан даңғылы","name_ru":"проспект Абылай Хана","name_kk":"Абылай Хан даңғылы","highway":"primary","importance_weight":3,"kind":"road","source":"OpenStreetMap contributors","sourceId":"osm-major-roads","source_url":"https://www.openstreetmap.org/way/1414615362"}},{"type":"Feature","id":"osm_way_1414615364","geometry":{"type":"LineString","coordinates":[[71.5037996,51.1475067],[71.5038299,51.1477197]]},"properties":{"osm_way_id":1414615364,"name":"Бауыржан Момышұлы даңғылы","name_ru":"проспект Бауыржана Момышулы","name_kk":"Бауыржан Момышұлы даңғылы","highway":"secondary","importance_weight":2,"kind":"road","source":"OpenStreetMap contributors","sourceId":"osm-major-roads","source_url":"https://www.openstreetmap.org/way/1414615364"}},{"type":"Feature","id":"osm_way_1414638424","geometry":{"type":"LineString","coordinates":[[71.4124478,51.1220816],[71.4122061,51.1206743]]},"properties":{"osm_way_id":1414638424,"name":"Қабанбай Батыр даңғылы","name_ru":"проспект Кабанбай Батыра","name_kk":"Қабанбай Батыр даңғылы","highway":"secondary","importance_weight":2,"kind":"road","source":"OpenStreetMap contributors","sourceId":"osm-major-roads","source_url":"https://www.openstreetmap.org/way/1414638424"}},{"type":"Feature","id":"osm_way_1414638425","geometry":{"type":"LineString","coordinates":[[71.4124478,51.1220816],[71.41247,51.1222112],[71.4124903,51.1223295]]},"properties":{"osm_way_id":1414638425,"name":"Қабанбай Батыр даңғылы","name_ru":"проспект Кабанбай Батыра","name_kk":"Қабанбай Батыр даңғылы","highway":"secondary","importance_weight":2,"kind":"road","source":"OpenStreetMap contributors","sourceId":"osm-major-roads","source_url":"https://www.openstreetmap.org/way/1414638425"}},{"type":"Feature","id":"osm_way_1414760522","geometry":{"type":"LineString","coordinates":[[71.4267536,51.1237728],[71.4266997,51.12364]]},"properties":{"osm_way_id":1414760522,"name":"Ақмешіт көшесі","name_ru":"улица Акмешит","name_kk":"Ақмешіт көшесі","highway":"secondary","importance_weight":2,"kind":"road","source":"OpenStreetMap contributors","sourceId":"osm-major-roads","source_url":"https://www.openstreetmap.org/way/1414760522"}},{"type":"Feature","id":"osm_way_1414760523","geometry":{"type":"LineString","coordinates":[[71.4266178,51.12343],[71.4265889,51.1233553]]},"properties":{"osm_way_id":1414760523,"name":"Ақмешіт көшесі","name_ru":"улица Акмешит","name_kk":"Ақмешіт көшесі","highway":"secondary","importance_weight":2,"kind":"road","source":"OpenStreetMap contributors","sourceId":"osm-major-roads","source_url":"https://www.openstreetmap.org/way/1414760523"}},{"type":"Feature","id":"osm_way_1414760527","geometry":{"type":"LineString","coordinates":[[71.4266997,51.12364],[71.4264696,51.1236766]]},"properties":{"osm_way_id":1414760527,"name":"Сығанақ көшесі","name_ru":"улица Сыганак","name_kk":"Сығанақ көшесі","highway":"secondary","importance_weight":2,"kind":"road","source":"OpenStreetMap contributors","sourceId":"osm-major-roads","source_url":"https://www.openstreetmap.org/way/1414760527"}},{"type":"Feature","id":"osm_way_1414760528","geometry":{"type":"LineString","coordinates":[[71.4269196,51.1236047],[71.4266997,51.12364]]},"properties":{"osm_way_id":1414760528,"name":"Сығанақ көшесі","name_ru":"улица Сыганак","name_kk":"Сығанақ көшесі","highway":"secondary","importance_weight":2,"kind":"road","source":"OpenStreetMap contributors","sourceId":"osm-major-roads","source_url":"https://www.openstreetmap.org/way/1414760528"}},{"type":"Feature","id":"osm_way_1414760529","geometry":{"type":"LineString","coordinates":[[71.4263732,51.1234716],[71.4266178,51.12343]]},"properties":{"osm_way_id":1414760529,"name":"Сығанақ көшесі","name_ru":"улица Сыганак","name_kk":"Сығанақ көшесі","highway":"secondary","importance_weight":2,"kind":"road","source":"OpenStreetMap contributors","sourceId":"osm-major-roads","source_url":"https://www.openstreetmap.org/way/1414760529"}},{"type":"Feature","id":"osm_way_1414761920","geometry":{"type":"LineString","coordinates":[[71.4265889,51.1233553],[71.4264527,51.1230058]]},"properties":{"osm_way_id":1414761920,"name":"Ақмешіт көшесі","name_ru":"улица Акмешит","name_kk":"Ақмешіт көшесі","highway":"secondary","importance_weight":2,"kind":"road","source":"OpenStreetMap contributors","sourceId":"osm-major-roads","source_url":"https://www.openstreetmap.org/way/1414761920"}},{"type":"Feature","id":"osm_way_1414813589","geometry":{"type":"LineString","coordinates":[[71.5258422,51.1461237],[71.5267452,51.1457747],[71.5286057,51.1450558],[71.5288869,51.1449525]]},"properties":{"osm_way_id":1414813589,"name":"Шәкәрім Құдайбердіұлы даңғылы","name_ru":"проспект Шaкaрима Кудайбердыулы","name_kk":"Шәкәрім Құдайбердіұлы даңғылы","highway":"secondary","importance_weight":2,"kind":"road","source":"OpenStreetMap contributors","sourceId":"osm-major-roads","source_url":"https://www.openstreetmap.org/way/1414813589"}},{"type":"Feature","id":"osm_way_1414813590","geometry":{"type":"LineString","coordinates":[[71.5299484,51.1476436],[71.5300021,51.1471734],[71.5300163,51.1469464],[71.5300086,51.146759],[71.5299775,51.1465685],[71.5299157,51.146361],[71.5298282,51.1461593],[71.5297176,51.1459673],[71.5295517,51.1457204],[71.5293822,51.1454961],[71.5292327,51.1453273],[71.5290123,51.1450919],[71.5288869,51.1449525]]},"properties":{"osm_way_id":1414813590,"name":"Рақымжан Қошқарбаев даңғылы","name_ru":"проспект Рахимжана Кошкарбаева","name_kk":"Рақымжан Қошқарбаев даңғылы","highway":"secondary","importance_weight":2,"kind":"road","source":"OpenStreetMap contributors","sourceId":"osm-major-roads","source_url":"https://www.openstreetmap.org/way/1414813590"}},{"type":"Feature","id":"osm_way_1414876057","geometry":{"type":"LineString","coordinates":[[71.4058715,51.0984521],[71.4062909,51.0983952]]},"properties":{"osm_way_id":1414876057,"name":"Ұлы Дала даңғылы","name_ru":"проспект Улы Дала","name_kk":"Ұлы Дала даңғылы","highway":"secondary","importance_weight":2,"kind":"road","source":"OpenStreetMap contributors","sourceId":"osm-major-roads","source_url":"https://www.openstreetmap.org/way/1414876057"}},{"type":"Feature","id":"osm_way_1414876058","geometry":{"type":"LineString","coordinates":[[71.405608,51.09849],[71.4058715,51.0984521]]},"properties":{"osm_way_id":1414876058,"name":"Ұлы Дала даңғылы","name_ru":"проспект Улы Дала","name_kk":"Ұлы Дала даңғылы","highway":"secondary","importance_weight":2,"kind":"road","source":"OpenStreetMap contributors","sourceId":"osm-major-roads","source_url":"https://www.openstreetmap.org/way/1414876058"}},{"type":"Feature","id":"osm_way_1414876060","geometry":{"type":"LineString","coordinates":[[71.4059133,51.0985665],[71.4058715,51.0984521]]},"properties":{"osm_way_id":1414876060,"name":"Қабанбай Батыр даңғылы","name_ru":"проспект Кабанбай Батыра","name_kk":"Қабанбай Батыр даңғылы","highway":"secondary","importance_weight":2,"kind":"road","source":"OpenStreetMap contributors","sourceId":"osm-major-roads","source_url":"https://www.openstreetmap.org/way/1414876060"}},{"type":"Feature","id":"osm_way_1414876062","geometry":{"type":"LineString","coordinates":[[71.4059628,51.0987017],[71.4059133,51.0985665]]},"properties":{"osm_way_id":1414876062,"name":"Қабанбай Батыр даңғылы","name_ru":"проспект Кабанбай Батыра","name_kk":"Қабанбай Батыр даңғылы","highway":"secondary","importance_weight":2,"kind":"road","source":"OpenStreetMap contributors","sourceId":"osm-major-roads","source_url":"https://www.openstreetmap.org/way/1414876062"}},{"type":"Feature","id":"osm_way_1414876063","geometry":{"type":"LineString","coordinates":[[71.406328,51.0985087],[71.4059133,51.0985665]]},"properties":{"osm_way_id":1414876063,"name":"Ұлы Дала даңғылы","name_ru":"проспект Улы Дала","name_kk":"Ұлы Дала даңғылы","highway":"secondary","importance_weight":2,"kind":"road","source":"OpenStreetMap contributors","sourceId":"osm-major-roads","source_url":"https://www.openstreetmap.org/way/1414876063"}},{"type":"Feature","id":"osm_way_1414876064","geometry":{"type":"LineString","coordinates":[[71.4059133,51.0985665],[71.4056465,51.0986021]]},"properties":{"osm_way_id":1414876064,"name":"Ұлы Дала даңғылы","name_ru":"проспект Улы Дала","name_kk":"Ұлы Дала даңғылы","highway":"secondary","importance_weight":2,"kind":"road","source":"OpenStreetMap contributors","sourceId":"osm-major-roads","source_url":"https://www.openstreetmap.org/way/1414876064"}},{"type":"Feature","id":"osm_way_1414876067","geometry":{"type":"LineString","coordinates":[[71.4116638,51.0977499],[71.4115806,51.0977595]]},"properties":{"osm_way_id":1414876067,"name":"Ұлы Дала даңғылы","name_ru":"проспект Улы Дала","name_kk":"Ұлы Дала даңғылы","highway":"secondary","importance_weight":2,"kind":"road","source":"OpenStreetMap contributors","sourceId":"osm-major-roads","source_url":"https://www.openstreetmap.org/way/1414876067"}},{"type":"Feature","id":"osm_way_1414876068","geometry":{"type":"LineString","coordinates":[[71.411411,51.0977836],[71.4112431,51.0978059]]},"properties":{"osm_way_id":1414876068,"name":"Ұлы Дала даңғылы","name_ru":"проспект Улы Дала","name_kk":"Ұлы Дала даңғылы","highway":"secondary","importance_weight":2,"kind":"road","source":"OpenStreetMap contributors","sourceId":"osm-major-roads","source_url":"https://www.openstreetmap.org/way/1414876068"}},{"type":"Feature","id":"osm_way_1414876069","geometry":{"type":"LineString","coordinates":[[71.4111887,51.0976888],[71.4113671,51.0976641],[71.4115373,51.0976397],[71.4116415,51.0976267]]},"properties":{"osm_way_id":1414876069,"name":"Ұлы Дала даңғылы","name_ru":"проспект Улы Дала","name_kk":"Ұлы Дала даңғылы","highway":"secondary","importance_weight":2,"kind":"road","source":"OpenStreetMap contributors","sourceId":"osm-major-roads","source_url":"https://www.openstreetmap.org/way/1414876069"}},{"type":"Feature","id":"osm_way_1414876070","geometry":{"type":"LineString","coordinates":[[71.4062909,51.0983952],[71.4071345,51.0982709],[71.4106089,51.0977728],[71.4110892,51.0977032],[71.4111887,51.0976888]]},"properties":{"osm_way_id":1414876070,"name":"Ұлы Дала даңғылы","name_ru":"проспект Улы Дала","name_kk":"Ұлы Дала даңғылы","highway":"secondary","importance_weight":2,"kind":"road","source":"OpenStreetMap contributors","sourceId":"osm-major-roads","source_url":"https://www.openstreetmap.org/way/1414876070"}},{"type":"Feature","id":"osm_way_1420153728","geometry":{"type":"LineString","coordinates":[[71.4082872,51.1362846],[71.4080532,51.1356895]]},"properties":{"osm_way_id":1420153728,"name":"Тұран даңғылы","name_ru":"проспект Туран","name_kk":"Тұран даңғылы","highway":"primary","importance_weight":3,"kind":"road","source":"OpenStreetMap contributors","sourceId":"osm-major-roads","source_url":"https://www.openstreetmap.org/way/1420153728"}},{"type":"Feature","id":"osm_way_1420153729","geometry":{"type":"LineString","coordinates":[[71.4094955,51.1340189],[71.4086602,51.134151],[71.4077684,51.1342921]]},"properties":{"osm_way_id":1420153729,"name":"Қонаев көшесі","name_ru":"улица Кунаева","name_kk":"Қонаев көшесі","highway":"secondary","importance_weight":2,"kind":"road","source":"OpenStreetMap contributors","sourceId":"osm-major-roads","source_url":"https://www.openstreetmap.org/way/1420153729"}},{"type":"Feature","id":"osm_way_1425030723","geometry":{"type":"LineString","coordinates":[[71.3816409,51.0032263],[71.38184,51.0032311]]},"properties":{"osm_way_id":1425030723,"name":"Республика көшесі","name_ru":"улица Республики","name_kk":null,"highway":"secondary","importance_weight":2,"kind":"road","source":"OpenStreetMap contributors","sourceId":"osm-major-roads","source_url":"https://www.openstreetmap.org/way/1425030723"}},{"type":"Feature","id":"osm_way_1426837783","geometry":{"type":"LineString","coordinates":[[71.4132734,51.1681867],[71.4131811,51.1684753]]},"properties":{"osm_way_id":1426837783,"name":"Жеңіс даңғылы","name_ru":"проспект Женис","name_kk":null,"highway":"secondary","importance_weight":2,"kind":"road","source":"OpenStreetMap contributors","sourceId":"osm-major-roads","source_url":"https://www.openstreetmap.org/way/1426837783"}},{"type":"Feature","id":"osm_way_1426837784","geometry":{"type":"LineString","coordinates":[[71.4131811,51.1684753],[71.4129831,51.1690944],[71.412965,51.1691514]]},"properties":{"osm_way_id":1426837784,"name":"Жеңіс даңғылы","name_ru":"проспект Женис","name_kk":null,"highway":"secondary","importance_weight":2,"kind":"road","source":"OpenStreetMap contributors","sourceId":"osm-major-roads","source_url":"https://www.openstreetmap.org/way/1426837784"}},{"type":"Feature","id":"osm_way_1426837785","geometry":{"type":"LineString","coordinates":[[71.4134973,51.1675162],[71.4132734,51.1681867]]},"properties":{"osm_way_id":1426837785,"name":"Жеңіс даңғылы","name_ru":"проспект Женис","name_kk":null,"highway":"secondary","importance_weight":2,"kind":"road","source":"OpenStreetMap contributors","sourceId":"osm-major-roads","source_url":"https://www.openstreetmap.org/way/1426837785"}},{"type":"Feature","id":"osm_way_1426837786","geometry":{"type":"LineString","coordinates":[[71.4137429,51.1668049],[71.4136872,51.1669473],[71.4134973,51.1675162]]},"properties":{"osm_way_id":1426837786,"name":"Жеңіс даңғылы","name_ru":"проспект Женис","name_kk":null,"highway":"secondary","importance_weight":2,"kind":"road","source":"OpenStreetMap contributors","sourceId":"osm-major-roads","source_url":"https://www.openstreetmap.org/way/1426837786"}},{"type":"Feature","id":"osm_way_1426840603","geometry":{"type":"LineString","coordinates":[[71.4210961,51.18759],[71.4210795,51.1876752]]},"properties":{"osm_way_id":1426840603,"name":"Республика даңғылы","name_ru":"проспект Республики","name_kk":"Республика даңғылы","highway":"secondary","importance_weight":2,"kind":"road","source":"OpenStreetMap contributors","sourceId":"osm-major-roads","source_url":"https://www.openstreetmap.org/way/1426840603"}},{"type":"Feature","id":"osm_way_1426843895","geometry":{"type":"LineString","coordinates":[[71.4216317,51.1850265],[71.4214857,51.1856399]]},"properties":{"osm_way_id":1426843895,"name":"Республика даңғылы","name_ru":"проспект Республики","name_kk":"Республика даңғылы","highway":"secondary","importance_weight":2,"kind":"road","source":"OpenStreetMap contributors","sourceId":"osm-major-roads","source_url":"https://www.openstreetmap.org/way/1426843895"}},{"type":"Feature","id":"osm_way_1426843896","geometry":{"type":"LineString","coordinates":[[71.4238734,51.177767],[71.4236947,51.178354],[71.4234208,51.1792538],[71.4233768,51.1794004],[71.4233406,51.1795087],[71.4232495,51.1797894],[71.4232233,51.1798702],[71.4231577,51.1800894],[71.4229282,51.1808395],[71.4228521,51.1810825],[71.4227463,51.1813628]]},"properties":{"osm_way_id":1426843896,"name":"Республика даңғылы","name_ru":"проспект Республики","name_kk":"Республика даңғылы","highway":"secondary","importance_weight":2,"kind":"road","source":"OpenStreetMap contributors","sourceId":"osm-major-roads","source_url":"https://www.openstreetmap.org/way/1426843896"}},{"type":"Feature","id":"osm_way_1426844437","geometry":{"type":"LineString","coordinates":[[71.4110708,51.1758493],[71.4110401,51.1759648],[71.410896,51.1764293],[71.4107005,51.1770658]]},"properties":{"osm_way_id":1426844437,"name":"Жеңіс даңғылы","name_ru":"проспект Женис","name_kk":null,"highway":"secondary","importance_weight":2,"kind":"road","source":"OpenStreetMap contributors","sourceId":"osm-major-roads","source_url":"https://www.openstreetmap.org/way/1426844437"}},{"type":"Feature","id":"osm_way_1426844438","geometry":{"type":"LineString","coordinates":[[71.4115296,51.174227],[71.4112729,51.1751053],[71.4112361,51.1751912],[71.4111506,51.1755407],[71.411108,51.1757017]]},"properties":{"osm_way_id":1426844438,"name":"Жеңіс даңғылы","name_ru":"проспект Женис","name_kk":null,"highway":"secondary","importance_weight":2,"kind":"road","source":"OpenStreetMap contributors","sourceId":"osm-major-roads","source_url":"https://www.openstreetmap.org/way/1426844438"}},{"type":"Feature","id":"osm_way_1426845963","geometry":{"type":"LineString","coordinates":[[71.4227463,51.1813628],[71.4223072,51.182762],[71.4222762,51.1828652],[71.4222283,51.1830248],[71.4222273,51.1830283],[71.4221516,51.1832601],[71.4217514,51.1845235],[71.421723,51.1846427],[71.4216317,51.1850265]]},"properties":{"osm_way_id":1426845963,"name":"Республика даңғылы","name_ru":"проспект Республики","name_kk":"Республика даңғылы","highway":"secondary","importance_weight":2,"kind":"road","source":"OpenStreetMap contributors","sourceId":"osm-major-roads","source_url":"https://www.openstreetmap.org/way/1426845963"}},{"type":"Feature","id":"osm_way_1426864700","geometry":{"type":"LineString","coordinates":[[71.4100713,51.190312],[71.4108526,51.1900674]]},"properties":{"osm_way_id":1426864700,"name":"Ілияс Есенберлин көшесі","name_ru":"улица Ильяса Есенберлина","name_kk":null,"highway":"secondary","importance_weight":2,"kind":"road","source":"OpenStreetMap contributors","sourceId":"osm-major-roads","source_url":"https://www.openstreetmap.org/way/1426864700"}},{"type":"Feature","id":"osm_way_1426864701","geometry":{"type":"LineString","coordinates":[[71.4108526,51.1900674],[71.4116685,51.1898137],[71.4118403,51.1897603],[71.4119792,51.1897171],[71.4127141,51.1894886]]},"properties":{"osm_way_id":1426864701,"name":"Ілияс Есенберлин көшесі","name_ru":"улица Ильяса Есенберлина","name_kk":null,"highway":"secondary","importance_weight":2,"kind":"road","source":"OpenStreetMap contributors","sourceId":"osm-major-roads","source_url":"https://www.openstreetmap.org/way/1426864701"}},{"type":"Feature","id":"osm_way_1426866043","geometry":{"type":"LineString","coordinates":[[71.4073762,51.1926154],[71.4081141,51.193496]]},"properties":{"osm_way_id":1426866043,"name":"Біржан Сал көшесі","name_ru":"улица Биржан Сала","name_kk":null,"highway":"secondary","importance_weight":2,"kind":"road","source":"OpenStreetMap contributors","sourceId":"osm-major-roads","source_url":"https://www.openstreetmap.org/way/1426866043"}},{"type":"Feature","id":"osm_way_1426866044","geometry":{"type":"LineString","coordinates":[[71.4081141,51.193496],[71.4086748,51.1942143],[71.4087984,51.1943699]]},"properties":{"osm_way_id":1426866044,"name":"Біржан Сал көшесі","name_ru":"улица Биржан Сала","name_kk":null,"highway":"secondary","importance_weight":2,"kind":"road","source":"OpenStreetMap contributors","sourceId":"osm-major-roads","source_url":"https://www.openstreetmap.org/way/1426866044"}},{"type":"Feature","id":"osm_way_1426866833","geometry":{"type":"LineString","coordinates":[[71.4187526,51.1912573],[71.4188936,51.1912138]]},"properties":{"osm_way_id":1426866833,"name":"Гёте көшесі","name_ru":"улица Гете","name_kk":null,"highway":"secondary","importance_weight":2,"kind":"road","source":"OpenStreetMap contributors","sourceId":"osm-major-roads","source_url":"https://www.openstreetmap.org/way/1426866833"}},{"type":"Feature","id":"osm_way_1426866834","geometry":{"type":"LineString","coordinates":[[71.4188936,51.1912138],[71.4195127,51.1910226],[71.4201475,51.1908126],[71.4203183,51.1907337],[71.4204481,51.1906728],[71.4205468,51.190576]]},"properties":{"osm_way_id":1426866834,"name":"Гёте көшесі","name_ru":"улица Гете","name_kk":null,"highway":"secondary","importance_weight":2,"kind":"road","source":"OpenStreetMap contributors","sourceId":"osm-major-roads","source_url":"https://www.openstreetmap.org/way/1426866834"}},{"type":"Feature","id":"osm_way_1426870669","geometry":{"type":"LineString","coordinates":[[71.4206165,51.1904772],[71.4205468,51.190576]]},"properties":{"osm_way_id":1426870669,"name":"Республика даңғылы","name_ru":"проспект Республики","name_kk":"Республика даңғылы","highway":"secondary","importance_weight":2,"kind":"road","source":"OpenStreetMap contributors","sourceId":"osm-major-roads","source_url":"https://www.openstreetmap.org/way/1426870669"}},{"type":"Feature","id":"osm_way_1428945115","geometry":{"type":"LineString","coordinates":[[71.3717114,51.1427896],[71.3727403,51.1426153],[71.373461,51.1424853],[71.3736373,51.1424565],[71.37449,51.1423171],[71.3747526,51.1422742],[71.3812112,51.1411795],[71.3813507,51.1411559],[71.3814345,51.1411417],[71.3816743,51.1411043]]},"properties":{"osm_way_id":1428945115,"name":"Қайым Мұхамедханов көшесі","name_ru":"улица Кайыма Мухамедханова","name_kk":"Қайым Мұхамедханов көшесі","highway":"secondary","importance_weight":2,"kind":"road","source":"OpenStreetMap contributors","sourceId":"osm-major-roads","source_url":"https://www.openstreetmap.org/way/1428945115"}},{"type":"Feature","id":"osm_way_1428945116","geometry":{"type":"LineString","coordinates":[[71.371334,51.1428576],[71.3715273,51.1428241],[71.3717114,51.1427896]]},"properties":{"osm_way_id":1428945116,"name":"Қайым Мұхамедханов көшесі","name_ru":"улица Кайыма Мухамедханова","name_kk":"Қайым Мұхамедханов көшесі","highway":"secondary","importance_weight":2,"kind":"road","source":"OpenStreetMap contributors","sourceId":"osm-major-roads","source_url":"https://www.openstreetmap.org/way/1428945116"}},{"type":"Feature","id":"osm_way_1428945117","geometry":{"type":"LineString","coordinates":[[71.3717821,51.1429539],[71.3715922,51.1429882],[71.3713913,51.1430222]]},"properties":{"osm_way_id":1428945117,"name":"Қайым Мұхамедханов көшесі","name_ru":"улица Кайыма Мухамедханова","name_kk":"Қайым Мұхамедханов көшесі","highway":"secondary","importance_weight":2,"kind":"road","source":"OpenStreetMap contributors","sourceId":"osm-major-roads","source_url":"https://www.openstreetmap.org/way/1428945117"}},{"type":"Feature","id":"osm_way_1428945118","geometry":{"type":"LineString","coordinates":[[71.3817363,51.1412649],[71.3815139,51.1413025],[71.3805046,51.1414735],[71.3718408,51.1429439],[71.3717821,51.1429539]]},"properties":{"osm_way_id":1428945118,"name":"Қайым Мұхамедханов көшесі","name_ru":"улица Кайыма Мухамедханова","name_kk":"Қайым Мұхамедханов көшесі","highway":"secondary","importance_weight":2,"kind":"road","source":"OpenStreetMap contributors","sourceId":"osm-major-roads","source_url":"https://www.openstreetmap.org/way/1428945118"}},{"type":"Feature","id":"osm_way_1429138570","geometry":{"type":"LineString","coordinates":[[71.433315,51.1130583],[71.4333752,51.1132281]]},"properties":{"osm_way_id":1429138570,"name":"Мәңгілік Ел даңғылы","name_ru":"проспект Мангилик Ел","name_kk":"Мәңгілік Ел даңғылы","highway":"secondary","importance_weight":2,"kind":"road","source":"OpenStreetMap contributors","sourceId":"osm-major-roads","source_url":"https://www.openstreetmap.org/way/1429138570"}},{"type":"Feature","id":"osm_way_1429138571","geometry":{"type":"LineString","coordinates":[[71.4332178,51.1132442],[71.4331591,51.1130798]]},"properties":{"osm_way_id":1429138571,"name":"Мәңгілік Ел даңғылы","name_ru":"проспект Мангилик Ел","name_kk":"Мәңгілік Ел даңғылы","highway":"secondary","importance_weight":2,"kind":"road","source":"OpenStreetMap contributors","sourceId":"osm-major-roads","source_url":"https://www.openstreetmap.org/way/1429138571"}},{"type":"Feature","id":"osm_way_1429138572","geometry":{"type":"LineString","coordinates":[[71.4331591,51.1130798],[71.4330744,51.1128163]]},"properties":{"osm_way_id":1429138572,"name":"Мәңгілік Ел даңғылы","name_ru":"проспект Мангилик Ел","name_kk":"Мәңгілік Ел даңғылы","highway":"secondary","importance_weight":2,"kind":"road","source":"OpenStreetMap contributors","sourceId":"osm-major-roads","source_url":"https://www.openstreetmap.org/way/1429138572"}},{"type":"Feature","id":"osm_way_1429138573","geometry":{"type":"LineString","coordinates":[[71.4332101,51.112796],[71.433315,51.1130583]]},"properties":{"osm_way_id":1429138573,"name":"Мәңгілік Ел даңғылы","name_ru":"проспект Мангилик Ел","name_kk":"Мәңгілік Ел даңғылы","highway":"secondary","importance_weight":2,"kind":"road","source":"OpenStreetMap contributors","sourceId":"osm-major-roads","source_url":"https://www.openstreetmap.org/way/1429138573"}},{"type":"Feature","id":"osm_way_1429138575","geometry":{"type":"LineString","coordinates":[[71.4336127,51.1130174],[71.433315,51.1130583]]},"properties":{"osm_way_id":1429138575,"name":"Керей Және Жәнібек Хандар көшесі","name_ru":"улица Керей и Жанибек хандар","name_kk":"Керей Және Жәнібек Хандар көшесі","highway":"secondary","importance_weight":2,"kind":"road","source":"OpenStreetMap contributors","sourceId":"osm-major-roads","source_url":"https://www.openstreetmap.org/way/1429138575"}},{"type":"Feature","id":"osm_way_1429138576","geometry":{"type":"LineString","coordinates":[[71.4331591,51.1130798],[71.432809,51.1131279]]},"properties":{"osm_way_id":1429138576,"name":"Керей Және Жәнібек Хандар көшесі","name_ru":"улица Керей и Жанибек хандар","name_kk":"Керей Және Жәнібек Хандар көшесі","highway":"secondary","importance_weight":2,"kind":"road","source":"OpenStreetMap contributors","sourceId":"osm-major-roads","source_url":"https://www.openstreetmap.org/way/1429138576"}},{"type":"Feature","id":"osm_way_1429145769","geometry":{"type":"LineString","coordinates":[[71.4348999,51.1175216],[71.4349343,51.1176108],[71.4349556,51.11768],[71.4349595,51.1176919]]},"properties":{"osm_way_id":1429145769,"name":"Мәңгілік Ел даңғылы","name_ru":"проспект Мангилик Ел","name_kk":"Мәңгілік Ел даңғылы","highway":"secondary","importance_weight":2,"kind":"road","source":"OpenStreetMap contributors","sourceId":"osm-major-roads","source_url":"https://www.openstreetmap.org/way/1429145769"}},{"type":"Feature","id":"osm_way_1429145770","geometry":{"type":"LineString","coordinates":[[71.4341427,51.1153948],[71.4348849,51.1174795],[71.4348999,51.1175216]]},"properties":{"osm_way_id":1429145770,"name":"Мәңгілік Ел даңғылы","name_ru":"проспект Мангилик Ел","name_kk":"Мәңгілік Ел даңғылы","highway":"secondary","importance_weight":2,"kind":"road","source":"OpenStreetMap contributors","sourceId":"osm-major-roads","source_url":"https://www.openstreetmap.org/way/1429145770"}},{"type":"Feature","id":"osm_way_1429145771","geometry":{"type":"LineString","coordinates":[[71.4347748,51.1175408],[71.4347636,51.1175037],[71.4343797,51.1164384],[71.4341913,51.1159158],[71.4340277,51.1154618],[71.434011,51.1154156]]},"properties":{"osm_way_id":1429145771,"name":"Мәңгілік Ел даңғылы","name_ru":"проспект Мангилик Ел","name_kk":"Мәңгілік Ел даңғылы","highway":"secondary","importance_weight":2,"kind":"road","source":"OpenStreetMap contributors","sourceId":"osm-major-roads","source_url":"https://www.openstreetmap.org/way/1429145771"}},{"type":"Feature","id":"osm_way_1429145772","geometry":{"type":"LineString","coordinates":[[71.4348309,51.1177076],[71.4348083,51.1176278],[71.4347748,51.1175408]]},"properties":{"osm_way_id":1429145772,"name":"Мәңгілік Ел даңғылы","name_ru":"проспект Мангилик Ел","name_kk":"Мәңгілік Ел даңғылы","highway":"secondary","importance_weight":2,"kind":"road","source":"OpenStreetMap contributors","sourceId":"osm-major-roads","source_url":"https://www.openstreetmap.org/way/1429145772"}},{"type":"Feature","id":"osm_way_1429145782","geometry":{"type":"LineString","coordinates":[[71.4340849,51.1152381],[71.4341427,51.1153948]]},"properties":{"osm_way_id":1429145782,"name":"Мәңгілік Ел даңғылы","name_ru":"проспект Мангилик Ел","name_kk":"Мәңгілік Ел даңғылы","highway":"secondary","importance_weight":2,"kind":"road","source":"OpenStreetMap contributors","sourceId":"osm-major-roads","source_url":"https://www.openstreetmap.org/way/1429145782"}},{"type":"Feature","id":"osm_way_1429145783","geometry":{"type":"LineString","coordinates":[[71.4340256,51.1150696],[71.4340849,51.1152381]]},"properties":{"osm_way_id":1429145783,"name":"Мәңгілік Ел даңғылы","name_ru":"проспект Мангилик Ел","name_kk":"Мәңгілік Ел даңғылы","highway":"secondary","importance_weight":2,"kind":"road","source":"OpenStreetMap contributors","sourceId":"osm-major-roads","source_url":"https://www.openstreetmap.org/way/1429145783"}},{"type":"Feature","id":"osm_way_1429145784","geometry":{"type":"LineString","coordinates":[[71.434011,51.1154156],[71.433954,51.1152567],[71.4338916,51.1150868]]},"properties":{"osm_way_id":1429145784,"name":"Мәңгілік Ел даңғылы","name_ru":"проспект Мангилик Ел","name_kk":"Мәңгілік Ел даңғылы","highway":"secondary","importance_weight":2,"kind":"road","source":"OpenStreetMap contributors","sourceId":"osm-major-roads","source_url":"https://www.openstreetmap.org/way/1429145784"}},{"type":"Feature","id":"osm_way_1429145785","geometry":{"type":"LineString","coordinates":[[71.4338916,51.1150868],[71.433801,51.1148327],[71.433427,51.1137951],[71.433342,51.1135562],[71.4332355,51.113288],[71.4332178,51.1132442]]},"properties":{"osm_way_id":1429145785,"name":"Мәңгілік Ел даңғылы","name_ru":"проспект Мангилик Ел","name_kk":"Мәңгілік Ел даңғылы","highway":"secondary","importance_weight":2,"kind":"road","source":"OpenStreetMap contributors","sourceId":"osm-major-roads","source_url":"https://www.openstreetmap.org/way/1429145785"}},{"type":"Feature","id":"osm_way_1430132138","geometry":{"type":"LineString","coordinates":[[71.3715922,51.1429882],[71.3715273,51.1428241]]},"properties":{"osm_way_id":1430132138,"name":"Ілияс Омаров көшесі","name_ru":"улица Ильяса Омарова","name_kk":"Ілияс Омаров көшесі","highway":"secondary","importance_weight":2,"kind":"road","source":"OpenStreetMap contributors","sourceId":"osm-major-roads","source_url":"https://www.openstreetmap.org/way/1430132138"}},{"type":"Feature","id":"osm_way_1431390547","geometry":{"type":"LineString","coordinates":[[71.4382672,51.1730264],[71.4382909,51.1729297]]},"properties":{"osm_way_id":1431390547,"name":"Шоқан Уәлиханов көшесі","name_ru":"улица Шокана Уалиханова","name_kk":null,"highway":"secondary","importance_weight":2,"kind":"road","source":"OpenStreetMap contributors","sourceId":"osm-major-roads","source_url":"https://www.openstreetmap.org/way/1431390547"}},{"type":"Feature","id":"osm_way_1434028286","geometry":{"type":"LineString","coordinates":[[71.4898484,51.1599733],[71.4883667,51.1605382],[71.488181,51.160609],[71.4879938,51.1606804],[71.4878393,51.1607393],[71.4871055,51.1610191],[71.4868802,51.161105],[71.4856707,51.1615662]]},"properties":{"osm_way_id":1434028286,"name":"Шәкәрім Құдайбердіұлы даңғылы","name_ru":"проспект Шaкaрима Кудайбердыулы","name_kk":"Шәкәрім Құдайбердіұлы даңғылы","highway":"secondary","importance_weight":2,"kind":"road","source":"OpenStreetMap contributors","sourceId":"osm-major-roads","source_url":"https://www.openstreetmap.org/way/1434028286"}},{"type":"Feature","id":"osm_way_1441871072","geometry":{"type":"LineString","coordinates":[[71.3819308,51.0014086],[71.3819141,51.0022648],[71.3818817,51.0027597],[71.38184,51.0032311],[71.3817833,51.0042368],[71.3811478,51.0122588],[71.3810516,51.0135036],[71.3810467,51.0135857],[71.3809964,51.0145507],[71.380964,51.0151123],[71.3807285,51.0182713],[71.3807229,51.0184621],[71.3806715,51.0207848],[71.3807164,51.0218356],[71.3808364,51.0228409]]},"properties":{"osm_way_id":1441871072,"name":"osm_way_1441871072","name_ru":null,"name_kk":null,"highway":"trunk","importance_weight":4,"kind":"road","source":"OpenStreetMap contributors","sourceId":"osm-major-roads","source_url":"https://www.openstreetmap.org/way/1441871072"}},{"type":"Feature","id":"osm_way_1441871073","geometry":{"type":"LineString","coordinates":[[71.3805272,51.022875],[71.3803711,51.0210558],[71.380558,51.0176827],[71.3806926,51.0152539],[71.3807011,51.0151589],[71.3807323,51.0147735],[71.3809594,51.0123595],[71.3810632,51.011165],[71.3812467,51.0086285],[71.3812516,51.0086033],[71.3813424,51.0071782],[71.3813768,51.0066381],[71.3814736,51.005118],[71.3815049,51.0046273],[71.3815299,51.0042348],[71.3815508,51.0039076]]},"properties":{"osm_way_id":1441871073,"name":"Қарқаралы тас жолы","name_ru":"шоссе Каркаралы","name_kk":null,"highway":"trunk","importance_weight":4,"kind":"road","source":"OpenStreetMap contributors","sourceId":"osm-major-roads","source_url":"https://www.openstreetmap.org/way/1441871073"}},{"type":"Feature","id":"osm_way_1442521650","geometry":{"type":"LineString","coordinates":[[71.3002606,51.203996],[71.298001,51.2050577],[71.2859122,51.2107371],[71.2824354,51.2123782],[71.2821504,51.2125133],[71.273093,51.2168051],[71.2660631,51.2200741],[71.2650354,51.2205056],[71.2639445,51.220894],[71.2628854,51.2212077],[71.2586075,51.2223029],[71.257602,51.2225603],[71.2465963,51.2253764],[71.2465263,51.2253956],[71.2461125,51.2254988],[71.2452907,51.2257077],[71.2449994,51.2257833],[71.2412063,51.2267645]]},"properties":{"osm_way_id":1442521650,"name":"osm_way_1442521650","name_ru":null,"name_kk":null,"highway":"trunk","importance_weight":4,"kind":"road","source":"OpenStreetMap contributors","sourceId":"osm-major-roads","source_url":"https://www.openstreetmap.org/way/1442521650"}},{"type":"Feature","id":"osm_way_1442521651","geometry":{"type":"LineString","coordinates":[[71.2018702,51.2366452],[71.2066405,51.2354376],[71.2317846,51.2290714],[71.2333916,51.2286565],[71.2339112,51.2285224],[71.2342509,51.228434],[71.2411059,51.2266502]]},"properties":{"osm_way_id":1442521651,"name":"osm_way_1442521651","name_ru":null,"name_kk":null,"highway":"trunk","importance_weight":4,"kind":"road","source":"OpenStreetMap contributors","sourceId":"osm-major-roads","source_url":"https://www.openstreetmap.org/way/1442521651"}},{"type":"Feature","id":"osm_way_1443860463","geometry":{"type":"LineString","coordinates":[[71.5244504,51.1398121],[71.5255384,51.1393976]]},"properties":{"osm_way_id":1443860463,"name":"Абылай Хан даңғылы","name_ru":"проспект Абылай Хана","name_kk":"Абылай Хан даңғылы","highway":"primary","importance_weight":3,"kind":"road","source":"OpenStreetMap contributors","sourceId":"osm-major-roads","source_url":"https://www.openstreetmap.org/way/1443860463"}},{"type":"Feature","id":"osm_way_1443860464","geometry":{"type":"LineString","coordinates":[[71.7020982,51.107675],[71.7056485,51.1067355],[71.7069038,51.1063583],[71.7108323,51.1049834],[71.7113241,51.1047988],[71.7118176,51.1045698]]},"properties":{"osm_way_id":1443860464,"name":"osm_way_1443860464","name_ru":null,"name_kk":null,"highway":"trunk","importance_weight":4,"kind":"road","source":"OpenStreetMap contributors","sourceId":"osm-major-roads","source_url":"https://www.openstreetmap.org/way/1443860464"}},{"type":"Feature","id":"osm_way_1446156777","geometry":{"type":"LineString","coordinates":[[71.4227029,51.0834127],[71.4227437,51.0835194],[71.4228838,51.0839101],[71.423423,51.0854131],[71.4236451,51.0860321],[71.4238138,51.0864726],[71.4238376,51.0865347],[71.4238849,51.0866616],[71.4239277,51.0867747],[71.4239845,51.0869463],[71.4241206,51.0873575],[71.4241405,51.0874128],[71.4242443,51.0877022],[71.4245627,51.0885894],[71.4249933,51.0897897],[71.4251095,51.0901136],[71.4253807,51.0908695],[71.425396,51.090912],[71.4254662,51.0910994]]},"properties":{"osm_way_id":1446156777,"name":"Мәңгілік Ел даңғылы","name_ru":"проспект Мангилик Ел","name_kk":"Мәңгілік Ел даңғылы","highway":"secondary","importance_weight":2,"kind":"road","source":"OpenStreetMap contributors","sourceId":"osm-major-roads","source_url":"https://www.openstreetmap.org/way/1446156777"}},{"type":"Feature","id":"osm_way_1446612883","geometry":{"type":"LineString","coordinates":[[71.4285699,51.0998012],[71.4285965,51.0998663]]},"properties":{"osm_way_id":1446612883,"name":"Мәңгілік Ел даңғылы","name_ru":"проспект Мангилик Ел","name_kk":"Мәңгілік Ел даңғылы","highway":"secondary","importance_weight":2,"kind":"road","source":"OpenStreetMap contributors","sourceId":"osm-major-roads","source_url":"https://www.openstreetmap.org/way/1446612883"}},{"type":"Feature","id":"osm_way_1446612884","geometry":{"type":"LineString","coordinates":[[71.4293034,51.1023584],[71.4286443,51.1005166],[71.4286138,51.1004313],[71.4284877,51.100079],[71.4284758,51.1000458],[71.4284214,51.0998945]]},"properties":{"osm_way_id":1446612884,"name":"Мәңгілік Ел даңғылы","name_ru":"проспект Мангилик Ел","name_kk":"Мәңгілік Ел даңғылы","highway":"secondary","importance_weight":2,"kind":"road","source":"OpenStreetMap contributors","sourceId":"osm-major-roads","source_url":"https://www.openstreetmap.org/way/1446612884"}},{"type":"Feature","id":"osm_way_1450108111","geometry":{"type":"LineString","coordinates":[[71.3644795,51.1441882],[71.3641463,51.1442442],[71.3635589,51.144343],[71.3629814,51.1444425],[71.3618367,51.1446558],[71.3603672,51.1449162],[71.3579312,51.1453478],[71.3550829,51.1458555],[71.3533806,51.1461589],[71.3525975,51.1462945],[71.3521587,51.1463728],[71.3504099,51.1466847],[71.3487646,51.1469781],[71.3485869,51.1472949],[71.348499,51.1474514],[71.3483799,51.1475766]]},"properties":{"osm_way_id":1450108111,"name":"Қайым Мұхамедханов көшесі","name_ru":"улица Кайыма Мухамедханова","name_kk":"Қайым Мұхамедханов көшесі","highway":"secondary","importance_weight":2,"kind":"road","source":"OpenStreetMap contributors","sourceId":"osm-major-roads","source_url":"https://www.openstreetmap.org/way/1450108111"}},{"type":"Feature","id":"osm_way_1450108112","geometry":{"type":"LineString","coordinates":[[71.3482019,51.147543],[71.3482082,51.1473924],[71.3482934,51.1472356],[71.3484556,51.1469375],[71.3485106,51.1468364],[71.3487521,51.146776],[71.3487598,51.1467747],[71.3602866,51.1447504],[71.3606503,51.1446826],[71.3620927,51.1444332],[71.3634069,51.1442024]]},"properties":{"osm_way_id":1450108112,"name":"Қайым Мұхамедханов көшесі","name_ru":"улица Кайыма Мухамедханова","name_kk":"Қайым Мұхамедханов көшесі","highway":"secondary","importance_weight":2,"kind":"road","source":"OpenStreetMap contributors","sourceId":"osm-major-roads","source_url":"https://www.openstreetmap.org/way/1450108112"}},{"type":"Feature","id":"osm_way_1450108113","geometry":{"type":"LineString","coordinates":[[71.3474932,51.1472464],[71.3477885,51.147218],[71.3479251,51.1471625],[71.3480618,51.1471069],[71.3482577,51.1470263],[71.3484556,51.1469375]]},"properties":{"osm_way_id":1450108113,"name":"osm_way_1450108113","name_ru":null,"name_kk":null,"highway":"secondary","importance_weight":2,"kind":"road","source":"OpenStreetMap contributors","sourceId":"osm-major-roads","source_url":"https://www.openstreetmap.org/way/1450108113"}},{"type":"Feature","id":"osm_way_1450217092","geometry":{"type":"LineString","coordinates":[[71.469235,51.1331798],[71.47038,51.1316082],[71.4705118,51.1314114],[71.4705893,51.1313012],[71.470756,51.1310495]]},"properties":{"osm_way_id":1450217092,"name":"Тәуелсіздік даңғылы","name_ru":"проспект Тауелсиздик","name_kk":"Тәуелсіздік даңғылы","highway":"secondary","importance_weight":2,"kind":"road","source":"OpenStreetMap contributors","sourceId":"osm-major-roads","source_url":"https://www.openstreetmap.org/way/1450217092"}},{"type":"Feature","id":"osm_way_1450217093","geometry":{"type":"LineString","coordinates":[[71.4678826,51.13505],[71.4683938,51.134343],[71.4684575,51.1342549],[71.469235,51.1331798]]},"properties":{"osm_way_id":1450217093,"name":"Тәуелсіздік даңғылы","name_ru":"проспект Тауелсиздик","name_kk":"Тәуелсіздік даңғылы","highway":"secondary","importance_weight":2,"kind":"road","source":"OpenStreetMap contributors","sourceId":"osm-major-roads","source_url":"https://www.openstreetmap.org/way/1450217093"}},{"type":"Feature","id":"osm_way_1452354388","geometry":{"type":"LineString","coordinates":[[71.5073346,51.1008392],[71.5067635,51.0994474]]},"properties":{"osm_way_id":1452354388,"name":"Ұлы Дала даңғылы","name_ru":"проспект Улы Дала","name_kk":"Ұлы Дала даңғылы","highway":"secondary","importance_weight":2,"kind":"road","source":"OpenStreetMap contributors","sourceId":"osm-major-roads","source_url":"https://www.openstreetmap.org/way/1452354388"}},{"type":"Feature","id":"osm_way_1452354389","geometry":{"type":"LineString","coordinates":[[71.5070194,51.0993883],[71.5076142,51.100793]]},"properties":{"osm_way_id":1452354389,"name":"Ұлы Дала даңғылы","name_ru":"проспект Улы Дала","name_kk":"Ұлы Дала даңғылы","highway":"secondary","importance_weight":2,"kind":"road","source":"OpenStreetMap contributors","sourceId":"osm-major-roads","source_url":"https://www.openstreetmap.org/way/1452354389"}},{"type":"Feature","id":"osm_way_1452354390","geometry":{"type":"LineString","coordinates":[[71.5088396,51.1047151],[71.508541,51.103911],[71.5082746,51.1032169]]},"properties":{"osm_way_id":1452354390,"name":"А-52 көшесі","name_ru":"улица А-52","name_kk":null,"highway":"secondary","importance_weight":2,"kind":"road","source":"OpenStreetMap contributors","sourceId":"osm-major-roads","source_url":"https://www.openstreetmap.org/way/1452354390"}},{"type":"Feature","id":"osm_way_1452354392","geometry":{"type":"LineString","coordinates":[[71.5085522,51.1031589],[71.509133,51.1047014]]},"properties":{"osm_way_id":1452354392,"name":"А-52 көшесі","name_ru":"улица А-52","name_kk":null,"highway":"secondary","importance_weight":2,"kind":"road","source":"OpenStreetMap contributors","sourceId":"osm-major-roads","source_url":"https://www.openstreetmap.org/way/1452354392"}},{"type":"Feature","id":"osm_way_1452365314","geometry":{"type":"LineString","coordinates":[[71.4560849,51.1617711],[71.458921,51.1608695],[71.459073,51.1608212],[71.4592138,51.1607776],[71.4601401,51.1604907]]},"properties":{"osm_way_id":1452365314,"name":"Амангелді Иманов көшесі","name_ru":"улица Амангельды Иманова","name_kk":null,"highway":"secondary","importance_weight":2,"kind":"road","source":"OpenStreetMap contributors","sourceId":"osm-major-roads","source_url":"https://www.openstreetmap.org/way/1452365314"}},{"type":"Feature","id":"osm_way_1452365315","geometry":{"type":"LineString","coordinates":[[71.4463549,51.1648151],[71.4465287,51.1647878],[71.4471887,51.1645772]]},"properties":{"osm_way_id":1452365315,"name":"Амангелді Иманов көшесі","name_ru":"улица Амангельды Иманова","name_kk":null,"highway":"secondary","importance_weight":2,"kind":"road","source":"OpenStreetMap contributors","sourceId":"osm-major-roads","source_url":"https://www.openstreetmap.org/way/1452365315"}},{"type":"Feature","id":"osm_way_1452593726","geometry":{"type":"LineString","coordinates":[[71.4293535,51.1309089],[71.4286162,51.1310265]]},"properties":{"osm_way_id":1452593726,"name":"Қонаев көшесі","name_ru":"улица Кунаева","name_kk":"Қонаев көшесі","highway":"secondary","importance_weight":2,"kind":"road","source":"OpenStreetMap contributors","sourceId":"osm-major-roads","source_url":"https://www.openstreetmap.org/way/1452593726"}},{"type":"Feature","id":"osm_way_1452593727","geometry":{"type":"LineString","coordinates":[[71.4298213,51.130834],[71.4295882,51.1308713],[71.4293535,51.1309089]]},"properties":{"osm_way_id":1452593727,"name":"Қонаев көшесі","name_ru":"улица Кунаева","name_kk":"Қонаев көшесі","highway":"secondary","importance_weight":2,"kind":"road","source":"OpenStreetMap contributors","sourceId":"osm-major-roads","source_url":"https://www.openstreetmap.org/way/1452593727"}},{"type":"Feature","id":"osm_way_1452593728","geometry":{"type":"LineString","coordinates":[[71.4295332,51.1307349],[71.4294428,51.1305167]]},"properties":{"osm_way_id":1452593728,"name":"Ақмешіт көшесі","name_ru":"улица Акмешит","name_kk":"Ақмешіт көшесі","highway":"secondary","importance_weight":2,"kind":"road","source":"OpenStreetMap contributors","sourceId":"osm-major-roads","source_url":"https://www.openstreetmap.org/way/1452593728"}},{"type":"Feature","id":"osm_way_1452593729","geometry":{"type":"LineString","coordinates":[[71.4296545,51.1310275],[71.4295882,51.1308713],[71.4295332,51.1307349]]},"properties":{"osm_way_id":1452593729,"name":"Ақмешіт көшесі","name_ru":"улица Акмешит","name_kk":"Ақмешіт көшесі","highway":"secondary","importance_weight":2,"kind":"road","source":"OpenStreetMap contributors","sourceId":"osm-major-roads","source_url":"https://www.openstreetmap.org/way/1452593729"}},{"type":"Feature","id":"osm_way_1452653518","geometry":{"type":"LineString","coordinates":[[71.4586863,51.0316978],[71.4573708,51.0325063],[71.4566972,51.0329246],[71.4546168,51.0342494],[71.4543933,51.034386],[71.4526428,51.0354555],[71.4512214,51.0363209],[71.4494158,51.0374481],[71.4489009,51.0377621],[71.4476909,51.0383894]]},"properties":{"osm_way_id":1452653518,"name":"Қабанбай Батыр даңғылы","name_ru":"проспект Кабанбай Батыра","name_kk":null,"highway":"primary","importance_weight":3,"kind":"road","source":"OpenStreetMap contributors","sourceId":"osm-major-roads","source_url":"https://www.openstreetmap.org/way/1452653518"}},{"type":"Feature","id":"osm_way_1452653519","geometry":{"type":"LineString","coordinates":[[71.4633004,51.0288297],[71.4633071,51.0288643],[71.463283,51.0288981],[71.4632105,51.0289479],[71.4629906,51.0290727],[71.4627503,51.0292086],[71.4626846,51.029253],[71.462378,51.0294403],[71.4613095,51.0300932],[71.4609374,51.0303168],[71.4608652,51.0303602],[71.4607418,51.030439],[71.4603031,51.0306908],[71.4586863,51.0316978]]},"properties":{"osm_way_id":1452653519,"name":"Қабанбай Батыр даңғылы","name_ru":"проспект Кабанбай Батыра","name_kk":null,"highway":"primary","importance_weight":3,"kind":"road","source":"OpenStreetMap contributors","sourceId":"osm-major-roads","source_url":"https://www.openstreetmap.org/way/1452653519"}},{"type":"Feature","id":"osm_way_1452653520","geometry":{"type":"LineString","coordinates":[[71.4605471,51.030326],[71.4606868,51.0302447],[71.4610985,51.0300056],[71.4611304,51.029989],[71.4618106,51.0295502],[71.4625663,51.0291034],[71.4629431,51.0288685],[71.4630966,51.0287791],[71.4631435,51.0287648],[71.4632052,51.0287707],[71.4633004,51.0288297]]},"properties":{"osm_way_id":1452653520,"name":"Қабанбай Батыр даңғылы","name_ru":"проспект Кабанбай Батыра","name_kk":null,"highway":"primary","importance_weight":3,"kind":"road","source":"OpenStreetMap contributors","sourceId":"osm-major-roads","source_url":"https://www.openstreetmap.org/way/1452653520"}},{"type":"Feature","id":"osm_way_1453307470","geometry":{"type":"LineString","coordinates":[[71.2991511,51.1261234],[71.2992479,51.1260204]]},"properties":{"osm_way_id":1453307470,"name":"osm_way_1453307470","name_ru":null,"name_kk":null,"highway":"primary","importance_weight":3,"kind":"road","source":"OpenStreetMap contributors","sourceId":"osm-major-roads","source_url":"https://www.openstreetmap.org/way/1453307470"}},{"type":"Feature","id":"osm_way_1453307475","geometry":{"type":"LineString","coordinates":[[71.2745998,51.1172924],[71.2752163,51.1175104],[71.2755867,51.1176414],[71.2793481,51.1189718],[71.2810573,51.1195472],[71.2811298,51.1195716],[71.2814048,51.1196675],[71.2816338,51.1197457],[71.2823577,51.1200044],[71.2826542,51.1201104],[71.2868785,51.1216225],[71.287334,51.1217855],[71.2919151,51.1234253],[71.2922008,51.1235287],[71.292409,51.1236014],[71.2930942,51.1238439],[71.2989814,51.1259274],[71.2992479,51.1260204],[71.2994332,51.1260839],[71.3002194,51.1263695],[71.301658,51.1268922],[71.3028789,51.1273977],[71.3042393,51.1280854],[71.3045923,51.1283009],[71.3076146,51.1301471],[71.3094029,51.1312889],[71.3095812,51.1314027],[71.3097654,51.13152],[71.3103845,51.1319144],[71.3110036,51.1323088],[71.3112141,51.1324429],[71.3133656,51.1337959],[71.313438,51.1338412],[71.313935,51.1341524],[71.3142936,51.1343769],[71.3155933,51.1351906]]},"properties":{"osm_way_id":1453307475,"name":"Қорғалжын тас жолы","name_ru":"Коргалжинское шоссе","name_kk":"Қорғалжын тас жолы","highway":"primary","importance_weight":3,"kind":"road","source":"OpenStreetMap contributors","sourceId":"osm-major-roads","source_url":"https://www.openstreetmap.org/way/1453307475"}},{"type":"Feature","id":"osm_way_1453307477","geometry":{"type":"LineString","coordinates":[[71.2922008,51.1235287],[71.2920977,51.1236502]]},"properties":{"osm_way_id":1453307477,"name":"Шота Руставели көшесі","name_ru":"улица Шота Руставели","name_kk":null,"highway":"primary","importance_weight":3,"kind":"road","source":"OpenStreetMap contributors","sourceId":"osm-major-roads","source_url":"https://www.openstreetmap.org/way/1453307477"}},{"type":"Feature","id":"osm_way_1453668668","geometry":{"type":"LineString","coordinates":[[71.5907737,51.1316012],[71.5911377,51.1315339],[71.5914616,51.1314754]]},"properties":{"osm_way_id":1453668668,"name":"Астана-Қарағанды тас жолы","name_ru":"трасса Астана-Караганда","name_kk":null,"highway":"primary","importance_weight":3,"kind":"road","source":"OpenStreetMap contributors","sourceId":"osm-major-roads","source_url":"https://www.openstreetmap.org/way/1453668668"}},{"type":"Feature","id":"osm_way_1453668669","geometry":{"type":"LineString","coordinates":[[71.5777235,51.1337973],[71.5885188,51.1319542],[71.5904193,51.1316582],[71.5907737,51.1316012]]},"properties":{"osm_way_id":1453668669,"name":"Астана-Қарағанды тас жолы","name_ru":"трасса Астана-Караганда","name_kk":null,"highway":"primary","importance_weight":3,"kind":"road","source":"OpenStreetMap contributors","sourceId":"osm-major-roads","source_url":"https://www.openstreetmap.org/way/1453668669"}},{"type":"Feature","id":"osm_way_1455170965","geometry":{"type":"LineString","coordinates":[[71.4996009,51.1150491],[71.4981054,51.1152821]]},"properties":{"osm_way_id":1455170965,"name":"Жұмекен Нәжімеденов көшесі","name_ru":"улица Жумекена Нажимеденова","name_kk":null,"highway":"secondary","importance_weight":2,"kind":"road","source":"OpenStreetMap contributors","sourceId":"osm-major-roads","source_url":"https://www.openstreetmap.org/way/1455170965"}},{"type":"Feature","id":"osm_way_1455170972","geometry":{"type":"LineString","coordinates":[[71.5013341,51.1146705],[71.501547,51.1146369],[71.5028107,51.1144377],[71.5036478,51.1142981],[71.5050945,51.1140771],[71.5052052,51.1140602],[71.505826,51.1139623],[71.5083062,51.1135714],[71.5085782,51.1135285]]},"properties":{"osm_way_id":1455170972,"name":"Жұмекен Нәжімеденов көшесі","name_ru":"улица Жумекена Нажимеденова","name_kk":null,"highway":"secondary","importance_weight":2,"kind":"road","source":"OpenStreetMap contributors","sourceId":"osm-major-roads","source_url":"https://www.openstreetmap.org/way/1455170972"}},{"type":"Feature","id":"osm_way_1455170973","geometry":{"type":"LineString","coordinates":[[71.5035794,51.1144348],[71.5025939,51.1145851]]},"properties":{"osm_way_id":1455170973,"name":"Жұмекен Нәжімеденов көшесі","name_ru":"улица Жумекена Нажимеденова","name_kk":null,"highway":"secondary","importance_weight":2,"kind":"road","source":"OpenStreetMap contributors","sourceId":"osm-major-roads","source_url":"https://www.openstreetmap.org/way/1455170973"}},{"type":"Feature","id":"osm_way_1455260045","geometry":{"type":"LineString","coordinates":[[71.4667965,51.1365514],[71.4668283,51.1365077],[71.4675215,51.1355403],[71.4675904,51.1354533],[71.4678826,51.13505]]},"properties":{"osm_way_id":1455260045,"name":"Тәуелсіздік даңғылы","name_ru":"проспект Тауелсиздик","name_kk":"Тәуелсіздік даңғылы","highway":"secondary","importance_weight":2,"kind":"road","source":"OpenStreetMap contributors","sourceId":"osm-major-roads","source_url":"https://www.openstreetmap.org/way/1455260045"}},{"type":"Feature","id":"osm_way_1455260046","geometry":{"type":"LineString","coordinates":[[71.4643516,51.1399307],[71.4647291,51.1394105],[71.4650939,51.1389061],[71.4657462,51.1380122]]},"properties":{"osm_way_id":1455260046,"name":"Тәуелсіздік даңғылы","name_ru":"проспект Тауелсиздик","name_kk":"Тәуелсіздік даңғылы","highway":"secondary","importance_weight":2,"kind":"road","source":"OpenStreetMap contributors","sourceId":"osm-major-roads","source_url":"https://www.openstreetmap.org/way/1455260046"}},{"type":"Feature","id":"osm_way_1455272363","geometry":{"type":"LineString","coordinates":[[71.463506,51.1411016],[71.4643277,51.1399625],[71.4643516,51.1399307]]},"properties":{"osm_way_id":1455272363,"name":"Тәуелсіздік даңғылы","name_ru":"проспект Тауелсиздик","name_kk":"Тәуелсіздік даңғылы","highway":"secondary","importance_weight":2,"kind":"road","source":"OpenStreetMap contributors","sourceId":"osm-major-roads","source_url":"https://www.openstreetmap.org/way/1455272363"}},{"type":"Feature","id":"osm_way_1455503201","geometry":{"type":"LineString","coordinates":[[71.4768413,51.1185953],[71.4767921,51.1186019],[71.4752522,51.1188491],[71.4749492,51.1188977],[71.4736573,51.1191003]]},"properties":{"osm_way_id":1455503201,"name":"Жұмекен Нәжімеденов көшесі","name_ru":"улица Жумекена Нажимеденова","name_kk":null,"highway":"secondary","importance_weight":2,"kind":"road","source":"OpenStreetMap contributors","sourceId":"osm-major-roads","source_url":"https://www.openstreetmap.org/way/1455503201"}},{"type":"Feature","id":"osm_way_1455503202","geometry":{"type":"LineString","coordinates":[[71.4841214,51.1174619],[71.4828156,51.1176571]]},"properties":{"osm_way_id":1455503202,"name":"Жұмекен Нәжімеденов көшесі","name_ru":"улица Жумекена Нажимеденова","name_kk":null,"highway":"secondary","importance_weight":2,"kind":"road","source":"OpenStreetMap contributors","sourceId":"osm-major-roads","source_url":"https://www.openstreetmap.org/way/1455503202"}},{"type":"Feature","id":"osm_way_1455740188","geometry":{"type":"LineString","coordinates":[[71.4317327,51.1086259],[71.4317478,51.1086633]]},"properties":{"osm_way_id":1455740188,"name":"Мәңгілік Ел даңғылы","name_ru":"проспект Мангилик Ел","name_kk":"Мәңгілік Ел даңғылы","highway":"secondary","importance_weight":2,"kind":"road","source":"OpenStreetMap contributors","sourceId":"osm-major-roads","source_url":"https://www.openstreetmap.org/way/1455740188"}},{"type":"Feature","id":"osm_way_1455760089","geometry":{"type":"LineString","coordinates":[[71.4317064,51.1085519],[71.4317327,51.1086259]]},"properties":{"osm_way_id":1455760089,"name":"Мәңгілік Ел даңғылы","name_ru":"проспект Мангилик Ел","name_kk":"Мәңгілік Ел даңғылы","highway":"secondary","importance_weight":2,"kind":"road","source":"OpenStreetMap contributors","sourceId":"osm-major-roads","source_url":"https://www.openstreetmap.org/way/1455760089"}},{"type":"Feature","id":"osm_way_1455760090","geometry":{"type":"LineString","coordinates":[[71.4317478,51.1086633],[71.4317867,51.1087751]]},"properties":{"osm_way_id":1455760090,"name":"Мәңгілік Ел даңғылы","name_ru":"проспект Мангилик Ел","name_kk":"Мәңгілік Ел даңғылы","highway":"secondary","importance_weight":2,"kind":"road","source":"OpenStreetMap contributors","sourceId":"osm-major-roads","source_url":"https://www.openstreetmap.org/way/1455760090"}},{"type":"Feature","id":"osm_way_1455760091","geometry":{"type":"LineString","coordinates":[[71.4316266,51.1087966],[71.4315836,51.1086868]]},"properties":{"osm_way_id":1455760091,"name":"Мәңгілік Ел даңғылы","name_ru":"проспект Мангилик Ел","name_kk":"Мәңгілік Ел даңғылы","highway":"secondary","importance_weight":2,"kind":"road","source":"OpenStreetMap contributors","sourceId":"osm-major-roads","source_url":"https://www.openstreetmap.org/way/1455760091"}},{"type":"Feature","id":"osm_way_1455760092","geometry":{"type":"LineString","coordinates":[[71.4315836,51.1086868],[71.4315727,51.1086488],[71.4315466,51.1085756]]},"properties":{"osm_way_id":1455760092,"name":"Мәңгілік Ел даңғылы","name_ru":"проспект Мангилик Ел","name_kk":"Мәңгілік Ел даңғылы","highway":"secondary","importance_weight":2,"kind":"road","source":"OpenStreetMap contributors","sourceId":"osm-major-roads","source_url":"https://www.openstreetmap.org/way/1455760092"}},{"type":"Feature","id":"osm_way_1455788351","geometry":{"type":"LineString","coordinates":[[71.4663404,51.1172356],[71.4664262,51.1174263],[71.4664819,51.1175754]]},"properties":{"osm_way_id":1455788351,"name":"Тәуелсіздік даңғылы","name_ru":"проспект Тауелсиздик","name_kk":"Тәуелсіздік даңғылы","highway":"secondary","importance_weight":2,"kind":"road","source":"OpenStreetMap contributors","sourceId":"osm-major-roads","source_url":"https://www.openstreetmap.org/way/1455788351"}},{"type":"Feature","id":"osm_way_1455788352","geometry":{"type":"LineString","coordinates":[[71.4662899,51.1171142],[71.4663404,51.1172356]]},"properties":{"osm_way_id":1455788352,"name":"Тәуелсіздік даңғылы","name_ru":"проспект Тауелсиздик","name_kk":"Тәуелсіздік даңғылы","highway":"secondary","importance_weight":2,"kind":"road","source":"OpenStreetMap contributors","sourceId":"osm-major-roads","source_url":"https://www.openstreetmap.org/way/1455788352"}},{"type":"Feature","id":"osm_way_1455788353","geometry":{"type":"LineString","coordinates":[[71.4660689,51.117273],[71.4660188,51.1171478]]},"properties":{"osm_way_id":1455788353,"name":"Тәуелсіздік даңғылы","name_ru":"проспект Тауелсиздик","name_kk":"Тәуелсіздік даңғылы","highway":"secondary","importance_weight":2,"kind":"road","source":"OpenStreetMap contributors","sourceId":"osm-major-roads","source_url":"https://www.openstreetmap.org/way/1455788353"}},{"type":"Feature","id":"osm_way_1455788354","geometry":{"type":"LineString","coordinates":[[71.465812,51.1173165],[71.4660689,51.117273],[71.4663404,51.1172356]]},"properties":{"osm_way_id":1455788354,"name":"Шәмші Қалдаяқов көшесі","name_ru":"улица Шамши Калдаяков","name_kk":null,"highway":"secondary","importance_weight":2,"kind":"road","source":"OpenStreetMap contributors","sourceId":"osm-major-roads","source_url":"https://www.openstreetmap.org/way/1455788354"}},{"type":"Feature","id":"osm_way_1455970516","geometry":{"type":"LineString","coordinates":[[71.4242825,51.1174642],[71.4240849,51.1169607],[71.4240392,51.1168444]]},"properties":{"osm_way_id":1455970516,"name":"Ақмешіт көшесі","name_ru":"улица Акмешит","name_kk":"Ақмешіт көшесі","highway":"secondary","importance_weight":2,"kind":"road","source":"OpenStreetMap contributors","sourceId":"osm-major-roads","source_url":"https://www.openstreetmap.org/way/1455970516"}},{"type":"Feature","id":"osm_way_1455970518","geometry":{"type":"LineString","coordinates":[[71.4239786,51.116675],[71.4239242,51.1165231]]},"properties":{"osm_way_id":1455970518,"name":"Ақмешіт көшесі","name_ru":"улица Акмешит","name_kk":"Ақмешіт көшесі","highway":"secondary","importance_weight":2,"kind":"road","source":"OpenStreetMap contributors","sourceId":"osm-major-roads","source_url":"https://www.openstreetmap.org/way/1455970518"}},{"type":"Feature","id":"osm_way_1456040409","geometry":{"type":"LineString","coordinates":[[71.393288,51.1392617],[71.3922633,51.1394356],[71.390569,51.1397201],[71.3901566,51.1397909],[71.3868367,51.140367],[71.3865476,51.1404172],[71.3863621,51.1404494],[71.3855861,51.1405843],[71.3831777,51.14101],[71.382501,51.141125],[71.3824584,51.1411322],[71.3822504,51.1411713],[71.3817363,51.1412649]]},"properties":{"osm_way_id":1456040409,"name":"Қайым Мұхамедханов көшесі","name_ru":"улица Кайыма Мухамедханова","name_kk":"Қайым Мұхамедханов көшесі","highway":"secondary","importance_weight":2,"kind":"road","source":"OpenStreetMap contributors","sourceId":"osm-major-roads","source_url":"https://www.openstreetmap.org/way/1456040409"}},{"type":"Feature","id":"osm_way_1456040410","geometry":{"type":"LineString","coordinates":[[71.3936417,51.1392101],[71.3934777,51.1392306],[71.393288,51.1392617]]},"properties":{"osm_way_id":1456040410,"name":"Қайым Мұхамедханов көшесі","name_ru":"улица Кайыма Мухамедханова","name_kk":"Қайым Мұхамедханов көшесі","highway":"secondary","importance_weight":2,"kind":"road","source":"OpenStreetMap contributors","sourceId":"osm-major-roads","source_url":"https://www.openstreetmap.org/way/1456040410"}},{"type":"Feature","id":"osm_way_1456040411","geometry":{"type":"LineString","coordinates":[[71.3932194,51.1390692],[71.3934015,51.1390469],[71.3935744,51.1390193]]},"properties":{"osm_way_id":1456040411,"name":"Қайым Мұхамедханов көшесі","name_ru":"улица Кайыма Мухамедханова","name_kk":"Қайым Мұхамедханов көшесі","highway":"secondary","importance_weight":2,"kind":"road","source":"OpenStreetMap contributors","sourceId":"osm-major-roads","source_url":"https://www.openstreetmap.org/way/1456040411"}},{"type":"Feature","id":"osm_way_1456040412","geometry":{"type":"LineString","coordinates":[[71.3816743,51.1411043],[71.3821926,51.141015],[71.3823952,51.1409796],[71.3835816,51.1407725],[71.3855213,51.1404241],[71.3861374,51.1403115],[71.3862112,51.1402991],[71.3862851,51.1402868],[71.3864819,51.1402514],[71.3868243,51.1401899],[71.3900633,51.1396081],[71.3905803,51.1395191],[71.3923531,51.1392203],[71.3926552,51.1391694],[71.3930735,51.1390951],[71.3932194,51.1390692]]},"properties":{"osm_way_id":1456040412,"name":"Қайым Мұхамедханов көшесі","name_ru":"улица Кайыма Мухамедханова","name_kk":"Қайым Мұхамедханов көшесі","highway":"secondary","importance_weight":2,"kind":"road","source":"OpenStreetMap contributors","sourceId":"osm-major-roads","source_url":"https://www.openstreetmap.org/way/1456040412"}},{"type":"Feature","id":"osm_way_1456296679","geometry":{"type":"LineString","coordinates":[[71.4118372,51.1185878],[71.4118006,51.1183366]]},"properties":{"osm_way_id":1456296679,"name":"Қабанбай Батыр даңғылы","name_ru":"проспект Кабанбай Батыра","name_kk":"Қабанбай Батыр даңғылы","highway":"secondary","importance_weight":2,"kind":"road","source":"OpenStreetMap contributors","sourceId":"osm-major-roads","source_url":"https://www.openstreetmap.org/way/1456296679"}},{"type":"Feature","id":"osm_way_1456296684","geometry":{"type":"LineString","coordinates":[[71.4118006,51.1183366],[71.4117757,51.11819]]},"properties":{"osm_way_id":1456296684,"name":"Қабанбай Батыр даңғылы","name_ru":"проспект Кабанбай Батыра","name_kk":"Қабанбай Батыр даңғылы","highway":"secondary","importance_weight":2,"kind":"road","source":"OpenStreetMap contributors","sourceId":"osm-major-roads","source_url":"https://www.openstreetmap.org/way/1456296684"}},{"type":"Feature","id":"osm_way_1456300834","geometry":{"type":"LineString","coordinates":[[71.5244504,51.1398121],[71.5245348,51.13977],[71.5246148,51.1397155],[71.5247038,51.139638],[71.5247791,51.1394568],[71.524735,51.1393524]]},"properties":{"osm_way_id":1456300834,"name":"osm_way_1456300834","name_ru":null,"name_kk":null,"highway":"secondary","importance_weight":2,"kind":"road","source":"OpenStreetMap contributors","sourceId":"osm-major-roads","source_url":"https://www.openstreetmap.org/way/1456300834"}},{"type":"Feature","id":"osm_way_1456300836","geometry":{"type":"LineString","coordinates":[[71.5209774,51.1400168],[71.5210934,51.1401375],[71.5212172,51.1402686]]},"properties":{"osm_way_id":1456300836,"name":"Айнакөл көшесі","name_ru":"улица Айнаколь","name_kk":null,"highway":"secondary","importance_weight":2,"kind":"road","source":"OpenStreetMap contributors","sourceId":"osm-major-roads","source_url":"https://www.openstreetmap.org/way/1456300836"}},{"type":"Feature","id":"osm_way_1456300841","geometry":{"type":"LineString","coordinates":[[71.5190475,51.1380021],[71.5195605,51.1378344],[71.5200391,51.1376779]]},"properties":{"osm_way_id":1456300841,"name":"Төлебаев көшесі","name_ru":"улица Тулебаева","name_kk":null,"highway":"secondary","importance_weight":2,"kind":"road","source":"OpenStreetMap contributors","sourceId":"osm-major-roads","source_url":"https://www.openstreetmap.org/way/1456300841"}},{"type":"Feature","id":"osm_way_1456300843","geometry":{"type":"LineString","coordinates":[[71.5188493,51.1380641],[71.5190789,51.1381961]]},"properties":{"osm_way_id":1456300843,"name":"Айнакөл көшесі","name_ru":"улица Айнаколь","name_kk":null,"highway":"secondary","importance_weight":2,"kind":"road","source":"OpenStreetMap contributors","sourceId":"osm-major-roads","source_url":"https://www.openstreetmap.org/way/1456300843"}},{"type":"Feature","id":"osm_way_1456300844","geometry":{"type":"LineString","coordinates":[[71.5185827,51.1379527],[71.5188493,51.1380641]]},"properties":{"osm_way_id":1456300844,"name":"Айнакөл көшесі","name_ru":"улица Айнаколь","name_kk":null,"highway":"secondary","importance_weight":2,"kind":"road","source":"OpenStreetMap contributors","sourceId":"osm-major-roads","source_url":"https://www.openstreetmap.org/way/1456300844"}},{"type":"Feature","id":"osm_way_1456301472","geometry":{"type":"LineString","coordinates":[[71.5126994,51.136247],[71.5129191,51.1363066],[71.5136201,51.136508],[71.5138474,51.1365733],[71.5141287,51.1366566]]},"properties":{"osm_way_id":1456301472,"name":"Айнакөл көшесі","name_ru":"улица Айнаколь","name_kk":null,"highway":"secondary","importance_weight":2,"kind":"road","source":"OpenStreetMap contributors","sourceId":"osm-major-roads","source_url":"https://www.openstreetmap.org/way/1456301472"}},{"type":"Feature","id":"osm_way_1456301473","geometry":{"type":"LineString","coordinates":[[71.506314,51.1344005],[71.5066627,51.1345049],[71.5078512,51.1348596],[71.5090891,51.1352049],[71.5094304,51.135301],[71.5117657,51.1359822],[71.5125351,51.1362011],[71.5126994,51.136247]]},"properties":{"osm_way_id":1456301473,"name":"Айнакөл көшесі","name_ru":"улица Айнаколь","name_kk":null,"highway":"secondary","importance_weight":2,"kind":"road","source":"OpenStreetMap contributors","sourceId":"osm-major-roads","source_url":"https://www.openstreetmap.org/way/1456301473"}},{"type":"Feature","id":"osm_way_1456921508","geometry":{"type":"LineString","coordinates":[[71.5361308,51.1143071],[71.536097,51.1142251]]},"properties":{"osm_way_id":1456921508,"name":"Сафуан Шаймерденов көшесі","name_ru":"улица Сафуана Шаймерденова","name_kk":"Сафуан Шаймерденов көшесі","highway":"secondary","importance_weight":2,"kind":"road","source":"OpenStreetMap contributors","sourceId":"osm-major-roads","source_url":"https://www.openstreetmap.org/way/1456921508"}},{"type":"Feature","id":"osm_way_1456921509","geometry":{"type":"LineString","coordinates":[[71.5344723,51.109452],[71.5345165,51.1095591],[71.5345523,51.1096523],[71.5347357,51.1101105],[71.5348649,51.1104332],[71.5352363,51.11137],[71.5353652,51.1116936],[71.5354825,51.1119881],[71.5355009,51.1120343],[71.535544,51.1121424]]},"properties":{"osm_way_id":1456921509,"name":"Сафуан Шаймерденов көшесі","name_ru":"улица Сафуана Шаймерденова","name_kk":"Сафуан Шаймерденов көшесі","highway":"secondary","importance_weight":2,"kind":"road","source":"OpenStreetMap contributors","sourceId":"osm-major-roads","source_url":"https://www.openstreetmap.org/way/1456921509"}},{"type":"Feature","id":"osm_way_1456921510","geometry":{"type":"LineString","coordinates":[[71.5363925,51.1142725],[71.5365275,51.1146114],[71.5365365,51.1146341],[71.5368841,51.1155066],[71.5369778,51.115738],[71.5370282,51.1158682],[71.5372209,51.116352],[71.5374032,51.1167962],[71.5374498,51.11691]]},"properties":{"osm_way_id":1456921510,"name":"Сафуан Шаймерденов көшесі","name_ru":"улица Сафуана Шаймерденова","name_kk":"Сафуан Шаймерденов көшесі","highway":"secondary","importance_weight":2,"kind":"road","source":"OpenStreetMap contributors","sourceId":"osm-major-roads","source_url":"https://www.openstreetmap.org/way/1456921510"}},{"type":"Feature","id":"osm_way_1457135425","geometry":{"type":"LineString","coordinates":[[71.4925827,51.1589307],[71.4911782,51.1594662],[71.4908126,51.1596056],[71.48995,51.1599345],[71.4898484,51.1599733]]},"properties":{"osm_way_id":1457135425,"name":"Шәкәрім Құдайбердіұлы даңғылы","name_ru":"проспект Шaкaрима Кудайбердыулы","name_kk":"Шәкәрім Құдайбердіұлы даңғылы","highway":"secondary","importance_weight":2,"kind":"road","source":"OpenStreetMap contributors","sourceId":"osm-major-roads","source_url":"https://www.openstreetmap.org/way/1457135425"}},{"type":"Feature","id":"osm_way_1457135426","geometry":{"type":"LineString","coordinates":[[71.4947187,51.1581082],[71.4932485,51.1586768],[71.4925827,51.1589307]]},"properties":{"osm_way_id":1457135426,"name":"Шәкәрім Құдайбердіұлы даңғылы","name_ru":"проспект Шaкaрима Кудайбердыулы","name_kk":"Шәкәрім Құдайбердіұлы даңғылы","highway":"secondary","importance_weight":2,"kind":"road","source":"OpenStreetMap contributors","sourceId":"osm-major-roads","source_url":"https://www.openstreetmap.org/way/1457135426"}},{"type":"Feature","id":"osm_way_1457475249","geometry":{"type":"LineString","coordinates":[[71.499201,51.1199973],[71.4992556,51.120137]]},"properties":{"osm_way_id":1457475249,"name":"Мағжан Жұмабаев даңғылы","name_ru":"проспект Жумабаева","name_kk":"Мағжан Жұмабаев даңғылы","highway":"secondary","importance_weight":2,"kind":"road","source":"OpenStreetMap contributors","sourceId":"osm-major-roads","source_url":"https://www.openstreetmap.org/way/1457475249"}},{"type":"Feature","id":"osm_way_1457503083","geometry":{"type":"LineString","coordinates":[[71.43774,51.1748954],[71.4377737,51.1747762],[71.4380072,51.1739481],[71.4380397,51.1738328],[71.4382672,51.1730264]]},"properties":{"osm_way_id":1457503083,"name":"Шоқан Уәлиханов көшесі","name_ru":"улица Шокана Уалиханова","name_kk":null,"highway":"secondary","importance_weight":2,"kind":"road","source":"OpenStreetMap contributors","sourceId":"osm-major-roads","source_url":"https://www.openstreetmap.org/way/1457503083"}},{"type":"Feature","id":"osm_way_1457503084","geometry":{"type":"LineString","coordinates":[[71.4372272,51.1767121],[71.437278,51.1765336],[71.4373022,51.1764478],[71.437409,51.1760693],[71.4374325,51.1759859],[71.4374593,51.1758909],[71.4375745,51.1754823],[71.4376221,51.1753135]]},"properties":{"osm_way_id":1457503084,"name":"Шоқан Уәлиханов көшесі","name_ru":"улица Шокана Уалиханова","name_kk":null,"highway":"secondary","importance_weight":2,"kind":"road","source":"OpenStreetMap contributors","sourceId":"osm-major-roads","source_url":"https://www.openstreetmap.org/way/1457503084"}},{"type":"Feature","id":"osm_way_1457509663","geometry":{"type":"LineString","coordinates":[[71.4376221,51.1753135],[71.4377311,51.174927],[71.43774,51.1748954]]},"properties":{"osm_way_id":1457509663,"name":"Шоқан Уәлиханов көшесі","name_ru":"улица Шокана Уалиханова","name_kk":null,"highway":"secondary","importance_weight":2,"kind":"road","source":"OpenStreetMap contributors","sourceId":"osm-major-roads","source_url":"https://www.openstreetmap.org/way/1457509663"}},{"type":"Feature","id":"osm_way_1457509664","geometry":{"type":"LineString","coordinates":[[71.4366885,51.1785367],[71.436725,51.1784095],[71.4367733,51.1782405],[71.4370656,51.1772868],[71.4371115,51.1771238],[71.4372272,51.1767121]]},"properties":{"osm_way_id":1457509664,"name":"Шоқан Уәлиханов көшесі","name_ru":"улица Шокана Уалиханова","name_kk":null,"highway":"secondary","importance_weight":2,"kind":"road","source":"OpenStreetMap contributors","sourceId":"osm-major-roads","source_url":"https://www.openstreetmap.org/way/1457509664"}},{"type":"Feature","id":"osm_way_1457783967","geometry":{"type":"LineString","coordinates":[[71.4510031,51.0955952],[71.4513362,51.0965228],[71.4513829,51.0966528],[71.451429,51.0967769],[71.451437,51.0967986],[71.4518472,51.0979031],[71.452418,51.0994802],[71.4525733,51.0999093]]},"properties":{"osm_way_id":1457783967,"name":"Әл-Фараби даңғылы","name_ru":"проспект Аль-Фараби","name_kk":"Әл-Фараби даңғылы","highway":"secondary","importance_weight":2,"kind":"road","source":"OpenStreetMap contributors","sourceId":"osm-major-roads","source_url":"https://www.openstreetmap.org/way/1457783967"}},{"type":"Feature","id":"osm_way_1457783968","geometry":{"type":"LineString","coordinates":[[71.4523118,51.099943],[71.4520038,51.0990653],[71.4513547,51.097408],[71.4513217,51.0972973],[71.4511777,51.0968109],[71.4511352,51.0966892]]},"properties":{"osm_way_id":1457783968,"name":"Әл-Фараби даңғылы","name_ru":"проспект Аль-Фараби","name_kk":"Әл-Фараби даңғылы","highway":"secondary","importance_weight":2,"kind":"road","source":"OpenStreetMap contributors","sourceId":"osm-major-roads","source_url":"https://www.openstreetmap.org/way/1457783968"}},{"type":"Feature","id":"osm_way_1457788079","geometry":{"type":"LineString","coordinates":[[71.450002,51.0934492],[71.4499236,51.0932248],[71.4496703,51.0925189],[71.449656,51.092479]]},"properties":{"osm_way_id":1457788079,"name":"Әл-Фараби даңғылы","name_ru":"проспект Аль-Фараби","name_kk":"Әл-Фараби даңғылы","highway":"secondary","importance_weight":2,"kind":"road","source":"OpenStreetMap contributors","sourceId":"osm-major-roads","source_url":"https://www.openstreetmap.org/way/1457788079"}},{"type":"Feature","id":"osm_way_1457788082","geometry":{"type":"LineString","coordinates":[[71.4499017,51.092449],[71.4500397,51.0928545],[71.4501381,51.0931435],[71.450377,51.093796]]},"properties":{"osm_way_id":1457788082,"name":"Әл-Фараби даңғылы","name_ru":"проспект Аль-Фараби","name_kk":"Әл-Фараби даңғылы","highway":"secondary","importance_weight":2,"kind":"road","source":"OpenStreetMap contributors","sourceId":"osm-major-roads","source_url":"https://www.openstreetmap.org/way/1457788082"}},{"type":"Feature","id":"osm_way_1457788083","geometry":{"type":"LineString","coordinates":[[71.450074,51.0923332],[71.4498718,51.0923612]]},"properties":{"osm_way_id":1457788083,"name":"Ұлы Дала даңғылы","name_ru":"проспект Улы Дала","name_kk":"Ұлы Дала даңғылы","highway":"secondary","importance_weight":2,"kind":"road","source":"OpenStreetMap contributors","sourceId":"osm-major-roads","source_url":"https://www.openstreetmap.org/way/1457788083"}},{"type":"Feature","id":"osm_way_1457788084","geometry":{"type":"LineString","coordinates":[[71.4498196,51.0922092],[71.4500145,51.0921803]]},"properties":{"osm_way_id":1457788084,"name":"Ұлы Дала даңғылы","name_ru":"проспект Улы Дала","name_kk":"Ұлы Дала даңғылы","highway":"secondary","importance_weight":2,"kind":"road","source":"OpenStreetMap contributors","sourceId":"osm-major-roads","source_url":"https://www.openstreetmap.org/way/1457788084"}},{"type":"Feature","id":"osm_way_1457788085","geometry":{"type":"LineString","coordinates":[[71.4493024,51.092284],[71.4495759,51.0922455],[71.4498196,51.0922092]]},"properties":{"osm_way_id":1457788085,"name":"Ұлы Дала даңғылы","name_ru":"проспект Улы Дала","name_kk":"Ұлы Дала даңғылы","highway":"secondary","importance_weight":2,"kind":"road","source":"OpenStreetMap contributors","sourceId":"osm-major-roads","source_url":"https://www.openstreetmap.org/way/1457788085"}},{"type":"Feature","id":"osm_way_1457788086","geometry":{"type":"LineString","coordinates":[[71.4498718,51.0923612],[71.4496298,51.0923848],[71.4493503,51.0924194]]},"properties":{"osm_way_id":1457788086,"name":"Ұлы Дала даңғылы","name_ru":"проспект Улы Дала","name_kk":"Ұлы Дала даңғылы","highway":"secondary","importance_weight":2,"kind":"road","source":"OpenStreetMap contributors","sourceId":"osm-major-roads","source_url":"https://www.openstreetmap.org/way/1457788086"}},{"type":"Feature","id":"osm_way_1458046602","geometry":{"type":"LineString","coordinates":[[71.4972352,51.1291177],[71.4971821,51.1291993],[71.4971611,51.1292364],[71.4967783,51.129788],[71.4963504,51.1303597],[71.4962444,51.1305085],[71.495725,51.1312373],[71.4956162,51.1313899],[71.4954965,51.1315579]]},"properties":{"osm_way_id":1458046602,"name":"Мағжан Жұмабаев даңғылы","name_ru":"проспект Жумабаева","name_kk":"Мағжан Жұмабаев даңғылы","highway":"secondary","importance_weight":2,"kind":"road","source":"OpenStreetMap contributors","sourceId":"osm-major-roads","source_url":"https://www.openstreetmap.org/way/1458046602"}},{"type":"Feature","id":"osm_way_1458046603","geometry":{"type":"LineString","coordinates":[[71.4930343,51.1347954],[71.4933592,51.1343399],[71.4936412,51.1339443],[71.4937685,51.1337658],[71.4943545,51.1329441],[71.494916,51.1321568],[71.4953668,51.1315245]]},"properties":{"osm_way_id":1458046603,"name":"Мағжан Жұмабаев даңғылы","name_ru":"проспект Жумабаева","name_kk":"Мағжан Жұмабаев даңғылы","highway":"secondary","importance_weight":2,"kind":"road","source":"OpenStreetMap contributors","sourceId":"osm-major-roads","source_url":"https://www.openstreetmap.org/way/1458046603"}},{"type":"Feature","id":"osm_way_1458046604","geometry":{"type":"LineString","coordinates":[[71.4987884,51.1266877],[71.4991408,51.1261916],[71.4992182,51.1260813],[71.4999554,51.1250312]]},"properties":{"osm_way_id":1458046604,"name":"Мағжан Жұмабаев даңғылы","name_ru":"проспект Жумабаева","name_kk":"Мағжан Жұмабаев даңғылы","highway":"secondary","importance_weight":2,"kind":"road","source":"OpenStreetMap contributors","sourceId":"osm-major-roads","source_url":"https://www.openstreetmap.org/way/1458046604"}},{"type":"Feature","id":"osm_way_1458046605","geometry":{"type":"LineString","coordinates":[[71.5001534,51.1250784],[71.499417,51.126098],[71.4992425,51.1263558],[71.4989819,51.1267375]]},"properties":{"osm_way_id":1458046605,"name":"Мағжан Жұмабаев даңғылы","name_ru":"проспект Жумабаева","name_kk":"Мағжан Жұмабаев даңғылы","highway":"secondary","importance_weight":2,"kind":"road","source":"OpenStreetMap contributors","sourceId":"osm-major-roads","source_url":"https://www.openstreetmap.org/way/1458046605"}},{"type":"Feature","id":"osm_way_1458046610","geometry":{"type":"LineString","coordinates":[[71.4864263,51.1259018],[71.4866868,51.1259765]]},"properties":{"osm_way_id":1458046610,"name":"Рақымжан Қошқарбаев даңғылы","name_ru":"проспект Рахимжана Кошкарбаева","name_kk":"Рақымжан Қошқарбаев даңғылы","highway":"secondary","importance_weight":2,"kind":"road","source":"OpenStreetMap contributors","sourceId":"osm-major-roads","source_url":"https://www.openstreetmap.org/way/1458046610"}},{"type":"Feature","id":"osm_way_1458046611","geometry":{"type":"LineString","coordinates":[[71.4863091,51.126047],[71.4859269,51.1259418],[71.485607,51.1258519],[71.48497,51.1256798],[71.4844726,51.125614],[71.4840927,51.1255877],[71.4837436,51.1255877],[71.4833814,51.125614]]},"properties":{"osm_way_id":1458046611,"name":"Рақымжан Қошқарбаев даңғылы","name_ru":"проспект Рахимжана Кошкарбаева","name_kk":"Рақымжан Қошқарбаев даңғылы","highway":"secondary","importance_weight":2,"kind":"road","source":"OpenStreetMap contributors","sourceId":"osm-major-roads","source_url":"https://www.openstreetmap.org/way/1458046611"}},{"type":"Feature","id":"osm_way_1458080898","geometry":{"type":"LineString","coordinates":[[71.4865804,51.1261131],[71.4866868,51.1259765]]},"properties":{"osm_way_id":1458080898,"name":"Рақымжан Қошқарбаев даңғылы","name_ru":"проспект Рахимжана Кошкарбаева","name_kk":"Рақымжан Қошқарбаев даңғылы","highway":"secondary","importance_weight":2,"kind":"road","source":"OpenStreetMap contributors","sourceId":"osm-major-roads","source_url":"https://www.openstreetmap.org/way/1458080898"}},{"type":"Feature","id":"osm_way_1458080899","geometry":{"type":"LineString","coordinates":[[71.4865804,51.1261131],[71.4863091,51.126047]]},"properties":{"osm_way_id":1458080899,"name":"Рақымжан Қошқарбаев даңғылы","name_ru":"проспект Рахимжана Кошкарбаева","name_kk":"Рақымжан Қошқарбаев даңғылы","highway":"secondary","importance_weight":2,"kind":"road","source":"OpenStreetMap contributors","sourceId":"osm-major-roads","source_url":"https://www.openstreetmap.org/way/1458080899"}},{"type":"Feature","id":"osm_way_1458080903","geometry":{"type":"LineString","coordinates":[[71.4972352,51.1291177],[71.4970824,51.1290745]]},"properties":{"osm_way_id":1458080903,"name":"Рақымжан Қошқарбаев даңғылы","name_ru":"проспект Рахимжана Кошкарбаева","name_kk":"Рақымжан Қошқарбаев даңғылы","highway":"secondary","importance_weight":2,"kind":"road","source":"OpenStreetMap contributors","sourceId":"osm-major-roads","source_url":"https://www.openstreetmap.org/way/1458080903"}},{"type":"Feature","id":"osm_way_1458998548","geometry":{"type":"LineString","coordinates":[[71.4956162,51.1313899],[71.4958646,51.1314635]]},"properties":{"osm_way_id":1458998548,"name":"Айнакөл көшесі","name_ru":"улица Айнаколь","name_kk":null,"highway":"secondary","importance_weight":2,"kind":"road","source":"OpenStreetMap contributors","sourceId":"osm-major-roads","source_url":"https://www.openstreetmap.org/way/1458998548"}},{"type":"Feature","id":"osm_way_1459048101","geometry":{"type":"LineString","coordinates":[[71.4970824,51.1290745],[71.4969371,51.1290335]]},"properties":{"osm_way_id":1459048101,"name":"Рақымжан Қошқарбаев даңғылы","name_ru":"проспект Рахимжана Кошкарбаева","name_kk":"Рақымжан Қошқарбаев даңғылы","highway":"secondary","importance_weight":2,"kind":"road","source":"OpenStreetMap contributors","sourceId":"osm-major-roads","source_url":"https://www.openstreetmap.org/way/1459048101"}},{"type":"Feature","id":"osm_way_1459366232","geometry":{"type":"LineString","coordinates":[[71.499201,51.1199973],[71.4990169,51.1200265]]},"properties":{"osm_way_id":1459366232,"name":"Ахмет Байтұрсынов даңғылы","name_ru":"улица Ахмета Байтурсынова","name_kk":null,"highway":"secondary","importance_weight":2,"kind":"road","source":"OpenStreetMap contributors","sourceId":"osm-major-roads","source_url":"https://www.openstreetmap.org/way/1459366232"}},{"type":"Feature","id":"osm_way_1459366235","geometry":{"type":"LineString","coordinates":[[71.4989829,51.1199356],[71.4991651,51.1199075]]},"properties":{"osm_way_id":1459366235,"name":"Ахмет Байтұрсынов даңғылы","name_ru":"улица Ахмета Байтурсынова","name_kk":null,"highway":"secondary","importance_weight":2,"kind":"road","source":"OpenStreetMap contributors","sourceId":"osm-major-roads","source_url":"https://www.openstreetmap.org/way/1459366235"}},{"type":"Feature","id":"osm_way_1460435086","geometry":{"type":"LineString","coordinates":[[71.4016937,51.1175489],[71.4013792,51.1176393]]},"properties":{"osm_way_id":1460435086,"name":"Керей Және Жәнібек Хандар көшесі","name_ru":"улица Керей и Жанибек хандар","name_kk":"Керей Және Жәнібек Хандар көшесі","highway":"secondary","importance_weight":2,"kind":"road","source":"OpenStreetMap contributors","sourceId":"osm-major-roads","source_url":"https://www.openstreetmap.org/way/1460435086"}},{"type":"Feature","id":"osm_way_1460435088","geometry":{"type":"LineString","coordinates":[[71.401125,51.1175628],[71.4013462,51.1175321],[71.4016937,51.1175489]]},"properties":{"osm_way_id":1460435088,"name":"Керей Және Жәнібек Хандар көшесі","name_ru":"улица Керей и Жанибек хандар","name_kk":"Керей Және Жәнібек Хандар көшесі","highway":"secondary","importance_weight":2,"kind":"road","source":"OpenStreetMap contributors","sourceId":"osm-major-roads","source_url":"https://www.openstreetmap.org/way/1460435088"}},{"type":"Feature","id":"osm_way_1460435089","geometry":{"type":"LineString","coordinates":[[71.4029441,51.1173709],[71.4027719,51.1173954]]},"properties":{"osm_way_id":1460435089,"name":"Керей Және Жәнібек Хандар көшесі","name_ru":"улица Керей и Жанибек хандар","name_kk":"Керей Және Жәнібек Хандар көшесі","highway":"secondary","importance_weight":2,"kind":"road","source":"OpenStreetMap contributors","sourceId":"osm-major-roads","source_url":"https://www.openstreetmap.org/way/1460435089"}},{"type":"Feature","id":"osm_way_1460435095","geometry":{"type":"LineString","coordinates":[[71.4020309,51.1175009],[71.4017981,51.1175341],[71.4016937,51.1175489]]},"properties":{"osm_way_id":1460435095,"name":"Керей Және Жәнібек Хандар көшесі","name_ru":"улица Керей и Жанибек хандар","name_kk":"Керей Және Жәнібек Хандар көшесі","highway":"secondary","importance_weight":2,"kind":"road","source":"OpenStreetMap contributors","sourceId":"osm-major-roads","source_url":"https://www.openstreetmap.org/way/1460435095"}},{"type":"Feature","id":"osm_way_1460435096","geometry":{"type":"LineString","coordinates":[[71.4027719,51.1173954],[71.4020309,51.1175009]]},"properties":{"osm_way_id":1460435096,"name":"Керей Және Жәнібек Хандар көшесі","name_ru":"улица Керей и Жанибек хандар","name_kk":"Керей Және Жәнібек Хандар көшесі","highway":"secondary","importance_weight":2,"kind":"road","source":"OpenStreetMap contributors","sourceId":"osm-major-roads","source_url":"https://www.openstreetmap.org/way/1460435096"}},{"type":"Feature","id":"osm_way_1460435097","geometry":{"type":"LineString","coordinates":[[71.4037701,51.1172533],[71.4036833,51.1172657],[71.4029441,51.1173709]]},"properties":{"osm_way_id":1460435097,"name":"Керей Және Жәнібек Хандар көшесі","name_ru":"улица Керей и Жанибек хандар","name_kk":"Керей Және Жәнібек Хандар көшесі","highway":"secondary","importance_weight":2,"kind":"road","source":"OpenStreetMap contributors","sourceId":"osm-major-roads","source_url":"https://www.openstreetmap.org/way/1460435097"}},{"type":"Feature","id":"osm_way_1460435112","geometry":{"type":"LineString","coordinates":[[71.4049912,51.1170795],[71.4044859,51.1171514]]},"properties":{"osm_way_id":1460435112,"name":"Керей Және Жәнібек Хандар көшесі","name_ru":"улица Керей и Жанибек хандар","name_kk":"Керей Және Жәнібек Хандар көшесі","highway":"secondary","importance_weight":2,"kind":"road","source":"OpenStreetMap contributors","sourceId":"osm-major-roads","source_url":"https://www.openstreetmap.org/way/1460435112"}},{"type":"Feature","id":"osm_way_1460435115","geometry":{"type":"LineString","coordinates":[[71.405665,51.1169836],[71.4049912,51.1170795]]},"properties":{"osm_way_id":1460435115,"name":"Керей Және Жәнібек Хандар көшесі","name_ru":"улица Керей и Жанибек хандар","name_kk":"Керей Және Жәнібек Хандар көшесі","highway":"secondary","importance_weight":2,"kind":"road","source":"OpenStreetMap contributors","sourceId":"osm-major-roads","source_url":"https://www.openstreetmap.org/way/1460435115"}},{"type":"Feature","id":"osm_way_1460435116","geometry":{"type":"LineString","coordinates":[[71.4060711,51.1169255],[71.4059085,51.1169489],[71.4057518,51.1169712],[71.405665,51.1169836]]},"properties":{"osm_way_id":1460435116,"name":"Керей Және Жәнібек Хандар көшесі","name_ru":"улица Керей и Жанибек хандар","name_kk":"Керей Және Жәнібек Хандар көшесі","highway":"secondary","importance_weight":2,"kind":"road","source":"OpenStreetMap contributors","sourceId":"osm-major-roads","source_url":"https://www.openstreetmap.org/way/1460435116"}},{"type":"Feature","id":"osm_way_1460435123","geometry":{"type":"LineString","coordinates":[[71.4040515,51.1172133],[71.4037701,51.1172533]]},"properties":{"osm_way_id":1460435123,"name":"Керей Және Жәнібек Хандар көшесі","name_ru":"улица Керей и Жанибек хандар","name_kk":"Керей Және Жәнібек Хандар көшесі","highway":"secondary","importance_weight":2,"kind":"road","source":"OpenStreetMap contributors","sourceId":"osm-major-roads","source_url":"https://www.openstreetmap.org/way/1460435123"}},{"type":"Feature","id":"osm_way_1460435124","geometry":{"type":"LineString","coordinates":[[71.4044859,51.1171514],[71.4040515,51.1172133]]},"properties":{"osm_way_id":1460435124,"name":"Керей Және Жәнібек Хандар көшесі","name_ru":"улица Керей и Жанибек хандар","name_kk":"Керей Және Жәнібек Хандар көшесі","highway":"secondary","importance_weight":2,"kind":"road","source":"OpenStreetMap contributors","sourceId":"osm-major-roads","source_url":"https://www.openstreetmap.org/way/1460435124"}},{"type":"Feature","id":"osm_way_1460435125","geometry":{"type":"LineString","coordinates":[[71.4062218,51.1169043],[71.4061351,51.1169165],[71.4060711,51.1169255]]},"properties":{"osm_way_id":1460435125,"name":"Керей Және Жәнібек Хандар көшесі","name_ru":"улица Керей и Жанибек хандар","name_kk":"Керей Және Жәнібек Хандар көшесі","highway":"secondary","importance_weight":2,"kind":"road","source":"OpenStreetMap contributors","sourceId":"osm-major-roads","source_url":"https://www.openstreetmap.org/way/1460435125"}},{"type":"Feature","id":"osm_way_1460435140","geometry":{"type":"LineString","coordinates":[[71.4097791,51.1163979],[71.4092001,51.1164804],[71.4091496,51.1164875],[71.4083963,51.1165948],[71.4078318,51.1166751],[71.4072021,51.1167648],[71.4069552,51.1167999],[71.4062218,51.1169043]]},"properties":{"osm_way_id":1460435140,"name":"Керей Және Жәнібек Хандар көшесі","name_ru":"улица Керей и Жанибек хандар","name_kk":"Керей Және Жәнібек Хандар көшесі","highway":"secondary","importance_weight":2,"kind":"road","source":"OpenStreetMap contributors","sourceId":"osm-major-roads","source_url":"https://www.openstreetmap.org/way/1460435140"}},{"type":"Feature","id":"osm_way_1460435162","geometry":{"type":"LineString","coordinates":[[71.4114205,51.1161647],[71.4113955,51.1160288]]},"properties":{"osm_way_id":1460435162,"name":"Қабанбай Батыр даңғылы","name_ru":"проспект Кабанбай Батыра","name_kk":"Қабанбай Батыр даңғылы","highway":"secondary","importance_weight":2,"kind":"road","source":"OpenStreetMap contributors","sourceId":"osm-major-roads","source_url":"https://www.openstreetmap.org/way/1460435162"}},{"type":"Feature","id":"osm_way_1460435163","geometry":{"type":"LineString","coordinates":[[71.4114205,51.1161647],[71.4111428,51.1162026],[71.4097791,51.1163979]]},"properties":{"osm_way_id":1460435163,"name":"Керей Және Жәнібек Хандар көшесі","name_ru":"улица Керей и Жанибек хандар","name_kk":"Керей Және Жәнібек Хандар көшесі","highway":"secondary","importance_weight":2,"kind":"road","source":"OpenStreetMap contributors","sourceId":"osm-major-roads","source_url":"https://www.openstreetmap.org/way/1460435163"}},{"type":"Feature","id":"osm_way_1460945570","geometry":{"type":"LineString","coordinates":[[71.4823763,51.0815662],[71.4825302,51.0814403],[71.4828137,51.0812285],[71.4830915,51.0809987],[71.4833169,51.0807679],[71.4836814,51.0802638],[71.4857047,51.0774653]]},"properties":{"osm_way_id":1460945570,"name":"Шерхан Мұртаза көшесі","name_ru":"улица Шерхана Муртазы","name_kk":"Шерхан Мұртаза көшесі","highway":"secondary","importance_weight":2,"kind":"road","source":"OpenStreetMap contributors","sourceId":"osm-major-roads","source_url":"https://www.openstreetmap.org/way/1460945570"}},{"type":"Feature","id":"osm_way_1460945582","geometry":{"type":"LineString","coordinates":[[71.4660244,51.0980021],[71.4669527,51.0976475]]},"properties":{"osm_way_id":1460945582,"name":"Керей Және Жәнібек Хандар көшесі","name_ru":"улица Керей и Жанибек хандар","name_kk":"Керей Және Жәнібек Хандар көшесі","highway":"secondary","importance_weight":2,"kind":"road","source":"OpenStreetMap contributors","sourceId":"osm-major-roads","source_url":"https://www.openstreetmap.org/way/1460945582"}},{"type":"Feature","id":"osm_way_1460945583","geometry":{"type":"LineString","coordinates":[[71.4669527,51.0976475],[71.4676615,51.097376]]},"properties":{"osm_way_id":1460945583,"name":"Керей Және Жәнібек Хандар көшесі","name_ru":"улица Керей и Жанибек хандар","name_kk":"Керей Және Жәнібек Хандар көшесі","highway":"secondary","importance_weight":2,"kind":"road","source":"OpenStreetMap contributors","sourceId":"osm-major-roads","source_url":"https://www.openstreetmap.org/way/1460945583"}},{"type":"Feature","id":"osm_way_1460945593","geometry":{"type":"LineString","coordinates":[[71.4648015,51.0984854],[71.4655043,51.0982077],[71.4657325,51.0981175],[71.4660244,51.0980021]]},"properties":{"osm_way_id":1460945593,"name":"Керей Және Жәнібек Хандар көшесі","name_ru":"улица Керей и Жанибек хандар","name_kk":"Керей Және Жәнібек Хандар көшесі","highway":"secondary","importance_weight":2,"kind":"road","source":"OpenStreetMap contributors","sourceId":"osm-major-roads","source_url":"https://www.openstreetmap.org/way/1460945593"}},{"type":"Feature","id":"osm_way_1460945612","geometry":{"type":"LineString","coordinates":[[71.4605194,51.1004098],[71.4612814,51.1000152]]},"properties":{"osm_way_id":1460945612,"name":"Керей Және Жәнібек Хандар көшесі","name_ru":"улица Керей и Жанибек хандар","name_kk":"Керей Және Жәнібек Хандар көшесі","highway":"secondary","importance_weight":2,"kind":"road","source":"OpenStreetMap contributors","sourceId":"osm-major-roads","source_url":"https://www.openstreetmap.org/way/1460945612"}},{"type":"Feature","id":"osm_way_1460945613","geometry":{"type":"LineString","coordinates":[[71.4612814,51.1000152],[71.4621978,51.0995406]]},"properties":{"osm_way_id":1460945613,"name":"Керей Және Жәнібек Хандар көшесі","name_ru":"улица Керей и Жанибек хандар","name_kk":"Керей Және Жәнібек Хандар көшесі","highway":"secondary","importance_weight":2,"kind":"road","source":"OpenStreetMap contributors","sourceId":"osm-major-roads","source_url":"https://www.openstreetmap.org/way/1460945613"}},{"type":"Feature","id":"osm_way_1460945614","geometry":{"type":"LineString","coordinates":[[71.4599944,51.1006857],[71.4601495,51.1006014],[71.4605194,51.1004098]]},"properties":{"osm_way_id":1460945614,"name":"Керей Және Жәнібек Хандар көшесі","name_ru":"улица Керей и Жанибек хандар","name_kk":"Керей Және Жәнібек Хандар көшесі","highway":"secondary","importance_weight":2,"kind":"road","source":"OpenStreetMap contributors","sourceId":"osm-major-roads","source_url":"https://www.openstreetmap.org/way/1460945614"}},{"type":"Feature","id":"osm_way_1460945636","geometry":{"type":"LineString","coordinates":[[71.454774,51.1035008],[71.4549207,51.1034222],[71.4550114,51.103373],[71.455351,51.1031886],[71.4554072,51.1031543],[71.4556982,51.1029977],[71.4559307,51.1028726],[71.4560188,51.1028252]]},"properties":{"osm_way_id":1460945636,"name":"Керей Және Жәнібек Хандар көшесі","name_ru":"улица Керей и Жанибек хандар","name_kk":"Керей Және Жәнібек Хандар көшесі","highway":"secondary","importance_weight":2,"kind":"road","source":"OpenStreetMap contributors","sourceId":"osm-major-roads","source_url":"https://www.openstreetmap.org/way/1460945636"}},{"type":"Feature","id":"osm_way_1460965804","geometry":{"type":"LineString","coordinates":[[71.453984,51.1039012],[71.4536487,51.1040798]]},"properties":{"osm_way_id":1460965804,"name":"Керей Және Жәнібек Хандар көшесі","name_ru":"улица Керей и Жанибек хандар","name_kk":"Керей Және Жәнібек Хандар көшесі","highway":"secondary","importance_weight":2,"kind":"road","source":"OpenStreetMap contributors","sourceId":"osm-major-roads","source_url":"https://www.openstreetmap.org/way/1460965804"}},{"type":"Feature","id":"osm_way_1460965805","geometry":{"type":"LineString","coordinates":[[71.454774,51.1035008],[71.4545638,51.1036139]]},"properties":{"osm_way_id":1460965805,"name":"Керей Және Жәнібек Хандар көшесі","name_ru":"улица Керей и Жанибек хандар","name_kk":"Керей Және Жәнібек Хандар көшесі","highway":"secondary","importance_weight":2,"kind":"road","source":"OpenStreetMap contributors","sourceId":"osm-major-roads","source_url":"https://www.openstreetmap.org/way/1460965805"}},{"type":"Feature","id":"osm_way_1460965811","geometry":{"type":"LineString","coordinates":[[71.4536487,51.1040798],[71.4531735,51.104333],[71.4527848,51.1045401]]},"properties":{"osm_way_id":1460965811,"name":"Керей Және Жәнібек Хандар көшесі","name_ru":"улица Керей и Жанибек хандар","name_kk":"Керей Және Жәнібек Хандар көшесі","highway":"secondary","importance_weight":2,"kind":"road","source":"OpenStreetMap contributors","sourceId":"osm-major-roads","source_url":"https://www.openstreetmap.org/way/1460965811"}},{"type":"Feature","id":"osm_way_1460965812","geometry":{"type":"LineString","coordinates":[[71.4527848,51.1045401],[71.452386,51.1047525],[71.452254,51.1048229],[71.4521708,51.1048672],[71.4518286,51.1050495],[71.4514216,51.1052663]]},"properties":{"osm_way_id":1460965812,"name":"Керей Және Жәнібек Хандар көшесі","name_ru":"улица Керей и Жанибек хандар","name_kk":"Керей Және Жәнібек Хандар көшесі","highway":"secondary","importance_weight":2,"kind":"road","source":"OpenStreetMap contributors","sourceId":"osm-major-roads","source_url":"https://www.openstreetmap.org/way/1460965812"}},{"type":"Feature","id":"osm_way_1460965821","geometry":{"type":"LineString","coordinates":[[71.4510136,51.1054837],[71.4497226,51.106164]]},"properties":{"osm_way_id":1460965821,"name":"Керей Және Жәнібек Хандар көшесі","name_ru":"улица Керей и Жанибек хандар","name_kk":"Керей Және Жәнібек Хандар көшесі","highway":"secondary","importance_weight":2,"kind":"road","source":"OpenStreetMap contributors","sourceId":"osm-major-roads","source_url":"https://www.openstreetmap.org/way/1460965821"}},{"type":"Feature","id":"osm_way_1460965822","geometry":{"type":"LineString","coordinates":[[71.4514216,51.1052663],[71.4510136,51.1054837]]},"properties":{"osm_way_id":1460965822,"name":"Керей Және Жәнібек Хандар көшесі","name_ru":"улица Керей и Жанибек хандар","name_kk":"Керей Және Жәнібек Хандар көшесі","highway":"secondary","importance_weight":2,"kind":"road","source":"OpenStreetMap contributors","sourceId":"osm-major-roads","source_url":"https://www.openstreetmap.org/way/1460965822"}},{"type":"Feature","id":"osm_way_1460965832","geometry":{"type":"LineString","coordinates":[[71.4484871,51.106957],[71.4483403,51.1070595]]},"properties":{"osm_way_id":1460965832,"name":"Керей Және Жәнібек Хандар көшесі","name_ru":"улица Керей и Жанибек хандар","name_kk":"Керей Және Жәнібек Хандар көшесі","highway":"secondary","importance_weight":2,"kind":"road","source":"OpenStreetMap contributors","sourceId":"osm-major-roads","source_url":"https://www.openstreetmap.org/way/1460965832"}},{"type":"Feature","id":"osm_way_1460965833","geometry":{"type":"LineString","coordinates":[[71.4483403,51.1070595],[71.4480485,51.107266]]},"properties":{"osm_way_id":1460965833,"name":"Керей Және Жәнібек Хандар көшесі","name_ru":"улица Керей и Жанибек хандар","name_kk":"Керей Және Жәнібек Хандар көшесі","highway":"secondary","importance_weight":2,"kind":"road","source":"OpenStreetMap contributors","sourceId":"osm-major-roads","source_url":"https://www.openstreetmap.org/way/1460965833"}},{"type":"Feature","id":"osm_way_1460965834","geometry":{"type":"LineString","coordinates":[[71.4490764,51.1065641],[71.4487932,51.1067414]]},"properties":{"osm_way_id":1460965834,"name":"Керей Және Жәнібек Хандар көшесі","name_ru":"улица Керей и Жанибек хандар","name_kk":"Керей Және Жәнібек Хандар көшесі","highway":"secondary","importance_weight":2,"kind":"road","source":"OpenStreetMap contributors","sourceId":"osm-major-roads","source_url":"https://www.openstreetmap.org/way/1460965834"}},{"type":"Feature","id":"osm_way_1460965835","geometry":{"type":"LineString","coordinates":[[71.4477189,51.1075047],[71.4476853,51.107529],[71.4473672,51.1077595]]},"properties":{"osm_way_id":1460965835,"name":"Керей Және Жәнібек Хандар көшесі","name_ru":"улица Керей и Жанибек хандар","name_kk":"Керей Және Жәнібек Хандар көшесі","highway":"secondary","importance_weight":2,"kind":"road","source":"OpenStreetMap contributors","sourceId":"osm-major-roads","source_url":"https://www.openstreetmap.org/way/1460965835"}},{"type":"Feature","id":"osm_way_1460965836","geometry":{"type":"LineString","coordinates":[[71.4480485,51.107266],[71.4477189,51.1075047]]},"properties":{"osm_way_id":1460965836,"name":"Керей Және Жәнібек Хандар көшесі","name_ru":"улица Керей и Жанибек хандар","name_kk":"Керей Және Жәнібек Хандар көшесі","highway":"secondary","importance_weight":2,"kind":"road","source":"OpenStreetMap contributors","sourceId":"osm-major-roads","source_url":"https://www.openstreetmap.org/way/1460965836"}},{"type":"Feature","id":"osm_way_1460965837","geometry":{"type":"LineString","coordinates":[[71.4473672,51.1077595],[71.447318,51.1077951]]},"properties":{"osm_way_id":1460965837,"name":"Керей Және Жәнібек Хандар көшесі","name_ru":"улица Керей и Жанибек хандар","name_kk":"Керей Және Жәнібек Хандар көшесі","highway":"secondary","importance_weight":2,"kind":"road","source":"OpenStreetMap contributors","sourceId":"osm-major-roads","source_url":"https://www.openstreetmap.org/way/1460965837"}},{"type":"Feature","id":"osm_way_1460965838","geometry":{"type":"LineString","coordinates":[[71.4463052,51.1085559],[71.4458714,51.1088745],[71.445801,51.1089262]]},"properties":{"osm_way_id":1460965838,"name":"Керей Және Жәнібек Хандар көшесі","name_ru":"улица Керей и Жанибек хандар","name_kk":"Керей Және Жәнібек Хандар көшесі","highway":"secondary","importance_weight":2,"kind":"road","source":"OpenStreetMap contributors","sourceId":"osm-major-roads","source_url":"https://www.openstreetmap.org/way/1460965838"}},{"type":"Feature","id":"osm_way_1460965846","geometry":{"type":"LineString","coordinates":[[71.4463052,51.1085559],[71.447067,51.1079431],[71.4471305,51.107892],[71.447318,51.1077951]]},"properties":{"osm_way_id":1460965846,"name":"Керей Және Жәнібек Хандар көшесі","name_ru":"улица Керей и Жанибек хандар","name_kk":"Керей Және Жәнібек Хандар көшесі","highway":"secondary","importance_weight":2,"kind":"road","source":"OpenStreetMap contributors","sourceId":"osm-major-roads","source_url":"https://www.openstreetmap.org/way/1460965846"}},{"type":"Feature","id":"osm_way_1460965847","geometry":{"type":"LineString","coordinates":[[71.447318,51.1077951],[71.4471736,51.107919],[71.4471099,51.1079657],[71.4463052,51.1085559]]},"properties":{"osm_way_id":1460965847,"name":"Керей Және Жәнібек Хандар көшесі","name_ru":"улица Керей и Жанибек хандар","name_kk":"Керей Және Жәнібек Хандар көшесі","highway":"secondary","importance_weight":2,"kind":"road","source":"OpenStreetMap contributors","sourceId":"osm-major-roads","source_url":"https://www.openstreetmap.org/way/1460965847"}},{"type":"Feature","id":"osm_way_1460965850","geometry":{"type":"LineString","coordinates":[[71.445801,51.1089262],[71.4453222,51.1092382],[71.4445565,51.109742],[71.4444579,51.1098109]]},"properties":{"osm_way_id":1460965850,"name":"Керей Және Жәнібек Хандар көшесі","name_ru":"улица Керей и Жанибек хандар","name_kk":"Керей Және Жәнібек Хандар көшесі","highway":"secondary","importance_weight":2,"kind":"road","source":"OpenStreetMap contributors","sourceId":"osm-major-roads","source_url":"https://www.openstreetmap.org/way/1460965850"}},{"type":"Feature","id":"osm_way_1460965852","geometry":{"type":"LineString","coordinates":[[71.4444579,51.1098109],[71.4441055,51.1100662],[71.443863,51.1102419],[71.4437101,51.1103527],[71.4435726,51.1104523]]},"properties":{"osm_way_id":1460965852,"name":"Керей Және Жәнібек Хандар көшесі","name_ru":"улица Керей и Жанибек хандар","name_kk":"Керей Және Жәнібек Хандар көшесі","highway":"secondary","importance_weight":2,"kind":"road","source":"OpenStreetMap contributors","sourceId":"osm-major-roads","source_url":"https://www.openstreetmap.org/way/1460965852"}},{"type":"Feature","id":"osm_way_1461261469","geometry":{"type":"LineString","coordinates":[[71.4634293,51.1096961],[71.4634651,51.1097901]]},"properties":{"osm_way_id":1461261469,"name":"Тәуелсіздік даңғылы","name_ru":"проспект Тауелсиздик","name_kk":"Тәуелсіздік даңғылы","highway":"secondary","importance_weight":2,"kind":"road","source":"OpenStreetMap contributors","sourceId":"osm-major-roads","source_url":"https://www.openstreetmap.org/way/1461261469"}},{"type":"Feature","id":"osm_way_1461261470","geometry":{"type":"LineString","coordinates":[[71.4634651,51.1097901],[71.4631279,51.1098389]]},"properties":{"osm_way_id":1461261470,"name":"Иван Панфилов көшесі","name_ru":null,"name_kk":null,"highway":"secondary","importance_weight":2,"kind":"road","source":"OpenStreetMap contributors","sourceId":"osm-major-roads","source_url":"https://www.openstreetmap.org/way/1461261470"}},{"type":"Feature","id":"osm_way_1461261472","geometry":{"type":"LineString","coordinates":[[71.4631279,51.1098389],[71.4630902,51.1097387]]},"properties":{"osm_way_id":1461261472,"name":"Тәуелсіздік даңғылы","name_ru":"проспект Тауелсиздик","name_kk":"Тәуелсіздік даңғылы","highway":"secondary","importance_weight":2,"kind":"road","source":"OpenStreetMap contributors","sourceId":"osm-major-roads","source_url":"https://www.openstreetmap.org/way/1461261472"}},{"type":"Feature","id":"osm_way_1461445368","geometry":{"type":"LineString","coordinates":[[71.4402885,51.1120363],[71.4400037,51.1120816],[71.4399247,51.1120942]]},"properties":{"osm_way_id":1461445368,"name":"Керей Және Жәнібек Хандар көшесі","name_ru":"улица Керей и Жанибек хандар","name_kk":"Керей Және Жәнібек Хандар көшесі","highway":"secondary","importance_weight":2,"kind":"road","source":"OpenStreetMap contributors","sourceId":"osm-major-roads","source_url":"https://www.openstreetmap.org/way/1461445368"}},{"type":"Feature","id":"osm_way_1461445369","geometry":{"type":"LineString","coordinates":[[71.4389515,51.112249],[71.4387672,51.1122784],[71.4385227,51.1123173]]},"properties":{"osm_way_id":1461445369,"name":"Керей Және Жәнібек Хандар көшесі","name_ru":"улица Керей и Жанибек хандар","name_kk":"Керей Және Жәнібек Хандар көшесі","highway":"secondary","importance_weight":2,"kind":"road","source":"OpenStreetMap contributors","sourceId":"osm-major-roads","source_url":"https://www.openstreetmap.org/way/1461445369"}},{"type":"Feature","id":"osm_way_1461445374","geometry":{"type":"LineString","coordinates":[[71.4426021,51.1111168],[71.442252,51.1113274]]},"properties":{"osm_way_id":1461445374,"name":"Керей Және Жәнібек Хандар көшесі","name_ru":"улица Керей и Жанибек хандар","name_kk":"Керей Және Жәнібек Хандар көшесі","highway":"secondary","importance_weight":2,"kind":"road","source":"OpenStreetMap contributors","sourceId":"osm-major-roads","source_url":"https://www.openstreetmap.org/way/1461445374"}},{"type":"Feature","id":"osm_way_1461445375","geometry":{"type":"LineString","coordinates":[[71.4431766,51.1107296],[71.4429133,51.1109088],[71.44265,51.111088],[71.4426021,51.1111168]]},"properties":{"osm_way_id":1461445375,"name":"Керей Және Жәнібек Хандар көшесі","name_ru":"улица Керей и Жанибек хандар","name_kk":"Керей Және Жәнібек Хандар көшесі","highway":"secondary","importance_weight":2,"kind":"road","source":"OpenStreetMap contributors","sourceId":"osm-major-roads","source_url":"https://www.openstreetmap.org/way/1461445375"}},{"type":"Feature","id":"osm_way_1461445449","geometry":{"type":"LineString","coordinates":[[71.4352088,51.1127905],[71.4341256,51.1129445],[71.4337132,51.1130031],[71.4336127,51.1130174]]},"properties":{"osm_way_id":1461445449,"name":"Керей Және Жәнібек Хандар көшесі","name_ru":"улица Керей и Жанибек хандар","name_kk":"Керей Және Жәнібек Хандар көшесі","highway":"secondary","importance_weight":2,"kind":"road","source":"OpenStreetMap contributors","sourceId":"osm-major-roads","source_url":"https://www.openstreetmap.org/way/1461445449"}},{"type":"Feature","id":"osm_way_1461445450","geometry":{"type":"LineString","coordinates":[[71.4369953,51.1125419],[71.4352088,51.1127905]]},"properties":{"osm_way_id":1461445450,"name":"Керей Және Жәнібек Хандар көшесі","name_ru":"улица Керей и Жанибек хандар","name_kk":"Керей Және Жәнібек Хандар көшесі","highway":"secondary","importance_weight":2,"kind":"road","source":"OpenStreetMap contributors","sourceId":"osm-major-roads","source_url":"https://www.openstreetmap.org/way/1461445450"}},{"type":"Feature","id":"osm_way_1461445451","geometry":{"type":"LineString","coordinates":[[71.4371286,51.1125225],[71.4369953,51.1125419]]},"properties":{"osm_way_id":1461445451,"name":"Керей Және Жәнібек Хандар көшесі","name_ru":"улица Керей и Жанибек хандар","name_kk":"Керей Және Жәнібек Хандар көшесі","highway":"secondary","importance_weight":2,"kind":"road","source":"OpenStreetMap contributors","sourceId":"osm-major-roads","source_url":"https://www.openstreetmap.org/way/1461445451"}},{"type":"Feature","id":"osm_way_1462229140","geometry":{"type":"LineString","coordinates":[[71.432579,51.1131608],[71.4320334,51.113239],[71.4312785,51.1133472]]},"properties":{"osm_way_id":1462229140,"name":"Керей Және Жәнібек Хандар көшесі","name_ru":"улица Керей и Жанибек хандар","name_kk":"Керей Және Жәнібек Хандар көшесі","highway":"secondary","importance_weight":2,"kind":"road","source":"OpenStreetMap contributors","sourceId":"osm-major-roads","source_url":"https://www.openstreetmap.org/way/1462229140"}},{"type":"Feature","id":"osm_way_1462229142","geometry":{"type":"LineString","coordinates":[[71.4312785,51.1133472],[71.4300109,51.1135288],[71.4298258,51.1135553],[71.4296556,51.1135797],[71.429547,51.1135952]]},"properties":{"osm_way_id":1462229142,"name":"Керей Және Жәнібек Хандар көшесі","name_ru":"улица Керей и Жанибек хандар","name_kk":"Керей Және Жәнібек Хандар көшесі","highway":"secondary","importance_weight":2,"kind":"road","source":"OpenStreetMap contributors","sourceId":"osm-major-roads","source_url":"https://www.openstreetmap.org/way/1462229142"}},{"type":"Feature","id":"osm_way_1462229147","geometry":{"type":"LineString","coordinates":[[71.4278866,51.1138307],[71.4271123,51.1139419],[71.4268555,51.11398]]},"properties":{"osm_way_id":1462229147,"name":"Керей Және Жәнібек Хандар көшесі","name_ru":"улица Керей и Жанибек хандар","name_kk":"Керей Және Жәнібек Хандар көшесі","highway":"secondary","importance_weight":2,"kind":"road","source":"OpenStreetMap contributors","sourceId":"osm-major-roads","source_url":"https://www.openstreetmap.org/way/1462229147"}},{"type":"Feature","id":"osm_way_1462229148","geometry":{"type":"LineString","coordinates":[[71.4281504,51.1137946],[71.4278866,51.1138307]]},"properties":{"osm_way_id":1462229148,"name":"Керей Және Жәнібек Хандар көшесі","name_ru":"улица Керей и Жанибек хандар","name_kk":"Керей Және Жәнібек Хандар көшесі","highway":"secondary","importance_weight":2,"kind":"road","source":"OpenStreetMap contributors","sourceId":"osm-major-roads","source_url":"https://www.openstreetmap.org/way/1462229148"}},{"type":"Feature","id":"osm_way_1462229159","geometry":{"type":"LineString","coordinates":[[71.424977,51.1142485],[71.4243634,51.1143366]]},"properties":{"osm_way_id":1462229159,"name":"Керей Және Жәнібек Хандар көшесі","name_ru":"улица Керей и Жанибек хандар","name_kk":"Керей Және Жәнібек Хандар көшесі","highway":"secondary","importance_weight":2,"kind":"road","source":"OpenStreetMap contributors","sourceId":"osm-major-roads","source_url":"https://www.openstreetmap.org/way/1462229159"}},{"type":"Feature","id":"osm_way_1462229166","geometry":{"type":"LineString","coordinates":[[71.4256263,51.1141585],[71.424977,51.1142485]]},"properties":{"osm_way_id":1462229166,"name":"Керей Және Жәнібек Хандар көшесі","name_ru":"улица Керей и Жанибек хандар","name_kk":"Керей Және Жәнібек Хандар көшесі","highway":"secondary","importance_weight":2,"kind":"road","source":"OpenStreetMap contributors","sourceId":"osm-major-roads","source_url":"https://www.openstreetmap.org/way/1462229166"}},{"type":"Feature","id":"osm_way_1462229167","geometry":{"type":"LineString","coordinates":[[71.4243634,51.1143366],[71.4239189,51.1144001],[71.4234135,51.1144722],[71.4231998,51.1145027]]},"properties":{"osm_way_id":1462229167,"name":"Керей Және Жәнібек Хандар көшесі","name_ru":"улица Керей и Жанибек хандар","name_kk":"Керей Және Жәнібек Хандар көшесі","highway":"secondary","importance_weight":2,"kind":"road","source":"OpenStreetMap contributors","sourceId":"osm-major-roads","source_url":"https://www.openstreetmap.org/way/1462229167"}},{"type":"Feature","id":"osm_way_1462229193","geometry":{"type":"LineString","coordinates":[[71.4231998,51.1145027],[71.4229365,51.1145396],[71.4223501,51.1146218]]},"properties":{"osm_way_id":1462229193,"name":"Керей Және Жәнібек Хандар көшесі","name_ru":"улица Керей и Жанибек хандар","name_kk":"Керей Және Жәнібек Хандар көшесі","highway":"secondary","importance_weight":2,"kind":"road","source":"OpenStreetMap contributors","sourceId":"osm-major-roads","source_url":"https://www.openstreetmap.org/way/1462229193"}},{"type":"Feature","id":"osm_way_1462229194","geometry":{"type":"LineString","coordinates":[[71.4197536,51.1149856],[71.4187857,51.1151212]]},"properties":{"osm_way_id":1462229194,"name":"Керей Және Жәнібек Хандар көшесі","name_ru":"улица Керей и Жанибек хандар","name_kk":"Керей Және Жәнібек Хандар көшесі","highway":"secondary","importance_weight":2,"kind":"road","source":"OpenStreetMap contributors","sourceId":"osm-major-roads","source_url":"https://www.openstreetmap.org/way/1462229194"}},{"type":"Feature","id":"osm_way_1462229195","geometry":{"type":"LineString","coordinates":[[71.4221324,51.1146523],[71.4215195,51.1147381],[71.4214863,51.1147428],[71.4212666,51.1147736]]},"properties":{"osm_way_id":1462229195,"name":"Керей Және Жәнібек Хандар көшесі","name_ru":"улица Керей и Жанибек хандар","name_kk":"Керей Және Жәнібек Хандар көшесі","highway":"secondary","importance_weight":2,"kind":"road","source":"OpenStreetMap contributors","sourceId":"osm-major-roads","source_url":"https://www.openstreetmap.org/way/1462229195"}},{"type":"Feature","id":"osm_way_1462229196","geometry":{"type":"LineString","coordinates":[[71.4223501,51.1146218],[71.4221324,51.1146523]]},"properties":{"osm_way_id":1462229196,"name":"Керей Және Жәнібек Хандар көшесі","name_ru":"улица Керей и Жанибек хандар","name_kk":"Керей Және Жәнібек Хандар көшесі","highway":"secondary","importance_weight":2,"kind":"road","source":"OpenStreetMap contributors","sourceId":"osm-major-roads","source_url":"https://www.openstreetmap.org/way/1462229196"}},{"type":"Feature","id":"osm_way_1462229203","geometry":{"type":"LineString","coordinates":[[71.4212666,51.1147736],[71.4205507,51.1148739]]},"properties":{"osm_way_id":1462229203,"name":"Керей Және Жәнібек Хандар көшесі","name_ru":"улица Керей и Жанибек хандар","name_kk":"Керей Және Жәнібек Хандар көшесі","highway":"secondary","importance_weight":2,"kind":"road","source":"OpenStreetMap contributors","sourceId":"osm-major-roads","source_url":"https://www.openstreetmap.org/way/1462229203"}},{"type":"Feature","id":"osm_way_1462229204","geometry":{"type":"LineString","coordinates":[[71.4205507,51.1148739],[71.4204861,51.1148829],[71.4198726,51.1149689]]},"properties":{"osm_way_id":1462229204,"name":"Керей Және Жәнібек Хандар көшесі","name_ru":"улица Керей и Жанибек хандар","name_kk":"Керей Және Жәнібек Хандар көшесі","highway":"secondary","importance_weight":2,"kind":"road","source":"OpenStreetMap contributors","sourceId":"osm-major-roads","source_url":"https://www.openstreetmap.org/way/1462229204"}},{"type":"Feature","id":"osm_way_1462229205","geometry":{"type":"LineString","coordinates":[[71.4198726,51.1149689],[71.4197536,51.1149856]]},"properties":{"osm_way_id":1462229205,"name":"Керей Және Жәнібек Хандар көшесі","name_ru":"улица Керей и Жанибек хандар","name_kk":"Керей Және Жәнібек Хандар көшесі","highway":"secondary","importance_weight":2,"kind":"road","source":"OpenStreetMap contributors","sourceId":"osm-major-roads","source_url":"https://www.openstreetmap.org/way/1462229205"}},{"type":"Feature","id":"osm_way_1462229206","geometry":{"type":"LineString","coordinates":[[71.4187857,51.1151212],[71.4179533,51.1152378],[71.4177366,51.1152682]]},"properties":{"osm_way_id":1462229206,"name":"Керей Және Жәнібек Хандар көшесі","name_ru":"улица Керей и Жанибек хандар","name_kk":"Керей Және Жәнібек Хандар көшесі","highway":"secondary","importance_weight":2,"kind":"road","source":"OpenStreetMap contributors","sourceId":"osm-major-roads","source_url":"https://www.openstreetmap.org/way/1462229206"}},{"type":"Feature","id":"osm_way_1462229208","geometry":{"type":"LineString","coordinates":[[71.4177366,51.1152682],[71.4175027,51.1153052],[71.416724,51.1154146]]},"properties":{"osm_way_id":1462229208,"name":"Керей Және Жәнібек Хандар көшесі","name_ru":"улица Керей и Жанибек хандар","name_kk":"Керей Және Жәнібек Хандар көшесі","highway":"secondary","importance_weight":2,"kind":"road","source":"OpenStreetMap contributors","sourceId":"osm-major-roads","source_url":"https://www.openstreetmap.org/way/1462229208"}},{"type":"Feature","id":"osm_way_1462229217","geometry":{"type":"LineString","coordinates":[[71.4156009,51.1155724],[71.4155536,51.115579],[71.4153859,51.1156026],[71.4153171,51.1156123],[71.4151458,51.1156363]]},"properties":{"osm_way_id":1462229217,"name":"Керей Және Жәнібек Хандар көшесі","name_ru":"улица Керей и Жанибек хандар","name_kk":"Керей Және Жәнібек Хандар көшесі","highway":"secondary","importance_weight":2,"kind":"road","source":"OpenStreetMap contributors","sourceId":"osm-major-roads","source_url":"https://www.openstreetmap.org/way/1462229217"}},{"type":"Feature","id":"osm_way_1462229218","geometry":{"type":"LineString","coordinates":[[71.4151458,51.1156363],[71.4148034,51.1156844],[71.4142672,51.1157598]]},"properties":{"osm_way_id":1462229218,"name":"Керей Және Жәнібек Хандар көшесі","name_ru":"улица Керей и Жанибек хандар","name_kk":"Керей Және Жәнібек Хандар көшесі","highway":"secondary","importance_weight":2,"kind":"road","source":"OpenStreetMap contributors","sourceId":"osm-major-roads","source_url":"https://www.openstreetmap.org/way/1462229218"}},{"type":"Feature","id":"osm_way_1462229219","geometry":{"type":"LineString","coordinates":[[71.4165105,51.1154446],[71.416002,51.115516]]},"properties":{"osm_way_id":1462229219,"name":"Керей Және Жәнібек Хандар көшесі","name_ru":"улица Керей и Жанибек хандар","name_kk":"Керей Және Жәнібек Хандар көшесі","highway":"secondary","importance_weight":2,"kind":"road","source":"OpenStreetMap contributors","sourceId":"osm-major-roads","source_url":"https://www.openstreetmap.org/way/1462229219"}},{"type":"Feature","id":"osm_way_1462229220","geometry":{"type":"LineString","coordinates":[[71.416724,51.1154146],[71.4165105,51.1154446]]},"properties":{"osm_way_id":1462229220,"name":"Керей Және Жәнібек Хандар көшесі","name_ru":"улица Керей и Жанибек хандар","name_kk":"Керей Және Жәнібек Хандар көшесі","highway":"secondary","importance_weight":2,"kind":"road","source":"OpenStreetMap contributors","sourceId":"osm-major-roads","source_url":"https://www.openstreetmap.org/way/1462229220"}},{"type":"Feature","id":"osm_way_1462229221","geometry":{"type":"LineString","coordinates":[[71.4142672,51.1157598],[71.4134491,51.1158747]]},"properties":{"osm_way_id":1462229221,"name":"Керей Және Жәнібек Хандар көшесі","name_ru":"улица Керей и Жанибек хандар","name_kk":"Керей Және Жәнібек Хандар көшесі","highway":"secondary","importance_weight":2,"kind":"road","source":"OpenStreetMap contributors","sourceId":"osm-major-roads","source_url":"https://www.openstreetmap.org/way/1462229221"}},{"type":"Feature","id":"osm_way_1462229222","geometry":{"type":"LineString","coordinates":[[71.4134491,51.1158747],[71.4125535,51.1160006]]},"properties":{"osm_way_id":1462229222,"name":"Керей Және Жәнібек Хандар көшесі","name_ru":"улица Керей и Жанибек хандар","name_kk":"Керей Және Жәнібек Хандар көшесі","highway":"secondary","importance_weight":2,"kind":"road","source":"OpenStreetMap contributors","sourceId":"osm-major-roads","source_url":"https://www.openstreetmap.org/way/1462229222"}},{"type":"Feature","id":"osm_way_1462760476","geometry":{"type":"LineString","coordinates":[[71.5424,51.1357123],[71.5428538,51.1350725],[71.5430126,51.1348585],[71.5432713,51.1343511],[71.5434492,51.1339249],[71.5435139,51.1334226],[71.5434815,51.1329913],[71.5433037,51.1323875],[71.5425901,51.1305474],[71.5423788,51.1300023],[71.5422687,51.1297184],[71.5420904,51.1292713],[71.5404771,51.1252246],[71.5403437,51.1248893],[71.539821,51.1235757],[71.5390423,51.1216189],[71.538961,51.1214141],[71.5384354,51.120092],[71.5380478,51.1191167],[71.5376392,51.1180753],[71.5374177,51.1175274],[71.537349,51.1173574],[71.5371895,51.1169499]]},"properties":{"osm_way_id":1462760476,"name":"Сафуан Шаймерденов көшесі","name_ru":"улица Сафуана Шаймерденова","name_kk":"Сафуан Шаймерденов көшесі","highway":"secondary","importance_weight":2,"kind":"road","source":"OpenStreetMap contributors","sourceId":"osm-major-roads","source_url":"https://www.openstreetmap.org/way/1462760476"}},{"type":"Feature","id":"osm_way_1475579747","geometry":{"type":"LineString","coordinates":[[71.3661158,51.143738],[71.3663634,51.143696],[71.3665446,51.1436653]]},"properties":{"osm_way_id":1475579747,"name":"Қайым Мұхамедханов көшесі","name_ru":"улица Кайыма Мухамедханова","name_kk":"Қайым Мұхамедханов көшесі","highway":"secondary","importance_weight":2,"kind":"road","source":"OpenStreetMap contributors","sourceId":"osm-major-roads","source_url":"https://www.openstreetmap.org/way/1475579747"}},{"type":"Feature","id":"osm_way_1475579748","geometry":{"type":"LineString","coordinates":[[71.3658227,51.1437877],[71.3661158,51.143738]]},"properties":{"osm_way_id":1475579748,"name":"Қайым Мұхамедханов көшесі","name_ru":"улица Кайыма Мухамедханова","name_kk":"Қайым Мұхамедханов көшесі","highway":"secondary","importance_weight":2,"kind":"road","source":"OpenStreetMap contributors","sourceId":"osm-major-roads","source_url":"https://www.openstreetmap.org/way/1475579748"}},{"type":"Feature","id":"osm_way_1475579749","geometry":{"type":"LineString","coordinates":[[71.36661,51.1438273],[71.3664272,51.1438583],[71.3661797,51.1439002]]},"properties":{"osm_way_id":1475579749,"name":"Қайым Мұхамедханов көшесі","name_ru":"улица Кайыма Мухамедханова","name_kk":"Қайым Мұхамедханов көшесі","highway":"secondary","importance_weight":2,"kind":"road","source":"OpenStreetMap contributors","sourceId":"osm-major-roads","source_url":"https://www.openstreetmap.org/way/1475579749"}},{"type":"Feature","id":"osm_way_1475579750","geometry":{"type":"LineString","coordinates":[[71.3661797,51.1439002],[71.3658967,51.1439481]]},"properties":{"osm_way_id":1475579750,"name":"Қайым Мұхамедханов көшесі","name_ru":"улица Кайыма Мухамедханова","name_kk":"Қайым Мұхамедханов көшесі","highway":"secondary","importance_weight":2,"kind":"road","source":"OpenStreetMap contributors","sourceId":"osm-major-roads","source_url":"https://www.openstreetmap.org/way/1475579750"}},{"type":"Feature","id":"osm_way_1475623230","geometry":{"type":"LineString","coordinates":[[71.4077684,51.1342921],[71.4075098,51.134333]]},"properties":{"osm_way_id":1475623230,"name":"Қонаев көшесі","name_ru":"улица Кунаева","name_kk":"Қонаев көшесі","highway":"secondary","importance_weight":2,"kind":"road","source":"OpenStreetMap contributors","sourceId":"osm-major-roads","source_url":"https://www.openstreetmap.org/way/1475623230"}},{"type":"Feature","id":"osm_way_1482703452","geometry":{"type":"LineString","coordinates":[[71.4088934,51.1837493],[71.4084947,51.1851376]]},"properties":{"osm_way_id":1482703452,"name":"Жеңіс даңғылы","name_ru":"проспект Женис","name_kk":null,"highway":"secondary","importance_weight":2,"kind":"road","source":"OpenStreetMap contributors","sourceId":"osm-major-roads","source_url":"https://www.openstreetmap.org/way/1482703452"}},{"type":"Feature","id":"osm_way_1482703453","geometry":{"type":"LineString","coordinates":[[71.4089297,51.1836228],[71.4088934,51.1837493]]},"properties":{"osm_way_id":1482703453,"name":"Жеңіс даңғылы","name_ru":"проспект Женис","name_kk":null,"highway":"secondary","importance_weight":2,"kind":"road","source":"OpenStreetMap contributors","sourceId":"osm-major-roads","source_url":"https://www.openstreetmap.org/way/1482703453"}},{"type":"Feature","id":"osm_way_1482703557","geometry":{"type":"LineString","coordinates":[[71.4090513,51.1831679],[71.4089297,51.1836228]]},"properties":{"osm_way_id":1482703557,"name":"Жеңіс даңғылы","name_ru":"проспект Женис","name_kk":null,"highway":"secondary","importance_weight":2,"kind":"road","source":"OpenStreetMap contributors","sourceId":"osm-major-roads","source_url":"https://www.openstreetmap.org/way/1482703557"}},{"type":"Feature","id":"osm_way_1482853103","geometry":{"type":"LineString","coordinates":[[71.3191013,51.1375501],[71.3187693,51.1373461],[71.3180509,51.1369048],[71.3155086,51.1353159],[71.3153031,51.1351882]]},"properties":{"osm_way_id":1482853103,"name":"Қорғалжын тас жолы","name_ru":"Коргалжинское шоссе","name_kk":"Қорғалжын тас жолы","highway":"primary","importance_weight":3,"kind":"road","source":"OpenStreetMap contributors","sourceId":"osm-major-roads","source_url":"https://www.openstreetmap.org/way/1482853103"}},{"type":"Feature","id":"osm_way_1482950543","geometry":{"type":"LineString","coordinates":[[71.4165909,51.0969084],[71.4167668,51.0968867],[71.4169285,51.0968668],[71.4171374,51.096841]]},"properties":{"osm_way_id":1482950543,"name":"Ұлы Дала даңғылы","name_ru":"проспект Улы Дала","name_kk":"Ұлы Дала даңғылы","highway":"secondary","importance_weight":2,"kind":"road","source":"OpenStreetMap contributors","sourceId":"osm-major-roads","source_url":"https://www.openstreetmap.org/way/1482950543"}},{"type":"Feature","id":"osm_way_1482950544","geometry":{"type":"LineString","coordinates":[[71.4116415,51.0976267],[71.4122273,51.0975408],[71.4161671,51.096976],[71.4165274,51.0969186],[71.4165909,51.0969084]]},"properties":{"osm_way_id":1482950544,"name":"Ұлы Дала даңғылы","name_ru":"проспект Улы Дала","name_kk":"Ұлы Дала даңғылы","highway":"secondary","importance_weight":2,"kind":"road","source":"OpenStreetMap contributors","sourceId":"osm-major-roads","source_url":"https://www.openstreetmap.org/way/1482950544"}},{"type":"Feature","id":"osm_way_1482950545","geometry":{"type":"LineString","coordinates":[[71.4171744,51.0969693],[71.4169719,51.0969939]]},"properties":{"osm_way_id":1482950545,"name":"Ұлы Дала даңғылы","name_ru":"проспект Улы Дала","name_kk":"Ұлы Дала даңғылы","highway":"secondary","importance_weight":2,"kind":"road","source":"OpenStreetMap contributors","sourceId":"osm-major-roads","source_url":"https://www.openstreetmap.org/way/1482950545"}},{"type":"Feature","id":"osm_way_1482950546","geometry":{"type":"LineString","coordinates":[[71.4168056,51.097014],[71.4166358,51.0970346]]},"properties":{"osm_way_id":1482950546,"name":"Ұлы Дала даңғылы","name_ru":"проспект Улы Дала","name_kk":"Ұлы Дала даңғылы","highway":"secondary","importance_weight":2,"kind":"road","source":"OpenStreetMap contributors","sourceId":"osm-major-roads","source_url":"https://www.openstreetmap.org/way/1482950546"}},{"type":"Feature","id":"osm_way_1483885362","geometry":{"type":"LineString","coordinates":[[71.4720708,51.1465415],[71.4721729,51.1464004],[71.4722765,51.1462572]]},"properties":{"osm_way_id":1483885362,"name":"Қаныш Сәтбаев көшесі","name_ru":"улица Каныша Сатпаева","name_kk":"Қаныш Сәтбаев көшесі","highway":"secondary","importance_weight":2,"kind":"road","source":"OpenStreetMap contributors","sourceId":"osm-major-roads","source_url":"https://www.openstreetmap.org/way/1483885362"}},{"type":"Feature","id":"osm_way_1483885363","geometry":{"type":"LineString","coordinates":[[71.4702909,51.1490011],[71.4703515,51.1489148],[71.4706829,51.1484594]]},"properties":{"osm_way_id":1483885363,"name":"Қаныш Сәтбаев көшесі","name_ru":"улица Каныша Сатпаева","name_kk":"Қаныш Сәтбаев көшесі","highway":"secondary","importance_weight":2,"kind":"road","source":"OpenStreetMap contributors","sourceId":"osm-major-roads","source_url":"https://www.openstreetmap.org/way/1483885363"}},{"type":"Feature","id":"osm_way_1485516391","geometry":{"type":"LineString","coordinates":[[71.4111403,51.1586886],[71.4106426,51.160406],[71.4105519,51.160709],[71.4105265,51.1607903]]},"properties":{"osm_way_id":1485516391,"name":"Сарыарқа даңғылы","name_ru":"проспект Сарыарка","name_kk":"Сарыарқа даңғылы","highway":"primary","importance_weight":3,"kind":"road","source":"OpenStreetMap contributors","sourceId":"osm-major-roads","source_url":"https://www.openstreetmap.org/way/1485516391"}},{"type":"Feature","id":"osm_way_1488635799","geometry":{"type":"LineString","coordinates":[[71.4066209,51.1744358],[71.4065694,51.1746217]]},"properties":{"osm_way_id":1488635799,"name":"Сарыарқа даңғылы","name_ru":"проспект Сарыарка","name_kk":"Сарыарқа даңғылы","highway":"primary","importance_weight":3,"kind":"road","source":"OpenStreetMap contributors","sourceId":"osm-major-roads","source_url":"https://www.openstreetmap.org/way/1488635799"}},{"type":"Feature","id":"osm_way_1488635800","geometry":{"type":"LineString","coordinates":[[71.4065694,51.1746217],[71.4064597,51.1750182],[71.4064449,51.1750718],[71.4064013,51.1752292]]},"properties":{"osm_way_id":1488635800,"name":"Сарыарқа даңғылы","name_ru":"проспект Сарыарка","name_kk":"Сарыарқа даңғылы","highway":"primary","importance_weight":3,"kind":"road","source":"OpenStreetMap contributors","sourceId":"osm-major-roads","source_url":"https://www.openstreetmap.org/way/1488635800"}},{"type":"Feature","id":"osm_way_1488635801","geometry":{"type":"LineString","coordinates":[[71.406634,51.1743884],[71.4066209,51.1744358]]},"properties":{"osm_way_id":1488635801,"name":"Сарыарқа даңғылы","name_ru":"проспект Сарыарка","name_kk":"Сарыарқа даңғылы","highway":"primary","importance_weight":3,"kind":"road","source":"OpenStreetMap contributors","sourceId":"osm-major-roads","source_url":"https://www.openstreetmap.org/way/1488635801"}},{"type":"Feature","id":"osm_way_1488635802","geometry":{"type":"LineString","coordinates":[[71.4068319,51.1736734],[71.406634,51.1743884]]},"properties":{"osm_way_id":1488635802,"name":"Сарыарқа даңғылы","name_ru":"проспект Сарыарка","name_kk":"Сарыарқа даңғылы","highway":"primary","importance_weight":3,"kind":"road","source":"OpenStreetMap contributors","sourceId":"osm-major-roads","source_url":"https://www.openstreetmap.org/way/1488635802"}},{"type":"Feature","id":"osm_way_1488635803","geometry":{"type":"LineString","coordinates":[[71.4068606,51.1735696],[71.4068319,51.1736734]]},"properties":{"osm_way_id":1488635803,"name":"Сарыарқа даңғылы","name_ru":"проспект Сарыарка","name_kk":"Сарыарқа даңғылы","highway":"primary","importance_weight":3,"kind":"road","source":"OpenStreetMap contributors","sourceId":"osm-major-roads","source_url":"https://www.openstreetmap.org/way/1488635803"}},{"type":"Feature","id":"osm_way_1488635804","geometry":{"type":"LineString","coordinates":[[71.4068847,51.1734826],[71.4068606,51.1735696]]},"properties":{"osm_way_id":1488635804,"name":"Сарыарқа даңғылы","name_ru":"проспект Сарыарка","name_kk":"Сарыарқа даңғылы","highway":"primary","importance_weight":3,"kind":"road","source":"OpenStreetMap contributors","sourceId":"osm-major-roads","source_url":"https://www.openstreetmap.org/way/1488635804"}},{"type":"Feature","id":"osm_way_1488635805","geometry":{"type":"LineString","coordinates":[[71.4069556,51.1732264],[71.4068847,51.1734826]]},"properties":{"osm_way_id":1488635805,"name":"Сарыарқа даңғылы","name_ru":"проспект Сарыарка","name_kk":"Сарыарқа даңғылы","highway":"primary","importance_weight":3,"kind":"road","source":"OpenStreetMap contributors","sourceId":"osm-major-roads","source_url":"https://www.openstreetmap.org/way/1488635805"}},{"type":"Feature","id":"osm_way_1488635806","geometry":{"type":"LineString","coordinates":[[71.4071782,51.1724115],[71.4071562,51.1725012],[71.4069556,51.1732264]]},"properties":{"osm_way_id":1488635806,"name":"Сарыарқа даңғылы","name_ru":"проспект Сарыарка","name_kk":"Сарыарқа даңғылы","highway":"primary","importance_weight":3,"kind":"road","source":"OpenStreetMap contributors","sourceId":"osm-major-roads","source_url":"https://www.openstreetmap.org/way/1488635806"}},{"type":"Feature","id":"osm_way_1488635807","geometry":{"type":"LineString","coordinates":[[71.407732,51.1703987],[71.4076888,51.1705482]]},"properties":{"osm_way_id":1488635807,"name":"Сарыарқа даңғылы","name_ru":"проспект Сарыарка","name_kk":"Сарыарқа даңғылы","highway":"primary","importance_weight":3,"kind":"road","source":"OpenStreetMap contributors","sourceId":"osm-major-roads","source_url":"https://www.openstreetmap.org/way/1488635807"}},{"type":"Feature","id":"osm_way_1488635808","geometry":{"type":"LineString","coordinates":[[71.4080427,51.1693012],[71.4080255,51.1693654],[71.408013,51.1694149],[71.4078637,51.1698774]]},"properties":{"osm_way_id":1488635808,"name":"Сарыарқа даңғылы","name_ru":"проспект Сарыарка","name_kk":"Сарыарқа даңғылы","highway":"primary","importance_weight":3,"kind":"road","source":"OpenStreetMap contributors","sourceId":"osm-major-roads","source_url":"https://www.openstreetmap.org/way/1488635808"}},{"type":"Feature","id":"osm_way_1488635813","geometry":{"type":"LineString","coordinates":[[71.4078466,51.1700142],[71.407732,51.1703987]]},"properties":{"osm_way_id":1488635813,"name":"Сарыарқа даңғылы","name_ru":"проспект Сарыарка","name_kk":"Сарыарқа даңғылы","highway":"primary","importance_weight":3,"kind":"road","source":"OpenStreetMap contributors","sourceId":"osm-major-roads","source_url":"https://www.openstreetmap.org/way/1488635813"}},{"type":"Feature","id":"osm_way_1488635814","geometry":{"type":"LineString","coordinates":[[71.4076888,51.1705482],[71.407549,51.171027]]},"properties":{"osm_way_id":1488635814,"name":"Сарыарқа даңғылы","name_ru":"проспект Сарыарка","name_kk":"Сарыарқа даңғылы","highway":"primary","importance_weight":3,"kind":"road","source":"OpenStreetMap contributors","sourceId":"osm-major-roads","source_url":"https://www.openstreetmap.org/way/1488635814"}},{"type":"Feature","id":"osm_way_1488635815","geometry":{"type":"LineString","coordinates":[[71.407549,51.171027],[71.4074301,51.1714308]]},"properties":{"osm_way_id":1488635815,"name":"Сарыарқа даңғылы","name_ru":"проспект Сарыарка","name_kk":"Сарыарқа даңғылы","highway":"primary","importance_weight":3,"kind":"road","source":"OpenStreetMap contributors","sourceId":"osm-major-roads","source_url":"https://www.openstreetmap.org/way/1488635815"}},{"type":"Feature","id":"osm_way_1488635816","geometry":{"type":"LineString","coordinates":[[71.4074301,51.1714308],[71.4073813,51.1716107]]},"properties":{"osm_way_id":1488635816,"name":"Сарыарқа даңғылы","name_ru":"проспект Сарыарка","name_kk":"Сарыарқа даңғылы","highway":"primary","importance_weight":3,"kind":"road","source":"OpenStreetMap contributors","sourceId":"osm-major-roads","source_url":"https://www.openstreetmap.org/way/1488635816"}},{"type":"Feature","id":"osm_way_1488635817","geometry":{"type":"LineString","coordinates":[[71.4073813,51.1716107],[71.407203,51.1723075],[71.4071782,51.1724115]]},"properties":{"osm_way_id":1488635817,"name":"Сарыарқа даңғылы","name_ru":"проспект Сарыарка","name_kk":"Сарыарқа даңғылы","highway":"primary","importance_weight":3,"kind":"road","source":"OpenStreetMap contributors","sourceId":"osm-major-roads","source_url":"https://www.openstreetmap.org/way/1488635817"}},{"type":"Feature","id":"osm_way_1488635823","geometry":{"type":"LineString","coordinates":[[71.408136,51.1689693],[71.4080691,51.1692072],[71.4080427,51.1693012]]},"properties":{"osm_way_id":1488635823,"name":"Сарыарқа даңғылы","name_ru":"проспект Сарыарка","name_kk":"Сарыарқа даңғылы","highway":"primary","importance_weight":3,"kind":"road","source":"OpenStreetMap contributors","sourceId":"osm-major-roads","source_url":"https://www.openstreetmap.org/way/1488635823"}},{"type":"Feature","id":"osm_way_1488635833","geometry":{"type":"LineString","coordinates":[[71.4084688,51.1677845],[71.4084469,51.1678642]]},"properties":{"osm_way_id":1488635833,"name":"Сарыарқа даңғылы","name_ru":"проспект Сарыарка","name_kk":"Сарыарқа даңғылы","highway":"primary","importance_weight":3,"kind":"road","source":"OpenStreetMap contributors","sourceId":"osm-major-roads","source_url":"https://www.openstreetmap.org/way/1488635833"}},{"type":"Feature","id":"osm_way_1488635834","geometry":{"type":"LineString","coordinates":[[71.4089162,51.1661925],[71.4088759,51.1663358],[71.4087828,51.1666673]]},"properties":{"osm_way_id":1488635834,"name":"Сарыарқа даңғылы","name_ru":"проспект Сарыарка","name_kk":"Сарыарқа даңғылы","highway":"primary","importance_weight":3,"kind":"road","source":"OpenStreetMap contributors","sourceId":"osm-major-roads","source_url":"https://www.openstreetmap.org/way/1488635834"}},{"type":"Feature","id":"osm_way_1488635835","geometry":{"type":"LineString","coordinates":[[71.4087393,51.166822],[71.4086314,51.167206],[71.4084688,51.1677845]]},"properties":{"osm_way_id":1488635835,"name":"Сарыарқа даңғылы","name_ru":"проспект Сарыарка","name_kk":"Сарыарқа даңғылы","highway":"primary","importance_weight":3,"kind":"road","source":"OpenStreetMap contributors","sourceId":"osm-major-roads","source_url":"https://www.openstreetmap.org/way/1488635835"}},{"type":"Feature","id":"osm_way_1488635836","geometry":{"type":"LineString","coordinates":[[71.4087828,51.1666673],[71.4087393,51.166822]]},"properties":{"osm_way_id":1488635836,"name":"Сарыарқа даңғылы","name_ru":"проспект Сарыарка","name_kk":"Сарыарқа даңғылы","highway":"primary","importance_weight":3,"kind":"road","source":"OpenStreetMap contributors","sourceId":"osm-major-roads","source_url":"https://www.openstreetmap.org/way/1488635836"}},{"type":"Feature","id":"osm_way_1488635837","geometry":{"type":"LineString","coordinates":[[71.4084469,51.1678642],[71.4083608,51.168169]]},"properties":{"osm_way_id":1488635837,"name":"Сарыарқа даңғылы","name_ru":"проспект Сарыарка","name_kk":"Сарыарқа даңғылы","highway":"primary","importance_weight":3,"kind":"road","source":"OpenStreetMap contributors","sourceId":"osm-major-roads","source_url":"https://www.openstreetmap.org/way/1488635837"}},{"type":"Feature","id":"osm_way_1488635838","geometry":{"type":"LineString","coordinates":[[71.4083608,51.168169],[71.408254,51.1685494]]},"properties":{"osm_way_id":1488635838,"name":"Сарыарқа даңғылы","name_ru":"проспект Сарыарка","name_kk":"Сарыарқа даңғылы","highway":"primary","importance_weight":3,"kind":"road","source":"OpenStreetMap contributors","sourceId":"osm-major-roads","source_url":"https://www.openstreetmap.org/way/1488635838"}},{"type":"Feature","id":"osm_way_1488635839","geometry":{"type":"LineString","coordinates":[[71.408254,51.1685494],[71.408136,51.1689693]]},"properties":{"osm_way_id":1488635839,"name":"Сарыарқа даңғылы","name_ru":"проспект Сарыарка","name_kk":"Сарыарқа даңғылы","highway":"primary","importance_weight":3,"kind":"road","source":"OpenStreetMap contributors","sourceId":"osm-major-roads","source_url":"https://www.openstreetmap.org/way/1488635839"}},{"type":"Feature","id":"osm_way_1488635841","geometry":{"type":"LineString","coordinates":[[71.4078637,51.1698774],[71.4078466,51.1700142]]},"properties":{"osm_way_id":1488635841,"name":"Сарыарқа даңғылы","name_ru":"проспект Сарыарка","name_kk":"Сарыарқа даңғылы","highway":"primary","importance_weight":3,"kind":"road","source":"OpenStreetMap contributors","sourceId":"osm-major-roads","source_url":"https://www.openstreetmap.org/way/1488635841"}},{"type":"Feature","id":"osm_way_1488635842","geometry":{"type":"LineString","coordinates":[[71.4097861,51.1631832],[71.4097485,51.1633135],[71.4096343,51.1637086],[71.4095865,51.1638738],[71.409383,51.1645778]]},"properties":{"osm_way_id":1488635842,"name":"Сарыарқа даңғылы","name_ru":"проспект Сарыарка","name_kk":"Сарыарқа даңғылы","highway":"primary","importance_weight":3,"kind":"road","source":"OpenStreetMap contributors","sourceId":"osm-major-roads","source_url":"https://www.openstreetmap.org/way/1488635842"}},{"type":"Feature","id":"osm_way_1488635854","geometry":{"type":"LineString","coordinates":[[71.4106867,51.1632926],[71.4100454,51.1632145],[71.4097861,51.1631832]]},"properties":{"osm_way_id":1488635854,"name":"Кенесары көшесі","name_ru":"улица Кенесары","name_kk":null,"highway":"secondary","importance_weight":2,"kind":"road","source":"OpenStreetMap contributors","sourceId":"osm-major-roads","source_url":"https://www.openstreetmap.org/way/1488635854"}},{"type":"Feature","id":"osm_way_1488635855","geometry":{"type":"LineString","coordinates":[[71.4099461,51.1626486],[71.4098299,51.1630374],[71.4097861,51.1631832]]},"properties":{"osm_way_id":1488635855,"name":"Сарыарқа даңғылы","name_ru":"проспект Сарыарка","name_kk":"Сарыарқа даңғылы","highway":"primary","importance_weight":3,"kind":"road","source":"OpenStreetMap contributors","sourceId":"osm-major-roads","source_url":"https://www.openstreetmap.org/way/1488635855"}},{"type":"Feature","id":"osm_way_1488635858","geometry":{"type":"LineString","coordinates":[[71.4105265,51.1607903],[71.4104925,51.1608861],[71.4101969,51.1618497]]},"properties":{"osm_way_id":1488635858,"name":"Сарыарқа даңғылы","name_ru":"проспект Сарыарка","name_kk":"Сарыарқа даңғылы","highway":"primary","importance_weight":3,"kind":"road","source":"OpenStreetMap contributors","sourceId":"osm-major-roads","source_url":"https://www.openstreetmap.org/way/1488635858"}},{"type":"Feature","id":"osm_way_1488635859","geometry":{"type":"LineString","coordinates":[[71.4101969,51.1618497],[71.4100535,51.1623171],[71.4100486,51.1623323]]},"properties":{"osm_way_id":1488635859,"name":"Сарыарқа даңғылы","name_ru":"проспект Сарыарка","name_kk":"Сарыарқа даңғылы","highway":"primary","importance_weight":3,"kind":"road","source":"OpenStreetMap contributors","sourceId":"osm-major-roads","source_url":"https://www.openstreetmap.org/way/1488635859"}},{"type":"Feature","id":"osm_way_1488635860","geometry":{"type":"LineString","coordinates":[[71.4100486,51.1623323],[71.4099461,51.1626486]]},"properties":{"osm_way_id":1488635860,"name":"Сарыарқа даңғылы","name_ru":"проспект Сарыарка","name_kk":"Сарыарқа даңғылы","highway":"primary","importance_weight":3,"kind":"road","source":"OpenStreetMap contributors","sourceId":"osm-major-roads","source_url":"https://www.openstreetmap.org/way/1488635860"}},{"type":"Feature","id":"osm_way_1490038311","geometry":{"type":"LineString","coordinates":[[71.396948,51.0698588],[71.3967734,51.0700388],[71.3966339,51.0701568],[71.3965513,51.0702838],[71.3963803,51.0705415]]},"properties":{"osm_way_id":1490038311,"name":"Қабанбай Батыр даңғылы","name_ru":"проспект Кабанбай Батыра","name_kk":"Қабанбай Батыр даңғылы","highway":"primary","importance_weight":3,"kind":"road","source":"OpenStreetMap contributors","sourceId":"osm-major-roads","source_url":"https://www.openstreetmap.org/way/1490038311"}},{"type":"Feature","id":"osm_way_1490038312","geometry":{"type":"LineString","coordinates":[[71.3960542,51.0702138],[71.3962991,51.0701612],[71.3964204,51.070114],[71.396543,51.0700626],[71.3966618,51.070003],[71.396948,51.0698588]]},"properties":{"osm_way_id":1490038312,"name":"Қабанбай Батыр даңғылы","name_ru":"проспект Кабанбай Батыра","name_kk":"Қабанбай Батыр даңғылы","highway":"primary","importance_weight":3,"kind":"road","source":"OpenStreetMap contributors","sourceId":"osm-major-roads","source_url":"https://www.openstreetmap.org/way/1490038312"}},{"type":"Feature","id":"osm_way_1490038314","geometry":{"type":"LineString","coordinates":[[71.4014959,51.0670404],[71.400729,51.0675204]]},"properties":{"osm_way_id":1490038314,"name":"Қабанбай Батыр даңғылы","name_ru":"проспект Кабанбай Батыра","name_kk":"Қабанбай Батыр даңғылы","highway":"primary","importance_weight":3,"kind":"road","source":"OpenStreetMap contributors","sourceId":"osm-major-roads","source_url":"https://www.openstreetmap.org/way/1490038314"}},{"type":"Feature","id":"osm_way_1490038315","geometry":{"type":"LineString","coordinates":[[71.400729,51.0675204],[71.4003758,51.0677368],[71.3998989,51.068032],[71.396948,51.0698588]]},"properties":{"osm_way_id":1490038315,"name":"Қабанбай Батыр даңғылы","name_ru":"проспект Кабанбай Батыра","name_kk":"Қабанбай Батыр даңғылы","highway":"primary","importance_weight":3,"kind":"road","source":"OpenStreetMap contributors","sourceId":"osm-major-roads","source_url":"https://www.openstreetmap.org/way/1490038315"}},{"type":"Feature","id":"osm_way_1490038317","geometry":{"type":"LineString","coordinates":[[71.4087132,51.0625569],[71.4069187,51.0636652],[71.4065218,51.0639103],[71.4061542,51.0641427],[71.4056384,51.0644689],[71.4014959,51.0670404]]},"properties":{"osm_way_id":1490038317,"name":"Қабанбай Батыр даңғылы","name_ru":"проспект Кабанбай Батыра","name_kk":"Қабанбай Батыр даңғылы","highway":"primary","importance_weight":3,"kind":"road","source":"OpenStreetMap contributors","sourceId":"osm-major-roads","source_url":"https://www.openstreetmap.org/way/1490038317"}},{"type":"Feature","id":"osm_way_1490038318","geometry":{"type":"LineString","coordinates":[[71.4097118,51.0619223],[71.4087132,51.0625569]]},"properties":{"osm_way_id":1490038318,"name":"Қабанбай Батыр даңғылы","name_ru":"проспект Кабанбай Батыра","name_kk":"Қабанбай Батыр даңғылы","highway":"primary","importance_weight":3,"kind":"road","source":"OpenStreetMap contributors","sourceId":"osm-major-roads","source_url":"https://www.openstreetmap.org/way/1490038318"}},{"type":"Feature","id":"osm_way_1490038322","geometry":{"type":"LineString","coordinates":[[71.4128234,51.0600068],[71.4124405,51.0602404],[71.4121128,51.0604395],[71.411992,51.060513]]},"properties":{"osm_way_id":1490038322,"name":"Қабанбай Батыр даңғылы","name_ru":"проспект Кабанбай Батыра","name_kk":"Қабанбай Батыр даңғылы","highway":"primary","importance_weight":3,"kind":"road","source":"OpenStreetMap contributors","sourceId":"osm-major-roads","source_url":"https://www.openstreetmap.org/way/1490038322"}},{"type":"Feature","id":"osm_way_1490038323","geometry":{"type":"LineString","coordinates":[[71.411992,51.060513],[71.4116804,51.0607042]]},"properties":{"osm_way_id":1490038323,"name":"Қабанбай Батыр даңғылы","name_ru":"проспект Кабанбай Батыра","name_kk":"Қабанбай Батыр даңғылы","highway":"primary","importance_weight":3,"kind":"road","source":"OpenStreetMap contributors","sourceId":"osm-major-roads","source_url":"https://www.openstreetmap.org/way/1490038323"}},{"type":"Feature","id":"osm_way_1490038324","geometry":{"type":"LineString","coordinates":[[71.4116804,51.0607042],[71.4110811,51.0610811]]},"properties":{"osm_way_id":1490038324,"name":"Қабанбай Батыр даңғылы","name_ru":"проспект Кабанбай Батыра","name_kk":"Қабанбай Батыр даңғылы","highway":"primary","importance_weight":3,"kind":"road","source":"OpenStreetMap contributors","sourceId":"osm-major-roads","source_url":"https://www.openstreetmap.org/way/1490038324"}},{"type":"Feature","id":"osm_way_1490038331","geometry":{"type":"LineString","coordinates":[[71.4299296,51.0493957],[71.4285343,51.0502612]]},"properties":{"osm_way_id":1490038331,"name":"Қабанбай Батыр даңғылы","name_ru":"проспект Кабанбай Батыра","name_kk":"Қабанбай Батыр даңғылы","highway":"primary","importance_weight":3,"kind":"road","source":"OpenStreetMap contributors","sourceId":"osm-major-roads","source_url":"https://www.openstreetmap.org/way/1490038331"}},{"type":"Feature","id":"osm_way_1490038332","geometry":{"type":"LineString","coordinates":[[71.4415723,51.0421676],[71.4374245,51.04477]]},"properties":{"osm_way_id":1490038332,"name":"Қабанбай Батыр даңғылы","name_ru":"проспект Кабанбай Батыра","name_kk":"Қабанбай Батыр даңғылы","highway":"primary","importance_weight":3,"kind":"road","source":"OpenStreetMap contributors","sourceId":"osm-major-roads","source_url":"https://www.openstreetmap.org/way/1490038332"}},{"type":"Feature","id":"osm_way_1490038333","geometry":{"type":"LineString","coordinates":[[71.4476909,51.0383894],[71.4483988,51.0378788],[71.4486343,51.0377115],[71.4490485,51.0374466]]},"properties":{"osm_way_id":1490038333,"name":"Қабанбай Батыр даңғылы","name_ru":"проспект Кабанбай Батыра","name_kk":null,"highway":"primary","importance_weight":3,"kind":"road","source":"OpenStreetMap contributors","sourceId":"osm-major-roads","source_url":"https://www.openstreetmap.org/way/1490038333"}},{"type":"Feature","id":"osm_way_1490038339","geometry":{"type":"LineString","coordinates":[[71.4374245,51.04477],[71.434633,51.0465042]]},"properties":{"osm_way_id":1490038339,"name":"Қабанбай Батыр даңғылы","name_ru":"проспект Кабанбай Батыра","name_kk":"Қабанбай Батыр даңғылы","highway":"primary","importance_weight":3,"kind":"road","source":"OpenStreetMap contributors","sourceId":"osm-major-roads","source_url":"https://www.openstreetmap.org/way/1490038339"}},{"type":"Feature","id":"osm_way_1490038340","geometry":{"type":"LineString","coordinates":[[71.434633,51.0465042],[71.4342985,51.0467074],[71.4319563,51.0481302],[71.4313752,51.0484974],[71.4312674,51.0485631],[71.4307838,51.0488688]]},"properties":{"osm_way_id":1490038340,"name":"Қабанбай Батыр даңғылы","name_ru":"проспект Кабанбай Батыра","name_kk":"Қабанбай Батыр даңғылы","highway":"primary","importance_weight":3,"kind":"road","source":"OpenStreetMap contributors","sourceId":"osm-major-roads","source_url":"https://www.openstreetmap.org/way/1490038340"}},{"type":"Feature","id":"osm_way_1490038341","geometry":{"type":"LineString","coordinates":[[71.4307838,51.0488688],[71.4299296,51.0493957]]},"properties":{"osm_way_id":1490038341,"name":"Қабанбай Батыр даңғылы","name_ru":"проспект Кабанбай Батыра","name_kk":"Қабанбай Батыр даңғылы","highway":"primary","importance_weight":3,"kind":"road","source":"OpenStreetMap contributors","sourceId":"osm-major-roads","source_url":"https://www.openstreetmap.org/way/1490038341"}},{"type":"Feature","id":"osm_way_1490038342","geometry":{"type":"LineString","coordinates":[[71.4285343,51.0502612],[71.4231058,51.0536099]]},"properties":{"osm_way_id":1490038342,"name":"Қабанбай Батыр даңғылы","name_ru":"проспект Кабанбай Батыра","name_kk":"Қабанбай Батыр даңғылы","highway":"primary","importance_weight":3,"kind":"road","source":"OpenStreetMap contributors","sourceId":"osm-major-roads","source_url":"https://www.openstreetmap.org/way/1490038342"}},{"type":"Feature","id":"osm_way_1490038343","geometry":{"type":"LineString","coordinates":[[71.4231058,51.0536099],[71.4208223,51.055031],[71.4207399,51.0550823],[71.4141765,51.0591667],[71.4141409,51.0591889],[71.4140049,51.0592724],[71.4138373,51.0593763],[71.4135229,51.05957]]},"properties":{"osm_way_id":1490038343,"name":"Қабанбай Батыр даңғылы","name_ru":"проспект Кабанбай Батыра","name_kk":"Қабанбай Батыр даңғылы","highway":"primary","importance_weight":3,"kind":"road","source":"OpenStreetMap contributors","sourceId":"osm-major-roads","source_url":"https://www.openstreetmap.org/way/1490038343"}},{"type":"Feature","id":"osm_way_1490038364","geometry":{"type":"LineString","coordinates":[[71.4428686,51.0413695],[71.4421668,51.0418032],[71.4420168,51.0419029],[71.4415723,51.0421676]]},"properties":{"osm_way_id":1490038364,"name":"Қабанбай Батыр даңғылы","name_ru":"проспект Кабанбай Батыра","name_kk":"Қабанбай Батыр даңғылы","highway":"primary","importance_weight":3,"kind":"road","source":"OpenStreetMap contributors","sourceId":"osm-major-roads","source_url":"https://www.openstreetmap.org/way/1490038364"}},{"type":"Feature","id":"osm_way_1490544460","geometry":{"type":"LineString","coordinates":[[71.4122207,51.1469316],[71.4120979,51.1463146],[71.4120918,51.1462839],[71.4120627,51.1461634]]},"properties":{"osm_way_id":1490544460,"name":"Тұран даңғылы","name_ru":"проспект Туран","name_kk":"Тұран даңғылы","highway":"primary","importance_weight":3,"kind":"road","source":"OpenStreetMap contributors","sourceId":"osm-major-roads","source_url":"https://www.openstreetmap.org/way/1490544460"}},{"type":"Feature","id":"osm_way_1490544463","geometry":{"type":"LineString","coordinates":[[71.4122421,51.1470443],[71.4122207,51.1469316]]},"properties":{"osm_way_id":1490544463,"name":"Тұран даңғылы","name_ru":"проспект Туран","name_kk":"Тұран даңғылы","highway":"primary","importance_weight":3,"kind":"road","source":"OpenStreetMap contributors","sourceId":"osm-major-roads","source_url":"https://www.openstreetmap.org/way/1490544463"}},{"type":"Feature","id":"osm_way_1490544472","geometry":{"type":"LineString","coordinates":[[71.4125355,51.1488233],[71.4125162,51.1486819],[71.412485,51.1484529]]},"properties":{"osm_way_id":1490544472,"name":"Тұран даңғылы","name_ru":"проспект Туран","name_kk":"Тұран даңғылы","highway":"primary","importance_weight":3,"kind":"road","source":"OpenStreetMap contributors","sourceId":"osm-major-roads","source_url":"https://www.openstreetmap.org/way/1490544472"}},{"type":"Feature","id":"osm_way_1490544473","geometry":{"type":"LineString","coordinates":[[71.4126184,51.1520601],[71.4126448,51.1514587]]},"properties":{"osm_way_id":1490544473,"name":"Тұран даңғылы","name_ru":"проспект Туран","name_kk":"Тұран даңғылы","highway":"primary","importance_weight":3,"kind":"road","source":"OpenStreetMap contributors","sourceId":"osm-major-roads","source_url":"https://www.openstreetmap.org/way/1490544473"}},{"type":"Feature","id":"osm_way_1490544474","geometry":{"type":"LineString","coordinates":[[71.4126075,51.1522595],[71.4126184,51.1520601]]},"properties":{"osm_way_id":1490544474,"name":"Тұран даңғылы","name_ru":"проспект Туран","name_kk":"Тұран даңғылы","highway":"primary","importance_weight":3,"kind":"road","source":"OpenStreetMap contributors","sourceId":"osm-major-roads","source_url":"https://www.openstreetmap.org/way/1490544474"}},{"type":"Feature","id":"osm_way_1490544475","geometry":{"type":"LineString","coordinates":[[71.412499,51.1534449],[71.4125317,51.1532075],[71.4125701,51.152755]]},"properties":{"osm_way_id":1490544475,"name":"Тұран даңғылы","name_ru":"проспект Туран","name_kk":"Тұран даңғылы","highway":"primary","importance_weight":3,"kind":"road","source":"OpenStreetMap contributors","sourceId":"osm-major-roads","source_url":"https://www.openstreetmap.org/way/1490544475"}},{"type":"Feature","id":"osm_way_1490544476","geometry":{"type":"LineString","coordinates":[[71.4122811,51.1545456],[71.4123712,51.154259],[71.4124383,51.1539394],[71.4124735,51.1536872],[71.412499,51.1534449]]},"properties":{"osm_way_id":1490544476,"name":"Тұран даңғылы","name_ru":"проспект Туран","name_kk":"Тұран даңғылы","highway":"primary","importance_weight":3,"kind":"road","source":"OpenStreetMap contributors","sourceId":"osm-major-roads","source_url":"https://www.openstreetmap.org/way/1490544476"}},{"type":"Feature","id":"osm_way_1490544477","geometry":{"type":"LineString","coordinates":[[71.4116558,51.1449101],[71.4119942,51.1458994],[71.4120161,51.1459634],[71.4120353,51.1460459]]},"properties":{"osm_way_id":1490544477,"name":"Тұран даңғылы","name_ru":"проспект Туран","name_kk":"Тұран даңғылы","highway":"primary","importance_weight":3,"kind":"road","source":"OpenStreetMap contributors","sourceId":"osm-major-roads","source_url":"https://www.openstreetmap.org/way/1490544477"}},{"type":"Feature","id":"osm_way_1491132029","geometry":{"type":"LineString","coordinates":[[71.4089438,51.1379803],[71.4090688,51.1382889]]},"properties":{"osm_way_id":1491132029,"name":"Тұран даңғылы","name_ru":"проспект Туран","name_kk":"Тұран даңғылы","highway":"primary","importance_weight":3,"kind":"road","source":"OpenStreetMap contributors","sourceId":"osm-major-roads","source_url":"https://www.openstreetmap.org/way/1491132029"}},{"type":"Feature","id":"osm_way_1491132031","geometry":{"type":"LineString","coordinates":[[71.4103932,51.1415591],[71.4106584,51.1422566]]},"properties":{"osm_way_id":1491132031,"name":"Тұран даңғылы","name_ru":"проспект Туран","name_kk":"Тұран даңғылы","highway":"primary","importance_weight":3,"kind":"road","source":"OpenStreetMap contributors","sourceId":"osm-major-roads","source_url":"https://www.openstreetmap.org/way/1491132031"}},{"type":"Feature","id":"osm_way_1491132032","geometry":{"type":"LineString","coordinates":[[71.4090688,51.1382889],[71.4091042,51.1383762]]},"properties":{"osm_way_id":1491132032,"name":"Тұран даңғылы","name_ru":"проспект Туран","name_kk":"Тұран даңғылы","highway":"primary","importance_weight":3,"kind":"road","source":"OpenStreetMap contributors","sourceId":"osm-major-roads","source_url":"https://www.openstreetmap.org/way/1491132032"}},{"type":"Feature","id":"osm_way_1491132033","geometry":{"type":"LineString","coordinates":[[71.4091042,51.1383762],[71.409438,51.1392006]]},"properties":{"osm_way_id":1491132033,"name":"Тұран даңғылы","name_ru":"проспект Туран","name_kk":"Тұран даңғылы","highway":"primary","importance_weight":3,"kind":"road","source":"OpenStreetMap contributors","sourceId":"osm-major-roads","source_url":"https://www.openstreetmap.org/way/1491132033"}},{"type":"Feature","id":"osm_way_1491132034","geometry":{"type":"LineString","coordinates":[[71.409438,51.1392006],[71.4094845,51.1393154]]},"properties":{"osm_way_id":1491132034,"name":"Тұран даңғылы","name_ru":"проспект Туран","name_kk":"Тұран даңғылы","highway":"primary","importance_weight":3,"kind":"road","source":"OpenStreetMap contributors","sourceId":"osm-major-roads","source_url":"https://www.openstreetmap.org/way/1491132034"}},{"type":"Feature","id":"osm_way_1491132035","geometry":{"type":"LineString","coordinates":[[71.4094845,51.1393154],[71.4095612,51.1395047],[71.4102464,51.1411967]]},"properties":{"osm_way_id":1491132035,"name":"Тұран даңғылы","name_ru":"проспект Туран","name_kk":"Тұран даңғылы","highway":"primary","importance_weight":3,"kind":"road","source":"OpenStreetMap contributors","sourceId":"osm-major-roads","source_url":"https://www.openstreetmap.org/way/1491132035"}},{"type":"Feature","id":"osm_way_1491132037","geometry":{"type":"LineString","coordinates":[[71.4102464,51.1411967],[71.4103932,51.1415591]]},"properties":{"osm_way_id":1491132037,"name":"Тұран даңғылы","name_ru":"проспект Туран","name_kk":"Тұран даңғылы","highway":"primary","importance_weight":3,"kind":"road","source":"OpenStreetMap contributors","sourceId":"osm-major-roads","source_url":"https://www.openstreetmap.org/way/1491132037"}},{"type":"Feature","id":"osm_way_1491132038","geometry":{"type":"LineString","coordinates":[[71.4106584,51.1422566],[71.4110653,51.1432712]]},"properties":{"osm_way_id":1491132038,"name":"Тұран даңғылы","name_ru":"проспект Туран","name_kk":"Тұран даңғылы","highway":"primary","importance_weight":3,"kind":"road","source":"OpenStreetMap contributors","sourceId":"osm-major-roads","source_url":"https://www.openstreetmap.org/way/1491132038"}},{"type":"Feature","id":"osm_way_1491132039","geometry":{"type":"LineString","coordinates":[[71.4110653,51.1432712],[71.4112228,51.1437082],[71.4112836,51.1438769]]},"properties":{"osm_way_id":1491132039,"name":"Тұран даңғылы","name_ru":"проспект Туран","name_kk":"Тұран даңғылы","highway":"primary","importance_weight":3,"kind":"road","source":"OpenStreetMap contributors","sourceId":"osm-major-roads","source_url":"https://www.openstreetmap.org/way/1491132039"}},{"type":"Feature","id":"osm_way_1491132040","geometry":{"type":"LineString","coordinates":[[71.4112836,51.1438769],[71.4115172,51.1445253]]},"properties":{"osm_way_id":1491132040,"name":"Тұран даңғылы","name_ru":"проспект Туран","name_kk":"Тұран даңғылы","highway":"primary","importance_weight":3,"kind":"road","source":"OpenStreetMap contributors","sourceId":"osm-major-roads","source_url":"https://www.openstreetmap.org/way/1491132040"}},{"type":"Feature","id":"osm_way_1491132041","geometry":{"type":"LineString","coordinates":[[71.4115172,51.1445253],[71.4116558,51.1449101]]},"properties":{"osm_way_id":1491132041,"name":"Тұран даңғылы","name_ru":"проспект Туран","name_kk":"Тұран даңғылы","highway":"primary","importance_weight":3,"kind":"road","source":"OpenStreetMap contributors","sourceId":"osm-major-roads","source_url":"https://www.openstreetmap.org/way/1491132041"}},{"type":"Feature","id":"osm_way_1493471136","geometry":{"type":"LineString","coordinates":[[71.4057431,51.1298973],[71.4056249,51.1297804],[71.4055846,51.1297028],[71.4055136,51.1295391],[71.4052493,51.1288697],[71.4052418,51.1288508],[71.4052125,51.1287766],[71.404958,51.1281323],[71.4046212,51.1272798],[71.404596,51.1272159],[71.4045581,51.1271125]]},"properties":{"osm_way_id":1493471136,"name":"Тұран даңғылы","name_ru":"проспект Туран","name_kk":"Тұран даңғылы","highway":"primary","importance_weight":3,"kind":"road","source":"OpenStreetMap contributors","sourceId":"osm-major-roads","source_url":"https://www.openstreetmap.org/way/1493471136"}},{"type":"Feature","id":"osm_way_1493471137","geometry":{"type":"LineString","coordinates":[[71.4086746,51.1372951],[71.4086057,51.137117],[71.4085691,51.1370223],[71.4085459,51.1369616],[71.4082872,51.1362846]]},"properties":{"osm_way_id":1493471137,"name":"Тұран даңғылы","name_ru":"проспект Туран","name_kk":"Тұран даңғылы","highway":"primary","importance_weight":3,"kind":"road","source":"OpenStreetMap contributors","sourceId":"osm-major-roads","source_url":"https://www.openstreetmap.org/way/1493471137"}},{"type":"Feature","id":"osm_way_1493471138","geometry":{"type":"LineString","coordinates":[[71.4077788,51.1349914],[71.4075942,51.1345313],[71.4075098,51.134333]]},"properties":{"osm_way_id":1493471138,"name":"Тұран даңғылы","name_ru":"проспект Туран","name_kk":"Тұран даңғылы","highway":"primary","importance_weight":3,"kind":"road","source":"OpenStreetMap contributors","sourceId":"osm-major-roads","source_url":"https://www.openstreetmap.org/way/1493471138"}},{"type":"Feature","id":"osm_way_1493471157","geometry":{"type":"LineString","coordinates":[[71.406058,51.1306863],[71.4060347,51.1306281]]},"properties":{"osm_way_id":1493471157,"name":"Сарыарқа даңғылы","name_ru":"проспект Сарыарка","name_kk":"Сарыарқа даңғылы","highway":"primary","importance_weight":3,"kind":"road","source":"OpenStreetMap contributors","sourceId":"osm-major-roads","source_url":"https://www.openstreetmap.org/way/1493471157"}},{"type":"Feature","id":"osm_way_1493471158","geometry":{"type":"LineString","coordinates":[[71.4060347,51.1306281],[71.4057431,51.1298973]]},"properties":{"osm_way_id":1493471158,"name":"Тұран даңғылы","name_ru":"проспект Туран","name_kk":"Тұран даңғылы","highway":"primary","importance_weight":3,"kind":"road","source":"OpenStreetMap contributors","sourceId":"osm-major-roads","source_url":"https://www.openstreetmap.org/way/1493471158"}},{"type":"Feature","id":"osm_way_1493471159","geometry":{"type":"LineString","coordinates":[[71.4064996,51.1317928],[71.4064428,51.1316506]]},"properties":{"osm_way_id":1493471159,"name":"Тұран даңғылы","name_ru":"проспект Туран","name_kk":"Тұран даңғылы","highway":"primary","importance_weight":3,"kind":"road","source":"OpenStreetMap contributors","sourceId":"osm-major-roads","source_url":"https://www.openstreetmap.org/way/1493471159"}},{"type":"Feature","id":"osm_way_1493471160","geometry":{"type":"LineString","coordinates":[[71.4064428,51.1316506],[71.4062122,51.1310536],[71.406058,51.1306863]]},"properties":{"osm_way_id":1493471160,"name":"Тұран даңғылы","name_ru":"проспект Туран","name_kk":"Тұран даңғылы","highway":"primary","importance_weight":3,"kind":"road","source":"OpenStreetMap contributors","sourceId":"osm-major-roads","source_url":"https://www.openstreetmap.org/way/1493471160"}},{"type":"Feature","id":"osm_way_1493471163","geometry":{"type":"LineString","coordinates":[[71.4066887,51.1322667],[71.4064996,51.1317928]]},"properties":{"osm_way_id":1493471163,"name":"Тұран даңғылы","name_ru":"проспект Туран","name_kk":"Тұран даңғылы","highway":"primary","importance_weight":3,"kind":"road","source":"OpenStreetMap contributors","sourceId":"osm-major-roads","source_url":"https://www.openstreetmap.org/way/1493471163"}},{"type":"Feature","id":"osm_way_1493471164","geometry":{"type":"LineString","coordinates":[[71.4067253,51.1323584],[71.4066887,51.1322667]]},"properties":{"osm_way_id":1493471164,"name":"Сарыарқа даңғылы","name_ru":"проспект Сарыарка","name_kk":"Сарыарқа даңғылы","highway":"primary","importance_weight":3,"kind":"road","source":"OpenStreetMap contributors","sourceId":"osm-major-roads","source_url":"https://www.openstreetmap.org/way/1493471164"}},{"type":"Feature","id":"osm_way_1493471167","geometry":{"type":"LineString","coordinates":[[71.4072808,51.1337501],[71.4071206,51.1333488]]},"properties":{"osm_way_id":1493471167,"name":"Тұран даңғылы","name_ru":"проспект Туран","name_kk":"Тұран даңғылы","highway":"primary","importance_weight":3,"kind":"road","source":"OpenStreetMap contributors","sourceId":"osm-major-roads","source_url":"https://www.openstreetmap.org/way/1493471167"}},{"type":"Feature","id":"osm_way_1493471168","geometry":{"type":"LineString","coordinates":[[71.4070374,51.1331403],[71.4067253,51.1323584]]},"properties":{"osm_way_id":1493471168,"name":"Тұран даңғылы","name_ru":"проспект Туран","name_kk":"Тұран даңғылы","highway":"primary","importance_weight":3,"kind":"road","source":"OpenStreetMap contributors","sourceId":"osm-major-roads","source_url":"https://www.openstreetmap.org/way/1493471168"}},{"type":"Feature","id":"osm_way_1493471169","geometry":{"type":"LineString","coordinates":[[71.4071206,51.1333488],[71.4070374,51.1331403]]},"properties":{"osm_way_id":1493471169,"name":"Тұран даңғылы","name_ru":"проспект Туран","name_kk":"Тұран даңғылы","highway":"primary","importance_weight":3,"kind":"road","source":"OpenStreetMap contributors","sourceId":"osm-major-roads","source_url":"https://www.openstreetmap.org/way/1493471169"}},{"type":"Feature","id":"osm_way_1493471183","geometry":{"type":"LineString","coordinates":[[71.4080532,51.1356895],[71.4077788,51.1349914]]},"properties":{"osm_way_id":1493471183,"name":"Тұран даңғылы","name_ru":"проспект Туран","name_kk":"Тұран даңғылы","highway":"primary","importance_weight":3,"kind":"road","source":"OpenStreetMap contributors","sourceId":"osm-major-roads","source_url":"https://www.openstreetmap.org/way/1493471183"}},{"type":"Feature","id":"osm_way_1497278369","geometry":{"type":"LineString","coordinates":[[71.4366361,51.1787199],[71.4366885,51.1785367]]},"properties":{"osm_way_id":1497278369,"name":"Шоқан Уәлиханов көшесі","name_ru":"улица Шокана Уалиханова","name_kk":null,"highway":"primary","importance_weight":3,"kind":"road","source":"OpenStreetMap contributors","sourceId":"osm-major-roads","source_url":"https://www.openstreetmap.org/way/1497278369"}},{"type":"Feature","id":"osm_way_1503565076","geometry":{"type":"LineString","coordinates":[[71.4541157,51.1191401],[71.4541982,51.1193664]]},"properties":{"osm_way_id":1503565076,"name":"osm_way_1503565076","name_ru":null,"name_kk":null,"highway":"secondary","importance_weight":2,"kind":"road","source":"OpenStreetMap contributors","sourceId":"osm-major-roads","source_url":"https://www.openstreetmap.org/way/1503565076"}},{"type":"Feature","id":"osm_way_1503565077","geometry":{"type":"LineString","coordinates":[[71.454076,51.1193848],[71.4539908,51.1191586]]},"properties":{"osm_way_id":1503565077,"name":"osm_way_1503565077","name_ru":null,"name_kk":null,"highway":"secondary","importance_weight":2,"kind":"road","source":"OpenStreetMap contributors","sourceId":"osm-major-roads","source_url":"https://www.openstreetmap.org/way/1503565077"}},{"type":"Feature","id":"osm_way_1503565078","geometry":{"type":"LineString","coordinates":[[71.4541982,51.1193664],[71.4542507,51.1195001]]},"properties":{"osm_way_id":1503565078,"name":"Жұмекен Нәжімеденов көшесі","name_ru":"улица Жумекена Нажимеденова","name_kk":null,"highway":"secondary","importance_weight":2,"kind":"road","source":"OpenStreetMap contributors","sourceId":"osm-major-roads","source_url":"https://www.openstreetmap.org/way/1503565078"}},{"type":"Feature","id":"osm_way_1510255676","geometry":{"type":"LineString","coordinates":[[71.4983068,51.1498327],[71.4980566,51.1499296],[71.4967106,51.1504541]]},"properties":{"osm_way_id":1510255676,"name":"Абылай Хан даңғылы","name_ru":"проспект Абылай Хана","name_kk":"Абылай Хан даңғылы","highway":"primary","importance_weight":3,"kind":"road","source":"OpenStreetMap contributors","sourceId":"osm-major-roads","source_url":"https://www.openstreetmap.org/way/1510255676"}},{"type":"Feature","id":"osm_way_1516120168","geometry":{"type":"LineString","coordinates":[[71.4015352,51.0862772],[71.4002652,51.0827283],[71.4001926,51.0825401],[71.4001297,51.0823779],[71.4000896,51.0822639],[71.3989282,51.0790154]]},"properties":{"osm_way_id":1516120168,"name":"Қабанбай Батыр даңғылы","name_ru":"проспект Кабанбай Батыра","name_kk":"Қабанбай Батыр даңғылы","highway":"secondary","importance_weight":2,"kind":"road","source":"OpenStreetMap contributors","sourceId":"osm-major-roads","source_url":"https://www.openstreetmap.org/way/1516120168"}},{"type":"Feature","id":"osm_way_1516120169","geometry":{"type":"LineString","coordinates":[[71.4016371,51.0865453],[71.4015908,51.0864235],[71.4015352,51.0862772]]},"properties":{"osm_way_id":1516120169,"name":"Қабанбай Батыр даңғылы","name_ru":"проспект Кабанбай Батыра","name_kk":"Қабанбай Батыр даңғылы","highway":"secondary","importance_weight":2,"kind":"road","source":"OpenStreetMap contributors","sourceId":"osm-major-roads","source_url":"https://www.openstreetmap.org/way/1516120169"}},{"type":"Feature","id":"osm_way_1517171628","geometry":{"type":"LineString","coordinates":[[71.4129913,51.125347],[71.4129421,51.1251671],[71.4128467,51.124705]]},"properties":{"osm_way_id":1517171628,"name":"Қабанбай Батыр даңғылы","name_ru":"проспект Кабанбай Батыра","name_kk":"Қабанбай Батыр даңғылы","highway":"secondary","importance_weight":2,"kind":"road","source":"OpenStreetMap contributors","sourceId":"osm-major-roads","source_url":"https://www.openstreetmap.org/way/1517171628"}},{"type":"Feature","id":"osm_way_1517171629","geometry":{"type":"LineString","coordinates":[[71.4130405,51.1256241],[71.4129913,51.125347]]},"properties":{"osm_way_id":1517171629,"name":"Қабанбай Батыр даңғылы","name_ru":"проспект Кабанбай Батыра","name_kk":"Қабанбай Батыр даңғылы","highway":"secondary","importance_weight":2,"kind":"road","source":"OpenStreetMap contributors","sourceId":"osm-major-roads","source_url":"https://www.openstreetmap.org/way/1517171629"}},{"type":"Feature","id":"osm_way_1517171631","geometry":{"type":"LineString","coordinates":[[71.4125975,51.1256912],[71.4130405,51.1256241]]},"properties":{"osm_way_id":1517171631,"name":"Сығанақ көшесі","name_ru":"улица Сыганак","name_kk":"Сығанақ көшесі","highway":"secondary","importance_weight":2,"kind":"road","source":"OpenStreetMap contributors","sourceId":"osm-major-roads","source_url":"https://www.openstreetmap.org/way/1517171631"}},{"type":"Feature","id":"osm_way_1517171632","geometry":{"type":"LineString","coordinates":[[71.4132656,51.1255883],[71.4142032,51.1254416],[71.4149734,51.1253211]]},"properties":{"osm_way_id":1517171632,"name":"Сығанақ көшесі","name_ru":"улица Сыганак","name_kk":"Сығанақ көшесі","highway":"secondary","importance_weight":2,"kind":"road","source":"OpenStreetMap contributors","sourceId":"osm-major-roads","source_url":"https://www.openstreetmap.org/way/1517171632"}},{"type":"Feature","id":"osm_way_1517171633","geometry":{"type":"LineString","coordinates":[[71.4134435,51.1257193],[71.413275,51.1257458],[71.4130751,51.1257784],[71.4126387,51.1258448]]},"properties":{"osm_way_id":1517171633,"name":"Сығанақ көшесі","name_ru":"улица Сыганак","name_kk":"Сығанақ көшесі","highway":"secondary","importance_weight":2,"kind":"road","source":"OpenStreetMap contributors","sourceId":"osm-major-roads","source_url":"https://www.openstreetmap.org/way/1517171633"}},{"type":"Feature","id":"osm_way_1517171634","geometry":{"type":"LineString","coordinates":[[71.4170906,51.1251459],[71.4169061,51.125175],[71.4135393,51.1257058],[71.4134435,51.1257193]]},"properties":{"osm_way_id":1517171634,"name":"Сығанақ көшесі","name_ru":"улица Сыганак","name_kk":"Сығанақ көшесі","highway":"secondary","importance_weight":2,"kind":"road","source":"OpenStreetMap contributors","sourceId":"osm-major-roads","source_url":"https://www.openstreetmap.org/way/1517171634"}},{"type":"Feature","id":"osm_way_1517541521","geometry":{"type":"LineString","coordinates":[[71.4989829,51.1199356],[71.4989477,51.119846]]},"properties":{"osm_way_id":1517541521,"name":"osm_way_1517541521","name_ru":null,"name_kk":null,"highway":"secondary","importance_weight":2,"kind":"road","source":"OpenStreetMap contributors","sourceId":"osm-major-roads","source_url":"https://www.openstreetmap.org/way/1517541521"}},{"type":"Feature","id":"osm_way_1517541522","geometry":{"type":"LineString","coordinates":[[71.499129,51.1198174],[71.4991651,51.1199075]]},"properties":{"osm_way_id":1517541522,"name":"osm_way_1517541522","name_ru":null,"name_kk":null,"highway":"secondary","importance_weight":2,"kind":"road","source":"OpenStreetMap contributors","sourceId":"osm-major-roads","source_url":"https://www.openstreetmap.org/way/1517541522"}},{"type":"Feature","id":"osm_way_1518174335","geometry":{"type":"LineString","coordinates":[[71.3634069,51.1442024],[71.3642957,51.1440474]]},"properties":{"osm_way_id":1518174335,"name":"Қайым Мұхамедханов көшесі","name_ru":"улица Кайыма Мухамедханова","name_kk":"Қайым Мұхамедханов көшесі","highway":"secondary","importance_weight":2,"kind":"road","source":"OpenStreetMap contributors","sourceId":"osm-major-roads","source_url":"https://www.openstreetmap.org/way/1518174335"}},{"type":"Feature","id":"osm_way_1518768540","geometry":{"type":"LineString","coordinates":[[71.4600849,51.1066801],[71.4615373,51.1075732],[71.4622248,51.1080757],[71.462566,51.1083832]]},"properties":{"osm_way_id":1518768540,"name":"проспект Аль-Фараби","name_ru":"проспект Аль-Фараби","name_kk":null,"highway":"secondary","importance_weight":2,"kind":"road","source":"OpenStreetMap contributors","sourceId":"osm-major-roads","source_url":"https://www.openstreetmap.org/way/1518768540"}},{"type":"Feature","id":"osm_way_1518768541","geometry":{"type":"LineString","coordinates":[[71.4622948,51.1084992],[71.4619608,51.1082066],[71.4612766,51.1077186],[71.4598153,51.10683]]},"properties":{"osm_way_id":1518768541,"name":"проспект Аль-Фараби","name_ru":"проспект Аль-Фараби","name_kk":null,"highway":"secondary","importance_weight":2,"kind":"road","source":"OpenStreetMap contributors","sourceId":"osm-major-roads","source_url":"https://www.openstreetmap.org/way/1518768541"}},{"type":"Feature","id":"osm_way_1518768542","geometry":{"type":"LineString","coordinates":[[71.4553853,51.1038613],[71.4569786,51.10481]]},"properties":{"osm_way_id":1518768542,"name":"проспект Аль-Фараби","name_ru":null,"name_kk":null,"highway":"secondary","importance_weight":2,"kind":"road","source":"OpenStreetMap contributors","sourceId":"osm-major-roads","source_url":"https://www.openstreetmap.org/way/1518768542"}},{"type":"Feature","id":"osm_way_1518768543","geometry":{"type":"LineString","coordinates":[[71.4566263,51.1048997],[71.4551806,51.1040097]]},"properties":{"osm_way_id":1518768543,"name":"проспект Аль-Фараби","name_ru":null,"name_kk":null,"highway":"secondary","importance_weight":2,"kind":"road","source":"OpenStreetMap contributors","sourceId":"osm-major-roads","source_url":"https://www.openstreetmap.org/way/1518768543"}},{"type":"Feature","id":"osm_way_1522599455","geometry":{"type":"LineString","coordinates":[[71.459073,51.1608212],[71.4591221,51.1608786]]},"properties":{"osm_way_id":1522599455,"name":"Ахмет Жұбанов көшесі","name_ru":"улица Ахмета Жубанова","name_kk":null,"highway":"secondary","importance_weight":2,"kind":"road","source":"OpenStreetMap contributors","sourceId":"osm-major-roads","source_url":"https://www.openstreetmap.org/way/1522599455"}},{"type":"Feature","id":"osm_way_1522720923","geometry":{"type":"LineString","coordinates":[[71.4606733,51.1603256],[71.4611143,51.1601867]]},"properties":{"osm_way_id":1522720923,"name":"Амангелді Иманов көшесі","name_ru":"улица Амангельды Иманова","name_kk":null,"highway":"secondary","importance_weight":2,"kind":"road","source":"OpenStreetMap contributors","sourceId":"osm-major-roads","source_url":"https://www.openstreetmap.org/way/1522720923"}},{"type":"Feature","id":"osm_way_1522806466","geometry":{"type":"LineString","coordinates":[[71.4272752,51.1655125],[71.4270657,51.1654859]]},"properties":{"osm_way_id":1522806466,"name":"Кенесары көшесі","name_ru":"улица Кенесары","name_kk":null,"highway":"secondary","importance_weight":2,"kind":"road","source":"OpenStreetMap contributors","sourceId":"osm-major-roads","source_url":"https://www.openstreetmap.org/way/1522806466"}},{"type":"Feature","id":"osm_way_1522806467","geometry":{"type":"LineString","coordinates":[[71.4342945,51.1663394],[71.4341424,51.1663253],[71.433805,51.1662871],[71.431907,51.1660652],[71.4316463,51.1660347],[71.4315035,51.1660179],[71.4313531,51.1660004],[71.4301354,51.1658591],[71.4300443,51.1658478],[71.42902,51.165727],[71.4288654,51.1657089],[71.4281062,51.1656185],[71.4276775,51.1655675]]},"properties":{"osm_way_id":1522806467,"name":"Кенесары көшесі","name_ru":"улица Кенесары","name_kk":null,"highway":"secondary","importance_weight":2,"kind":"road","source":"OpenStreetMap contributors","sourceId":"osm-major-roads","source_url":"https://www.openstreetmap.org/way/1522806467"}},{"type":"Feature","id":"osm_way_1523645308","geometry":{"type":"LineString","coordinates":[[71.5038865,51.1337334],[71.5040874,51.1337879]]},"properties":{"osm_way_id":1523645308,"name":"Айнакөл көшесі","name_ru":"улица Айнаколь","name_kk":null,"highway":"secondary","importance_weight":2,"kind":"road","source":"OpenStreetMap contributors","sourceId":"osm-major-roads","source_url":"https://www.openstreetmap.org/way/1523645308"}},{"type":"Feature","id":"osm_way_1523645311","geometry":{"type":"LineString","coordinates":[[71.5036914,51.1336778],[71.5038865,51.1337334]]},"properties":{"osm_way_id":1523645311,"name":"Айнакөл көшесі","name_ru":"улица Айнаколь","name_kk":null,"highway":"secondary","importance_weight":2,"kind":"road","source":"OpenStreetMap contributors","sourceId":"osm-major-roads","source_url":"https://www.openstreetmap.org/way/1523645311"}},{"type":"Feature","id":"osm_way_1525246412","geometry":{"type":"LineString","coordinates":[[71.434113,51.1222992],[71.43436,51.1222623],[71.435776,51.1220504]]},"properties":{"osm_way_id":1525246412,"name":"Сығанақ көшесі","name_ru":"улица Сыганак","name_kk":"Сығанақ көшесі","highway":"secondary","importance_weight":2,"kind":"road","source":"OpenStreetMap contributors","sourceId":"osm-major-roads","source_url":"https://www.openstreetmap.org/way/1525246412"}},{"type":"Feature","id":"osm_way_1525246413","geometry":{"type":"LineString","coordinates":[[71.4329645,51.122471],[71.4337765,51.1223495],[71.434113,51.1222992]]},"properties":{"osm_way_id":1525246413,"name":"Сығанақ көшесі","name_ru":"улица Сыганак","name_kk":"Сығанақ көшесі","highway":"secondary","importance_weight":2,"kind":"road","source":"OpenStreetMap contributors","sourceId":"osm-major-roads","source_url":"https://www.openstreetmap.org/way/1525246413"}},{"type":"Feature","id":"osm_way_1525461674","geometry":{"type":"LineString","coordinates":[[71.4304781,51.1331478],[71.4302369,51.1325268]]},"properties":{"osm_way_id":1525461674,"name":"Ақмешіт көшесі","name_ru":"улица Акмешит","name_kk":"Ақмешіт көшесі","highway":"secondary","importance_weight":2,"kind":"road","source":"OpenStreetMap contributors","sourceId":"osm-major-roads","source_url":"https://www.openstreetmap.org/way/1525461674"}},{"type":"Feature","id":"osm_way_1525461676","geometry":{"type":"LineString","coordinates":[[71.4302369,51.1325268],[71.4301966,51.1324232]]},"properties":{"osm_way_id":1525461676,"name":"Ақмешіт көшесі","name_ru":"улица Акмешит","name_kk":"Ақмешіт көшесі","highway":"secondary","importance_weight":2,"kind":"road","source":"OpenStreetMap contributors","sourceId":"osm-major-roads","source_url":"https://www.openstreetmap.org/way/1525461676"}},{"type":"Feature","id":"osm_way_1525461677","geometry":{"type":"LineString","coordinates":[[71.4301966,51.1324232],[71.4299168,51.1317029]]},"properties":{"osm_way_id":1525461677,"name":"Ақмешіт көшесі","name_ru":"улица Акмешит","name_kk":"Ақмешіт көшесі","highway":"secondary","importance_weight":2,"kind":"road","source":"OpenStreetMap contributors","sourceId":"osm-major-roads","source_url":"https://www.openstreetmap.org/way/1525461677"}},{"type":"Feature","id":"osm_way_1525461681","geometry":{"type":"LineString","coordinates":[[71.4299168,51.1317029],[71.4298878,51.1316281]]},"properties":{"osm_way_id":1525461681,"name":"Ақмешіт көшесі","name_ru":"улица Акмешит","name_kk":"Ақмешіт көшесі","highway":"secondary","importance_weight":2,"kind":"road","source":"OpenStreetMap contributors","sourceId":"osm-major-roads","source_url":"https://www.openstreetmap.org/way/1525461681"}},{"type":"Feature","id":"osm_way_1525461682","geometry":{"type":"LineString","coordinates":[[71.4298607,51.1315584],[71.4296545,51.1310275]]},"properties":{"osm_way_id":1525461682,"name":"Ақмешіт көшесі","name_ru":"улица Акмешит","name_kk":"Ақмешіт көшесі","highway":"secondary","importance_weight":2,"kind":"road","source":"OpenStreetMap contributors","sourceId":"osm-major-roads","source_url":"https://www.openstreetmap.org/way/1525461682"}},{"type":"Feature","id":"osm_way_1525461683","geometry":{"type":"LineString","coordinates":[[71.4298878,51.1316281],[71.4298607,51.1315584]]},"properties":{"osm_way_id":1525461683,"name":"Ақмешіт көшесі","name_ru":"улица Акмешит","name_kk":"Ақмешіт көшесі","highway":"secondary","importance_weight":2,"kind":"road","source":"OpenStreetMap contributors","sourceId":"osm-major-roads","source_url":"https://www.openstreetmap.org/way/1525461683"}},{"type":"Feature","id":"osm_way_1525461686","geometry":{"type":"LineString","coordinates":[[71.4288717,51.1291386],[71.4288394,51.1290607]]},"properties":{"osm_way_id":1525461686,"name":"Ақмешіт көшесі","name_ru":"улица Акмешит","name_kk":"Ақмешіт көшесі","highway":"secondary","importance_weight":2,"kind":"road","source":"OpenStreetMap contributors","sourceId":"osm-major-roads","source_url":"https://www.openstreetmap.org/way/1525461686"}},{"type":"Feature","id":"osm_way_1525461687","geometry":{"type":"LineString","coordinates":[[71.4288394,51.1290607],[71.4286349,51.1285791],[71.4284316,51.1280767]]},"properties":{"osm_way_id":1525461687,"name":"Ақмешіт көшесі","name_ru":"улица Акмешит","name_kk":"Ақмешіт көшесі","highway":"secondary","importance_weight":2,"kind":"road","source":"OpenStreetMap contributors","sourceId":"osm-major-roads","source_url":"https://www.openstreetmap.org/way/1525461687"}},{"type":"Feature","id":"osm_way_1525461690","geometry":{"type":"LineString","coordinates":[[71.4281891,51.1274503],[71.4277884,51.1264204],[71.4277417,51.1262942],[71.4277124,51.1262187],[71.4276654,51.1260973],[71.4275099,51.1256954]]},"properties":{"osm_way_id":1525461690,"name":"Ақмешіт көшесі","name_ru":"улица Акмешит","name_kk":"Ақмешіт көшесі","highway":"secondary","importance_weight":2,"kind":"road","source":"OpenStreetMap contributors","sourceId":"osm-major-roads","source_url":"https://www.openstreetmap.org/way/1525461690"}},{"type":"Feature","id":"osm_way_1525461691","geometry":{"type":"LineString","coordinates":[[71.4275099,51.1256954],[71.4274563,51.125557]]},"properties":{"osm_way_id":1525461691,"name":"Ақмешіт көшесі","name_ru":"улица Акмешит","name_kk":"Ақмешіт көшесі","highway":"secondary","importance_weight":2,"kind":"road","source":"OpenStreetMap contributors","sourceId":"osm-major-roads","source_url":"https://www.openstreetmap.org/way/1525461691"}},{"type":"Feature","id":"osm_way_1525461692","geometry":{"type":"LineString","coordinates":[[71.4274563,51.125557],[71.4273315,51.1252346]]},"properties":{"osm_way_id":1525461692,"name":"Ақмешіт көшесі","name_ru":"улица Акмешит","name_kk":"Ақмешіт көшесі","highway":"secondary","importance_weight":2,"kind":"road","source":"OpenStreetMap contributors","sourceId":"osm-major-roads","source_url":"https://www.openstreetmap.org/way/1525461692"}},{"type":"Feature","id":"osm_way_1525461694","geometry":{"type":"LineString","coordinates":[[71.4273315,51.1252346],[71.427215,51.1249334]]},"properties":{"osm_way_id":1525461694,"name":"Ақмешіт көшесі","name_ru":"улица Акмешит","name_kk":"Ақмешіт көшесі","highway":"secondary","importance_weight":2,"kind":"road","source":"OpenStreetMap contributors","sourceId":"osm-major-roads","source_url":"https://www.openstreetmap.org/way/1525461694"}},{"type":"Feature","id":"osm_way_1525461695","geometry":{"type":"LineString","coordinates":[[71.427215,51.1249334],[71.4270993,51.1246347]]},"properties":{"osm_way_id":1525461695,"name":"Ақмешіт көшесі","name_ru":"улица Акмешит","name_kk":"Ақмешіт көшесі","highway":"secondary","importance_weight":2,"kind":"road","source":"OpenStreetMap contributors","sourceId":"osm-major-roads","source_url":"https://www.openstreetmap.org/way/1525461695"}},{"type":"Feature","id":"osm_way_1525461696","geometry":{"type":"LineString","coordinates":[[71.4266178,51.12343],[71.4268265,51.1233945]]},"properties":{"osm_way_id":1525461696,"name":"Сығанақ көшесі","name_ru":"улица Сыганак","name_kk":"Сығанақ көшесі","highway":"secondary","importance_weight":2,"kind":"road","source":"OpenStreetMap contributors","sourceId":"osm-major-roads","source_url":"https://www.openstreetmap.org/way/1525461696"}},{"type":"Feature","id":"osm_way_1525461705","geometry":{"type":"LineString","coordinates":[[71.4264527,51.1230058],[71.4261726,51.12229]]},"properties":{"osm_way_id":1525461705,"name":"Ақмешіт көшесі","name_ru":"улица Акмешит","name_kk":"Ақмешіт көшесі","highway":"secondary","importance_weight":2,"kind":"road","source":"OpenStreetMap contributors","sourceId":"osm-major-roads","source_url":"https://www.openstreetmap.org/way/1525461705"}},{"type":"Feature","id":"osm_way_1525461706","geometry":{"type":"LineString","coordinates":[[71.4261726,51.12229],[71.4259837,51.1218015]]},"properties":{"osm_way_id":1525461706,"name":"Ақмешіт көшесі","name_ru":"улица Акмешит","name_kk":"Ақмешіт көшесі","highway":"secondary","importance_weight":2,"kind":"road","source":"OpenStreetMap contributors","sourceId":"osm-major-roads","source_url":"https://www.openstreetmap.org/way/1525461706"}},{"type":"Feature","id":"osm_way_1525461707","geometry":{"type":"LineString","coordinates":[[71.4259837,51.1218015],[71.425861,51.1214866]]},"properties":{"osm_way_id":1525461707,"name":"Ақмешіт көшесі","name_ru":"улица Акмешит","name_kk":"Ақмешіт көшесі","highway":"secondary","importance_weight":2,"kind":"road","source":"OpenStreetMap contributors","sourceId":"osm-major-roads","source_url":"https://www.openstreetmap.org/way/1525461707"}},{"type":"Feature","id":"osm_way_1525461709","geometry":{"type":"LineString","coordinates":[[71.4254518,51.1204438],[71.4253929,51.1202939],[71.4251933,51.1197853]]},"properties":{"osm_way_id":1525461709,"name":"Ақмешіт көшесі","name_ru":"улица Акмешит","name_kk":"Ақмешіт көшесі","highway":"secondary","importance_weight":2,"kind":"road","source":"OpenStreetMap contributors","sourceId":"osm-major-roads","source_url":"https://www.openstreetmap.org/way/1525461709"}},{"type":"Feature","id":"osm_way_1525461710","geometry":{"type":"LineString","coordinates":[[71.4255044,51.120578],[71.4254518,51.1204438]]},"properties":{"osm_way_id":1525461710,"name":"Ақмешіт көшесі","name_ru":"улица Акмешит","name_kk":"Ақмешіт көшесі","highway":"secondary","importance_weight":2,"kind":"road","source":"OpenStreetMap contributors","sourceId":"osm-major-roads","source_url":"https://www.openstreetmap.org/way/1525461710"}},{"type":"Feature","id":"osm_way_1525461717","geometry":{"type":"LineString","coordinates":[[71.4251933,51.1197853],[71.4251847,51.1197634],[71.4251455,51.1196633]]},"properties":{"osm_way_id":1525461717,"name":"Ақмешіт көшесі","name_ru":"улица Акмешит","name_kk":"Ақмешіт көшесі","highway":"secondary","importance_weight":2,"kind":"road","source":"OpenStreetMap contributors","sourceId":"osm-major-roads","source_url":"https://www.openstreetmap.org/way/1525461717"}},{"type":"Feature","id":"osm_way_1525461718","geometry":{"type":"LineString","coordinates":[[71.4251455,51.1196633],[71.42513,51.119624],[71.4249905,51.1192684]]},"properties":{"osm_way_id":1525461718,"name":"Ақмешіт көшесі","name_ru":"улица Акмешит","name_kk":"Ақмешіт көшесі","highway":"secondary","importance_weight":2,"kind":"road","source":"OpenStreetMap contributors","sourceId":"osm-major-roads","source_url":"https://www.openstreetmap.org/way/1525461718"}},{"type":"Feature","id":"osm_way_1525461719","geometry":{"type":"LineString","coordinates":[[71.4249905,51.1192684],[71.4249201,51.119089]]},"properties":{"osm_way_id":1525461719,"name":"Ақмешіт көшесі","name_ru":"улица Акмешит","name_kk":"Ақмешіт көшесі","highway":"secondary","importance_weight":2,"kind":"road","source":"OpenStreetMap contributors","sourceId":"osm-major-roads","source_url":"https://www.openstreetmap.org/way/1525461719"}},{"type":"Feature","id":"osm_way_1525461720","geometry":{"type":"LineString","coordinates":[[71.4249201,51.119089],[71.4247698,51.1187059]]},"properties":{"osm_way_id":1525461720,"name":"Ақмешіт көшесі","name_ru":"улица Акмешит","name_kk":"Ақмешіт көшесі","highway":"secondary","importance_weight":2,"kind":"road","source":"OpenStreetMap contributors","sourceId":"osm-major-roads","source_url":"https://www.openstreetmap.org/way/1525461720"}},{"type":"Feature","id":"osm_way_1525461730","geometry":{"type":"LineString","coordinates":[[71.4268265,51.1233945],[71.4270331,51.1233582]]},"properties":{"osm_way_id":1525461730,"name":"Сығанақ көшесі","name_ru":"улица Сыганак","name_kk":"Сығанақ көшесі","highway":"secondary","importance_weight":2,"kind":"road","source":"OpenStreetMap contributors","sourceId":"osm-major-roads","source_url":"https://www.openstreetmap.org/way/1525461730"}},{"type":"Feature","id":"osm_way_1525700751","geometry":{"type":"LineString","coordinates":[[71.4332162,51.1303181],[71.4329775,51.1303553],[71.4320016,51.1305034]]},"properties":{"osm_way_id":1525700751,"name":"Қонаев көшесі","name_ru":"улица Кунаева","name_kk":"Қонаев көшесі","highway":"secondary","importance_weight":2,"kind":"road","source":"OpenStreetMap contributors","sourceId":"osm-major-roads","source_url":"https://www.openstreetmap.org/way/1525700751"}},{"type":"Feature","id":"osm_way_1525700753","geometry":{"type":"LineString","coordinates":[[71.4386104,51.1294744],[71.4379549,51.1295763],[71.4373625,51.1296684]]},"properties":{"osm_way_id":1525700753,"name":"Қонаев көшесі","name_ru":"улица Кунаева","name_kk":"Қонаев көшесі","highway":"secondary","importance_weight":2,"kind":"road","source":"OpenStreetMap contributors","sourceId":"osm-major-roads","source_url":"https://www.openstreetmap.org/way/1525700753"}},{"type":"Feature","id":"osm_way_1525700755","geometry":{"type":"LineString","coordinates":[[71.4373625,51.1296684],[71.4365553,51.1297939]]},"properties":{"osm_way_id":1525700755,"name":"Қонаев көшесі","name_ru":"улица Кунаева","name_kk":"Қонаев көшесі","highway":"secondary","importance_weight":2,"kind":"road","source":"OpenStreetMap contributors","sourceId":"osm-major-roads","source_url":"https://www.openstreetmap.org/way/1525700755"}},{"type":"Feature","id":"osm_way_1525700757","geometry":{"type":"LineString","coordinates":[[71.4365553,51.1297939],[71.4361852,51.1298515],[71.4360808,51.1298677]]},"properties":{"osm_way_id":1525700757,"name":"Қонаев көшесі","name_ru":"улица Кунаева","name_kk":"Қонаев көшесі","highway":"secondary","importance_weight":2,"kind":"road","source":"OpenStreetMap contributors","sourceId":"osm-major-roads","source_url":"https://www.openstreetmap.org/way/1525700757"}},{"type":"Feature","id":"osm_way_1525700760","geometry":{"type":"LineString","coordinates":[[71.4360808,51.1298677],[71.4352485,51.1299971]]},"properties":{"osm_way_id":1525700760,"name":"Қонаев көшесі","name_ru":"улица Кунаева","name_kk":"Қонаев көшесі","highway":"secondary","importance_weight":2,"kind":"road","source":"OpenStreetMap contributors","sourceId":"osm-major-roads","source_url":"https://www.openstreetmap.org/way/1525700760"}},{"type":"Feature","id":"osm_way_1525700766","geometry":{"type":"LineString","coordinates":[[71.4352485,51.1299971],[71.4348365,51.1300611]]},"properties":{"osm_way_id":1525700766,"name":"Қонаев көшесі","name_ru":"улица Кунаева","name_kk":"Қонаев көшесі","highway":"secondary","importance_weight":2,"kind":"road","source":"OpenStreetMap contributors","sourceId":"osm-major-roads","source_url":"https://www.openstreetmap.org/way/1525700766"}},{"type":"Feature","id":"osm_way_1525700767","geometry":{"type":"LineString","coordinates":[[71.4348365,51.1300611],[71.4334661,51.1302798],[71.4332162,51.1303181]]},"properties":{"osm_way_id":1525700767,"name":"Қонаев көшесі","name_ru":"улица Кунаева","name_kk":"Қонаев көшесі","highway":"secondary","importance_weight":2,"kind":"road","source":"OpenStreetMap contributors","sourceId":"osm-major-roads","source_url":"https://www.openstreetmap.org/way/1525700767"}},{"type":"Feature","id":"osm_way_1525700782","geometry":{"type":"LineString","coordinates":[[71.4307735,51.1306882],[71.4298213,51.130834]]},"properties":{"osm_way_id":1525700782,"name":"Қонаев көшесі","name_ru":"улица Кунаева","name_kk":"Қонаев көшесі","highway":"secondary","importance_weight":2,"kind":"road","source":"OpenStreetMap contributors","sourceId":"osm-major-roads","source_url":"https://www.openstreetmap.org/way/1525700782"}},{"type":"Feature","id":"osm_way_1525700783","geometry":{"type":"LineString","coordinates":[[71.4320016,51.1305034],[71.4307735,51.1306882]]},"properties":{"osm_way_id":1525700783,"name":"Қонаев көшесі","name_ru":"улица Кунаева","name_kk":"Қонаев көшесі","highway":"secondary","importance_weight":2,"kind":"road","source":"OpenStreetMap contributors","sourceId":"osm-major-roads","source_url":"https://www.openstreetmap.org/way/1525700783"}},{"type":"Feature","id":"osm_way_1525700796","geometry":{"type":"LineString","coordinates":[[71.4286162,51.1310265],[71.427551,51.1311966]]},"properties":{"osm_way_id":1525700796,"name":"Қонаев көшесі","name_ru":"улица Кунаева","name_kk":"Қонаев көшесі","highway":"secondary","importance_weight":2,"kind":"road","source":"OpenStreetMap contributors","sourceId":"osm-major-roads","source_url":"https://www.openstreetmap.org/way/1525700796"}},{"type":"Feature","id":"osm_way_1525700797","geometry":{"type":"LineString","coordinates":[[71.427551,51.1311966],[71.4268353,51.1313109]]},"properties":{"osm_way_id":1525700797,"name":"Қонаев көшесі","name_ru":"улица Кунаева","name_kk":"Қонаев көшесі","highway":"secondary","importance_weight":2,"kind":"road","source":"OpenStreetMap contributors","sourceId":"osm-major-roads","source_url":"https://www.openstreetmap.org/way/1525700797"}},{"type":"Feature","id":"osm_way_1525700798","geometry":{"type":"LineString","coordinates":[[71.4249316,51.131613],[71.4224946,51.1319997],[71.4219356,51.1320884],[71.4215055,51.1321567]]},"properties":{"osm_way_id":1525700798,"name":"Қонаев көшесі","name_ru":"улица Кунаева","name_kk":"Қонаев көшесі","highway":"secondary","importance_weight":2,"kind":"road","source":"OpenStreetMap contributors","sourceId":"osm-major-roads","source_url":"https://www.openstreetmap.org/way/1525700798"}},{"type":"Feature","id":"osm_way_1525700811","geometry":{"type":"LineString","coordinates":[[71.4129404,51.133474],[71.41233,51.1335706],[71.4107934,51.1338136]]},"properties":{"osm_way_id":1525700811,"name":"Қонаев көшесі","name_ru":"улица Кунаева","name_kk":"Қонаев көшесі","highway":"secondary","importance_weight":2,"kind":"road","source":"OpenStreetMap contributors","sourceId":"osm-major-roads","source_url":"https://www.openstreetmap.org/way/1525700811"}},{"type":"Feature","id":"osm_way_1525864836","geometry":{"type":"LineString","coordinates":[[71.467041,51.1369042],[71.4668502,51.1368522],[71.4666245,51.1367884],[71.4662978,51.1366938],[71.4659062,51.1365836],[71.4655882,51.1364895],[71.4648682,51.1362764],[71.4630899,51.1357564],[71.4628485,51.1356823]]},"properties":{"osm_way_id":1525864836,"name":"Бауыржан Момышұлы даңғылы","name_ru":"проспект Бауыржана Момышулы","name_kk":"Бауыржан Момышұлы даңғылы","highway":"secondary","importance_weight":2,"kind":"road","source":"OpenStreetMap contributors","sourceId":"osm-major-roads","source_url":"https://www.openstreetmap.org/way/1525864836"}},{"type":"Feature","id":"osm_way_1525864837","geometry":{"type":"LineString","coordinates":[[71.4663654,51.1365986],[71.4666943,51.1366931],[71.466922,51.136754],[71.4671195,51.1368098]]},"properties":{"osm_way_id":1525864837,"name":"Бауыржан Момышұлы даңғылы","name_ru":"проспект Бауыржана Момышулы","name_kk":"Бауыржан Момышұлы даңғылы","highway":"secondary","importance_weight":2,"kind":"road","source":"OpenStreetMap contributors","sourceId":"osm-major-roads","source_url":"https://www.openstreetmap.org/way/1525864837"}},{"type":"Feature","id":"osm_way_1525864838","geometry":{"type":"LineString","coordinates":[[71.4665331,51.1369154],[71.4666245,51.1367884],[71.4666943,51.1366931],[71.4667965,51.1365514]]},"properties":{"osm_way_id":1525864838,"name":"Тәуелсіздік даңғылы","name_ru":"проспект Тауелсиздик","name_kk":"Тәуелсіздік даңғылы","highway":"secondary","importance_weight":2,"kind":"road","source":"OpenStreetMap contributors","sourceId":"osm-major-roads","source_url":"https://www.openstreetmap.org/way/1525864838"}},{"type":"Feature","id":"osm_way_1525864839","geometry":{"type":"LineString","coordinates":[[71.4657462,51.1380122],[71.4664988,51.1369632],[71.4665331,51.1369154]]},"properties":{"osm_way_id":1525864839,"name":"Тәуелсіздік даңғылы","name_ru":"проспект Тауелсиздик","name_kk":"Тәуелсіздік даңғылы","highway":"secondary","importance_weight":2,"kind":"road","source":"OpenStreetMap contributors","sourceId":"osm-major-roads","source_url":"https://www.openstreetmap.org/way/1525864839"}},{"type":"Feature","id":"osm_way_1525864840","geometry":{"type":"LineString","coordinates":[[71.4671195,51.1368098],[71.467923,51.1370375],[71.4686281,51.1372373],[71.4696565,51.1375287],[71.4709764,51.1379028],[71.4717702,51.1381277],[71.471934,51.1381741],[71.4722226,51.1382559],[71.4739151,51.1387355],[71.4748044,51.1389875],[71.4758034,51.1392706],[71.4768197,51.1395586],[71.4770222,51.1396185]]},"properties":{"osm_way_id":1525864840,"name":"Бауыржан Момышұлы даңғылы","name_ru":"проспект Бауыржана Момышулы","name_kk":"Бауыржан Момышұлы даңғылы","highway":"secondary","importance_weight":2,"kind":"road","source":"OpenStreetMap contributors","sourceId":"osm-major-roads","source_url":"https://www.openstreetmap.org/way/1525864840"}},{"type":"Feature","id":"osm_way_1525864841","geometry":{"type":"LineString","coordinates":[[71.4872495,51.1425853],[71.4857224,51.1421716],[71.4827803,51.14133],[71.4823248,51.1411883],[71.4821259,51.1411264],[71.481899,51.1410653],[71.4812911,51.1409015],[71.4779094,51.1399905],[71.4771975,51.1397964],[71.4769751,51.1397357],[71.4767383,51.1396692],[71.4760052,51.1394578],[71.4751309,51.1392057],[71.4733509,51.1386945],[71.4724596,51.1384373],[71.4718641,51.138263],[71.4717047,51.1382164],[71.469821,51.1376938]]},"properties":{"osm_way_id":1525864841,"name":"Бауыржан Момышұлы даңғылы","name_ru":"проспект Бауыржана Момышулы","name_kk":"Бауыржан Момышұлы даңғылы","highway":"secondary","importance_weight":2,"kind":"road","source":"OpenStreetMap contributors","sourceId":"osm-major-roads","source_url":"https://www.openstreetmap.org/way/1525864841"}},{"type":"Feature","id":"osm_way_1526317849","geometry":{"type":"LineString","coordinates":[[71.4274951,51.15133],[71.4279613,51.15163],[71.4281852,51.1517888],[71.4287869,51.1522867]]},"properties":{"osm_way_id":1526317849,"name":"Қараөткел көпірі","name_ru":"мост Караоткель","name_kk":"Қараөткел көпірі","highway":"secondary","importance_weight":2,"kind":"road","source":"OpenStreetMap contributors","sourceId":"osm-major-roads","source_url":"https://www.openstreetmap.org/way/1526317849"}},{"type":"Feature","id":"osm_way_1526317852","geometry":{"type":"LineString","coordinates":[[71.4233826,51.1483445],[71.4231904,51.1481378],[71.4231359,51.1480772]]},"properties":{"osm_way_id":1526317852,"name":"Қабанбай Батыр даңғылы","name_ru":"проспект Кабанбай Батыра","name_kk":"Қабанбай Батыр даңғылы","highway":"secondary","importance_weight":2,"kind":"road","source":"OpenStreetMap contributors","sourceId":"osm-major-roads","source_url":"https://www.openstreetmap.org/way/1526317852"}},{"type":"Feature","id":"osm_way_1526317853","geometry":{"type":"LineString","coordinates":[[71.4231359,51.1480772],[71.4225979,51.1471925],[71.4225408,51.147107]]},"properties":{"osm_way_id":1526317853,"name":"Қабанбай Батыр даңғылы","name_ru":"проспект Кабанбай Батыра","name_kk":"Қабанбай Батыр даңғылы","highway":"secondary","importance_weight":2,"kind":"road","source":"OpenStreetMap contributors","sourceId":"osm-major-roads","source_url":"https://www.openstreetmap.org/way/1526317853"}},{"type":"Feature","id":"osm_way_1526317856","geometry":{"type":"LineString","coordinates":[[71.4208163,51.1443468],[71.4206976,51.144275],[71.4203645,51.1437742],[71.4194478,51.1423482],[71.4193809,51.1421955],[71.4193659,51.142148]]},"properties":{"osm_way_id":1526317856,"name":"Қабанбай Батыр даңғылы","name_ru":"проспект Кабанбай Батыра","name_kk":"Қабанбай Батыр даңғылы","highway":"secondary","importance_weight":2,"kind":"road","source":"OpenStreetMap contributors","sourceId":"osm-major-roads","source_url":"https://www.openstreetmap.org/way/1526317856"}},{"type":"Feature","id":"osm_way_1526317857","geometry":{"type":"LineString","coordinates":[[71.4193659,51.142148],[71.4195541,51.1423169],[71.4202583,51.1434198],[71.4204052,51.14365],[71.4207827,51.1442413],[71.4208163,51.1443468]]},"properties":{"osm_way_id":1526317857,"name":"Қабанбай Батыр даңғылы","name_ru":"проспект Кабанбай Батыра","name_kk":"Қабанбай Батыр даңғылы","highway":"secondary","importance_weight":2,"kind":"road","source":"OpenStreetMap contributors","sourceId":"osm-major-roads","source_url":"https://www.openstreetmap.org/way/1526317857"}},{"type":"Feature","id":"osm_way_1526317859","geometry":{"type":"LineString","coordinates":[[71.4173734,51.139004],[71.41732,51.1389253]]},"properties":{"osm_way_id":1526317859,"name":"Қабанбай Батыр даңғылы","name_ru":"проспект Кабанбай Батыра","name_kk":"Қабанбай Батыр даңғылы","highway":"secondary","importance_weight":2,"kind":"road","source":"OpenStreetMap contributors","sourceId":"osm-major-roads","source_url":"https://www.openstreetmap.org/way/1526317859"}},{"type":"Feature","id":"osm_way_1526317861","geometry":{"type":"LineString","coordinates":[[71.418117,51.1401567],[71.4174902,51.1391949]]},"properties":{"osm_way_id":1526317861,"name":"Қабанбай Батыр даңғылы","name_ru":"проспект Кабанбай Батыра","name_kk":"Қабанбай Батыр даңғылы","highway":"secondary","importance_weight":2,"kind":"road","source":"OpenStreetMap contributors","sourceId":"osm-major-roads","source_url":"https://www.openstreetmap.org/way/1526317861"}},{"type":"Feature","id":"osm_way_1526317862","geometry":{"type":"LineString","coordinates":[[71.4174902,51.1391949],[71.4173734,51.139004]]},"properties":{"osm_way_id":1526317862,"name":"Қабанбай Батыр даңғылы","name_ru":"проспект Кабанбай Батыра","name_kk":"Қабанбай Батыр даңғылы","highway":"secondary","importance_weight":2,"kind":"road","source":"OpenStreetMap contributors","sourceId":"osm-major-roads","source_url":"https://www.openstreetmap.org/way/1526317862"}},{"type":"Feature","id":"osm_way_1526317866","geometry":{"type":"LineString","coordinates":[[71.41732,51.1389253],[71.4171594,51.1386654],[71.4167743,51.1380423],[71.4165272,51.1376763]]},"properties":{"osm_way_id":1526317866,"name":"Қабанбай Батыр даңғылы","name_ru":"проспект Кабанбай Батыра","name_kk":"Қабанбай Батыр даңғылы","highway":"secondary","importance_weight":2,"kind":"road","source":"OpenStreetMap contributors","sourceId":"osm-major-roads","source_url":"https://www.openstreetmap.org/way/1526317866"}},{"type":"Feature","id":"osm_way_1526317869","geometry":{"type":"LineString","coordinates":[[71.4165272,51.1376763],[71.4159084,51.136711],[71.4158813,51.1366687],[71.4157898,51.136531]]},"properties":{"osm_way_id":1526317869,"name":"Қабанбай Батыр даңғылы","name_ru":"проспект Кабанбай Батыра","name_kk":"Қабанбай Батыр даңғылы","highway":"secondary","importance_weight":2,"kind":"road","source":"OpenStreetMap contributors","sourceId":"osm-major-roads","source_url":"https://www.openstreetmap.org/way/1526317869"}},{"type":"Feature","id":"osm_way_1526317879","geometry":{"type":"LineString","coordinates":[[71.4151951,51.1354376],[71.415027,51.1350733],[71.4148272,51.1345802],[71.4146928,51.1342681],[71.4144585,51.1334105],[71.4144146,51.1332385]]},"properties":{"osm_way_id":1526317879,"name":"Қабанбай Батыр даңғылы","name_ru":"проспект Кабанбай Батыра","name_kk":"Қабанбай Батыр даңғылы","highway":"secondary","importance_weight":2,"kind":"road","source":"OpenStreetMap contributors","sourceId":"osm-major-roads","source_url":"https://www.openstreetmap.org/way/1526317879"}},{"type":"Feature","id":"osm_way_1526317881","geometry":{"type":"LineString","coordinates":[[71.4143321,51.1326742],[71.4142953,51.132509]]},"properties":{"osm_way_id":1526317881,"name":"Қабанбай Батыр даңғылы","name_ru":"проспект Кабанбай Батыра","name_kk":"Қабанбай Батыр даңғылы","highway":"secondary","importance_weight":2,"kind":"road","source":"OpenStreetMap contributors","sourceId":"osm-major-roads","source_url":"https://www.openstreetmap.org/way/1526317881"}},{"type":"Feature","id":"osm_way_1526317882","geometry":{"type":"LineString","coordinates":[[71.4132886,51.1267292],[71.4131459,51.1260935],[71.4131388,51.1260621]]},"properties":{"osm_way_id":1526317882,"name":"Қабанбай Батыр даңғылы","name_ru":"проспект Кабанбай Батыра","name_kk":"Қабанбай Батыр даңғылы","highway":"secondary","importance_weight":2,"kind":"road","source":"OpenStreetMap contributors","sourceId":"osm-major-roads","source_url":"https://www.openstreetmap.org/way/1526317882"}},{"type":"Feature","id":"osm_way_1526317883","geometry":{"type":"LineString","coordinates":[[71.4124903,51.1223295],[71.4125671,51.122717],[71.4129232,51.1247471],[71.4129952,51.1251278],[71.413008,51.1251952],[71.4129913,51.125347]]},"properties":{"osm_way_id":1526317883,"name":"Қабанбай Батыр даңғылы","name_ru":"проспект Кабанбай Батыра","name_kk":"Қабанбай Батыр даңғылы","highway":"secondary","importance_weight":2,"kind":"road","source":"OpenStreetMap contributors","sourceId":"osm-major-roads","source_url":"https://www.openstreetmap.org/way/1526317883"}},{"type":"Feature","id":"osm_way_1526317898","geometry":{"type":"LineString","coordinates":[[71.4122061,51.1206743],[71.4120995,51.1200535]]},"properties":{"osm_way_id":1526317898,"name":"Қабанбай Батыр даңғылы","name_ru":"проспект Кабанбай Батыра","name_kk":"Қабанбай Батыр даңғылы","highway":"secondary","importance_weight":2,"kind":"road","source":"OpenStreetMap contributors","sourceId":"osm-major-roads","source_url":"https://www.openstreetmap.org/way/1526317898"}},{"type":"Feature","id":"osm_way_1526317907","geometry":{"type":"LineString","coordinates":[[71.4115784,51.1170303],[71.4114539,51.1162981],[71.4114205,51.1161647]]},"properties":{"osm_way_id":1526317907,"name":"Қабанбай Батыр даңғылы","name_ru":"проспект Кабанбай Батыра","name_kk":"Қабанбай Батыр даңғылы","highway":"secondary","importance_weight":2,"kind":"road","source":"OpenStreetMap contributors","sourceId":"osm-major-roads","source_url":"https://www.openstreetmap.org/way/1526317907"}},{"type":"Feature","id":"osm_way_1526317909","geometry":{"type":"LineString","coordinates":[[71.4116527,51.1174669],[71.4115784,51.1170303]]},"properties":{"osm_way_id":1526317909,"name":"Қабанбай Батыр даңғылы","name_ru":"проспект Кабанбай Батыра","name_kk":"Қабанбай Батыр даңғылы","highway":"secondary","importance_weight":2,"kind":"road","source":"OpenStreetMap contributors","sourceId":"osm-major-roads","source_url":"https://www.openstreetmap.org/way/1526317909"}},{"type":"Feature","id":"osm_way_1526317910","geometry":{"type":"LineString","coordinates":[[71.4113955,51.1160288],[71.4112845,51.1154275],[71.4112273,51.1151175]]},"properties":{"osm_way_id":1526317910,"name":"Қабанбай Батыр даңғылы","name_ru":"проспект Кабанбай Батыра","name_kk":"Қабанбай Батыр даңғылы","highway":"secondary","importance_weight":2,"kind":"road","source":"OpenStreetMap contributors","sourceId":"osm-major-roads","source_url":"https://www.openstreetmap.org/way/1526317910"}},{"type":"Feature","id":"osm_way_1526317947","geometry":{"type":"LineString","coordinates":[[71.4068724,51.101292],[71.4072824,51.102317],[71.4073606,51.102508],[71.4074023,51.1026956]]},"properties":{"osm_way_id":1526317947,"name":"Қабанбай Батыр даңғылы","name_ru":"проспект Кабанбай Батыра","name_kk":"Қабанбай Батыр даңғылы","highway":"secondary","importance_weight":2,"kind":"road","source":"OpenStreetMap contributors","sourceId":"osm-major-roads","source_url":"https://www.openstreetmap.org/way/1526317947"}},{"type":"Feature","id":"osm_way_1526317948","geometry":{"type":"LineString","coordinates":[[71.4068724,51.101292],[71.4065802,51.1004601],[71.4063846,51.0999028]]},"properties":{"osm_way_id":1526317948,"name":"Қабанбай Батыр даңғылы","name_ru":"проспект Кабанбай Батыра","name_kk":"Қабанбай Батыр даңғылы","highway":"secondary","importance_weight":2,"kind":"road","source":"OpenStreetMap contributors","sourceId":"osm-major-roads","source_url":"https://www.openstreetmap.org/way/1526317948"}},{"type":"Feature","id":"osm_way_1526317949","geometry":{"type":"LineString","coordinates":[[71.4100795,51.1102108],[71.4101526,51.1104008],[71.4105811,51.1115144],[71.4106081,51.1116915]]},"properties":{"osm_way_id":1526317949,"name":"Қабанбай Батыр даңғылы","name_ru":"проспект Кабанбай Батыра","name_kk":"Қабанбай Батыр даңғылы","highway":"secondary","importance_weight":2,"kind":"road","source":"OpenStreetMap contributors","sourceId":"osm-major-roads","source_url":"https://www.openstreetmap.org/way/1526317949"}},{"type":"Feature","id":"osm_way_1526317950","geometry":{"type":"LineString","coordinates":[[71.4104705,51.1115275],[71.4103229,51.1110973],[71.410157,51.1105339],[71.4100795,51.1102108]]},"properties":{"osm_way_id":1526317950,"name":"Қабанбай Батыр даңғылы","name_ru":"проспект Кабанбай Батыра","name_kk":"Қабанбай Батыр даңғылы","highway":"secondary","importance_weight":2,"kind":"road","source":"OpenStreetMap contributors","sourceId":"osm-major-roads","source_url":"https://www.openstreetmap.org/way/1526317950"}},{"type":"Feature","id":"osm_way_1526317981","geometry":{"type":"LineString","coordinates":[[71.4075561,51.1031886],[71.4074023,51.1026956]]},"properties":{"osm_way_id":1526317981,"name":"Қабанбай Батыр даңғылы","name_ru":"проспект Кабанбай Батыра","name_kk":"Қабанбай Батыр даңғылы","highway":"secondary","importance_weight":2,"kind":"road","source":"OpenStreetMap contributors","sourceId":"osm-major-roads","source_url":"https://www.openstreetmap.org/way/1526317981"}},{"type":"Feature","id":"osm_way_1526318007","geometry":{"type":"LineString","coordinates":[[71.4089929,51.1072146],[71.4088564,51.106832],[71.4085894,51.1060839]]},"properties":{"osm_way_id":1526318007,"name":"Қабанбай Батыр даңғылы","name_ru":"проспект Кабанбай Батыра","name_kk":"Қабанбай Батыр даңғылы","highway":"secondary","importance_weight":2,"kind":"road","source":"OpenStreetMap contributors","sourceId":"osm-major-roads","source_url":"https://www.openstreetmap.org/way/1526318007"}},{"type":"Feature","id":"osm_way_1526318008","geometry":{"type":"LineString","coordinates":[[71.4085894,51.1060839],[71.408538,51.1059399]]},"properties":{"osm_way_id":1526318008,"name":"Қабанбай Батыр даңғылы","name_ru":"проспект Кабанбай Батыра","name_kk":"Қабанбай Батыр даңғылы","highway":"secondary","importance_weight":2,"kind":"road","source":"OpenStreetMap contributors","sourceId":"osm-major-roads","source_url":"https://www.openstreetmap.org/way/1526318008"}},{"type":"Feature","id":"osm_way_1526318009","geometry":{"type":"LineString","coordinates":[[71.408538,51.1059399],[71.4084051,51.1055675],[71.4083,51.1052732]]},"properties":{"osm_way_id":1526318009,"name":"Қабанбай Батыр даңғылы","name_ru":"проспект Кабанбай Батыра","name_kk":"Қабанбай Батыр даңғылы","highway":"secondary","importance_weight":2,"kind":"road","source":"OpenStreetMap contributors","sourceId":"osm-major-roads","source_url":"https://www.openstreetmap.org/way/1526318009"}},{"type":"Feature","id":"osm_way_1526318012","geometry":{"type":"LineString","coordinates":[[71.4083,51.1052732],[71.4079003,51.1041461],[71.4075561,51.1031886]]},"properties":{"osm_way_id":1526318012,"name":"Қабанбай Батыр даңғылы","name_ru":"проспект Кабанбай Батыра","name_kk":"Қабанбай Батыр даңғылы","highway":"secondary","importance_weight":2,"kind":"road","source":"OpenStreetMap contributors","sourceId":"osm-major-roads","source_url":"https://www.openstreetmap.org/way/1526318012"}},{"type":"Feature","id":"osm_way_1526318015","geometry":{"type":"LineString","coordinates":[[71.4074023,51.1026956],[71.4072932,51.1025155],[71.4072038,51.1023187],[71.4069836,51.1017157],[71.4069228,51.101535],[71.4068724,51.101292]]},"properties":{"osm_way_id":1526318015,"name":"Қабанбай Батыр даңғылы","name_ru":"проспект Кабанбай Батыра","name_kk":"Қабанбай Батыр даңғылы","highway":"secondary","importance_weight":2,"kind":"road","source":"OpenStreetMap contributors","sourceId":"osm-major-roads","source_url":"https://www.openstreetmap.org/way/1526318015"}},{"type":"Feature","id":"osm_way_1526318019","geometry":{"type":"LineString","coordinates":[[71.4061492,51.0992326],[71.4059757,51.0987384],[71.4059628,51.0987017]]},"properties":{"osm_way_id":1526318019,"name":"Қабанбай Батыр даңғылы","name_ru":"проспект Кабанбай Батыра","name_kk":"Қабанбай Батыр даңғылы","highway":"secondary","importance_weight":2,"kind":"road","source":"OpenStreetMap contributors","sourceId":"osm-major-roads","source_url":"https://www.openstreetmap.org/way/1526318019"}},{"type":"Feature","id":"osm_way_1526318025","geometry":{"type":"LineString","coordinates":[[71.4063846,51.0999028],[71.4061492,51.0992326]]},"properties":{"osm_way_id":1526318025,"name":"Қабанбай Батыр даңғылы","name_ru":"проспект Кабанбай Батыра","name_kk":"Қабанбай Батыр даңғылы","highway":"secondary","importance_weight":2,"kind":"road","source":"OpenStreetMap contributors","sourceId":"osm-major-roads","source_url":"https://www.openstreetmap.org/way/1526318025"}},{"type":"Feature","id":"osm_way_1526318033","geometry":{"type":"LineString","coordinates":[[71.4058276,51.0983322],[71.405806,51.0982733],[71.4055393,51.0975448]]},"properties":{"osm_way_id":1526318033,"name":"Қабанбай Батыр даңғылы","name_ru":"проспект Кабанбай Батыра","name_kk":"Қабанбай Батыр даңғылы","highway":"secondary","importance_weight":2,"kind":"road","source":"OpenStreetMap contributors","sourceId":"osm-major-roads","source_url":"https://www.openstreetmap.org/way/1526318033"}},{"type":"Feature","id":"osm_way_1526318046","geometry":{"type":"LineString","coordinates":[[71.4055393,51.0975448],[71.4044537,51.0945504]]},"properties":{"osm_way_id":1526318046,"name":"Қабанбай Батыр даңғылы","name_ru":"проспект Кабанбай Батыра","name_kk":"Қабанбай Батыр даңғылы","highway":"secondary","importance_weight":2,"kind":"road","source":"OpenStreetMap contributors","sourceId":"osm-major-roads","source_url":"https://www.openstreetmap.org/way/1526318046"}},{"type":"Feature","id":"osm_way_1526318047","geometry":{"type":"LineString","coordinates":[[71.4044537,51.0945504],[71.4041415,51.0936435],[71.4041164,51.0935705]]},"properties":{"osm_way_id":1526318047,"name":"Қабанбай Батыр даңғылы","name_ru":"проспект Кабанбай Батыра","name_kk":"Қабанбай Батыр даңғылы","highway":"secondary","importance_weight":2,"kind":"road","source":"OpenStreetMap contributors","sourceId":"osm-major-roads","source_url":"https://www.openstreetmap.org/way/1526318047"}},{"type":"Feature","id":"osm_way_1526318054","geometry":{"type":"LineString","coordinates":[[71.4031194,51.0908123],[71.4030514,51.0906218]]},"properties":{"osm_way_id":1526318054,"name":"Қабанбай Батыр даңғылы","name_ru":"проспект Кабанбай Батыра","name_kk":"Қабанбай Батыр даңғылы","highway":"secondary","importance_weight":2,"kind":"road","source":"OpenStreetMap contributors","sourceId":"osm-major-roads","source_url":"https://www.openstreetmap.org/way/1526318054"}},{"type":"Feature","id":"osm_way_1526318055","geometry":{"type":"LineString","coordinates":[[71.4030514,51.0906218],[71.4027333,51.0897307]]},"properties":{"osm_way_id":1526318055,"name":"Қабанбай Батыр даңғылы","name_ru":"проспект Кабанбай Батыра","name_kk":"Қабанбай Батыр даңғылы","highway":"secondary","importance_weight":2,"kind":"road","source":"OpenStreetMap contributors","sourceId":"osm-major-roads","source_url":"https://www.openstreetmap.org/way/1526318055"}},{"type":"Feature","id":"osm_way_1526318063","geometry":{"type":"LineString","coordinates":[[71.4026349,51.0894551],[71.4023946,51.0887913]]},"properties":{"osm_way_id":1526318063,"name":"Қабанбай Батыр даңғылы","name_ru":"проспект Кабанбай Батыра","name_kk":"Қабанбай Батыр даңғылы","highway":"secondary","importance_weight":2,"kind":"road","source":"OpenStreetMap contributors","sourceId":"osm-major-roads","source_url":"https://www.openstreetmap.org/way/1526318063"}},{"type":"Feature","id":"osm_way_1526318064","geometry":{"type":"LineString","coordinates":[[71.4023946,51.0887913],[71.4023441,51.0886517]]},"properties":{"osm_way_id":1526318064,"name":"Қабанбай Батыр даңғылы","name_ru":"проспект Кабанбай Батыра","name_kk":"Қабанбай Батыр даңғылы","highway":"secondary","importance_weight":2,"kind":"road","source":"OpenStreetMap contributors","sourceId":"osm-major-roads","source_url":"https://www.openstreetmap.org/way/1526318064"}},{"type":"Feature","id":"osm_way_1526318065","geometry":{"type":"LineString","coordinates":[[71.4023441,51.0886517],[71.4021229,51.0880411]]},"properties":{"osm_way_id":1526318065,"name":"Қабанбай Батыр даңғылы","name_ru":"проспект Кабанбай Батыра","name_kk":"Қабанбай Батыр даңғылы","highway":"secondary","importance_weight":2,"kind":"road","source":"OpenStreetMap contributors","sourceId":"osm-major-roads","source_url":"https://www.openstreetmap.org/way/1526318065"}},{"type":"Feature","id":"osm_way_1526318069","geometry":{"type":"LineString","coordinates":[[71.4021229,51.0880411],[71.4020499,51.0878161]]},"properties":{"osm_way_id":1526318069,"name":"Қабанбай Батыр даңғылы","name_ru":"проспект Кабанбай Батыра","name_kk":"Қабанбай Батыр даңғылы","highway":"secondary","importance_weight":2,"kind":"road","source":"OpenStreetMap contributors","sourceId":"osm-major-roads","source_url":"https://www.openstreetmap.org/way/1526318069"}},{"type":"Feature","id":"osm_way_1526318070","geometry":{"type":"LineString","coordinates":[[71.4020499,51.0878161],[71.4016371,51.0865453]]},"properties":{"osm_way_id":1526318070,"name":"Қабанбай Батыр даңғылы","name_ru":"проспект Кабанбай Батыра","name_kk":"Қабанбай Батыр даңғылы","highway":"secondary","importance_weight":2,"kind":"road","source":"OpenStreetMap contributors","sourceId":"osm-major-roads","source_url":"https://www.openstreetmap.org/way/1526318070"}},{"type":"Feature","id":"osm_way_1526318089","geometry":{"type":"LineString","coordinates":[[71.3989282,51.0790154],[71.3975588,51.0751967],[71.3973069,51.0744915]]},"properties":{"osm_way_id":1526318089,"name":"Қабанбай Батыр даңғылы","name_ru":"проспект Кабанбай Батыра","name_kk":"Қабанбай Батыр даңғылы","highway":"secondary","importance_weight":2,"kind":"road","source":"OpenStreetMap contributors","sourceId":"osm-major-roads","source_url":"https://www.openstreetmap.org/way/1526318089"}},{"type":"Feature","id":"osm_way_1526318090","geometry":{"type":"LineString","coordinates":[[71.3973069,51.0744915],[71.3971062,51.0739315],[71.3962091,51.0714457]]},"properties":{"osm_way_id":1526318090,"name":"Қабанбай Батыр даңғылы","name_ru":"проспект Кабанбай Батыра","name_kk":"Қабанбай Батыр даңғылы","highway":"secondary","importance_weight":2,"kind":"road","source":"OpenStreetMap contributors","sourceId":"osm-major-roads","source_url":"https://www.openstreetmap.org/way/1526318090"}},{"type":"Feature","id":"osm_way_1526318091","geometry":{"type":"LineString","coordinates":[[71.4027333,51.0897307],[71.4026857,51.0895972],[71.4026631,51.0895338],[71.4026423,51.0894759],[71.4026349,51.0894551]]},"properties":{"osm_way_id":1526318091,"name":"Қабанбай Батыр даңғылы","name_ru":"проспект Кабанбай Батыра","name_kk":"Қабанбай Батыр даңғылы","highway":"secondary","importance_weight":2,"kind":"road","source":"OpenStreetMap contributors","sourceId":"osm-major-roads","source_url":"https://www.openstreetmap.org/way/1526318091"}},{"type":"Feature","id":"osm_way_1526375241","geometry":{"type":"LineString","coordinates":[[71.4816866,51.1257247],[71.4834057,51.1254504]]},"properties":{"osm_way_id":1526375241,"name":"Рақымжан Қошқарбаев даңғылы","name_ru":"проспект Рахимжана Кошкарбаева","name_kk":"Рақымжан Қошқарбаев даңғылы","highway":"secondary","importance_weight":2,"kind":"road","source":"OpenStreetMap contributors","sourceId":"osm-major-roads","source_url":"https://www.openstreetmap.org/way/1526375241"}},{"type":"Feature","id":"osm_way_1526375244","geometry":{"type":"LineString","coordinates":[[71.479125,51.1261221],[71.4805776,51.1258987],[71.4813117,51.1257922],[71.4816866,51.1257247]]},"properties":{"osm_way_id":1526375244,"name":"Рақымжан Қошқарбаев даңғылы","name_ru":"проспект Рахимжана Кошкарбаева","name_kk":"Рақымжан Қошқарбаев даңғылы","highway":"secondary","importance_weight":2,"kind":"road","source":"OpenStreetMap contributors","sourceId":"osm-major-roads","source_url":"https://www.openstreetmap.org/way/1526375244"}},{"type":"Feature","id":"osm_way_1526375248","geometry":{"type":"LineString","coordinates":[[71.4773533,51.1265578],[71.4766486,51.1266681],[71.4764009,51.1267069],[71.4761707,51.1267429]]},"properties":{"osm_way_id":1526375248,"name":"Рақымжан Қошқарбаев даңғылы","name_ru":"проспект Рахимжана Кошкарбаева","name_kk":"Рақымжан Қошқарбаев даңғылы","highway":"secondary","importance_weight":2,"kind":"road","source":"OpenStreetMap contributors","sourceId":"osm-major-roads","source_url":"https://www.openstreetmap.org/way/1526375248"}},{"type":"Feature","id":"osm_way_1526375249","geometry":{"type":"LineString","coordinates":[[71.4761707,51.1267429],[71.4755872,51.1268343],[71.474675,51.126977],[71.4718508,51.1274188],[71.4708625,51.1275757]]},"properties":{"osm_way_id":1526375249,"name":"Рақымжан Қошқарбаев даңғылы","name_ru":"проспект Рахимжана Кошкарбаева","name_kk":"Рақымжан Қошқарбаев даңғылы","highway":"secondary","importance_weight":2,"kind":"road","source":"OpenStreetMap contributors","sourceId":"osm-major-roads","source_url":"https://www.openstreetmap.org/way/1526375249"}},{"type":"Feature","id":"osm_way_1526900339","geometry":{"type":"LineString","coordinates":[[71.3719994,51.1310656],[71.3764682,51.130498],[71.3771222,51.1304144],[71.377621,51.1303566],[71.3777008,51.1303477],[71.3782055,51.1302813],[71.3785821,51.1302284],[71.3797638,51.1300767],[71.3800427,51.130041],[71.380997,51.129919],[71.3817342,51.1298248]]},"properties":{"osm_way_id":1526900339,"name":"Сығанақ көшесі","name_ru":"улица Сыганак","name_kk":"Сығанақ көшесі","highway":"secondary","importance_weight":2,"kind":"road","source":"OpenStreetMap contributors","sourceId":"osm-major-roads","source_url":"https://www.openstreetmap.org/way/1526900339"}},{"type":"Feature","id":"osm_way_1527833773","geometry":{"type":"LineString","coordinates":[[71.4333752,51.1132281],[71.4334816,51.1135281],[71.4336479,51.1139968]]},"properties":{"osm_way_id":1527833773,"name":"Мәңгілік Ел даңғылы","name_ru":"проспект Мангилик Ел","name_kk":"Мәңгілік Ел даңғылы","highway":"secondary","importance_weight":2,"kind":"road","source":"OpenStreetMap contributors","sourceId":"osm-major-roads","source_url":"https://www.openstreetmap.org/way/1527833773"}},{"type":"Feature","id":"osm_way_1527868439","geometry":{"type":"LineString","coordinates":[[71.4343768,51.1331063],[71.4341204,51.1324898]]},"properties":{"osm_way_id":1527868439,"name":"Түркістан көшесі","name_ru":"улица Туркестан","name_kk":"Түркістан көшесі","highway":"secondary","importance_weight":2,"kind":"road","source":"OpenStreetMap contributors","sourceId":"osm-major-roads","source_url":"https://www.openstreetmap.org/way/1527868439"}},{"type":"Feature","id":"osm_way_1527868441","geometry":{"type":"LineString","coordinates":[[71.4344378,51.1332524],[71.4343768,51.1331063]]},"properties":{"osm_way_id":1527868441,"name":"Түркістан көшесі","name_ru":"улица Туркестан","name_kk":"Түркістан көшесі","highway":"secondary","importance_weight":2,"kind":"road","source":"OpenStreetMap contributors","sourceId":"osm-major-roads","source_url":"https://www.openstreetmap.org/way/1527868441"}},{"type":"Feature","id":"osm_way_1527868444","geometry":{"type":"LineString","coordinates":[[71.4340224,51.1322544],[71.4340026,51.1322069]]},"properties":{"osm_way_id":1527868444,"name":"Түркістан көшесі","name_ru":"улица Туркестан","name_kk":"Түркістан көшесі","highway":"secondary","importance_weight":2,"kind":"road","source":"OpenStreetMap contributors","sourceId":"osm-major-roads","source_url":"https://www.openstreetmap.org/way/1527868444"}},{"type":"Feature","id":"osm_way_1527868447","geometry":{"type":"LineString","coordinates":[[71.4336474,51.1313538],[71.4336015,51.1312436]]},"properties":{"osm_way_id":1527868447,"name":"Түркістан көшесі","name_ru":"улица Туркестан","name_kk":"Түркістан көшесі","highway":"secondary","importance_weight":2,"kind":"road","source":"OpenStreetMap contributors","sourceId":"osm-major-roads","source_url":"https://www.openstreetmap.org/way/1527868447"}},{"type":"Feature","id":"osm_way_1527868448","geometry":{"type":"LineString","coordinates":[[71.4334993,51.1309979],[71.4332807,51.130473],[71.4332162,51.1303181]]},"properties":{"osm_way_id":1527868448,"name":"Түркістан көшесі","name_ru":"улица Туркестан","name_kk":"Түркістан көшесі","highway":"secondary","importance_weight":2,"kind":"road","source":"OpenStreetMap contributors","sourceId":"osm-major-roads","source_url":"https://www.openstreetmap.org/way/1527868448"}},{"type":"Feature","id":"osm_way_1527868449","geometry":{"type":"LineString","coordinates":[[71.4340026,51.1322069],[71.4338966,51.1319523]]},"properties":{"osm_way_id":1527868449,"name":"Түркістан көшесі","name_ru":"улица Туркестан","name_kk":"Түркістан көшесі","highway":"secondary","importance_weight":2,"kind":"road","source":"OpenStreetMap contributors","sourceId":"osm-major-roads","source_url":"https://www.openstreetmap.org/way/1527868449"}},{"type":"Feature","id":"osm_way_1527868450","geometry":{"type":"LineString","coordinates":[[71.4338966,51.1319523],[71.4337961,51.131711],[71.4336474,51.1313538]]},"properties":{"osm_way_id":1527868450,"name":"Түркістан көшесі","name_ru":"улица Туркестан","name_kk":"Түркістан көшесі","highway":"secondary","importance_weight":2,"kind":"road","source":"OpenStreetMap contributors","sourceId":"osm-major-roads","source_url":"https://www.openstreetmap.org/way/1527868450"}},{"type":"Feature","id":"osm_way_1527868463","geometry":{"type":"LineString","coordinates":[[71.4336015,51.1312436],[71.4334993,51.1309979]]},"properties":{"osm_way_id":1527868463,"name":"Түркістан көшесі","name_ru":"улица Туркестан","name_kk":"Түркістан көшесі","highway":"secondary","importance_weight":2,"kind":"road","source":"OpenStreetMap contributors","sourceId":"osm-major-roads","source_url":"https://www.openstreetmap.org/way/1527868463"}},{"type":"Feature","id":"osm_way_1527868465","geometry":{"type":"LineString","coordinates":[[71.4332162,51.1303181],[71.4331531,51.1301522],[71.4330432,51.1298679],[71.4327922,51.1292152]]},"properties":{"osm_way_id":1527868465,"name":"Түркістан көшесі","name_ru":"улица Туркестан","name_kk":"Түркістан көшесі","highway":"secondary","importance_weight":2,"kind":"road","source":"OpenStreetMap contributors","sourceId":"osm-major-roads","source_url":"https://www.openstreetmap.org/way/1527868465"}},{"type":"Feature","id":"osm_way_1527868466","geometry":{"type":"LineString","coordinates":[[71.4327922,51.1292152],[71.4325228,51.1285504],[71.4322999,51.1280003],[71.4320742,51.1274432]]},"properties":{"osm_way_id":1527868466,"name":"Түркістан көшесі","name_ru":"улица Туркестан","name_kk":"Түркістан көшесі","highway":"secondary","importance_weight":2,"kind":"road","source":"OpenStreetMap contributors","sourceId":"osm-major-roads","source_url":"https://www.openstreetmap.org/way/1527868466"}},{"type":"Feature","id":"osm_way_1527868467","geometry":{"type":"LineString","coordinates":[[71.4317544,51.126643],[71.431583,51.126187],[71.4315584,51.1261216]]},"properties":{"osm_way_id":1527868467,"name":"Түркістан көшесі","name_ru":"улица Туркестан","name_kk":"Түркістан көшесі","highway":"secondary","importance_weight":2,"kind":"road","source":"OpenStreetMap contributors","sourceId":"osm-major-roads","source_url":"https://www.openstreetmap.org/way/1527868467"}},{"type":"Feature","id":"osm_way_1527868469","geometry":{"type":"LineString","coordinates":[[71.4315584,51.1261216],[71.4314526,51.1258505],[71.4314036,51.1257251]]},"properties":{"osm_way_id":1527868469,"name":"Түркістан көшесі","name_ru":"улица Туркестан","name_kk":"Түркістан көшесі","highway":"secondary","importance_weight":2,"kind":"road","source":"OpenStreetMap contributors","sourceId":"osm-major-roads","source_url":"https://www.openstreetmap.org/way/1527868469"}},{"type":"Feature","id":"osm_way_1527868470","geometry":{"type":"LineString","coordinates":[[71.4319473,51.1271301],[71.4318923,51.1269942],[71.4317544,51.126643]]},"properties":{"osm_way_id":1527868470,"name":"Түркістан көшесі","name_ru":"улица Туркестан","name_kk":"Түркістан көшесі","highway":"secondary","importance_weight":2,"kind":"road","source":"OpenStreetMap contributors","sourceId":"osm-major-roads","source_url":"https://www.openstreetmap.org/way/1527868470"}},{"type":"Feature","id":"osm_way_1527868471","geometry":{"type":"LineString","coordinates":[[71.4320742,51.1274432],[71.4319983,51.1272557],[71.4319473,51.1271301]]},"properties":{"osm_way_id":1527868471,"name":"Түркістан көшесі","name_ru":"улица Туркестан","name_kk":"Түркістан көшесі","highway":"secondary","importance_weight":2,"kind":"road","source":"OpenStreetMap contributors","sourceId":"osm-major-roads","source_url":"https://www.openstreetmap.org/way/1527868471"}},{"type":"Feature","id":"osm_way_1527868483","geometry":{"type":"LineString","coordinates":[[71.4307437,51.1240313],[71.430667,51.1238344]]},"properties":{"osm_way_id":1527868483,"name":"Түркістан көшесі","name_ru":"улица Туркестан","name_kk":"Түркістан көшесі","highway":"secondary","importance_weight":2,"kind":"road","source":"OpenStreetMap contributors","sourceId":"osm-major-roads","source_url":"https://www.openstreetmap.org/way/1527868483"}},{"type":"Feature","id":"osm_way_1527868485","geometry":{"type":"LineString","coordinates":[[71.4311827,51.1251581],[71.4311401,51.1250488]]},"properties":{"osm_way_id":1527868485,"name":"Түркістан көшесі","name_ru":"улица Туркестан","name_kk":"Түркістан көшесі","highway":"secondary","importance_weight":2,"kind":"road","source":"OpenStreetMap contributors","sourceId":"osm-major-roads","source_url":"https://www.openstreetmap.org/way/1527868485"}},{"type":"Feature","id":"osm_way_1527868486","geometry":{"type":"LineString","coordinates":[[71.4311146,51.1249832],[71.4308161,51.124216]]},"properties":{"osm_way_id":1527868486,"name":"Түркістан көшесі","name_ru":"улица Туркестан","name_kk":"Түркістан көшесі","highway":"secondary","importance_weight":2,"kind":"road","source":"OpenStreetMap contributors","sourceId":"osm-major-roads","source_url":"https://www.openstreetmap.org/way/1527868486"}},{"type":"Feature","id":"osm_way_1527868487","geometry":{"type":"LineString","coordinates":[[71.4311401,51.1250488],[71.4311146,51.1249832]]},"properties":{"osm_way_id":1527868487,"name":"Түркістан көшесі","name_ru":"улица Туркестан","name_kk":"Түркістан көшесі","highway":"secondary","importance_weight":2,"kind":"road","source":"OpenStreetMap contributors","sourceId":"osm-major-roads","source_url":"https://www.openstreetmap.org/way/1527868487"}},{"type":"Feature","id":"osm_way_1527868489","geometry":{"type":"LineString","coordinates":[[71.4308161,51.124216],[71.4307437,51.1240313]]},"properties":{"osm_way_id":1527868489,"name":"Түркістан көшесі","name_ru":"улица Туркестан","name_kk":"Түркістан көшесі","highway":"secondary","importance_weight":2,"kind":"road","source":"OpenStreetMap contributors","sourceId":"osm-major-roads","source_url":"https://www.openstreetmap.org/way/1527868489"}},{"type":"Feature","id":"osm_way_1527868491","geometry":{"type":"LineString","coordinates":[[71.430667,51.1238344],[71.4305798,51.1236105],[71.4304926,51.1233867]]},"properties":{"osm_way_id":1527868491,"name":"Түркістан көшесі","name_ru":"улица Туркестан","name_kk":"Түркістан көшесі","highway":"secondary","importance_weight":2,"kind":"road","source":"OpenStreetMap contributors","sourceId":"osm-major-roads","source_url":"https://www.openstreetmap.org/way/1527868491"}},{"type":"Feature","id":"osm_way_1527868492","geometry":{"type":"LineString","coordinates":[[71.4304926,51.1233867],[71.4304234,51.1232092],[71.4304023,51.1231551],[71.4303702,51.1230726]]},"properties":{"osm_way_id":1527868492,"name":"Түркістан көшесі","name_ru":"улица Туркестан","name_kk":"Түркістан көшесі","highway":"secondary","importance_weight":2,"kind":"road","source":"OpenStreetMap contributors","sourceId":"osm-major-roads","source_url":"https://www.openstreetmap.org/way/1527868492"}},{"type":"Feature","id":"osm_way_1527868520","geometry":{"type":"LineString","coordinates":[[71.4296083,51.1211481],[71.4295066,51.1208912]]},"properties":{"osm_way_id":1527868520,"name":"Түркістан көшесі","name_ru":"улица Туркестан","name_kk":"Түркістан көшесі","highway":"secondary","importance_weight":2,"kind":"road","source":"OpenStreetMap contributors","sourceId":"osm-major-roads","source_url":"https://www.openstreetmap.org/way/1527868520"}},{"type":"Feature","id":"osm_way_1527868521","geometry":{"type":"LineString","coordinates":[[71.4295066,51.1208912],[71.4294318,51.1207023]]},"properties":{"osm_way_id":1527868521,"name":"Түркістан көшесі","name_ru":"улица Туркестан","name_kk":"Түркістан көшесі","highway":"secondary","importance_weight":2,"kind":"road","source":"OpenStreetMap contributors","sourceId":"osm-major-roads","source_url":"https://www.openstreetmap.org/way/1527868521"}},{"type":"Feature","id":"osm_way_1527868522","geometry":{"type":"LineString","coordinates":[[71.429647,51.121246],[71.4296083,51.1211481]]},"properties":{"osm_way_id":1527868522,"name":"Түркістан көшесі","name_ru":"улица Туркестан","name_kk":"Түркістан көшесі","highway":"secondary","importance_weight":2,"kind":"road","source":"OpenStreetMap contributors","sourceId":"osm-major-roads","source_url":"https://www.openstreetmap.org/way/1527868522"}},{"type":"Feature","id":"osm_way_1527868523","geometry":{"type":"LineString","coordinates":[[71.4294318,51.1207023],[71.429364,51.1205311]]},"properties":{"osm_way_id":1527868523,"name":"Түркістан көшесі","name_ru":"улица Туркестан","name_kk":"Түркістан көшесі","highway":"secondary","importance_weight":2,"kind":"road","source":"OpenStreetMap contributors","sourceId":"osm-major-roads","source_url":"https://www.openstreetmap.org/way/1527868523"}},{"type":"Feature","id":"osm_way_1527868541","geometry":{"type":"LineString","coordinates":[[71.4270787,51.1146045],[71.4269366,51.1142046],[71.4268555,51.11398]]},"properties":{"osm_way_id":1527868541,"name":"Түркістан көшесі","name_ru":"улица Туркестан","name_kk":"Түркістан көшесі","highway":"secondary","importance_weight":2,"kind":"road","source":"OpenStreetMap contributors","sourceId":"osm-major-roads","source_url":"https://www.openstreetmap.org/way/1527868541"}},{"type":"Feature","id":"osm_way_1527868545","geometry":{"type":"LineString","coordinates":[[71.4272497,51.1150859],[71.4271617,51.1148381]]},"properties":{"osm_way_id":1527868545,"name":"Түркістан көшесі","name_ru":"улица Туркестан","name_kk":"Түркістан көшесі","highway":"secondary","importance_weight":2,"kind":"road","source":"OpenStreetMap contributors","sourceId":"osm-major-roads","source_url":"https://www.openstreetmap.org/way/1527868545"}},{"type":"Feature","id":"osm_way_1527868546","geometry":{"type":"LineString","coordinates":[[71.4271617,51.1148381],[71.4270787,51.1146045]]},"properties":{"osm_way_id":1527868546,"name":"Түркістан көшесі","name_ru":"улица Туркестан","name_kk":"Түркістан көшесі","highway":"secondary","importance_weight":2,"kind":"road","source":"OpenStreetMap contributors","sourceId":"osm-major-roads","source_url":"https://www.openstreetmap.org/way/1527868546"}},{"type":"Feature","id":"osm_way_1527868547","geometry":{"type":"LineString","coordinates":[[71.4273706,51.1154262],[71.4272497,51.1150859]]},"properties":{"osm_way_id":1527868547,"name":"Түркістан көшесі","name_ru":"улица Туркестан","name_kk":"Түркістан көшесі","highway":"secondary","importance_weight":2,"kind":"road","source":"OpenStreetMap contributors","sourceId":"osm-major-roads","source_url":"https://www.openstreetmap.org/way/1527868547"}},{"type":"Feature","id":"osm_way_1527868548","geometry":{"type":"LineString","coordinates":[[71.4274254,51.1155804],[71.4273706,51.1154262]]},"properties":{"osm_way_id":1527868548,"name":"Түркістан көшесі","name_ru":"улица Туркестан","name_kk":"Түркістан көшесі","highway":"secondary","importance_weight":2,"kind":"road","source":"OpenStreetMap contributors","sourceId":"osm-major-roads","source_url":"https://www.openstreetmap.org/way/1527868548"}},{"type":"Feature","id":"osm_way_1527868578","geometry":{"type":"LineString","coordinates":[[71.4251846,51.1096022],[71.4250838,51.109322],[71.4247548,51.1084027]]},"properties":{"osm_way_id":1527868578,"name":"Түркістан көшесі","name_ru":"улица Туркестан","name_kk":"Түркістан көшесі","highway":"secondary","importance_weight":2,"kind":"road","source":"OpenStreetMap contributors","sourceId":"osm-major-roads","source_url":"https://www.openstreetmap.org/way/1527868578"}},{"type":"Feature","id":"osm_way_1527868579","geometry":{"type":"LineString","coordinates":[[71.4247548,51.1084027],[71.4244988,51.1076873],[71.4244811,51.1076379]]},"properties":{"osm_way_id":1527868579,"name":"Түркістан көшесі","name_ru":"улица Туркестан","name_kk":"Түркістан көшесі","highway":"secondary","importance_weight":2,"kind":"road","source":"OpenStreetMap contributors","sourceId":"osm-major-roads","source_url":"https://www.openstreetmap.org/way/1527868579"}},{"type":"Feature","id":"osm_way_1527868580","geometry":{"type":"LineString","coordinates":[[71.4249259,51.1081576],[71.424996,51.1083516],[71.4253139,51.1092472],[71.4253282,51.1092875],[71.4254265,51.1095646]]},"properties":{"osm_way_id":1527868580,"name":"Түркістан көшесі","name_ru":"улица Туркестан","name_kk":"Түркістан көшесі","highway":"secondary","importance_weight":2,"kind":"road","source":"OpenStreetMap contributors","sourceId":"osm-major-roads","source_url":"https://www.openstreetmap.org/way/1527868580"}},{"type":"Feature","id":"osm_way_1527868581","geometry":{"type":"LineString","coordinates":[[71.4246632,51.1074304],[71.424682,51.1074825],[71.4247148,51.1075732]]},"properties":{"osm_way_id":1527868581,"name":"Түркістан көшесі","name_ru":"улица Туркестан","name_kk":"Түркістан көшесі","highway":"secondary","importance_weight":2,"kind":"road","source":"OpenStreetMap contributors","sourceId":"osm-major-roads","source_url":"https://www.openstreetmap.org/way/1527868581"}},{"type":"Feature","id":"osm_way_1527868586","geometry":{"type":"LineString","coordinates":[[71.4262126,51.1118383],[71.4262319,51.1118955],[71.4265689,51.1128798],[71.4268177,51.1136072],[71.4268888,51.1138041],[71.4268555,51.11398]]},"properties":{"osm_way_id":1527868586,"name":"Түркістан көшесі","name_ru":"улица Туркестан","name_kk":"Түркістан көшесі","highway":"secondary","importance_weight":2,"kind":"road","source":"OpenStreetMap contributors","sourceId":"osm-major-roads","source_url":"https://www.openstreetmap.org/way/1527868586"}},{"type":"Feature","id":"osm_way_1527868587","geometry":{"type":"LineString","coordinates":[[71.4260573,51.111384],[71.4261686,51.1117096],[71.4262126,51.1118383]]},"properties":{"osm_way_id":1527868587,"name":"Түркістан көшесі","name_ru":"улица Туркестан","name_kk":"Түркістан көшесі","highway":"secondary","importance_weight":2,"kind":"road","source":"OpenStreetMap contributors","sourceId":"osm-major-roads","source_url":"https://www.openstreetmap.org/way/1527868587"}},{"type":"Feature","id":"osm_way_1527868588","geometry":{"type":"LineString","coordinates":[[71.4258598,51.1114568],[71.4252931,51.1099007],[71.4252722,51.1098432],[71.4251846,51.1096022]]},"properties":{"osm_way_id":1527868588,"name":"Түркістан көшесі","name_ru":"улица Туркестан","name_kk":"Түркістан көшесі","highway":"secondary","importance_weight":2,"kind":"road","source":"OpenStreetMap contributors","sourceId":"osm-major-roads","source_url":"https://www.openstreetmap.org/way/1527868588"}},{"type":"Feature","id":"osm_way_1527868602","geometry":{"type":"LineString","coordinates":[[71.4244811,51.1076379],[71.42444,51.107523],[71.4244193,51.1074651],[71.4243434,51.1072531],[71.4241219,51.1066344]]},"properties":{"osm_way_id":1527868602,"name":"Түркістан көшесі","name_ru":"улица Туркестан","name_kk":"Түркістан көшесі","highway":"secondary","importance_weight":2,"kind":"road","source":"OpenStreetMap contributors","sourceId":"osm-major-roads","source_url":"https://www.openstreetmap.org/way/1527868602"}},{"type":"Feature","id":"osm_way_1527868603","geometry":{"type":"LineString","coordinates":[[71.4242442,51.1062704],[71.4243551,51.1065775],[71.4245165,51.1070243],[71.4245899,51.1072276],[71.4246079,51.1072773]]},"properties":{"osm_way_id":1527868603,"name":"Түркістан көшесі","name_ru":"улица Туркестан","name_kk":"Түркістан көшесі","highway":"secondary","importance_weight":2,"kind":"road","source":"OpenStreetMap contributors","sourceId":"osm-major-roads","source_url":"https://www.openstreetmap.org/way/1527868603"}},{"type":"Feature","id":"osm_way_1527868604","geometry":{"type":"LineString","coordinates":[[71.4222682,51.1007932],[71.4223448,51.1010109],[71.4228133,51.1023082]]},"properties":{"osm_way_id":1527868604,"name":"Түркістан көшесі","name_ru":"улица Туркестан","name_kk":"Түркістан көшесі","highway":"secondary","importance_weight":2,"kind":"road","source":"OpenStreetMap contributors","sourceId":"osm-major-roads","source_url":"https://www.openstreetmap.org/way/1527868604"}},{"type":"Feature","id":"osm_way_1527868605","geometry":{"type":"LineString","coordinates":[[71.4225909,51.102363],[71.4224638,51.1020125],[71.4222782,51.1014805]]},"properties":{"osm_way_id":1527868605,"name":"Түркістан көшесі","name_ru":"улица Туркестан","name_kk":"Түркістан көшесі","highway":"secondary","importance_weight":2,"kind":"road","source":"OpenStreetMap contributors","sourceId":"osm-major-roads","source_url":"https://www.openstreetmap.org/way/1527868605"}},{"type":"Feature","id":"osm_way_1527868606","geometry":{"type":"LineString","coordinates":[[71.4222782,51.1014805],[71.4221195,51.1010395],[71.4220352,51.1008144]]},"properties":{"osm_way_id":1527868606,"name":"Түркістан көшесі","name_ru":"улица Туркестан","name_kk":"Түркістан көшесі","highway":"secondary","importance_weight":2,"kind":"road","source":"OpenStreetMap contributors","sourceId":"osm-major-roads","source_url":"https://www.openstreetmap.org/way/1527868606"}},{"type":"Feature","id":"osm_way_1528761276","geometry":{"type":"LineString","coordinates":[[71.413699,51.1463251],[71.412521,51.1462104],[71.4124137,51.1461999],[71.4120627,51.1461634]]},"properties":{"osm_way_id":1528761276,"name":"Қорғалжын тас жолы","name_ru":"Коргалжинское шоссе","name_kk":"Қорғалжын тас жолы","highway":"secondary","importance_weight":2,"kind":"road","source":"OpenStreetMap contributors","sourceId":"osm-major-roads","source_url":"https://www.openstreetmap.org/way/1528761276"}},{"type":"Feature","id":"osm_way_1530967035","geometry":{"type":"LineString","coordinates":[[71.4411107,51.1629926],[71.4413271,51.1622282],[71.4416126,51.1612683]]},"properties":{"osm_way_id":1530967035,"name":"Шоқан Уәлиханов көшесі","name_ru":"улица Шокана Уалиханова","name_kk":null,"highway":"secondary","importance_weight":2,"kind":"road","source":"OpenStreetMap contributors","sourceId":"osm-major-roads","source_url":"https://www.openstreetmap.org/way/1530967035"}},{"type":"Feature","id":"osm_way_1530967036","geometry":{"type":"LineString","coordinates":[[71.4408834,51.1637258],[71.4409034,51.1636614]]},"properties":{"osm_way_id":1530967036,"name":"Шоқан Уәлиханов көшесі","name_ru":"улица Шокана Уалиханова","name_kk":null,"highway":"secondary","importance_weight":2,"kind":"road","source":"OpenStreetMap contributors","sourceId":"osm-major-roads","source_url":"https://www.openstreetmap.org/way/1530967036"}},{"type":"Feature","id":"osm_way_1530967037","geometry":{"type":"LineString","coordinates":[[71.4409375,51.1635513],[71.4411107,51.1629926]]},"properties":{"osm_way_id":1530967037,"name":"Шоқан Уәлиханов көшесі","name_ru":"улица Шокана Уалиханова","name_kk":null,"highway":"secondary","importance_weight":2,"kind":"road","source":"OpenStreetMap contributors","sourceId":"osm-major-roads","source_url":"https://www.openstreetmap.org/way/1530967037"}},{"type":"Feature","id":"osm_way_1530967038","geometry":{"type":"LineString","coordinates":[[71.4409238,51.1635955],[71.4409375,51.1635513]]},"properties":{"osm_way_id":1530967038,"name":"Шоқан Уәлиханов көшесі","name_ru":"улица Шокана Уалиханова","name_kk":null,"highway":"secondary","importance_weight":2,"kind":"road","source":"OpenStreetMap contributors","sourceId":"osm-major-roads","source_url":"https://www.openstreetmap.org/way/1530967038"}},{"type":"Feature","id":"osm_way_1530967039","geometry":{"type":"LineString","coordinates":[[71.4409034,51.1636614],[71.4409238,51.1635955]]},"properties":{"osm_way_id":1530967039,"name":"Шоқан Уәлиханов көшесі","name_ru":"улица Шокана Уалиханова","name_kk":null,"highway":"secondary","importance_weight":2,"kind":"road","source":"OpenStreetMap contributors","sourceId":"osm-major-roads","source_url":"https://www.openstreetmap.org/way/1530967039"}},{"type":"Feature","id":"osm_way_1530967040","geometry":{"type":"LineString","coordinates":[[71.4405973,51.164672],[71.4406312,51.164559]]},"properties":{"osm_way_id":1530967040,"name":"Шоқан Уәлиханов көшесі","name_ru":"улица Шокана Уалиханова","name_kk":null,"highway":"secondary","importance_weight":2,"kind":"road","source":"OpenStreetMap contributors","sourceId":"osm-major-roads","source_url":"https://www.openstreetmap.org/way/1530967040"}},{"type":"Feature","id":"osm_way_1530967041","geometry":{"type":"LineString","coordinates":[[71.4406312,51.164559],[71.4406957,51.1643459],[71.4407374,51.1642081]]},"properties":{"osm_way_id":1530967041,"name":"Шоқан Уәлиханов көшесі","name_ru":"улица Шокана Уалиханова","name_kk":null,"highway":"secondary","importance_weight":2,"kind":"road","source":"OpenStreetMap contributors","sourceId":"osm-major-roads","source_url":"https://www.openstreetmap.org/way/1530967041"}},{"type":"Feature","id":"osm_way_1530967050","geometry":{"type":"LineString","coordinates":[[71.439979,51.166765],[71.4400827,51.1664147],[71.4401793,51.1660884]]},"properties":{"osm_way_id":1530967050,"name":"Шоқан Уәлиханов көшесі","name_ru":"улица Шокана Уалиханова","name_kk":null,"highway":"secondary","importance_weight":2,"kind":"road","source":"OpenStreetMap contributors","sourceId":"osm-major-roads","source_url":"https://www.openstreetmap.org/way/1530967050"}},{"type":"Feature","id":"osm_way_1530967052","geometry":{"type":"LineString","coordinates":[[71.4399152,51.1669805],[71.439979,51.166765]]},"properties":{"osm_way_id":1530967052,"name":"Шоқан Уәлиханов көшесі","name_ru":"улица Шокана Уалиханова","name_kk":null,"highway":"secondary","importance_weight":2,"kind":"road","source":"OpenStreetMap contributors","sourceId":"osm-major-roads","source_url":"https://www.openstreetmap.org/way/1530967052"}},{"type":"Feature","id":"osm_way_1530967053","geometry":{"type":"LineString","coordinates":[[71.4399152,51.1669805],[71.4397669,51.166964],[71.4389946,51.1668791],[71.4385948,51.1668365],[71.4375013,51.1667138],[71.4374056,51.1667059],[71.4372473,51.1666869],[71.4372216,51.1666839],[71.436639,51.1666151],[71.4342945,51.1663394]]},"properties":{"osm_way_id":1530967053,"name":"Кенесары көшесі","name_ru":"улица Кенесары","name_kk":null,"highway":"secondary","importance_weight":2,"kind":"road","source":"OpenStreetMap contributors","sourceId":"osm-major-roads","source_url":"https://www.openstreetmap.org/way/1530967053"}},{"type":"Feature","id":"osm_way_1531635604","geometry":{"type":"LineString","coordinates":[[71.4842143,51.1173564],[71.4906639,51.1163396],[71.4907548,51.1163253],[71.4910357,51.116281],[71.4912224,51.1162552],[71.4914413,51.1162209],[71.4916543,51.116186],[71.492577,51.1160349],[71.4934116,51.1158982],[71.4952448,51.1156257],[71.4967911,51.1153837],[71.4971593,51.1153261],[71.4973224,51.1153015],[71.4985174,51.1151123],[71.4997123,51.1149231],[71.5004323,51.1148092],[71.5005526,51.1147902],[71.5005565,51.1147896],[71.5007937,51.114752]]},"properties":{"osm_way_id":1531635604,"name":"Жұмекен Нәжімеденов көшесі","name_ru":"улица Жумекена Нажимеденова","name_kk":null,"highway":"secondary","importance_weight":2,"kind":"road","source":"OpenStreetMap contributors","sourceId":"osm-major-roads","source_url":"https://www.openstreetmap.org/way/1531635604"}},{"type":"Feature","id":"osm_way_1531635606","geometry":{"type":"LineString","coordinates":[[71.4842385,51.1174349],[71.4841214,51.1174619]]},"properties":{"osm_way_id":1531635606,"name":"Жұмекен Нәжімеденов көшесі","name_ru":"улица Жумекена Нажимеденова","name_kk":null,"highway":"secondary","importance_weight":2,"kind":"road","source":"OpenStreetMap contributors","sourceId":"osm-major-roads","source_url":"https://www.openstreetmap.org/way/1531635606"}},{"type":"Feature","id":"osm_way_1531638142","geometry":{"type":"LineString","coordinates":[[71.4252809,51.091126],[71.4252043,51.0909393],[71.4250668,51.0905581],[71.4249439,51.0902172],[71.4246239,51.0893298],[71.4241707,51.088073],[71.424088,51.0878436],[71.4238112,51.0870413],[71.4237871,51.0869714],[71.4237289,51.0868028],[71.4236854,51.0866905],[71.4236365,51.0865651],[71.4235067,51.0862317],[71.4229558,51.0847038],[71.4228356,51.0843702],[71.4225641,51.0836173],[71.4225388,51.083547],[71.4225026,51.083437]]},"properties":{"osm_way_id":1531638142,"name":"Мәңгілік Ел даңғылы","name_ru":"проспект Мангилик Ел","name_kk":"Мәңгілік Ел даңғылы","highway":"secondary","importance_weight":2,"kind":"road","source":"OpenStreetMap contributors","sourceId":"osm-major-roads","source_url":"https://www.openstreetmap.org/way/1531638142"}},{"type":"Feature","id":"osm_way_1531638144","geometry":{"type":"LineString","coordinates":[[71.4254662,51.0910994],[71.4255081,51.0912285],[71.4256597,51.0916471],[71.4257922,51.0920162],[71.426119,51.0929271],[71.4265228,51.0940523],[71.4267268,51.0946208],[71.4269539,51.0952537],[71.4269884,51.095353],[71.4270235,51.0954537]]},"properties":{"osm_way_id":1531638144,"name":"Мәңгілік Ел даңғылы","name_ru":"проспект Мангилик Ел","name_kk":"Мәңгілік Ел даңғылы","highway":"secondary","importance_weight":2,"kind":"road","source":"OpenStreetMap contributors","sourceId":"osm-major-roads","source_url":"https://www.openstreetmap.org/way/1531638144"}},{"type":"Feature","id":"osm_way_1531643133","geometry":{"type":"LineString","coordinates":[[71.4058715,51.0984521],[71.4058276,51.0983322]]},"properties":{"osm_way_id":1531643133,"name":"Қабанбай Батыр даңғылы","name_ru":"проспект Кабанбай Батыра","name_kk":"Қабанбай Батыр даңғылы","highway":"secondary","importance_weight":2,"kind":"road","source":"OpenStreetMap contributors","sourceId":"osm-major-roads","source_url":"https://www.openstreetmap.org/way/1531643133"}},{"type":"Feature","id":"osm_way_1532998981","geometry":{"type":"LineString","coordinates":[[71.2533783,51.1097803],[71.2532798,51.1098781]]},"properties":{"osm_way_id":1532998981,"name":"Исатай Батыр көшесі","name_ru":"улица Исатай Батыра","name_kk":null,"highway":"primary","importance_weight":3,"kind":"road","source":"OpenStreetMap contributors","sourceId":"osm-major-roads","source_url":"https://www.openstreetmap.org/way/1532998981"}},{"type":"Feature","id":"osm_way_1533000109","geometry":{"type":"LineString","coordinates":[[71.3923049,51.1481298],[71.3922596,51.1480075]]},"properties":{"osm_way_id":1533000109,"name":"osm_way_1533000109","name_ru":null,"name_kk":null,"highway":"primary","importance_weight":3,"kind":"road","source":"OpenStreetMap contributors","sourceId":"osm-major-roads","source_url":"https://www.openstreetmap.org/way/1533000109"}},{"type":"Feature","id":"osm_way_1533000110","geometry":{"type":"LineString","coordinates":[[71.4065797,51.1459734],[71.4065554,51.1458564]]},"properties":{"osm_way_id":1533000110,"name":"Аягөз көшесі","name_ru":"улица Аягоз","name_kk":"Аягөз көшесі","highway":"primary","importance_weight":3,"kind":"road","source":"OpenStreetMap contributors","sourceId":"osm-major-roads","source_url":"https://www.openstreetmap.org/way/1533000110"}},{"type":"Feature","id":"osm_way_1533007333","geometry":{"type":"LineString","coordinates":[[71.3988734,51.1681777],[71.3988453,51.1682652]]},"properties":{"osm_way_id":1533007333,"name":"Кенжебек Күмісбеков көшесі","name_ru":"улица Кенжебека Кумисбекова","name_kk":null,"highway":"secondary","importance_weight":2,"kind":"road","source":"OpenStreetMap contributors","sourceId":"osm-major-roads","source_url":"https://www.openstreetmap.org/way/1533007333"}},{"type":"Feature","id":"osm_way_1533008131","geometry":{"type":"LineString","coordinates":[[71.3964579,51.1760886],[71.3964935,51.1759015]]},"properties":{"osm_way_id":1533008131,"name":"Бекетай көшесі","name_ru":"улица Бекетай","name_kk":null,"highway":"primary","importance_weight":3,"kind":"road","source":"OpenStreetMap contributors","sourceId":"osm-major-roads","source_url":"https://www.openstreetmap.org/way/1533008131"}},{"type":"Feature","id":"osm_way_1533008133","geometry":{"type":"LineString","coordinates":[[71.3935684,51.1766433],[71.3934892,51.176492]]},"properties":{"osm_way_id":1533008133,"name":"Сарыбұлақ көшесі","name_ru":"улица Сарыбулак","name_kk":null,"highway":"primary","importance_weight":3,"kind":"road","source":"OpenStreetMap contributors","sourceId":"osm-major-roads","source_url":"https://www.openstreetmap.org/way/1533008133"}},{"type":"Feature","id":"osm_way_1533008134","geometry":{"type":"LineString","coordinates":[[71.3896659,51.1775633],[71.389565,51.1774066]]},"properties":{"osm_way_id":1533008134,"name":"Мәскеу көшесі","name_ru":"улица Маскеу","name_kk":null,"highway":"primary","importance_weight":3,"kind":"road","source":"OpenStreetMap contributors","sourceId":"osm-major-roads","source_url":"https://www.openstreetmap.org/way/1533008134"}},{"type":"Feature","id":"osm_way_1533012099","geometry":{"type":"LineString","coordinates":[[71.3858061,51.1825228],[71.3854435,51.1821544],[71.3851988,51.1819058],[71.3850336,51.1817379]]},"properties":{"osm_way_id":1533012099,"name":"Шабал Бейсекова көшесі","name_ru":"улица Шабал Бейсековой","name_kk":null,"highway":"secondary","importance_weight":2,"kind":"road","source":"OpenStreetMap contributors","sourceId":"osm-major-roads","source_url":"https://www.openstreetmap.org/way/1533012099"}},{"type":"Feature","id":"osm_way_1533021973","geometry":{"type":"LineString","coordinates":[[71.4529078,51.1628295],[71.4528714,51.1627833]]},"properties":{"osm_way_id":1533021973,"name":"Бейсекбаев көшесі","name_ru":"улица Бейсекбаева","name_kk":null,"highway":"secondary","importance_weight":2,"kind":"road","source":"OpenStreetMap contributors","sourceId":"osm-major-roads","source_url":"https://www.openstreetmap.org/way/1533021973"}},{"type":"Feature","id":"osm_way_1533025857","geometry":{"type":"LineString","coordinates":[[71.4838554,51.1476502],[71.4839893,51.1476883]]},"properties":{"osm_way_id":1533025857,"name":"Бейімбет Майлин көшесі","name_ru":"улица Баимбета Майлина","name_kk":null,"highway":"secondary","importance_weight":2,"kind":"road","source":"OpenStreetMap contributors","sourceId":"osm-major-roads","source_url":"https://www.openstreetmap.org/way/1533025857"}},{"type":"Feature","id":"osm_way_1533036123","geometry":{"type":"LineString","coordinates":[[71.5220909,51.0526677],[71.5221198,51.0525614]]},"properties":{"osm_way_id":1533036123,"name":"osm_way_1533036123","name_ru":null,"name_kk":null,"highway":"trunk","importance_weight":4,"kind":"road","source":"OpenStreetMap contributors","sourceId":"osm-major-roads","source_url":"https://www.openstreetmap.org/way/1533036123"}},{"type":"Feature","id":"osm_way_1533036125","geometry":{"type":"LineString","coordinates":[[71.5125854,51.0516418],[71.5126045,51.0515348]]},"properties":{"osm_way_id":1533036125,"name":"osm_way_1533036125","name_ru":null,"name_kk":null,"highway":"trunk","importance_weight":4,"kind":"road","source":"OpenStreetMap contributors","sourceId":"osm-major-roads","source_url":"https://www.openstreetmap.org/way/1533036125"}},{"type":"Feature","id":"osm_way_1533036126","geometry":{"type":"LineString","coordinates":[[71.4855109,51.0470205],[71.4854109,51.047109]]},"properties":{"osm_way_id":1533036126,"name":"osm_way_1533036126","name_ru":null,"name_kk":null,"highway":"trunk","importance_weight":4,"kind":"road","source":"OpenStreetMap contributors","sourceId":"osm-major-roads","source_url":"https://www.openstreetmap.org/way/1533036126"}},{"type":"Feature","id":"osm_way_1533048181","geometry":{"type":"LineString","coordinates":[[71.4901081,51.2045533],[71.4902415,51.204445]]},"properties":{"osm_way_id":1533048181,"name":"69-шы көше","name_ru":"улица 69","name_kk":null,"highway":"primary","importance_weight":3,"kind":"road","source":"OpenStreetMap contributors","sourceId":"osm-major-roads","source_url":"https://www.openstreetmap.org/way/1533048181"}},{"type":"Feature","id":"osm_way_1533051197","geometry":{"type":"LineString","coordinates":[[71.3429748,51.2499802],[71.3428898,51.2500519]]},"properties":{"osm_way_id":1533051197,"name":"osm_way_1533051197","name_ru":null,"name_kk":null,"highway":"trunk","importance_weight":4,"kind":"road","source":"OpenStreetMap contributors","sourceId":"osm-major-roads","source_url":"https://www.openstreetmap.org/way/1533051197"}},{"type":"Feature","id":"osm_way_1537666806","geometry":{"type":"LineString","coordinates":[[71.4581467,51.1517677],[71.4578323,51.1516742],[71.457617,51.1516102],[71.4572357,51.1514968]]},"properties":{"osm_way_id":1537666806,"name":"Қажымұқан көшесі","name_ru":"улица Кажымукана","name_kk":null,"highway":"secondary","importance_weight":2,"kind":"road","source":"OpenStreetMap contributors","sourceId":"osm-major-roads","source_url":"https://www.openstreetmap.org/way/1537666806"}},{"type":"Feature","id":"osm_way_1537666807","geometry":{"type":"LineString","coordinates":[[71.4572357,51.1514968],[71.4567202,51.1513435],[71.4566196,51.1513056],[71.4564445,51.1512362]]},"properties":{"osm_way_id":1537666807,"name":"Қажымұқан көшесі","name_ru":"улица Кажымукана","name_kk":null,"highway":"secondary","importance_weight":2,"kind":"road","source":"OpenStreetMap contributors","sourceId":"osm-major-roads","source_url":"https://www.openstreetmap.org/way/1537666807"}},{"type":"Feature","id":"osm_way_1537666808","geometry":{"type":"LineString","coordinates":[[71.4592262,51.1520686],[71.4588864,51.1519739]]},"properties":{"osm_way_id":1537666808,"name":"Қажымұқан көшесі","name_ru":"улица Кажымукана","name_kk":null,"highway":"secondary","importance_weight":2,"kind":"road","source":"OpenStreetMap contributors","sourceId":"osm-major-roads","source_url":"https://www.openstreetmap.org/way/1537666808"}},{"type":"Feature","id":"osm_way_1537666813","geometry":{"type":"LineString","coordinates":[[71.4588864,51.1519739],[71.458613,51.1518977]]},"properties":{"osm_way_id":1537666813,"name":"Қажымұқан көшесі","name_ru":"улица Кажымукана","name_kk":null,"highway":"secondary","importance_weight":2,"kind":"road","source":"OpenStreetMap contributors","sourceId":"osm-major-roads","source_url":"https://www.openstreetmap.org/way/1537666813"}},{"type":"Feature","id":"osm_way_1537666814","geometry":{"type":"LineString","coordinates":[[71.458613,51.1518977],[71.4581467,51.1517677]]},"properties":{"osm_way_id":1537666814,"name":"Қажымұқан көшесі","name_ru":"улица Кажымукана","name_kk":null,"highway":"secondary","importance_weight":2,"kind":"road","source":"OpenStreetMap contributors","sourceId":"osm-major-roads","source_url":"https://www.openstreetmap.org/way/1537666814"}},{"type":"Feature","id":"osm_way_1537666815","geometry":{"type":"LineString","coordinates":[[71.4600826,51.1523072],[71.4599091,51.1522589]]},"properties":{"osm_way_id":1537666815,"name":"Қажымұқан көшесі","name_ru":"улица Кажымукана","name_kk":null,"highway":"secondary","importance_weight":2,"kind":"road","source":"OpenStreetMap contributors","sourceId":"osm-major-roads","source_url":"https://www.openstreetmap.org/way/1537666815"}},{"type":"Feature","id":"osm_way_1537666816","geometry":{"type":"LineString","coordinates":[[71.4604061,51.1523974],[71.4600826,51.1523072]]},"properties":{"osm_way_id":1537666816,"name":"Қажымұқан көшесі","name_ru":"улица Кажымукана","name_kk":null,"highway":"secondary","importance_weight":2,"kind":"road","source":"OpenStreetMap contributors","sourceId":"osm-major-roads","source_url":"https://www.openstreetmap.org/way/1537666816"}},{"type":"Feature","id":"osm_way_1537666826","geometry":{"type":"LineString","coordinates":[[71.4599091,51.1522589],[71.4592262,51.1520686]]},"properties":{"osm_way_id":1537666826,"name":"Қажымұқан көшесі","name_ru":"улица Кажымукана","name_kk":null,"highway":"secondary","importance_weight":2,"kind":"road","source":"OpenStreetMap contributors","sourceId":"osm-major-roads","source_url":"https://www.openstreetmap.org/way/1537666826"}},{"type":"Feature","id":"osm_way_1537666842","geometry":{"type":"LineString","coordinates":[[71.475788,51.1566758],[71.4755847,51.1566206]]},"properties":{"osm_way_id":1537666842,"name":"Қажымұқан көшесі","name_ru":"улица Кажымукана","name_kk":null,"highway":"secondary","importance_weight":2,"kind":"road","source":"OpenStreetMap contributors","sourceId":"osm-major-roads","source_url":"https://www.openstreetmap.org/way/1537666842"}},{"type":"Feature","id":"osm_way_1537666844","geometry":{"type":"LineString","coordinates":[[71.4755847,51.1566206],[71.4744908,51.156305]]},"properties":{"osm_way_id":1537666844,"name":"Қажымұқан көшесі","name_ru":"улица Кажымукана","name_kk":null,"highway":"secondary","importance_weight":2,"kind":"road","source":"OpenStreetMap contributors","sourceId":"osm-major-roads","source_url":"https://www.openstreetmap.org/way/1537666844"}},{"type":"Feature","id":"osm_way_1537666846","geometry":{"type":"LineString","coordinates":[[71.4739891,51.1561562],[71.4734088,51.1560034],[71.4732244,51.1559518],[71.4728177,51.1558426]]},"properties":{"osm_way_id":1537666846,"name":"Қажымұқан көшесі","name_ru":"улица Кажымукана","name_kk":null,"highway":"secondary","importance_weight":2,"kind":"road","source":"OpenStreetMap contributors","sourceId":"osm-major-roads","source_url":"https://www.openstreetmap.org/way/1537666846"}},{"type":"Feature","id":"osm_way_1537666889","geometry":{"type":"LineString","coordinates":[[71.4769196,51.156558],[71.4763838,51.156739],[71.4762439,51.1567644]]},"properties":{"osm_way_id":1537666889,"name":"osm_way_1537666889","name_ru":null,"name_kk":null,"highway":"secondary","importance_weight":2,"kind":"road","source":"OpenStreetMap contributors","sourceId":"osm-major-roads","source_url":"https://www.openstreetmap.org/way/1537666889"}},{"type":"Feature","id":"osm_way_1537666892","geometry":{"type":"LineString","coordinates":[[71.4744908,51.156305],[71.4739891,51.1561562]]},"properties":{"osm_way_id":1537666892,"name":"Қажымұқан көшесі","name_ru":"улица Кажымукана","name_kk":null,"highway":"secondary","importance_weight":2,"kind":"road","source":"OpenStreetMap contributors","sourceId":"osm-major-roads","source_url":"https://www.openstreetmap.org/way/1537666892"}},{"type":"Feature","id":"osm_way_1537666897","geometry":{"type":"LineString","coordinates":[[71.4728177,51.1558426],[71.4723722,51.1557229]]},"properties":{"osm_way_id":1537666897,"name":"Қажымұқан көшесі","name_ru":"улица Кажымукана","name_kk":null,"highway":"secondary","importance_weight":2,"kind":"road","source":"OpenStreetMap contributors","sourceId":"osm-major-roads","source_url":"https://www.openstreetmap.org/way/1537666897"}},{"type":"Feature","id":"osm_way_1537666898","geometry":{"type":"LineString","coordinates":[[71.4717714,51.1555616],[71.4710409,51.1553595]]},"properties":{"osm_way_id":1537666898,"name":"Қажымұқан көшесі","name_ru":"улица Кажымукана","name_kk":null,"highway":"secondary","importance_weight":2,"kind":"road","source":"OpenStreetMap contributors","sourceId":"osm-major-roads","source_url":"https://www.openstreetmap.org/way/1537666898"}},{"type":"Feature","id":"osm_way_1537666899","geometry":{"type":"LineString","coordinates":[[71.4722002,51.1556768],[71.4717714,51.1555616]]},"properties":{"osm_way_id":1537666899,"name":"Қажымұқан көшесі","name_ru":"улица Кажымукана","name_kk":null,"highway":"secondary","importance_weight":2,"kind":"road","source":"OpenStreetMap contributors","sourceId":"osm-major-roads","source_url":"https://www.openstreetmap.org/way/1537666899"}},{"type":"Feature","id":"osm_way_1537666900","geometry":{"type":"LineString","coordinates":[[71.4723722,51.1557229],[71.4722002,51.1556768]]},"properties":{"osm_way_id":1537666900,"name":"Қажымұқан көшесі","name_ru":"улица Кажымукана","name_kk":null,"highway":"secondary","importance_weight":2,"kind":"road","source":"OpenStreetMap contributors","sourceId":"osm-major-roads","source_url":"https://www.openstreetmap.org/way/1537666900"}},{"type":"Feature","id":"osm_way_1537666906","geometry":{"type":"LineString","coordinates":[[71.468127,51.1545408],[71.4680182,51.1545096]]},"properties":{"osm_way_id":1537666906,"name":"Қажымұқан көшесі","name_ru":"улица Кажымукана","name_kk":null,"highway":"secondary","importance_weight":2,"kind":"road","source":"OpenStreetMap contributors","sourceId":"osm-major-roads","source_url":"https://www.openstreetmap.org/way/1537666906"}},{"type":"Feature","id":"osm_way_1537666907","geometry":{"type":"LineString","coordinates":[[71.4677894,51.154444],[71.4670318,51.1542142],[71.4667596,51.1541399]]},"properties":{"osm_way_id":1537666907,"name":"Қажымұқан көшесі","name_ru":"улица Кажымукана","name_kk":null,"highway":"secondary","importance_weight":2,"kind":"road","source":"OpenStreetMap contributors","sourceId":"osm-major-roads","source_url":"https://www.openstreetmap.org/way/1537666907"}},{"type":"Feature","id":"osm_way_1537666908","geometry":{"type":"LineString","coordinates":[[71.4680182,51.1545096],[71.4677894,51.154444]]},"properties":{"osm_way_id":1537666908,"name":"Қажымұқан көшесі","name_ru":"улица Кажымукана","name_kk":null,"highway":"secondary","importance_weight":2,"kind":"road","source":"OpenStreetMap contributors","sourceId":"osm-major-roads","source_url":"https://www.openstreetmap.org/way/1537666908"}},{"type":"Feature","id":"osm_way_1537666910","geometry":{"type":"LineString","coordinates":[[71.468267,51.154581],[71.468127,51.1545408]]},"properties":{"osm_way_id":1537666910,"name":"Қажымұқан көшесі","name_ru":"улица Кажымукана","name_kk":null,"highway":"secondary","importance_weight":2,"kind":"road","source":"OpenStreetMap contributors","sourceId":"osm-major-roads","source_url":"https://www.openstreetmap.org/way/1537666910"}},{"type":"Feature","id":"osm_way_1537666911","geometry":{"type":"LineString","coordinates":[[71.4693295,51.1548858],[71.4688385,51.154745]]},"properties":{"osm_way_id":1537666911,"name":"Қажымұқан көшесі","name_ru":"улица Кажымукана","name_kk":null,"highway":"secondary","importance_weight":2,"kind":"road","source":"OpenStreetMap contributors","sourceId":"osm-major-roads","source_url":"https://www.openstreetmap.org/way/1537666911"}},{"type":"Feature","id":"osm_way_1537666912","geometry":{"type":"LineString","coordinates":[[71.4639386,51.1533692],[71.4633875,51.1532186],[71.4632406,51.1531784],[71.4624426,51.1529603]]},"properties":{"osm_way_id":1537666912,"name":"Қажымұқан көшесі","name_ru":"улица Кажымукана","name_kk":null,"highway":"secondary","importance_weight":2,"kind":"road","source":"OpenStreetMap contributors","sourceId":"osm-major-roads","source_url":"https://www.openstreetmap.org/way/1537666912"}},{"type":"Feature","id":"osm_way_1537666913","geometry":{"type":"LineString","coordinates":[[71.4650905,51.1536704],[71.4639386,51.1533692]]},"properties":{"osm_way_id":1537666913,"name":"Қажымұқан көшесі","name_ru":"улица Кажымукана","name_kk":null,"highway":"secondary","importance_weight":2,"kind":"road","source":"OpenStreetMap contributors","sourceId":"osm-major-roads","source_url":"https://www.openstreetmap.org/way/1537666913"}},{"type":"Feature","id":"osm_way_1537666914","geometry":{"type":"LineString","coordinates":[[71.4653219,51.1537365],[71.4650905,51.1536704]]},"properties":{"osm_way_id":1537666914,"name":"Қажымұқан көшесі","name_ru":"улица Кажымукана","name_kk":null,"highway":"secondary","importance_weight":2,"kind":"road","source":"OpenStreetMap contributors","sourceId":"osm-major-roads","source_url":"https://www.openstreetmap.org/way/1537666914"}},{"type":"Feature","id":"osm_way_1537666916","geometry":{"type":"LineString","coordinates":[[71.4624426,51.1529603],[71.4619634,51.1528285],[71.461157,51.1526067]]},"properties":{"osm_way_id":1537666916,"name":"Қажымұқан көшесі","name_ru":"улица Кажымукана","name_kk":null,"highway":"secondary","importance_weight":2,"kind":"road","source":"OpenStreetMap contributors","sourceId":"osm-major-roads","source_url":"https://www.openstreetmap.org/way/1537666916"}},{"type":"Feature","id":"osm_way_1537666918","geometry":{"type":"LineString","coordinates":[[71.461157,51.1526067],[71.4611197,51.1525963],[71.4609804,51.1525575]]},"properties":{"osm_way_id":1537666918,"name":"Қажымұқан көшесі","name_ru":"улица Кажымукана","name_kk":null,"highway":"secondary","importance_weight":2,"kind":"road","source":"OpenStreetMap contributors","sourceId":"osm-major-roads","source_url":"https://www.openstreetmap.org/way/1537666918"}},{"type":"Feature","id":"osm_way_1537666919","geometry":{"type":"LineString","coordinates":[[71.4609804,51.1525575],[71.4608549,51.1525225],[71.4604061,51.1523974]]},"properties":{"osm_way_id":1537666919,"name":"Қажымұқан көшесі","name_ru":"улица Кажымукана","name_kk":null,"highway":"secondary","importance_weight":2,"kind":"road","source":"OpenStreetMap contributors","sourceId":"osm-major-roads","source_url":"https://www.openstreetmap.org/way/1537666919"}},{"type":"Feature","id":"osm_way_1537666929","geometry":{"type":"LineString","coordinates":[[71.4710409,51.1553595],[71.4707406,51.1552764]]},"properties":{"osm_way_id":1537666929,"name":"Қажымұқан көшесі","name_ru":"улица Кажымукана","name_kk":null,"highway":"secondary","importance_weight":2,"kind":"road","source":"OpenStreetMap contributors","sourceId":"osm-major-roads","source_url":"https://www.openstreetmap.org/way/1537666929"}},{"type":"Feature","id":"osm_way_1537666930","geometry":{"type":"LineString","coordinates":[[71.4707406,51.1552764],[71.4693295,51.1548858]]},"properties":{"osm_way_id":1537666930,"name":"Қажымұқан көшесі","name_ru":"улица Кажымукана","name_kk":null,"highway":"secondary","importance_weight":2,"kind":"road","source":"OpenStreetMap contributors","sourceId":"osm-major-roads","source_url":"https://www.openstreetmap.org/way/1537666930"}},{"type":"Feature","id":"osm_way_1537666931","geometry":{"type":"LineString","coordinates":[[71.4688385,51.154745],[71.468267,51.154581]]},"properties":{"osm_way_id":1537666931,"name":"Қажымұқан көшесі","name_ru":"улица Кажымукана","name_kk":null,"highway":"secondary","importance_weight":2,"kind":"road","source":"OpenStreetMap contributors","sourceId":"osm-major-roads","source_url":"https://www.openstreetmap.org/way/1537666931"}},{"type":"Feature","id":"osm_way_1537666934","geometry":{"type":"LineString","coordinates":[[71.4280958,51.1632306],[71.4278388,51.1641582],[71.4277034,51.1646279],[71.4276795,51.1647042],[71.4275152,51.1653106],[71.4274538,51.1655351],[71.4273958,51.1657266],[71.4273411,51.1659322],[71.4271658,51.1665092],[71.4269383,51.1673218],[71.4268049,51.1678317],[71.4267715,51.1679648],[71.4266774,51.1682922],[71.4266419,51.1683983]]},"properties":{"osm_way_id":1537666934,"name":"Республика даңғылы","name_ru":"проспект Республики","name_kk":"Республика даңғылы","highway":"primary","importance_weight":3,"kind":"road","source":"OpenStreetMap contributors","sourceId":"osm-major-roads","source_url":"https://www.openstreetmap.org/way/1537666934"}},{"type":"Feature","id":"osm_way_1537666972","geometry":{"type":"LineString","coordinates":[[71.4398918,51.1641081],[71.4405881,51.1641904],[71.4407374,51.1642081]]},"properties":{"osm_way_id":1537666972,"name":"Амангелді Иманов көшесі","name_ru":"улица Амангельды Иманова","name_kk":null,"highway":"secondary","importance_weight":2,"kind":"road","source":"OpenStreetMap contributors","sourceId":"osm-major-roads","source_url":"https://www.openstreetmap.org/way/1537666972"}},{"type":"Feature","id":"osm_way_1537666973","geometry":{"type":"LineString","coordinates":[[71.4394997,51.1640617],[71.4398918,51.1641081]]},"properties":{"osm_way_id":1537666973,"name":"Амангелді Иманов көшесі","name_ru":"улица Амангельды Иманова","name_kk":null,"highway":"secondary","importance_weight":2,"kind":"road","source":"OpenStreetMap contributors","sourceId":"osm-major-roads","source_url":"https://www.openstreetmap.org/way/1537666973"}},{"type":"Feature","id":"osm_way_1537666980","geometry":{"type":"LineString","coordinates":[[71.4363106,51.1636869],[71.4366417,51.1637237]]},"properties":{"osm_way_id":1537666980,"name":"Амангелді Иманов көшесі","name_ru":"улица Амангельды Иманова","name_kk":null,"highway":"secondary","importance_weight":2,"kind":"road","source":"OpenStreetMap contributors","sourceId":"osm-major-roads","source_url":"https://www.openstreetmap.org/way/1537666980"}},{"type":"Feature","id":"osm_way_1537666981","geometry":{"type":"LineString","coordinates":[[71.4366417,51.1637237],[71.4367412,51.1637355],[71.4373832,51.1638114],[71.4380407,51.1638892],[71.438219,51.1639103],[71.4383964,51.1639312],[71.4387752,51.163976],[71.4394997,51.1640617]]},"properties":{"osm_way_id":1537666981,"name":"Амангелді Иманов көшесі","name_ru":"улица Амангельды Иманова","name_kk":null,"highway":"secondary","importance_weight":2,"kind":"road","source":"OpenStreetMap contributors","sourceId":"osm-major-roads","source_url":"https://www.openstreetmap.org/way/1537666981"}},{"type":"Feature","id":"osm_way_1537666997","geometry":{"type":"LineString","coordinates":[[71.4407374,51.1642081],[71.4409668,51.16423]]},"properties":{"osm_way_id":1537666997,"name":"Амангелді Иманов көшесі","name_ru":"улица Амангельды Иманова","name_kk":null,"highway":"secondary","importance_weight":2,"kind":"road","source":"OpenStreetMap contributors","sourceId":"osm-major-roads","source_url":"https://www.openstreetmap.org/way/1537666997"}},{"type":"Feature","id":"osm_way_1537667000","geometry":{"type":"LineString","coordinates":[[71.4420074,51.164343],[71.4426229,51.1644098],[71.443083,51.1644599],[71.4432416,51.164477],[71.4434036,51.1644946],[71.4447555,51.1646414]]},"properties":{"osm_way_id":1537667000,"name":"Амангелді Иманов көшесі","name_ru":"улица Амангельды Иманова","name_kk":null,"highway":"secondary","importance_weight":2,"kind":"road","source":"OpenStreetMap contributors","sourceId":"osm-major-roads","source_url":"https://www.openstreetmap.org/way/1537667000"}},{"type":"Feature","id":"osm_way_1537667005","geometry":{"type":"LineString","coordinates":[[71.4293804,51.1629171],[71.4295476,51.1629357]]},"properties":{"osm_way_id":1537667005,"name":"Амангелді Иманов көшесі","name_ru":"улица Амангельды Иманова","name_kk":null,"highway":"secondary","importance_weight":2,"kind":"road","source":"OpenStreetMap contributors","sourceId":"osm-major-roads","source_url":"https://www.openstreetmap.org/way/1537667005"}},{"type":"Feature","id":"osm_way_1537667006","geometry":{"type":"LineString","coordinates":[[71.4295476,51.1629357],[71.4309769,51.1630944]]},"properties":{"osm_way_id":1537667006,"name":"Амангелді Иманов көшесі","name_ru":"улица Амангельды Иманова","name_kk":null,"highway":"secondary","importance_weight":2,"kind":"road","source":"OpenStreetMap contributors","sourceId":"osm-major-roads","source_url":"https://www.openstreetmap.org/way/1537667006"}},{"type":"Feature","id":"osm_way_1537667007","geometry":{"type":"LineString","coordinates":[[71.4291599,51.1628926],[71.4293804,51.1629171]]},"properties":{"osm_way_id":1537667007,"name":"Амангелді Иманов көшесі","name_ru":"улица Амангельды Иманова","name_kk":null,"highway":"secondary","importance_weight":2,"kind":"road","source":"OpenStreetMap contributors","sourceId":"osm-major-roads","source_url":"https://www.openstreetmap.org/way/1537667007"}},{"type":"Feature","id":"osm_way_1537667008","geometry":{"type":"LineString","coordinates":[[71.4309769,51.1630944],[71.4314389,51.1631458],[71.4320385,51.1632124],[71.4322013,51.1632305],[71.432353,51.1632473],[71.4325267,51.1632666],[71.4330048,51.1633197]]},"properties":{"osm_way_id":1537667008,"name":"Амангелді Иманов көшесі","name_ru":"улица Амангельды Иманова","name_kk":null,"highway":"secondary","importance_weight":2,"kind":"road","source":"OpenStreetMap contributors","sourceId":"osm-major-roads","source_url":"https://www.openstreetmap.org/way/1537667008"}},{"type":"Feature","id":"osm_way_1537667011","geometry":{"type":"LineString","coordinates":[[71.4330048,51.1633197],[71.4332968,51.1633522],[71.4335371,51.1633788]]},"properties":{"osm_way_id":1537667011,"name":"Амангелді Иманов көшесі","name_ru":"улица Амангельды Иманова","name_kk":null,"highway":"secondary","importance_weight":2,"kind":"road","source":"OpenStreetMap contributors","sourceId":"osm-major-roads","source_url":"https://www.openstreetmap.org/way/1537667011"}},{"type":"Feature","id":"osm_way_1537667012","geometry":{"type":"LineString","coordinates":[[71.4335371,51.1633788],[71.4336104,51.163387]]},"properties":{"osm_way_id":1537667012,"name":"Амангелді Иманов көшесі","name_ru":"улица Амангельды Иманова","name_kk":null,"highway":"secondary","importance_weight":2,"kind":"road","source":"OpenStreetMap contributors","sourceId":"osm-major-roads","source_url":"https://www.openstreetmap.org/way/1537667012"}},{"type":"Feature","id":"osm_way_1537667013","geometry":{"type":"LineString","coordinates":[[71.4336104,51.163387],[71.433807,51.1634088],[71.4343157,51.1634653]]},"properties":{"osm_way_id":1537667013,"name":"Амангелді Иманов көшесі","name_ru":"улица Амангельды Иманова","name_kk":null,"highway":"secondary","importance_weight":2,"kind":"road","source":"OpenStreetMap contributors","sourceId":"osm-major-roads","source_url":"https://www.openstreetmap.org/way/1537667013"}},{"type":"Feature","id":"osm_way_1537667014","geometry":{"type":"LineString","coordinates":[[71.4343157,51.1634653],[71.4346001,51.1634969],[71.4349018,51.1635304],[71.4350588,51.1635479],[71.4352493,51.163569],[71.4353413,51.1635793],[71.4363106,51.1636869]]},"properties":{"osm_way_id":1537667014,"name":"Амангелді Иманов көшесі","name_ru":"улица Амангельды Иманова","name_kk":null,"highway":"secondary","importance_weight":2,"kind":"road","source":"OpenStreetMap contributors","sourceId":"osm-major-roads","source_url":"https://www.openstreetmap.org/way/1537667014"}},{"type":"Feature","id":"osm_way_1537667015","geometry":{"type":"LineString","coordinates":[[71.4447555,51.1646414],[71.4452063,51.1646904],[71.4463549,51.1648151]]},"properties":{"osm_way_id":1537667015,"name":"Амангелді Иманов көшесі","name_ru":"улица Амангельды Иманова","name_kk":null,"highway":"secondary","importance_weight":2,"kind":"road","source":"OpenStreetMap contributors","sourceId":"osm-major-roads","source_url":"https://www.openstreetmap.org/way/1537667015"}},{"type":"Feature","id":"osm_way_1537667017","geometry":{"type":"LineString","coordinates":[[71.4471887,51.1645772],[71.4475064,51.1644759]]},"properties":{"osm_way_id":1537667017,"name":"Амангелді Иманов көшесі","name_ru":"улица Амангельды Иманова","name_kk":null,"highway":"secondary","importance_weight":2,"kind":"road","source":"OpenStreetMap contributors","sourceId":"osm-major-roads","source_url":"https://www.openstreetmap.org/way/1537667017"}},{"type":"Feature","id":"osm_way_1537667024","geometry":{"type":"LineString","coordinates":[[71.4475064,51.1644759],[71.4495882,51.1638118],[71.4496934,51.1637782]]},"properties":{"osm_way_id":1537667024,"name":"Амангелді Иманов көшесі","name_ru":"улица Амангельды Иманова","name_kk":null,"highway":"secondary","importance_weight":2,"kind":"road","source":"OpenStreetMap contributors","sourceId":"osm-major-roads","source_url":"https://www.openstreetmap.org/way/1537667024"}},{"type":"Feature","id":"osm_way_1537667028","geometry":{"type":"LineString","coordinates":[[71.4516646,51.1631636],[71.4526941,51.1628391],[71.4528714,51.1627833],[71.452967,51.1627532],[71.4537941,51.1624927]]},"properties":{"osm_way_id":1537667028,"name":"Амангелді Иманов көшесі","name_ru":"улица Амангельды Иманова","name_kk":null,"highway":"secondary","importance_weight":2,"kind":"road","source":"OpenStreetMap contributors","sourceId":"osm-major-roads","source_url":"https://www.openstreetmap.org/way/1537667028"}},{"type":"Feature","id":"osm_way_1537667029","geometry":{"type":"LineString","coordinates":[[71.451422,51.16324],[71.4516646,51.1631636]]},"properties":{"osm_way_id":1537667029,"name":"Амангелді Иманов көшесі","name_ru":"улица Амангельды Иманова","name_kk":null,"highway":"secondary","importance_weight":2,"kind":"road","source":"OpenStreetMap contributors","sourceId":"osm-major-roads","source_url":"https://www.openstreetmap.org/way/1537667029"}},{"type":"Feature","id":"osm_way_1537667035","geometry":{"type":"LineString","coordinates":[[71.4537941,51.1624927],[71.4539324,51.1624492]]},"properties":{"osm_way_id":1537667035,"name":"Амангелді Иманов көшесі","name_ru":"улица Амангельды Иманова","name_kk":null,"highway":"secondary","importance_weight":2,"kind":"road","source":"OpenStreetMap contributors","sourceId":"osm-major-roads","source_url":"https://www.openstreetmap.org/way/1537667035"}},{"type":"Feature","id":"osm_way_1537667036","geometry":{"type":"LineString","coordinates":[[71.4539324,51.1624492],[71.4545786,51.1622456],[71.4550486,51.1620975],[71.4558248,51.161853],[71.4560849,51.1617711]]},"properties":{"osm_way_id":1537667036,"name":"Амангелді Иманов көшесі","name_ru":"улица Амангельды Иманова","name_kk":null,"highway":"secondary","importance_weight":2,"kind":"road","source":"OpenStreetMap contributors","sourceId":"osm-major-roads","source_url":"https://www.openstreetmap.org/way/1537667036"}},{"type":"Feature","id":"osm_way_1537667042","geometry":{"type":"LineString","coordinates":[[71.4601401,51.1604907],[71.4606733,51.1603256]]},"properties":{"osm_way_id":1537667042,"name":"Амангелді Иманов көшесі","name_ru":"улица Амангельды Иманова","name_kk":null,"highway":"secondary","importance_weight":2,"kind":"road","source":"OpenStreetMap contributors","sourceId":"osm-major-roads","source_url":"https://www.openstreetmap.org/way/1537667042"}},{"type":"Feature","id":"osm_way_1537667043","geometry":{"type":"LineString","coordinates":[[71.4611143,51.1601867],[71.4616904,51.1600031]]},"properties":{"osm_way_id":1537667043,"name":"Амангелді Иманов көшесі","name_ru":"улица Амангельды Иманова","name_kk":null,"highway":"secondary","importance_weight":2,"kind":"road","source":"OpenStreetMap contributors","sourceId":"osm-major-roads","source_url":"https://www.openstreetmap.org/way/1537667043"}},{"type":"Feature","id":"osm_way_1537667048","geometry":{"type":"LineString","coordinates":[[71.466722,51.1568776],[71.4665312,51.15725],[71.4665114,51.1572886],[71.4664372,51.1574438],[71.4660618,51.1579081],[71.4657007,51.1582434],[71.4654458,51.1584521],[71.4651449,51.1586541],[71.4645218,51.1590027],[71.4640969,51.1592314],[71.463796,51.1593535],[71.4629074,51.1596466],[71.4623551,51.159788]]},"properties":{"osm_way_id":1537667048,"name":"Беласар көпірі","name_ru":"мост Беласар","name_kk":"Беласар көпірі","highway":"secondary","importance_weight":2,"kind":"road","source":"OpenStreetMap contributors","sourceId":"osm-major-roads","source_url":"https://www.openstreetmap.org/way/1537667048"}},{"type":"Feature","id":"osm_way_1537667052","geometry":{"type":"LineString","coordinates":[[71.4616904,51.1600031],[71.4618606,51.1599489],[71.4621364,51.159861]]},"properties":{"osm_way_id":1537667052,"name":"Амангелді Иманов көшесі","name_ru":"улица Амангельды Иманова","name_kk":null,"highway":"secondary","importance_weight":2,"kind":"road","source":"OpenStreetMap contributors","sourceId":"osm-major-roads","source_url":"https://www.openstreetmap.org/way/1537667052"}},{"type":"Feature","id":"osm_way_1537667073","geometry":{"type":"LineString","coordinates":[[71.4304209,51.1548794],[71.4305776,51.1547099],[71.4309625,51.1543646],[71.4311994,51.154204]]},"properties":{"osm_way_id":1537667073,"name":"Республика даңғылы","name_ru":"проспект Республики","name_kk":"Республика даңғылы","highway":"primary","importance_weight":3,"kind":"road","source":"OpenStreetMap contributors","sourceId":"osm-major-roads","source_url":"https://www.openstreetmap.org/way/1537667073"}},{"type":"Feature","id":"osm_way_1537667081","geometry":{"type":"LineString","coordinates":[[71.430444,51.1550588],[71.4303619,51.1551953],[71.4302896,51.1553362],[71.4300589,51.1560785]]},"properties":{"osm_way_id":1537667081,"name":"Республика даңғылы","name_ru":"проспект Республики","name_kk":"Республика даңғылы","highway":"primary","importance_weight":3,"kind":"road","source":"OpenStreetMap contributors","sourceId":"osm-major-roads","source_url":"https://www.openstreetmap.org/way/1537667081"}},{"type":"Feature","id":"osm_way_1537667094","geometry":{"type":"LineString","coordinates":[[71.4316661,51.1539419],[71.4323567,51.1535707],[71.4334246,51.1530493]]},"properties":{"osm_way_id":1537667094,"name":"Жұмабек Тәшенов көшесі","name_ru":"улица Жумабека Ташенова","name_kk":null,"highway":"primary","importance_weight":3,"kind":"road","source":"OpenStreetMap contributors","sourceId":"osm-major-roads","source_url":"https://www.openstreetmap.org/way/1537667094"}},{"type":"Feature","id":"osm_way_1537667096","geometry":{"type":"LineString","coordinates":[[71.4334246,51.1530493],[71.4317983,51.1540273]]},"properties":{"osm_way_id":1537667096,"name":"Жұмабек Тәшенов көшесі","name_ru":"улица Жумабека Ташенова","name_kk":null,"highway":"primary","importance_weight":3,"kind":"road","source":"OpenStreetMap contributors","sourceId":"osm-major-roads","source_url":"https://www.openstreetmap.org/way/1537667096"}},{"type":"Feature","id":"osm_way_1537667097","geometry":{"type":"LineString","coordinates":[[71.4340345,51.1526971],[71.4334246,51.1530493]]},"properties":{"osm_way_id":1537667097,"name":"Жұмабек Тәшенов көшесі","name_ru":"улица Жумабека Ташенова","name_kk":null,"highway":"primary","importance_weight":3,"kind":"road","source":"OpenStreetMap contributors","sourceId":"osm-major-roads","source_url":"https://www.openstreetmap.org/way/1537667097"}},{"type":"Feature","id":"osm_way_1537667098","geometry":{"type":"LineString","coordinates":[[71.434778,51.1523602],[71.4346049,51.1524215]]},"properties":{"osm_way_id":1537667098,"name":"Жұмабек Тәшенов көшесі","name_ru":"улица Жумабека Ташенова","name_kk":null,"highway":"primary","importance_weight":3,"kind":"road","source":"OpenStreetMap contributors","sourceId":"osm-major-roads","source_url":"https://www.openstreetmap.org/way/1537667098"}},{"type":"Feature","id":"osm_way_1537667099","geometry":{"type":"LineString","coordinates":[[71.4346049,51.1524215],[71.4343251,51.1525482],[71.4341842,51.1526199],[71.4340345,51.1526971]]},"properties":{"osm_way_id":1537667099,"name":"Жұмабек Тәшенов көшесі","name_ru":"улица Жумабека Ташенова","name_kk":null,"highway":"primary","importance_weight":3,"kind":"road","source":"OpenStreetMap contributors","sourceId":"osm-major-roads","source_url":"https://www.openstreetmap.org/way/1537667099"}},{"type":"Feature","id":"osm_way_1537667111","geometry":{"type":"LineString","coordinates":[[71.4746217,51.1649668],[71.4736776,51.1644026]]},"properties":{"osm_way_id":1537667111,"name":"Пушкин көшесі","name_ru":"улица Пушкина","name_kk":"Пушкин көшесі","highway":"secondary","importance_weight":2,"kind":"road","source":"OpenStreetMap contributors","sourceId":"osm-major-roads","source_url":"https://www.openstreetmap.org/way/1537667111"}},{"type":"Feature","id":"osm_way_1537667113","geometry":{"type":"LineString","coordinates":[[71.4736776,51.1644026],[71.4730151,51.1640442]]},"properties":{"osm_way_id":1537667113,"name":"Пушкин көшесі","name_ru":"улица Пушкина","name_kk":"Пушкин көшесі","highway":"secondary","importance_weight":2,"kind":"road","source":"OpenStreetMap contributors","sourceId":"osm-major-roads","source_url":"https://www.openstreetmap.org/way/1537667113"}},{"type":"Feature","id":"osm_way_1537667120","geometry":{"type":"LineString","coordinates":[[71.4784557,51.1685896],[71.4785268,51.1686277],[71.4786507,51.1686941],[71.4800498,51.1699533]]},"properties":{"osm_way_id":1537667120,"name":"osm_way_1537667120","name_ru":null,"name_kk":null,"highway":"secondary","importance_weight":2,"kind":"road","source":"OpenStreetMap contributors","sourceId":"osm-major-roads","source_url":"https://www.openstreetmap.org/way/1537667120"}},{"type":"Feature","id":"osm_way_1537667139","geometry":{"type":"LineString","coordinates":[[71.4774631,51.1676659],[71.4772668,51.1674832]]},"properties":{"osm_way_id":1537667139,"name":"Пушкин көшесі","name_ru":"улица Пушкина","name_kk":"Пушкин көшесі","highway":"secondary","importance_weight":2,"kind":"road","source":"OpenStreetMap contributors","sourceId":"osm-major-roads","source_url":"https://www.openstreetmap.org/way/1537667139"}},{"type":"Feature","id":"osm_way_1537667140","geometry":{"type":"LineString","coordinates":[[71.477052,51.1672615],[71.4767926,51.1669937],[71.4765766,51.1667708]]},"properties":{"osm_way_id":1537667140,"name":"Пушкин көшесі","name_ru":"улица Пушкина","name_kk":"Пушкин көшесі","highway":"secondary","importance_weight":2,"kind":"road","source":"OpenStreetMap contributors","sourceId":"osm-major-roads","source_url":"https://www.openstreetmap.org/way/1537667140"}},{"type":"Feature","id":"osm_way_1537667141","geometry":{"type":"LineString","coordinates":[[71.4780426,51.1682052],[71.4775423,51.1677396],[71.4774631,51.1676659]]},"properties":{"osm_way_id":1537667141,"name":"Пушкин көшесі","name_ru":"улица Пушкина","name_kk":"Пушкин көшесі","highway":"secondary","importance_weight":2,"kind":"road","source":"OpenStreetMap contributors","sourceId":"osm-major-roads","source_url":"https://www.openstreetmap.org/way/1537667141"}},{"type":"Feature","id":"osm_way_1537667142","geometry":{"type":"LineString","coordinates":[[71.4781087,51.1682667],[71.4780426,51.1682052]]},"properties":{"osm_way_id":1537667142,"name":"Пушкин көшесі","name_ru":"улица Пушкина","name_kk":"Пушкин көшесі","highway":"secondary","importance_weight":2,"kind":"road","source":"OpenStreetMap contributors","sourceId":"osm-major-roads","source_url":"https://www.openstreetmap.org/way/1537667142"}},{"type":"Feature","id":"osm_way_1537667148","geometry":{"type":"LineString","coordinates":[[71.4764861,51.1666774],[71.4759122,51.1660849]]},"properties":{"osm_way_id":1537667148,"name":"Пушкин көшесі","name_ru":"улица Пушкина","name_kk":"Пушкин көшесі","highway":"secondary","importance_weight":2,"kind":"road","source":"OpenStreetMap contributors","sourceId":"osm-major-roads","source_url":"https://www.openstreetmap.org/way/1537667148"}},{"type":"Feature","id":"osm_way_1537667149","geometry":{"type":"LineString","coordinates":[[71.4765766,51.1667708],[71.4764861,51.1666774]]},"properties":{"osm_way_id":1537667149,"name":"Пушкин көшесі","name_ru":"улица Пушкина","name_kk":"Пушкин көшесі","highway":"secondary","importance_weight":2,"kind":"road","source":"OpenStreetMap contributors","sourceId":"osm-major-roads","source_url":"https://www.openstreetmap.org/way/1537667149"}},{"type":"Feature","id":"osm_way_1537667151","geometry":{"type":"LineString","coordinates":[[71.4730151,51.1640442],[71.4723449,51.1636815]]},"properties":{"osm_way_id":1537667151,"name":"Пушкин көшесі","name_ru":"улица Пушкина","name_kk":"Пушкин көшесі","highway":"secondary","importance_weight":2,"kind":"road","source":"OpenStreetMap contributors","sourceId":"osm-major-roads","source_url":"https://www.openstreetmap.org/way/1537667151"}},{"type":"Feature","id":"osm_way_1537667152","geometry":{"type":"LineString","coordinates":[[71.4723449,51.1636815],[71.4722799,51.1636464]]},"properties":{"osm_way_id":1537667152,"name":"Пушкин көшесі","name_ru":"улица Пушкина","name_kk":"Пушкин көшесі","highway":"secondary","importance_weight":2,"kind":"road","source":"OpenStreetMap contributors","sourceId":"osm-major-roads","source_url":"https://www.openstreetmap.org/way/1537667152"}},{"type":"Feature","id":"osm_way_1537667153","geometry":{"type":"LineString","coordinates":[[71.4722799,51.1636464],[71.471953,51.1634695],[71.4718598,51.163419],[71.4717659,51.1633683]]},"properties":{"osm_way_id":1537667153,"name":"Пушкин көшесі","name_ru":"улица Пушкина","name_kk":"Пушкин көшесі","highway":"secondary","importance_weight":2,"kind":"road","source":"OpenStreetMap contributors","sourceId":"osm-major-roads","source_url":"https://www.openstreetmap.org/way/1537667153"}},{"type":"Feature","id":"osm_way_1537667154","geometry":{"type":"LineString","coordinates":[[71.4703973,51.1625897],[71.4700076,51.1623707]]},"properties":{"osm_way_id":1537667154,"name":"Пушкин көшесі","name_ru":"улица Пушкина","name_kk":"Пушкин көшесі","highway":"secondary","importance_weight":2,"kind":"road","source":"OpenStreetMap contributors","sourceId":"osm-major-roads","source_url":"https://www.openstreetmap.org/way/1537667154"}},{"type":"Feature","id":"osm_way_1537667155","geometry":{"type":"LineString","coordinates":[[71.4700076,51.1623707],[71.4692995,51.1619685]]},"properties":{"osm_way_id":1537667155,"name":"Пушкин көшесі","name_ru":"улица Пушкина","name_kk":"Пушкин көшесі","highway":"secondary","importance_weight":2,"kind":"road","source":"OpenStreetMap contributors","sourceId":"osm-major-roads","source_url":"https://www.openstreetmap.org/way/1537667155"}},{"type":"Feature","id":"osm_way_1537667160","geometry":{"type":"LineString","coordinates":[[71.4692995,51.1619685],[71.4689447,51.1617847],[71.4686089,51.1615779]]},"properties":{"osm_way_id":1537667160,"name":"Пушкин көшесі","name_ru":"улица Пушкина","name_kk":"Пушкин көшесі","highway":"secondary","importance_weight":2,"kind":"road","source":"OpenStreetMap contributors","sourceId":"osm-major-roads","source_url":"https://www.openstreetmap.org/way/1537667160"}},{"type":"Feature","id":"osm_way_1537667161","geometry":{"type":"LineString","coordinates":[[71.4686089,51.1615779],[71.4682968,51.1612583]]},"properties":{"osm_way_id":1537667161,"name":"Пушкин көшесі","name_ru":"улица Пушкина","name_kk":"Пушкин көшесі","highway":"secondary","importance_weight":2,"kind":"road","source":"OpenStreetMap contributors","sourceId":"osm-major-roads","source_url":"https://www.openstreetmap.org/way/1537667161"}},{"type":"Feature","id":"osm_way_1537667174","geometry":{"type":"LineString","coordinates":[[71.4681203,51.1611828],[71.4679608,51.1610537],[71.467773,51.160899],[71.4677345,51.1608656],[71.4674754,51.1606512],[71.4669559,51.1602303],[71.4664665,51.1598232]]},"properties":{"osm_way_id":1537667174,"name":"Пушкин көшесі","name_ru":"улица Пушкина","name_kk":"Пушкин көшесі","highway":"primary","importance_weight":3,"kind":"road","source":"OpenStreetMap contributors","sourceId":"osm-major-roads","source_url":"https://www.openstreetmap.org/way/1537667174"}},{"type":"Feature","id":"osm_way_1537667179","geometry":{"type":"LineString","coordinates":[[71.460597,51.1578126],[71.460306,51.1577031]]},"properties":{"osm_way_id":1537667179,"name":"Пушкин көшесі","name_ru":"улица Пушкина","name_kk":"Пушкин көшесі","highway":"primary","importance_weight":3,"kind":"road","source":"OpenStreetMap contributors","sourceId":"osm-major-roads","source_url":"https://www.openstreetmap.org/way/1537667179"}},{"type":"Feature","id":"osm_way_1537667180","geometry":{"type":"LineString","coordinates":[[71.460306,51.1577031],[71.4591692,51.1573049],[71.4578016,51.156809],[71.4576976,51.1567713],[71.4574933,51.156698],[71.4574397,51.1566788],[71.4561531,51.1562171],[71.4553283,51.1559295]]},"properties":{"osm_way_id":1537667180,"name":"Пушкин көшесі","name_ru":"улица Пушкина","name_kk":"Пушкин көшесі","highway":"primary","importance_weight":3,"kind":"road","source":"OpenStreetMap contributors","sourceId":"osm-major-roads","source_url":"https://www.openstreetmap.org/way/1537667180"}},{"type":"Feature","id":"osm_way_1537667187","geometry":{"type":"LineString","coordinates":[[71.4497715,51.153496],[71.4496596,51.1534496],[71.4494757,51.153383],[71.4489326,51.1531663]]},"properties":{"osm_way_id":1537667187,"name":"Жұмабек Тәшенов көшесі","name_ru":"улица Жумабека Ташенова","name_kk":null,"highway":"primary","importance_weight":3,"kind":"road","source":"OpenStreetMap contributors","sourceId":"osm-major-roads","source_url":"https://www.openstreetmap.org/way/1537667187"}},{"type":"Feature","id":"osm_way_1537667190","geometry":{"type":"LineString","coordinates":[[71.450218,51.1536812],[71.4497715,51.153496]]},"properties":{"osm_way_id":1537667190,"name":"Жұмабек Тәшенов көшесі","name_ru":"улица Жумабека Ташенова","name_kk":null,"highway":"primary","importance_weight":3,"kind":"road","source":"OpenStreetMap contributors","sourceId":"osm-major-roads","source_url":"https://www.openstreetmap.org/way/1537667190"}},{"type":"Feature","id":"osm_way_1537667191","geometry":{"type":"LineString","coordinates":[[71.4489326,51.1531663],[71.448217,51.152884]]},"properties":{"osm_way_id":1537667191,"name":"Жұмабек Тәшенов көшесі","name_ru":"улица Жумабека Ташенова","name_kk":null,"highway":"primary","importance_weight":3,"kind":"road","source":"OpenStreetMap contributors","sourceId":"osm-major-roads","source_url":"https://www.openstreetmap.org/way/1537667191"}},{"type":"Feature","id":"osm_way_1537667192","geometry":{"type":"LineString","coordinates":[[71.448217,51.152884],[71.447252,51.1524999]]},"properties":{"osm_way_id":1537667192,"name":"Жұмабек Тәшенов көшесі","name_ru":"улица Жумабека Ташенова","name_kk":null,"highway":"primary","importance_weight":3,"kind":"road","source":"OpenStreetMap contributors","sourceId":"osm-major-roads","source_url":"https://www.openstreetmap.org/way/1537667192"}},{"type":"Feature","id":"osm_way_1537667193","geometry":{"type":"LineString","coordinates":[[71.447252,51.1524999],[71.4468001,51.1523334],[71.4463832,51.1521842],[71.4461544,51.1521323]]},"properties":{"osm_way_id":1537667193,"name":"Жұмабек Тәшенов көшесі","name_ru":"улица Жумабека Ташенова","name_kk":null,"highway":"primary","importance_weight":3,"kind":"road","source":"OpenStreetMap contributors","sourceId":"osm-major-roads","source_url":"https://www.openstreetmap.org/way/1537667193"}},{"type":"Feature","id":"osm_way_1537667202","geometry":{"type":"LineString","coordinates":[[71.4458194,51.1520563],[71.445296,51.1519872]]},"properties":{"osm_way_id":1537667202,"name":"Жұмабек Тәшенов көшесі","name_ru":"улица Жумабека Ташенова","name_kk":null,"highway":"primary","importance_weight":3,"kind":"road","source":"OpenStreetMap contributors","sourceId":"osm-major-roads","source_url":"https://www.openstreetmap.org/way/1537667202"}},{"type":"Feature","id":"osm_way_1537667203","geometry":{"type":"LineString","coordinates":[[71.4461544,51.1521323],[71.4458194,51.1520563]]},"properties":{"osm_way_id":1537667203,"name":"Жұмабек Тәшенов көшесі","name_ru":"улица Жумабека Ташенова","name_kk":null,"highway":"primary","importance_weight":3,"kind":"road","source":"OpenStreetMap contributors","sourceId":"osm-major-roads","source_url":"https://www.openstreetmap.org/way/1537667203"}},{"type":"Feature","id":"osm_way_1537667204","geometry":{"type":"LineString","coordinates":[[71.4431033,51.1519314],[71.4415399,51.1519462]]},"properties":{"osm_way_id":1537667204,"name":"Жұмабек Тәшенов көшесі","name_ru":"улица Жумабека Ташенова","name_kk":null,"highway":"primary","importance_weight":3,"kind":"road","source":"OpenStreetMap contributors","sourceId":"osm-major-roads","source_url":"https://www.openstreetmap.org/way/1537667204"}},{"type":"Feature","id":"osm_way_1537667206","geometry":{"type":"LineString","coordinates":[[71.439214,51.152019],[71.4379678,51.1520712],[71.4378352,51.152082]]},"properties":{"osm_way_id":1537667206,"name":"Жұмабек Тәшенов көшесі","name_ru":"улица Жумабека Ташенова","name_kk":null,"highway":"primary","importance_weight":3,"kind":"road","source":"OpenStreetMap contributors","sourceId":"osm-major-roads","source_url":"https://www.openstreetmap.org/way/1537667206"}},{"type":"Feature","id":"osm_way_1537667212","geometry":{"type":"LineString","coordinates":[[71.467247,51.1532623],[71.4672757,51.1532259]]},"properties":{"osm_way_id":1537667212,"name":"Қаныш Сәтбаев көшесі","name_ru":"улица Каныша Сатпаева","name_kk":"Қаныш Сәтбаев көшесі","highway":"secondary","importance_weight":2,"kind":"road","source":"OpenStreetMap contributors","sourceId":"osm-major-roads","source_url":"https://www.openstreetmap.org/way/1537667212"}},{"type":"Feature","id":"osm_way_1537667213","geometry":{"type":"LineString","coordinates":[[71.4672757,51.1532259],[71.4676988,51.1526888],[71.4677425,51.1526291],[71.4681268,51.152098],[71.468475,51.1515903],[71.4689859,51.1508619],[71.4691247,51.1506639],[71.469486,51.1501843],[71.4696421,51.149951],[71.4699527,51.1494919]]},"properties":{"osm_way_id":1537667213,"name":"Қаныш Сәтбаев көшесі","name_ru":"улица Каныша Сатпаева","name_kk":"Қаныш Сәтбаев көшесі","highway":"secondary","importance_weight":2,"kind":"road","source":"OpenStreetMap contributors","sourceId":"osm-major-roads","source_url":"https://www.openstreetmap.org/way/1537667213"}},{"type":"Feature","id":"osm_way_1537667214","geometry":{"type":"LineString","coordinates":[[71.4671839,51.1533423],[71.467247,51.1532623]]},"properties":{"osm_way_id":1537667214,"name":"Қаныш Сәтбаев көшесі","name_ru":"улица Каныша Сатпаева","name_kk":"Қаныш Сәтбаев көшесі","highway":"secondary","importance_weight":2,"kind":"road","source":"OpenStreetMap contributors","sourceId":"osm-major-roads","source_url":"https://www.openstreetmap.org/way/1537667214"}},{"type":"Feature","id":"osm_way_1537667217","geometry":{"type":"LineString","coordinates":[[71.4765492,51.1403233],[71.4769224,51.1398128],[71.4769751,51.1397357]]},"properties":{"osm_way_id":1537667217,"name":"Қаныш Сәтбаев көшесі","name_ru":"улица Каныша Сатпаева","name_kk":"Қаныш Сәтбаев көшесі","highway":"secondary","importance_weight":2,"kind":"road","source":"OpenStreetMap contributors","sourceId":"osm-major-roads","source_url":"https://www.openstreetmap.org/way/1537667217"}},{"type":"Feature","id":"osm_way_1537667218","geometry":{"type":"LineString","coordinates":[[71.4764447,51.1404555],[71.4765492,51.1403233]]},"properties":{"osm_way_id":1537667218,"name":"Қаныш Сәтбаев көшесі","name_ru":"улица Каныша Сатпаева","name_kk":"Қаныш Сәтбаев көшесі","highway":"secondary","importance_weight":2,"kind":"road","source":"OpenStreetMap contributors","sourceId":"osm-major-roads","source_url":"https://www.openstreetmap.org/way/1537667218"}},{"type":"Feature","id":"osm_way_1537667219","geometry":{"type":"LineString","coordinates":[[71.475675,51.1415322],[71.4758157,51.1413416]]},"properties":{"osm_way_id":1537667219,"name":"Қаныш Сәтбаев көшесі","name_ru":"улица Каныша Сатпаева","name_kk":"Қаныш Сәтбаев көшесі","highway":"secondary","importance_weight":2,"kind":"road","source":"OpenStreetMap contributors","sourceId":"osm-major-roads","source_url":"https://www.openstreetmap.org/way/1537667219"}},{"type":"Feature","id":"osm_way_1537667220","geometry":{"type":"LineString","coordinates":[[71.4758157,51.1413416],[71.4760809,51.140968],[71.4764447,51.1404555]]},"properties":{"osm_way_id":1537667220,"name":"Қаныш Сәтбаев көшесі","name_ru":"улица Каныша Сатпаева","name_kk":"Қаныш Сәтбаев көшесі","highway":"secondary","importance_weight":2,"kind":"road","source":"OpenStreetMap contributors","sourceId":"osm-major-roads","source_url":"https://www.openstreetmap.org/way/1537667220"}},{"type":"Feature","id":"osm_way_1537667221","geometry":{"type":"LineString","coordinates":[[71.4756397,51.1415741],[71.475675,51.1415322]]},"properties":{"osm_way_id":1537667221,"name":"Қаныш Сәтбаев көшесі","name_ru":"улица Каныша Сатпаева","name_kk":"Қаныш Сәтбаев көшесі","highway":"secondary","importance_weight":2,"kind":"road","source":"OpenStreetMap contributors","sourceId":"osm-major-roads","source_url":"https://www.openstreetmap.org/way/1537667221"}},{"type":"Feature","id":"osm_way_1537667222","geometry":{"type":"LineString","coordinates":[[71.4752146,51.1421366],[71.4752949,51.1420305]]},"properties":{"osm_way_id":1537667222,"name":"Қаныш Сәтбаев көшесі","name_ru":"улица Каныша Сатпаева","name_kk":"Қаныш Сәтбаев көшесі","highway":"secondary","importance_weight":2,"kind":"road","source":"OpenStreetMap contributors","sourceId":"osm-major-roads","source_url":"https://www.openstreetmap.org/way/1537667222"}},{"type":"Feature","id":"osm_way_1537667223","geometry":{"type":"LineString","coordinates":[[71.4752949,51.1420305],[71.4756397,51.1415741]]},"properties":{"osm_way_id":1537667223,"name":"Қаныш Сәтбаев көшесі","name_ru":"улица Каныша Сатпаева","name_kk":"Қаныш Сәтбаев көшесі","highway":"secondary","importance_weight":2,"kind":"road","source":"OpenStreetMap contributors","sourceId":"osm-major-roads","source_url":"https://www.openstreetmap.org/way/1537667223"}},{"type":"Feature","id":"osm_way_1537667224","geometry":{"type":"LineString","coordinates":[[71.475034,51.1424042],[71.4752146,51.1421366]]},"properties":{"osm_way_id":1537667224,"name":"Қаныш Сәтбаев көшесі","name_ru":"улица Каныша Сатпаева","name_kk":"Қаныш Сәтбаев көшесі","highway":"secondary","importance_weight":2,"kind":"road","source":"OpenStreetMap contributors","sourceId":"osm-major-roads","source_url":"https://www.openstreetmap.org/way/1537667224"}},{"type":"Feature","id":"osm_way_1537667225","geometry":{"type":"LineString","coordinates":[[71.4750137,51.1424303],[71.475034,51.1424042]]},"properties":{"osm_way_id":1537667225,"name":"Қаныш Сәтбаев көшесі","name_ru":"улица Каныша Сатпаева","name_kk":"Қаныш Сәтбаев көшесі","highway":"secondary","importance_weight":2,"kind":"road","source":"OpenStreetMap contributors","sourceId":"osm-major-roads","source_url":"https://www.openstreetmap.org/way/1537667225"}},{"type":"Feature","id":"osm_way_1537667228","geometry":{"type":"LineString","coordinates":[[71.4742196,51.143572],[71.474434,51.1432637],[71.4747186,51.1428546],[71.4747706,51.1427799],[71.4750137,51.1424303]]},"properties":{"osm_way_id":1537667228,"name":"Қаныш Сәтбаев көшесі","name_ru":"улица Каныша Сатпаева","name_kk":"Қаныш Сәтбаев көшесі","highway":"secondary","importance_weight":2,"kind":"road","source":"OpenStreetMap contributors","sourceId":"osm-major-roads","source_url":"https://www.openstreetmap.org/way/1537667228"}},{"type":"Feature","id":"osm_way_1537667235","geometry":{"type":"LineString","coordinates":[[71.4718974,51.1467811],[71.4720708,51.1465415]]},"properties":{"osm_way_id":1537667235,"name":"Қаныш Сәтбаев көшесі","name_ru":"улица Каныша Сатпаева","name_kk":"Қаныш Сәтбаев көшесі","highway":"secondary","importance_weight":2,"kind":"road","source":"OpenStreetMap contributors","sourceId":"osm-major-roads","source_url":"https://www.openstreetmap.org/way/1537667235"}},{"type":"Feature","id":"osm_way_1537667236","geometry":{"type":"LineString","coordinates":[[71.4709391,51.1481054],[71.4711295,51.1478422]]},"properties":{"osm_way_id":1537667236,"name":"Қаныш Сәтбаев көшесі","name_ru":"улица Каныша Сатпаева","name_kk":"Қаныш Сәтбаев көшесі","highway":"secondary","importance_weight":2,"kind":"road","source":"OpenStreetMap contributors","sourceId":"osm-major-roads","source_url":"https://www.openstreetmap.org/way/1537667236"}},{"type":"Feature","id":"osm_way_1537667237","geometry":{"type":"LineString","coordinates":[[71.4711295,51.1478422],[71.4712463,51.1476809]]},"properties":{"osm_way_id":1537667237,"name":"Қаныш Сәтбаев көшесі","name_ru":"улица Каныша Сатпаева","name_kk":"Қаныш Сәтбаев көшесі","highway":"secondary","importance_weight":2,"kind":"road","source":"OpenStreetMap contributors","sourceId":"osm-major-roads","source_url":"https://www.openstreetmap.org/way/1537667237"}},{"type":"Feature","id":"osm_way_1537667238","geometry":{"type":"LineString","coordinates":[[71.4712463,51.1476809],[71.4716992,51.1470551],[71.4718974,51.1467811]]},"properties":{"osm_way_id":1537667238,"name":"Қаныш Сәтбаев көшесі","name_ru":"улица Каныша Сатпаева","name_kk":"Қаныш Сәтбаев көшесі","highway":"secondary","importance_weight":2,"kind":"road","source":"OpenStreetMap contributors","sourceId":"osm-major-roads","source_url":"https://www.openstreetmap.org/way/1537667238"}},{"type":"Feature","id":"osm_way_1537667240","geometry":{"type":"LineString","coordinates":[[71.4706829,51.1484594],[71.4709391,51.1481054]]},"properties":{"osm_way_id":1537667240,"name":"Қаныш Сәтбаев көшесі","name_ru":"улица Каныша Сатпаева","name_kk":"Қаныш Сәтбаев көшесі","highway":"secondary","importance_weight":2,"kind":"road","source":"OpenStreetMap contributors","sourceId":"osm-major-roads","source_url":"https://www.openstreetmap.org/way/1537667240"}},{"type":"Feature","id":"osm_way_1537667253","geometry":{"type":"LineString","coordinates":[[71.4699527,51.1494919],[71.470052,51.1493574]]},"properties":{"osm_way_id":1537667253,"name":"Қаныш Сәтбаев көшесі","name_ru":"улица Каныша Сатпаева","name_kk":"Қаныш Сәтбаев көшесі","highway":"secondary","importance_weight":2,"kind":"road","source":"OpenStreetMap contributors","sourceId":"osm-major-roads","source_url":"https://www.openstreetmap.org/way/1537667253"}},{"type":"Feature","id":"osm_way_1537667254","geometry":{"type":"LineString","coordinates":[[71.470052,51.1493574],[71.4701514,51.1491875],[71.4702909,51.1490011]]},"properties":{"osm_way_id":1537667254,"name":"Қаныш Сәтбаев көшесі","name_ru":"улица Каныша Сатпаева","name_kk":"Қаныш Сәтбаев көшесі","highway":"secondary","importance_weight":2,"kind":"road","source":"OpenStreetMap contributors","sourceId":"osm-major-roads","source_url":"https://www.openstreetmap.org/way/1537667254"}},{"type":"Feature","id":"osm_way_1537737413","geometry":{"type":"LineString","coordinates":[[71.5055939,51.1971245],[71.5054463,51.196966],[71.5051037,51.1966059]]},"properties":{"osm_way_id":1537737413,"name":"Пушкин көшесі","name_ru":"улица Пушкина","name_kk":"Пушкин көшесі","highway":"secondary","importance_weight":2,"kind":"road","source":"OpenStreetMap contributors","sourceId":"osm-major-roads","source_url":"https://www.openstreetmap.org/way/1537737413"}},{"type":"Feature","id":"osm_way_1537737414","geometry":{"type":"LineString","coordinates":[[71.5050033,51.1965004],[71.5047238,51.1962066],[71.5044806,51.1959461]]},"properties":{"osm_way_id":1537737414,"name":"Пушкин көшесі","name_ru":"улица Пушкина","name_kk":"Пушкин көшесі","highway":"secondary","importance_weight":2,"kind":"road","source":"OpenStreetMap contributors","sourceId":"osm-major-roads","source_url":"https://www.openstreetmap.org/way/1537737414"}},{"type":"Feature","id":"osm_way_1537737415","geometry":{"type":"LineString","coordinates":[[71.5051037,51.1966059],[71.5050033,51.1965004]]},"properties":{"osm_way_id":1537737415,"name":"Пушкин көшесі","name_ru":"улица Пушкина","name_kk":"Пушкин көшесі","highway":"secondary","importance_weight":2,"kind":"road","source":"OpenStreetMap contributors","sourceId":"osm-major-roads","source_url":"https://www.openstreetmap.org/way/1537737415"}},{"type":"Feature","id":"osm_way_1537737416","geometry":{"type":"LineString","coordinates":[[71.5044806,51.1959461],[71.5039471,51.1953745],[71.5034028,51.1947887]]},"properties":{"osm_way_id":1537737416,"name":"Пушкин көшесі","name_ru":"улица Пушкина","name_kk":"Пушкин көшесі","highway":"secondary","importance_weight":2,"kind":"road","source":"OpenStreetMap contributors","sourceId":"osm-major-roads","source_url":"https://www.openstreetmap.org/way/1537737416"}},{"type":"Feature","id":"osm_way_1537737417","geometry":{"type":"LineString","coordinates":[[71.5034028,51.1947887],[71.5029844,51.1943384]]},"properties":{"osm_way_id":1537737417,"name":"Пушкин көшесі","name_ru":"улица Пушкина","name_kk":"Пушкин көшесі","highway":"secondary","importance_weight":2,"kind":"road","source":"OpenStreetMap contributors","sourceId":"osm-major-roads","source_url":"https://www.openstreetmap.org/way/1537737417"}},{"type":"Feature","id":"osm_way_1537737418","geometry":{"type":"LineString","coordinates":[[71.5028588,51.1942033],[71.502619,51.1939453],[71.5023918,51.1937007],[71.5021475,51.1934378],[71.5019171,51.1931898],[71.501709,51.1929659],[71.5014932,51.1927337],[71.500917,51.1921136]]},"properties":{"osm_way_id":1537737418,"name":"Пушкин көшесі","name_ru":"улица Пушкина","name_kk":"Пушкин көшесі","highway":"secondary","importance_weight":2,"kind":"road","source":"OpenStreetMap contributors","sourceId":"osm-major-roads","source_url":"https://www.openstreetmap.org/way/1537737418"}},{"type":"Feature","id":"osm_way_1537737419","geometry":{"type":"LineString","coordinates":[[71.5029844,51.1943384],[71.5028588,51.1942033]]},"properties":{"osm_way_id":1537737419,"name":"Пушкин көшесі","name_ru":"улица Пушкина","name_kk":"Пушкин көшесі","highway":"secondary","importance_weight":2,"kind":"road","source":"OpenStreetMap contributors","sourceId":"osm-major-roads","source_url":"https://www.openstreetmap.org/way/1537737419"}},{"type":"Feature","id":"osm_way_1537737422","geometry":{"type":"LineString","coordinates":[[71.500917,51.1921136],[71.5003836,51.1915396],[71.4993167,51.1904042]]},"properties":{"osm_way_id":1537737422,"name":"Пушкин көшесі","name_ru":"улица Пушкина","name_kk":"Пушкин көшесі","highway":"secondary","importance_weight":2,"kind":"road","source":"OpenStreetMap contributors","sourceId":"osm-major-roads","source_url":"https://www.openstreetmap.org/way/1537737422"}},{"type":"Feature","id":"osm_way_1537737423","geometry":{"type":"LineString","coordinates":[[71.4993167,51.1904042],[71.4986253,51.1896683],[71.4986011,51.1896426],[71.4985529,51.1895916],[71.4982794,51.1892991]]},"properties":{"osm_way_id":1537737423,"name":"Пушкин көшесі","name_ru":"улица Пушкина","name_kk":"Пушкин көшесі","highway":"secondary","importance_weight":2,"kind":"road","source":"OpenStreetMap contributors","sourceId":"osm-major-roads","source_url":"https://www.openstreetmap.org/way/1537737423"}},{"type":"Feature","id":"osm_way_1537737433","geometry":{"type":"LineString","coordinates":[[71.4981476,51.1891619],[71.4980832,51.1890936]]},"properties":{"osm_way_id":1537737433,"name":"Пушкин көшесі","name_ru":"улица Пушкина","name_kk":"Пушкин көшесі","highway":"secondary","importance_weight":2,"kind":"road","source":"OpenStreetMap contributors","sourceId":"osm-major-roads","source_url":"https://www.openstreetmap.org/way/1537737433"}},{"type":"Feature","id":"osm_way_1537737434","geometry":{"type":"LineString","coordinates":[[71.4980832,51.1890936],[71.497813,51.1888072],[71.4974827,51.1884604],[71.4970816,51.1880393],[71.4968742,51.1878205],[71.4963055,51.1872205],[71.4955606,51.1864345],[71.4954178,51.1862838]]},"properties":{"osm_way_id":1537737434,"name":"Пушкин көшесі","name_ru":"улица Пушкина","name_kk":"Пушкин көшесі","highway":"secondary","importance_weight":2,"kind":"road","source":"OpenStreetMap contributors","sourceId":"osm-major-roads","source_url":"https://www.openstreetmap.org/way/1537737434"}},{"type":"Feature","id":"osm_way_1537737435","geometry":{"type":"LineString","coordinates":[[71.4982794,51.1892991],[71.4981476,51.1891619]]},"properties":{"osm_way_id":1537737435,"name":"Пушкин көшесі","name_ru":"улица Пушкина","name_kk":"Пушкин көшесі","highway":"secondary","importance_weight":2,"kind":"road","source":"OpenStreetMap contributors","sourceId":"osm-major-roads","source_url":"https://www.openstreetmap.org/way/1537737435"}},{"type":"Feature","id":"osm_way_1537737445","geometry":{"type":"LineString","coordinates":[[71.4952364,51.1860939],[71.49508,51.1859306],[71.4949547,51.1857997]]},"properties":{"osm_way_id":1537737445,"name":"Пушкин көшесі","name_ru":"улица Пушкина","name_kk":"Пушкин көшесі","highway":"secondary","importance_weight":2,"kind":"road","source":"OpenStreetMap contributors","sourceId":"osm-major-roads","source_url":"https://www.openstreetmap.org/way/1537737445"}},{"type":"Feature","id":"osm_way_1537737446","geometry":{"type":"LineString","coordinates":[[71.4953722,51.1862357],[71.4952364,51.1860939]]},"properties":{"osm_way_id":1537737446,"name":"Пушкин көшесі","name_ru":"улица Пушкина","name_kk":"Пушкин көшесі","highway":"secondary","importance_weight":2,"kind":"road","source":"OpenStreetMap contributors","sourceId":"osm-major-roads","source_url":"https://www.openstreetmap.org/way/1537737446"}},{"type":"Feature","id":"osm_way_1537737447","geometry":{"type":"LineString","coordinates":[[71.4954178,51.1862838],[71.4953722,51.1862357]]},"properties":{"osm_way_id":1537737447,"name":"Пушкин көшесі","name_ru":"улица Пушкина","name_kk":"Пушкин көшесі","highway":"secondary","importance_weight":2,"kind":"road","source":"OpenStreetMap contributors","sourceId":"osm-major-roads","source_url":"https://www.openstreetmap.org/way/1537737447"}},{"type":"Feature","id":"osm_way_1537737448","geometry":{"type":"LineString","coordinates":[[71.4948453,51.185689],[71.4947021,51.185544]]},"properties":{"osm_way_id":1537737448,"name":"Пушкин көшесі","name_ru":"улица Пушкина","name_kk":"Пушкин көшесі","highway":"secondary","importance_weight":2,"kind":"road","source":"OpenStreetMap contributors","sourceId":"osm-major-roads","source_url":"https://www.openstreetmap.org/way/1537737448"}},{"type":"Feature","id":"osm_way_1537737449","geometry":{"type":"LineString","coordinates":[[71.4947021,51.185544],[71.4943687,51.1852018],[71.4942022,51.1850309]]},"properties":{"osm_way_id":1537737449,"name":"Пушкин көшесі","name_ru":"улица Пушкина","name_kk":"Пушкин көшесі","highway":"secondary","importance_weight":2,"kind":"road","source":"OpenStreetMap contributors","sourceId":"osm-major-roads","source_url":"https://www.openstreetmap.org/way/1537737449"}},{"type":"Feature","id":"osm_way_1537737450","geometry":{"type":"LineString","coordinates":[[71.4949547,51.1857997],[71.4948453,51.185689]]},"properties":{"osm_way_id":1537737450,"name":"Пушкин көшесі","name_ru":"улица Пушкина","name_kk":"Пушкин көшесі","highway":"secondary","importance_weight":2,"kind":"road","source":"OpenStreetMap contributors","sourceId":"osm-major-roads","source_url":"https://www.openstreetmap.org/way/1537737450"}},{"type":"Feature","id":"osm_way_1537737451","geometry":{"type":"LineString","coordinates":[[71.4942022,51.1850309],[71.4939781,51.1848009]]},"properties":{"osm_way_id":1537737451,"name":"Пушкин көшесі","name_ru":"улица Пушкина","name_kk":"Пушкин көшесі","highway":"secondary","importance_weight":2,"kind":"road","source":"OpenStreetMap contributors","sourceId":"osm-major-roads","source_url":"https://www.openstreetmap.org/way/1537737451"}},{"type":"Feature","id":"osm_way_1537737452","geometry":{"type":"LineString","coordinates":[[71.4939781,51.1848009],[71.4936655,51.184474],[71.4934104,51.1842107],[71.4923162,51.1830812],[71.4919394,51.182696]]},"properties":{"osm_way_id":1537737452,"name":"Пушкин көшесі","name_ru":"улица Пушкина","name_kk":"Пушкин көшесі","highway":"secondary","importance_weight":2,"kind":"road","source":"OpenStreetMap contributors","sourceId":"osm-major-roads","source_url":"https://www.openstreetmap.org/way/1537737452"}},{"type":"Feature","id":"osm_way_1537737455","geometry":{"type":"LineString","coordinates":[[71.4914903,51.1822369],[71.4914084,51.1821531]]},"properties":{"osm_way_id":1537737455,"name":"Пушкин көшесі","name_ru":"улица Пушкина","name_kk":"Пушкин көшесі","highway":"secondary","importance_weight":2,"kind":"road","source":"OpenStreetMap contributors","sourceId":"osm-major-roads","source_url":"https://www.openstreetmap.org/way/1537737455"}},{"type":"Feature","id":"osm_way_1537737456","geometry":{"type":"LineString","coordinates":[[71.4914084,51.1821531],[71.4912626,51.1820041]]},"properties":{"osm_way_id":1537737456,"name":"Пушкин көшесі","name_ru":"улица Пушкина","name_kk":"Пушкин көшесі","highway":"secondary","importance_weight":2,"kind":"road","source":"OpenStreetMap contributors","sourceId":"osm-major-roads","source_url":"https://www.openstreetmap.org/way/1537737456"}},{"type":"Feature","id":"osm_way_1537737457","geometry":{"type":"LineString","coordinates":[[71.4919394,51.182696],[71.4914903,51.1822369]]},"properties":{"osm_way_id":1537737457,"name":"Пушкин көшесі","name_ru":"улица Пушкина","name_kk":"Пушкин көшесі","highway":"secondary","importance_weight":2,"kind":"road","source":"OpenStreetMap contributors","sourceId":"osm-major-roads","source_url":"https://www.openstreetmap.org/way/1537737457"}},{"type":"Feature","id":"osm_way_1537737458","geometry":{"type":"LineString","coordinates":[[71.4912626,51.1820041],[71.4908114,51.1815427]]},"properties":{"osm_way_id":1537737458,"name":"Пушкин көшесі","name_ru":"улица Пушкина","name_kk":"Пушкин көшесі","highway":"secondary","importance_weight":2,"kind":"road","source":"OpenStreetMap contributors","sourceId":"osm-major-roads","source_url":"https://www.openstreetmap.org/way/1537737458"}},{"type":"Feature","id":"osm_way_1537737459","geometry":{"type":"LineString","coordinates":[[71.4907255,51.1814591],[71.4905673,51.181305]]},"properties":{"osm_way_id":1537737459,"name":"Пушкин көшесі","name_ru":"улица Пушкина","name_kk":"Пушкин көшесі","highway":"secondary","importance_weight":2,"kind":"road","source":"OpenStreetMap contributors","sourceId":"osm-major-roads","source_url":"https://www.openstreetmap.org/way/1537737459"}},{"type":"Feature","id":"osm_way_1537737460","geometry":{"type":"LineString","coordinates":[[71.4905673,51.181305],[71.4898197,51.180523],[71.4895602,51.1802629],[71.4893892,51.180078],[71.489328,51.1800158],[71.4888354,51.1795054]]},"properties":{"osm_way_id":1537737460,"name":"Пушкин көшесі","name_ru":"улица Пушкина","name_kk":"Пушкин көшесі","highway":"secondary","importance_weight":2,"kind":"road","source":"OpenStreetMap contributors","sourceId":"osm-major-roads","source_url":"https://www.openstreetmap.org/way/1537737460"}},{"type":"Feature","id":"osm_way_1537737461","geometry":{"type":"LineString","coordinates":[[71.4908114,51.1815427],[71.4907255,51.1814591]]},"properties":{"osm_way_id":1537737461,"name":"Пушкин көшесі","name_ru":"улица Пушкина","name_kk":"Пушкин көшесі","highway":"secondary","importance_weight":2,"kind":"road","source":"OpenStreetMap contributors","sourceId":"osm-major-roads","source_url":"https://www.openstreetmap.org/way/1537737461"}},{"type":"Feature","id":"osm_way_1537737465","geometry":{"type":"LineString","coordinates":[[71.4888354,51.1795054],[71.4886628,51.1793243]]},"properties":{"osm_way_id":1537737465,"name":"Пушкин көшесі","name_ru":"улица Пушкина","name_kk":"Пушкин көшесі","highway":"secondary","importance_weight":2,"kind":"road","source":"OpenStreetMap contributors","sourceId":"osm-major-roads","source_url":"https://www.openstreetmap.org/way/1537737465"}},{"type":"Feature","id":"osm_way_1537737466","geometry":{"type":"LineString","coordinates":[[71.4886628,51.1793243],[71.4884396,51.1790875],[71.4879603,51.1785394]]},"properties":{"osm_way_id":1537737466,"name":"Пушкин көшесі","name_ru":"улица Пушкина","name_kk":"Пушкин көшесі","highway":"secondary","importance_weight":2,"kind":"road","source":"OpenStreetMap contributors","sourceId":"osm-major-roads","source_url":"https://www.openstreetmap.org/way/1537737466"}},{"type":"Feature","id":"osm_way_1537737471","geometry":{"type":"LineString","coordinates":[[71.4878641,51.178425],[71.4877443,51.1782826]]},"properties":{"osm_way_id":1537737471,"name":"Пушкин көшесі","name_ru":"улица Пушкина","name_kk":"Пушкин көшесі","highway":"secondary","importance_weight":2,"kind":"road","source":"OpenStreetMap contributors","sourceId":"osm-major-roads","source_url":"https://www.openstreetmap.org/way/1537737471"}},{"type":"Feature","id":"osm_way_1537737472","geometry":{"type":"LineString","coordinates":[[71.4877443,51.1782826],[71.4875572,51.1780795]]},"properties":{"osm_way_id":1537737472,"name":"Пушкин көшесі","name_ru":"улица Пушкина","name_kk":"Пушкин көшесі","highway":"secondary","importance_weight":2,"kind":"road","source":"OpenStreetMap contributors","sourceId":"osm-major-roads","source_url":"https://www.openstreetmap.org/way/1537737472"}},{"type":"Feature","id":"osm_way_1537737473","geometry":{"type":"LineString","coordinates":[[71.4879603,51.1785394],[71.4878641,51.178425]]},"properties":{"osm_way_id":1537737473,"name":"Пушкин көшесі","name_ru":"улица Пушкина","name_kk":"Пушкин көшесі","highway":"secondary","importance_weight":2,"kind":"road","source":"OpenStreetMap contributors","sourceId":"osm-major-roads","source_url":"https://www.openstreetmap.org/way/1537737473"}},{"type":"Feature","id":"osm_way_1537737474","geometry":{"type":"LineString","coordinates":[[71.4875572,51.1780795],[71.4874163,51.1779264]]},"properties":{"osm_way_id":1537737474,"name":"Пушкин көшесі","name_ru":"улица Пушкина","name_kk":"Пушкин көшесі","highway":"secondary","importance_weight":2,"kind":"road","source":"OpenStreetMap contributors","sourceId":"osm-major-roads","source_url":"https://www.openstreetmap.org/way/1537737474"}},{"type":"Feature","id":"osm_way_1537737475","geometry":{"type":"LineString","coordinates":[[71.4874163,51.1779264],[71.4871033,51.1775866]]},"properties":{"osm_way_id":1537737475,"name":"Пушкин көшесі","name_ru":"улица Пушкина","name_kk":"Пушкин көшесі","highway":"secondary","importance_weight":2,"kind":"road","source":"OpenStreetMap contributors","sourceId":"osm-major-roads","source_url":"https://www.openstreetmap.org/way/1537737475"}},{"type":"Feature","id":"osm_way_1537737476","geometry":{"type":"LineString","coordinates":[[71.4871033,51.1775866],[71.4867168,51.1771768],[71.486234,51.1766319]]},"properties":{"osm_way_id":1537737476,"name":"Пушкин көшесі","name_ru":"улица Пушкина","name_kk":"Пушкин көшесі","highway":"secondary","importance_weight":2,"kind":"road","source":"OpenStreetMap contributors","sourceId":"osm-major-roads","source_url":"https://www.openstreetmap.org/way/1537737476"}},{"type":"Feature","id":"osm_way_1537905927","geometry":{"type":"LineString","coordinates":[[71.5103346,51.1521122],[71.5090413,51.1526394],[71.5087858,51.152754],[71.5084758,51.1528699]]},"properties":{"osm_way_id":1537905927,"name":"Шәкәрім Құдайбердіұлы даңғылы","name_ru":"проспект Шaкaрима Кудайбердыулы","name_kk":"Шәкәрім Құдайбердіұлы даңғылы","highway":"secondary","importance_weight":2,"kind":"road","source":"OpenStreetMap contributors","sourceId":"osm-major-roads","source_url":"https://www.openstreetmap.org/way/1537905927"}},{"type":"Feature","id":"osm_way_1537905966","geometry":{"type":"LineString","coordinates":[[71.5182057,51.1490851],[71.5173918,51.1494021],[71.5161287,51.149894],[71.5159282,51.1499721]]},"properties":{"osm_way_id":1537905966,"name":"Шәкәрім Құдайбердіұлы даңғылы","name_ru":"проспект Шaкaрима Кудайбердыулы","name_kk":"Шәкәрім Құдайбердіұлы даңғылы","highway":"secondary","importance_weight":2,"kind":"road","source":"OpenStreetMap contributors","sourceId":"osm-major-roads","source_url":"https://www.openstreetmap.org/way/1537905966"}},{"type":"Feature","id":"osm_way_1537906034","geometry":{"type":"LineString","coordinates":[[71.5020481,51.1553175],[71.5018115,51.1554076]]},"properties":{"osm_way_id":1537906034,"name":"Шәкәрім Құдайбердіұлы даңғылы","name_ru":"проспект Шaкaрима Кудайбердыулы","name_kk":"Шәкәрім Құдайбердіұлы даңғылы","highway":"secondary","importance_weight":2,"kind":"road","source":"OpenStreetMap contributors","sourceId":"osm-major-roads","source_url":"https://www.openstreetmap.org/way/1537906034"}},{"type":"Feature","id":"osm_way_1537906035","geometry":{"type":"LineString","coordinates":[[71.5018115,51.1554076],[71.4989979,51.1564789],[71.4987699,51.1565657],[71.4980995,51.156821],[71.4978996,51.1568971],[71.4975323,51.1570369],[71.497024,51.1572305],[71.4968565,51.1572942],[71.4963672,51.1574805],[71.4961699,51.1575556],[71.4947187,51.1581082]]},"properties":{"osm_way_id":1537906035,"name":"Шәкәрім Құдайбердіұлы даңғылы","name_ru":"проспект Шaкaрима Кудайбердыулы","name_kk":"Шәкәрім Құдайбердіұлы даңғылы","highway":"secondary","importance_weight":2,"kind":"road","source":"OpenStreetMap contributors","sourceId":"osm-major-roads","source_url":"https://www.openstreetmap.org/way/1537906035"}},{"type":"Feature","id":"osm_way_1537906037","geometry":{"type":"LineString","coordinates":[[71.4856707,51.1615662],[71.4855449,51.1616142]]},"properties":{"osm_way_id":1537906037,"name":"Шәкәрім Құдайбердіұлы даңғылы","name_ru":"проспект Шaкaрима Кудайбердыулы","name_kk":"Шәкәрім Құдайбердіұлы даңғылы","highway":"secondary","importance_weight":2,"kind":"road","source":"OpenStreetMap contributors","sourceId":"osm-major-roads","source_url":"https://www.openstreetmap.org/way/1537906037"}},{"type":"Feature","id":"osm_way_1537906038","geometry":{"type":"LineString","coordinates":[[71.4855449,51.1616142],[71.483874,51.1622512]]},"properties":{"osm_way_id":1537906038,"name":"Шәкәрім Құдайбердіұлы даңғылы","name_ru":"проспект Шaкaрима Кудайбердыулы","name_kk":"Шәкәрім Құдайбердіұлы даңғылы","highway":"secondary","importance_weight":2,"kind":"road","source":"OpenStreetMap contributors","sourceId":"osm-major-roads","source_url":"https://www.openstreetmap.org/way/1537906038"}},{"type":"Feature","id":"osm_way_1537906040","geometry":{"type":"LineString","coordinates":[[71.483874,51.1622512],[71.4833205,51.1624623]]},"properties":{"osm_way_id":1537906040,"name":"Шәкәрім Құдайбердіұлы даңғылы","name_ru":"проспект Шaкaрима Кудайбердыулы","name_kk":"Шәкәрім Құдайбердіұлы даңғылы","highway":"secondary","importance_weight":2,"kind":"road","source":"OpenStreetMap contributors","sourceId":"osm-major-roads","source_url":"https://www.openstreetmap.org/way/1537906040"}},{"type":"Feature","id":"osm_way_1537906041","geometry":{"type":"LineString","coordinates":[[71.4772236,51.1646263],[71.4777275,51.1644755]]},"properties":{"osm_way_id":1537906041,"name":"Шәкәрім Құдайбердіұлы даңғылы","name_ru":"проспект Шaкaрима Кудайбердыулы","name_kk":"Шәкәрім Құдайбердіұлы даңғылы","highway":"secondary","importance_weight":2,"kind":"road","source":"OpenStreetMap contributors","sourceId":"osm-major-roads","source_url":"https://www.openstreetmap.org/way/1537906041"}},{"type":"Feature","id":"osm_way_1537906042","geometry":{"type":"LineString","coordinates":[[71.4759122,51.1660849],[71.4758242,51.1659941]]},"properties":{"osm_way_id":1537906042,"name":"Пушкин көшесі","name_ru":"улица Пушкина","name_kk":"Пушкин көшесі","highway":"secondary","importance_weight":2,"kind":"road","source":"OpenStreetMap contributors","sourceId":"osm-major-roads","source_url":"https://www.openstreetmap.org/way/1537906042"}},{"type":"Feature","id":"osm_way_1537906043","geometry":{"type":"LineString","coordinates":[[71.4758242,51.1659941],[71.4753451,51.1654995],[71.4752699,51.1654219],[71.4751169,51.1652639]]},"properties":{"osm_way_id":1537906043,"name":"Пушкин көшесі","name_ru":"улица Пушкина","name_kk":"Пушкин көшесі","highway":"secondary","importance_weight":2,"kind":"road","source":"OpenStreetMap contributors","sourceId":"osm-major-roads","source_url":"https://www.openstreetmap.org/way/1537906043"}},{"type":"Feature","id":"osm_way_1539303586","geometry":{"type":"LineString","coordinates":[[71.5335974,51.1531269],[71.532562,51.1520524]]},"properties":{"osm_way_id":1539303586,"name":"Рақымжан Қошқарбаев даңғылы","name_ru":"проспект Рахимжана Кошкарбаева","name_kk":"Рақымжан Қошқарбаев даңғылы","highway":"secondary","importance_weight":2,"kind":"road","source":"OpenStreetMap contributors","sourceId":"osm-major-roads","source_url":"https://www.openstreetmap.org/way/1539303586"}},{"type":"Feature","id":"osm_way_1539303692","geometry":{"type":"LineString","coordinates":[[71.5200391,51.1376779],[71.5205243,51.1375204]]},"properties":{"osm_way_id":1539303692,"name":"Төлебаев көшесі","name_ru":"улица Тулебаева","name_kk":null,"highway":"secondary","importance_weight":2,"kind":"road","source":"OpenStreetMap contributors","sourceId":"osm-major-roads","source_url":"https://www.openstreetmap.org/way/1539303692"}},{"type":"Feature","id":"osm_way_1539303714","geometry":{"type":"LineString","coordinates":[[71.5105247,51.1328635],[71.509658,51.1326164],[71.5094674,51.1325621],[71.5092158,51.1324903],[71.5084553,51.1322735]]},"properties":{"osm_way_id":1539303714,"name":"Рақымжан Қошқарбаев даңғылы","name_ru":"проспект Рахимжана Кошкарбаева","name_kk":"Рақымжан Қошқарбаев даңғылы","highway":"secondary","importance_weight":2,"kind":"road","source":"OpenStreetMap contributors","sourceId":"osm-major-roads","source_url":"https://www.openstreetmap.org/way/1539303714"}},{"type":"Feature","id":"osm_way_1539303749","geometry":{"type":"LineString","coordinates":[[71.4878373,51.1264553],[71.4870864,51.1262409],[71.4869819,51.126211],[71.4867428,51.1261527],[71.4865804,51.1261131]]},"properties":{"osm_way_id":1539303749,"name":"Рақымжан Қошқарбаев даңғылы","name_ru":"проспект Рахимжана Кошкарбаева","name_kk":"Рақымжан Қошқарбаев даңғылы","highway":"secondary","importance_weight":2,"kind":"road","source":"OpenStreetMap contributors","sourceId":"osm-major-roads","source_url":"https://www.openstreetmap.org/way/1539303749"}},{"type":"Feature","id":"osm_way_1539303751","geometry":{"type":"LineString","coordinates":[[71.4917272,51.1275584],[71.491249,51.1274228],[71.4911609,51.1273978],[71.4909528,51.1273388],[71.4899899,51.1270657],[71.4878373,51.1264553]]},"properties":{"osm_way_id":1539303751,"name":"Рақымжан Қошқарбаев даңғылы","name_ru":"проспект Рахимжана Кошкарбаева","name_kk":"Рақымжан Қошқарбаев даңғылы","highway":"secondary","importance_weight":2,"kind":"road","source":"OpenStreetMap contributors","sourceId":"osm-major-roads","source_url":"https://www.openstreetmap.org/way/1539303751"}},{"type":"Feature","id":"osm_way_1539303753","geometry":{"type":"LineString","coordinates":[[71.5084553,51.1322735],[71.5083492,51.132243],[71.5073131,51.1319451]]},"properties":{"osm_way_id":1539303753,"name":"Рақымжан Қошқарбаев даңғылы","name_ru":"проспект Рахимжана Кошкарбаева","name_kk":"Рақымжан Қошқарбаев даңғылы","highway":"secondary","importance_weight":2,"kind":"road","source":"OpenStreetMap contributors","sourceId":"osm-major-roads","source_url":"https://www.openstreetmap.org/way/1539303753"}},{"type":"Feature","id":"osm_way_1539303804","geometry":{"type":"LineString","coordinates":[[71.523811,51.1396942],[71.522367,51.1381989]]},"properties":{"osm_way_id":1539303804,"name":"Рақымжан Қошқарбаев даңғылы","name_ru":"проспект Рахимжана Кошкарбаева","name_kk":"Рақымжан Қошқарбаев даңғылы","highway":"secondary","importance_weight":2,"kind":"road","source":"OpenStreetMap contributors","sourceId":"osm-major-roads","source_url":"https://www.openstreetmap.org/way/1539303804"}},{"type":"Feature","id":"osm_way_1539303820","geometry":{"type":"LineString","coordinates":[[71.5063541,51.1316785],[71.5058739,51.1315436],[71.5055202,51.1314454]]},"properties":{"osm_way_id":1539303820,"name":"Рақымжан Қошқарбаев даңғылы","name_ru":"проспект Рахимжана Кошкарбаева","name_kk":"Рақымжан Қошқарбаев даңғылы","highway":"secondary","importance_weight":2,"kind":"road","source":"OpenStreetMap contributors","sourceId":"osm-major-roads","source_url":"https://www.openstreetmap.org/way/1539303820"}},{"type":"Feature","id":"osm_way_1539303839","geometry":{"type":"LineString","coordinates":[[71.5055202,51.1314454],[71.5038726,51.1309878]]},"properties":{"osm_way_id":1539303839,"name":"Рақымжан Қошқарбаев даңғылы","name_ru":"проспект Рахимжана Кошкарбаева","name_kk":"Рақымжан Қошқарбаев даңғылы","highway":"secondary","importance_weight":2,"kind":"road","source":"OpenStreetMap contributors","sourceId":"osm-major-roads","source_url":"https://www.openstreetmap.org/way/1539303839"}},{"type":"Feature","id":"osm_way_1539303841","geometry":{"type":"LineString","coordinates":[[71.5038726,51.1309878],[71.5015547,51.1303356],[71.5014718,51.1303123],[71.4992929,51.1296931]]},"properties":{"osm_way_id":1539303841,"name":"Рақымжан Қошқарбаев даңғылы","name_ru":"проспект Рахимжана Кошкарбаева","name_kk":"Рақымжан Қошқарбаев даңғылы","highway":"secondary","importance_weight":2,"kind":"road","source":"OpenStreetMap contributors","sourceId":"osm-major-roads","source_url":"https://www.openstreetmap.org/way/1539303841"}},{"type":"Feature","id":"osm_way_1539303842","geometry":{"type":"LineString","coordinates":[[71.4992929,51.1296931],[71.4987894,51.1295491]]},"properties":{"osm_way_id":1539303842,"name":"Рақымжан Қошқарбаев даңғылы","name_ru":"проспект Рахимжана Кошкарбаева","name_kk":"Рақымжан Қошқарбаев даңғылы","highway":"secondary","importance_weight":2,"kind":"road","source":"OpenStreetMap contributors","sourceId":"osm-major-roads","source_url":"https://www.openstreetmap.org/way/1539303842"}},{"type":"Feature","id":"osm_way_1539303849","geometry":{"type":"LineString","coordinates":[[71.4966108,51.1289386],[71.4961454,51.1288091]]},"properties":{"osm_way_id":1539303849,"name":"Рақымжан Қошқарбаев даңғылы","name_ru":"проспект Рахимжана Кошкарбаева","name_kk":"Рақымжан Қошқарбаев даңғылы","highway":"secondary","importance_weight":2,"kind":"road","source":"OpenStreetMap contributors","sourceId":"osm-major-roads","source_url":"https://www.openstreetmap.org/way/1539303849"}},{"type":"Feature","id":"osm_way_1539303850","geometry":{"type":"LineString","coordinates":[[71.4969371,51.1290335],[71.4966108,51.1289386]]},"properties":{"osm_way_id":1539303850,"name":"Рақымжан Қошқарбаев даңғылы","name_ru":"проспект Рахимжана Кошкарбаева","name_kk":"Рақымжан Қошқарбаев даңғылы","highway":"secondary","importance_weight":2,"kind":"road","source":"OpenStreetMap contributors","sourceId":"osm-major-roads","source_url":"https://www.openstreetmap.org/way/1539303850"}},{"type":"Feature","id":"osm_way_1539303851","geometry":{"type":"LineString","coordinates":[[71.5073131,51.1319451],[71.5063541,51.1316785]]},"properties":{"osm_way_id":1539303851,"name":"Рақымжан Қошқарбаев даңғылы","name_ru":"проспект Рахимжана Кошкарбаева","name_kk":"Рақымжан Қошқарбаев даңғылы","highway":"secondary","importance_weight":2,"kind":"road","source":"OpenStreetMap contributors","sourceId":"osm-major-roads","source_url":"https://www.openstreetmap.org/way/1539303851"}},{"type":"Feature","id":"osm_way_1539729833","geometry":{"type":"LineString","coordinates":[[71.4691391,51.1608037],[71.4685079,51.1610383]]},"properties":{"osm_way_id":1539729833,"name":"Абылай Хан даңғылы","name_ru":"проспект Абылай Хана","name_kk":"Абылай Хан даңғылы","highway":"primary","importance_weight":3,"kind":"road","source":"OpenStreetMap contributors","sourceId":"osm-major-roads","source_url":"https://www.openstreetmap.org/way/1539729833"}},{"type":"Feature","id":"osm_way_1539729841","geometry":{"type":"LineString","coordinates":[[71.566467,51.1357615],[71.5673177,51.1356312],[71.5688144,51.1353828]]},"properties":{"osm_way_id":1539729841,"name":"Астана-Қарағанды тас жолы","name_ru":"трасса Астана-Караганда","name_kk":"Астана-Қарағанды тас жолы","highway":"primary","importance_weight":3,"kind":"road","source":"OpenStreetMap contributors","sourceId":"osm-major-roads","source_url":"https://www.openstreetmap.org/way/1539729841"}},{"type":"Feature","id":"osm_way_1539729845","geometry":{"type":"LineString","coordinates":[[71.5688144,51.1353828],[71.5711265,51.1349951],[71.5716181,51.1349136]]},"properties":{"osm_way_id":1539729845,"name":"Астана-Қарағанды тас жолы","name_ru":"трасса Астана-Караганда","name_kk":null,"highway":"primary","importance_weight":3,"kind":"road","source":"OpenStreetMap contributors","sourceId":"osm-major-roads","source_url":"https://www.openstreetmap.org/way/1539729845"}},{"type":"Feature","id":"osm_way_1539729847","geometry":{"type":"LineString","coordinates":[[71.5589439,51.1363193],[71.5602785,51.1363057],[71.5610989,51.1362765],[71.5618751,51.1362356],[71.5628891,51.1361634],[71.5635792,51.1361011],[71.5641976,51.1360534],[71.5649871,51.1359586],[71.5652075,51.1359326],[71.5657517,51.1358607],[71.566467,51.1357615]]},"properties":{"osm_way_id":1539729847,"name":"Астана-Қарағанды тас жолы","name_ru":"трасса Астана-Караганда","name_kk":"Астана-Қарағанды тас жолы","highway":"primary","importance_weight":3,"kind":"road","source":"OpenStreetMap contributors","sourceId":"osm-major-roads","source_url":"https://www.openstreetmap.org/way/1539729847"}},{"type":"Feature","id":"osm_way_1539729852","geometry":{"type":"LineString","coordinates":[[71.5568184,51.1362988],[71.5578464,51.136316],[71.5579678,51.1363182],[71.5580828,51.1363187],[71.5589439,51.1363193]]},"properties":{"osm_way_id":1539729852,"name":"Астана-Қарағанды тас жолы","name_ru":"трасса Астана-Караганда","name_kk":"Астана-Қарағанды тас жолы","highway":"primary","importance_weight":3,"kind":"road","source":"OpenStreetMap contributors","sourceId":"osm-major-roads","source_url":"https://www.openstreetmap.org/way/1539729852"}},{"type":"Feature","id":"osm_way_1539729853","geometry":{"type":"LineString","coordinates":[[71.5565553,51.136295],[71.5568184,51.1362988]]},"properties":{"osm_way_id":1539729853,"name":"Астана-Қарағанды тас жолы","name_ru":"трасса Астана-Караганда","name_kk":"Астана-Қарағанды тас жолы","highway":"primary","importance_weight":3,"kind":"road","source":"OpenStreetMap contributors","sourceId":"osm-major-roads","source_url":"https://www.openstreetmap.org/way/1539729853"}},{"type":"Feature","id":"osm_way_1539729855","geometry":{"type":"LineString","coordinates":[[71.5539547,51.1362417],[71.5565553,51.136295]]},"properties":{"osm_way_id":1539729855,"name":"Астана-Қарағанды тас жолы","name_ru":"трасса Астана-Караганда","name_kk":"Астана-Қарағанды тас жолы","highway":"primary","importance_weight":3,"kind":"road","source":"OpenStreetMap contributors","sourceId":"osm-major-roads","source_url":"https://www.openstreetmap.org/way/1539729855"}},{"type":"Feature","id":"osm_way_1539729856","geometry":{"type":"LineString","coordinates":[[71.5536635,51.1362328],[71.5539547,51.1362417]]},"properties":{"osm_way_id":1539729856,"name":"Астана-Қарағанды тас жолы","name_ru":"трасса Астана-Караганда","name_kk":"Астана-Қарағанды тас жолы","highway":"primary","importance_weight":3,"kind":"road","source":"OpenStreetMap contributors","sourceId":"osm-major-roads","source_url":"https://www.openstreetmap.org/way/1539729856"}},{"type":"Feature","id":"osm_way_1539729857","geometry":{"type":"LineString","coordinates":[[71.5524975,51.1362103],[71.5536635,51.1362328]]},"properties":{"osm_way_id":1539729857,"name":"Астана-Қарағанды тас жолы","name_ru":"трасса Астана-Караганда","name_kk":"Астана-Қарағанды тас жолы","highway":"primary","importance_weight":3,"kind":"road","source":"OpenStreetMap contributors","sourceId":"osm-major-roads","source_url":"https://www.openstreetmap.org/way/1539729857"}},{"type":"Feature","id":"osm_way_1539729863","geometry":{"type":"LineString","coordinates":[[71.5351075,51.1364459],[71.5344828,51.13661],[71.5334313,51.1368487],[71.5324726,51.1370637],[71.5319007,51.137192],[71.53144,51.1373179]]},"properties":{"osm_way_id":1539729863,"name":"Астана-Қарағанды тас жолы","name_ru":"трасса Астана-Караганда","name_kk":"Астана-Қарағанды тас жолы","highway":"primary","importance_weight":3,"kind":"road","source":"OpenStreetMap contributors","sourceId":"osm-major-roads","source_url":"https://www.openstreetmap.org/way/1539729863"}},{"type":"Feature","id":"osm_way_1539729870","geometry":{"type":"LineString","coordinates":[[71.5396349,51.1358417],[71.5393463,51.1358852],[71.5391001,51.1359135],[71.5388862,51.1359364],[71.5384041,51.1359882],[71.5379803,51.1360213]]},"properties":{"osm_way_id":1539729870,"name":"Астана-Қарағанды тас жолы","name_ru":"трасса Астана-Караганда","name_kk":"Астана-Қарағанды тас жолы","highway":"primary","importance_weight":3,"kind":"road","source":"OpenStreetMap contributors","sourceId":"osm-major-roads","source_url":"https://www.openstreetmap.org/way/1539729870"}},{"type":"Feature","id":"osm_way_1539729871","geometry":{"type":"LineString","coordinates":[[71.5379803,51.1360213],[71.538636,51.1359283],[71.5388856,51.1358968]]},"properties":{"osm_way_id":1539729871,"name":"Астана-Қарағанды тас жолы","name_ru":"трасса Астана-Караганда","name_kk":"Астана-Қарағанды тас жолы","highway":"primary","importance_weight":3,"kind":"road","source":"OpenStreetMap contributors","sourceId":"osm-major-roads","source_url":"https://www.openstreetmap.org/way/1539729871"}},{"type":"Feature","id":"osm_way_1539729872","geometry":{"type":"LineString","coordinates":[[71.5393407,51.1358621],[71.5396349,51.1358417]]},"properties":{"osm_way_id":1539729872,"name":"Астана-Қарағанды тас жолы","name_ru":"трасса Астана-Караганда","name_kk":"Астана-Қарағанды тас жолы","highway":"primary","importance_weight":3,"kind":"road","source":"OpenStreetMap contributors","sourceId":"osm-major-roads","source_url":"https://www.openstreetmap.org/way/1539729872"}},{"type":"Feature","id":"osm_way_1539729882","geometry":{"type":"LineString","coordinates":[[71.5305022,51.1376089],[71.53144,51.1373179]]},"properties":{"osm_way_id":1539729882,"name":"Астана-Қарағанды тас жолы","name_ru":"трасса Астана-Караганда","name_kk":"Астана-Қарағанды тас жолы","highway":"primary","importance_weight":3,"kind":"road","source":"OpenStreetMap contributors","sourceId":"osm-major-roads","source_url":"https://www.openstreetmap.org/way/1539729882"}},{"type":"Feature","id":"osm_way_1539729886","geometry":{"type":"LineString","coordinates":[[71.5257695,51.1393115],[71.5266707,51.1389873],[71.5268304,51.1389256],[71.5282625,51.1383711],[71.5285571,51.138262]]},"properties":{"osm_way_id":1539729886,"name":"Абылай Хан даңғылы","name_ru":"проспект Абылай Хана","name_kk":"Абылай Хан даңғылы","highway":"primary","importance_weight":3,"kind":"road","source":"OpenStreetMap contributors","sourceId":"osm-major-roads","source_url":"https://www.openstreetmap.org/way/1539729886"}},{"type":"Feature","id":"osm_way_1539729887","geometry":{"type":"LineString","coordinates":[[71.5256225,51.1393655],[71.5257695,51.1393115]]},"properties":{"osm_way_id":1539729887,"name":"Абылай Хан даңғылы","name_ru":"проспект Абылай Хана","name_kk":"Абылай Хан даңғылы","highway":"primary","importance_weight":3,"kind":"road","source":"OpenStreetMap contributors","sourceId":"osm-major-roads","source_url":"https://www.openstreetmap.org/way/1539729887"}},{"type":"Feature","id":"osm_way_1539729888","geometry":{"type":"LineString","coordinates":[[71.5255384,51.1393976],[71.5256225,51.1393655]]},"properties":{"osm_way_id":1539729888,"name":"Абылай Хан даңғылы","name_ru":"проспект Абылай Хана","name_kk":"Абылай Хан даңғылы","highway":"primary","importance_weight":3,"kind":"road","source":"OpenStreetMap contributors","sourceId":"osm-major-roads","source_url":"https://www.openstreetmap.org/way/1539729888"}},{"type":"Feature","id":"osm_way_1539729896","geometry":{"type":"LineString","coordinates":[[71.5166687,51.1428319],[71.5160151,51.1430757],[71.5144548,51.1436576]]},"properties":{"osm_way_id":1539729896,"name":"Абылай Хан даңғылы","name_ru":"проспект Абылай Хана","name_kk":"Абылай Хан даңғылы","highway":"primary","importance_weight":3,"kind":"road","source":"OpenStreetMap contributors","sourceId":"osm-major-roads","source_url":"https://www.openstreetmap.org/way/1539729896"}},{"type":"Feature","id":"osm_way_1539729897","geometry":{"type":"LineString","coordinates":[[71.5217993,51.140847],[71.5216397,51.140909],[71.521575,51.1409342]]},"properties":{"osm_way_id":1539729897,"name":"Абылай Хан даңғылы","name_ru":"проспект Абылай Хана","name_kk":"Абылай Хан даңғылы","highway":"primary","importance_weight":3,"kind":"road","source":"OpenStreetMap contributors","sourceId":"osm-major-roads","source_url":"https://www.openstreetmap.org/way/1539729897"}},{"type":"Feature","id":"osm_way_1539729905","geometry":{"type":"LineString","coordinates":[[71.5166687,51.1428319],[71.5168572,51.1427169],[71.5177042,51.1423959],[71.5182278,51.1422323]]},"properties":{"osm_way_id":1539729905,"name":"Абылай Хан даңғылы","name_ru":"проспект Абылай Хана","name_kk":"Абылай Хан даңғылы","highway":"primary","importance_weight":3,"kind":"road","source":"OpenStreetMap contributors","sourceId":"osm-major-roads","source_url":"https://www.openstreetmap.org/way/1539729905"}},{"type":"Feature","id":"osm_way_1539729906","geometry":{"type":"LineString","coordinates":[[71.521575,51.1409342],[71.5210655,51.1411325],[71.5209567,51.1411748],[71.5207305,51.1412618],[71.5192715,51.141828],[71.5182278,51.1422323]]},"properties":{"osm_way_id":1539729906,"name":"Абылай Хан даңғылы","name_ru":"проспект Абылай Хана","name_kk":"Абылай Хан даңғылы","highway":"primary","importance_weight":3,"kind":"road","source":"OpenStreetMap contributors","sourceId":"osm-major-roads","source_url":"https://www.openstreetmap.org/way/1539729906"}},{"type":"Feature","id":"osm_way_1539729907","geometry":{"type":"LineString","coordinates":[[71.5182278,51.1422323],[71.5177627,51.142442],[71.5169282,51.142768],[71.5166687,51.1428319]]},"properties":{"osm_way_id":1539729907,"name":"Абылай Хан даңғылы","name_ru":"проспект Абылай Хана","name_kk":"Абылай Хан даңғылы","highway":"primary","importance_weight":3,"kind":"road","source":"OpenStreetMap contributors","sourceId":"osm-major-roads","source_url":"https://www.openstreetmap.org/way/1539729907"}},{"type":"Feature","id":"osm_way_1539729909","geometry":{"type":"LineString","coordinates":[[71.5062832,51.1467771],[71.5055736,51.1470482]]},"properties":{"osm_way_id":1539729909,"name":"Абылай Хан даңғылы","name_ru":"проспект Абылай Хана","name_kk":"Абылай Хан даңғылы","highway":"primary","importance_weight":3,"kind":"road","source":"OpenStreetMap contributors","sourceId":"osm-major-roads","source_url":"https://www.openstreetmap.org/way/1539729909"}},{"type":"Feature","id":"osm_way_1539729911","geometry":{"type":"LineString","coordinates":[[71.5075398,51.146307],[71.5062832,51.1467771]]},"properties":{"osm_way_id":1539729911,"name":"Абылай Хан даңғылы","name_ru":"проспект Абылай Хана","name_kk":"Абылай Хан даңғылы","highway":"primary","importance_weight":3,"kind":"road","source":"OpenStreetMap contributors","sourceId":"osm-major-roads","source_url":"https://www.openstreetmap.org/way/1539729911"}},{"type":"Feature","id":"osm_way_1539729912","geometry":{"type":"LineString","coordinates":[[71.5079994,51.1461318],[71.5075398,51.146307]]},"properties":{"osm_way_id":1539729912,"name":"Абылай Хан даңғылы","name_ru":"проспект Абылай Хана","name_kk":"Абылай Хан даңғылы","highway":"primary","importance_weight":3,"kind":"road","source":"OpenStreetMap contributors","sourceId":"osm-major-roads","source_url":"https://www.openstreetmap.org/way/1539729912"}},{"type":"Feature","id":"osm_way_1539729916","geometry":{"type":"LineString","coordinates":[[71.5096811,51.1454907],[71.5079994,51.1461318]]},"properties":{"osm_way_id":1539729916,"name":"Абылай Хан даңғылы","name_ru":"проспект Абылай Хана","name_kk":"Абылай Хан даңғылы","highway":"primary","importance_weight":3,"kind":"road","source":"OpenStreetMap contributors","sourceId":"osm-major-roads","source_url":"https://www.openstreetmap.org/way/1539729916"}},{"type":"Feature","id":"osm_way_1539729917","geometry":{"type":"LineString","coordinates":[[71.5125801,51.1443848],[71.5112951,51.1448718],[71.5111055,51.1449442],[71.5109348,51.1450128],[71.5096811,51.1454907]]},"properties":{"osm_way_id":1539729917,"name":"Абылай Хан даңғылы","name_ru":"проспект Абылай Хана","name_kk":"Абылай Хан даңғылы","highway":"primary","importance_weight":3,"kind":"road","source":"OpenStreetMap contributors","sourceId":"osm-major-roads","source_url":"https://www.openstreetmap.org/way/1539729917"}},{"type":"Feature","id":"osm_way_1539729918","geometry":{"type":"LineString","coordinates":[[71.5128575,51.1442745],[71.5125801,51.1443848]]},"properties":{"osm_way_id":1539729918,"name":"Абылай Хан даңғылы","name_ru":"проспект Абылай Хана","name_kk":"Абылай Хан даңғылы","highway":"primary","importance_weight":3,"kind":"road","source":"OpenStreetMap contributors","sourceId":"osm-major-roads","source_url":"https://www.openstreetmap.org/way/1539729918"}},{"type":"Feature","id":"osm_way_1539729919","geometry":{"type":"LineString","coordinates":[[71.5138531,51.1438986],[71.5128575,51.1442745]]},"properties":{"osm_way_id":1539729919,"name":"Абылай Хан даңғылы","name_ru":"проспект Абылай Хана","name_kk":"Абылай Хан даңғылы","highway":"primary","importance_weight":3,"kind":"road","source":"OpenStreetMap contributors","sourceId":"osm-major-roads","source_url":"https://www.openstreetmap.org/way/1539729919"}},{"type":"Feature","id":"osm_way_1539729920","geometry":{"type":"LineString","coordinates":[[71.5144548,51.1436576],[71.5138531,51.1438986]]},"properties":{"osm_way_id":1539729920,"name":"Абылай Хан даңғылы","name_ru":"проспект Абылай Хана","name_kk":"Абылай Хан даңғылы","highway":"primary","importance_weight":3,"kind":"road","source":"OpenStreetMap contributors","sourceId":"osm-major-roads","source_url":"https://www.openstreetmap.org/way/1539729920"}},{"type":"Feature","id":"osm_way_1539729926","geometry":{"type":"LineString","coordinates":[[71.522355,51.1406394],[71.5219182,51.1408025],[71.5217993,51.140847]]},"properties":{"osm_way_id":1539729926,"name":"Абылай Хан даңғылы","name_ru":"проспект Абылай Хана","name_kk":"Абылай Хан даңғылы","highway":"primary","importance_weight":3,"kind":"road","source":"OpenStreetMap contributors","sourceId":"osm-major-roads","source_url":"https://www.openstreetmap.org/way/1539729926"}},{"type":"Feature","id":"osm_way_1539729927","geometry":{"type":"LineString","coordinates":[[71.5226036,51.1405437],[71.522355,51.1406394]]},"properties":{"osm_way_id":1539729927,"name":"Абылай Хан даңғылы","name_ru":"проспект Абылай Хана","name_kk":"Абылай Хан даңғылы","highway":"primary","importance_weight":3,"kind":"road","source":"OpenStreetMap contributors","sourceId":"osm-major-roads","source_url":"https://www.openstreetmap.org/way/1539729927"}},{"type":"Feature","id":"osm_way_1539730014","geometry":{"type":"LineString","coordinates":[[71.4752341,51.1586095],[71.4750779,51.1586659]]},"properties":{"osm_way_id":1539730014,"name":"Абылай Хан даңғылы","name_ru":"проспект Абылай Хана","name_kk":"Абылай Хан даңғылы","highway":"primary","importance_weight":3,"kind":"road","source":"OpenStreetMap contributors","sourceId":"osm-major-roads","source_url":"https://www.openstreetmap.org/way/1539730014"}},{"type":"Feature","id":"osm_way_1539730015","geometry":{"type":"LineString","coordinates":[[71.4750779,51.1586659],[71.4735231,51.1592265],[71.4733847,51.1592764],[71.4732535,51.1593237],[71.4717459,51.1598673]]},"properties":{"osm_way_id":1539730015,"name":"Абылай Хан даңғылы","name_ru":"проспект Абылай Хана","name_kk":"Абылай Хан даңғылы","highway":"primary","importance_weight":3,"kind":"road","source":"OpenStreetMap contributors","sourceId":"osm-major-roads","source_url":"https://www.openstreetmap.org/way/1539730015"}},{"type":"Feature","id":"osm_way_1539730019","geometry":{"type":"LineString","coordinates":[[71.4717459,51.1598673],[71.4710493,51.1601185]]},"properties":{"osm_way_id":1539730019,"name":"Абылай Хан даңғылы","name_ru":"проспект Абылай Хана","name_kk":"Абылай Хан даңғылы","highway":"primary","importance_weight":3,"kind":"road","source":"OpenStreetMap contributors","sourceId":"osm-major-roads","source_url":"https://www.openstreetmap.org/way/1539730019"}},{"type":"Feature","id":"osm_way_1539730020","geometry":{"type":"LineString","coordinates":[[71.4710493,51.1601185],[71.4709361,51.1601593]]},"properties":{"osm_way_id":1539730020,"name":"Абылай Хан даңғылы","name_ru":"проспект Абылай Хана","name_kk":"Абылай Хан даңғылы","highway":"primary","importance_weight":3,"kind":"road","source":"OpenStreetMap contributors","sourceId":"osm-major-roads","source_url":"https://www.openstreetmap.org/way/1539730020"}},{"type":"Feature","id":"osm_way_1539730021","geometry":{"type":"LineString","coordinates":[[71.4709361,51.1601593],[71.4702136,51.1604198]]},"properties":{"osm_way_id":1539730021,"name":"Абылай Хан даңғылы","name_ru":"проспект Абылай Хана","name_kk":"Абылай Хан даңғылы","highway":"primary","importance_weight":3,"kind":"road","source":"OpenStreetMap contributors","sourceId":"osm-major-roads","source_url":"https://www.openstreetmap.org/way/1539730021"}},{"type":"Feature","id":"osm_way_1539730024","geometry":{"type":"LineString","coordinates":[[71.4765354,51.1581403],[71.4754898,51.1585173],[71.4753769,51.158558],[71.4752341,51.1586095]]},"properties":{"osm_way_id":1539730024,"name":"Абылай Хан даңғылы","name_ru":"проспект Абылай Хана","name_kk":"Абылай Хан даңғылы","highway":"primary","importance_weight":3,"kind":"road","source":"OpenStreetMap contributors","sourceId":"osm-major-roads","source_url":"https://www.openstreetmap.org/way/1539730024"}},{"type":"Feature","id":"osm_way_1539730025","geometry":{"type":"LineString","coordinates":[[71.4773307,51.1578535],[71.4765354,51.1581403]]},"properties":{"osm_way_id":1539730025,"name":"Абылай Хан даңғылы","name_ru":"проспект Абылай Хана","name_kk":"Абылай Хан даңғылы","highway":"primary","importance_weight":3,"kind":"road","source":"OpenStreetMap contributors","sourceId":"osm-major-roads","source_url":"https://www.openstreetmap.org/way/1539730025"}},{"type":"Feature","id":"osm_way_1539730026","geometry":{"type":"LineString","coordinates":[[71.4794006,51.1570917],[71.4787436,51.157343],[71.4785091,51.1574326]]},"properties":{"osm_way_id":1539730026,"name":"Абылай Хан даңғылы","name_ru":"проспект Абылай Хана","name_kk":"Абылай Хан даңғылы","highway":"primary","importance_weight":3,"kind":"road","source":"OpenStreetMap contributors","sourceId":"osm-major-roads","source_url":"https://www.openstreetmap.org/way/1539730026"}},{"type":"Feature","id":"osm_way_1539730027","geometry":{"type":"LineString","coordinates":[[71.4801403,51.1568114],[71.4794006,51.1570917]]},"properties":{"osm_way_id":1539730027,"name":"Абылай Хан даңғылы","name_ru":"проспект Абылай Хана","name_kk":"Абылай Хан даңғылы","highway":"primary","importance_weight":3,"kind":"road","source":"OpenStreetMap contributors","sourceId":"osm-major-roads","source_url":"https://www.openstreetmap.org/way/1539730027"}},{"type":"Feature","id":"osm_way_1539730029","geometry":{"type":"LineString","coordinates":[[71.4814119,51.1563227],[71.4801403,51.1568114]]},"properties":{"osm_way_id":1539730029,"name":"Абылай Хан даңғылы","name_ru":"проспект Абылай Хана","name_kk":"Абылай Хан даңғылы","highway":"primary","importance_weight":3,"kind":"road","source":"OpenStreetMap contributors","sourceId":"osm-major-roads","source_url":"https://www.openstreetmap.org/way/1539730029"}},{"type":"Feature","id":"osm_way_1539730030","geometry":{"type":"LineString","coordinates":[[71.4817003,51.1562124],[71.4814119,51.1563227]]},"properties":{"osm_way_id":1539730030,"name":"Абылай Хан даңғылы","name_ru":"проспект Абылай Хана","name_kk":"Абылай Хан даңғылы","highway":"primary","importance_weight":3,"kind":"road","source":"OpenStreetMap contributors","sourceId":"osm-major-roads","source_url":"https://www.openstreetmap.org/way/1539730030"}},{"type":"Feature","id":"osm_way_1539730032","geometry":{"type":"LineString","coordinates":[[71.4824169,51.1559383],[71.4817003,51.1562124]]},"properties":{"osm_way_id":1539730032,"name":"Абылай Хан даңғылы","name_ru":"проспект Абылай Хана","name_kk":"Абылай Хан даңғылы","highway":"primary","importance_weight":3,"kind":"road","source":"OpenStreetMap contributors","sourceId":"osm-major-roads","source_url":"https://www.openstreetmap.org/way/1539730032"}},{"type":"Feature","id":"osm_way_1539730034","geometry":{"type":"LineString","coordinates":[[71.4828292,51.1557807],[71.4824169,51.1559383]]},"properties":{"osm_way_id":1539730034,"name":"Абылай Хан даңғылы","name_ru":"проспект Абылай Хана","name_kk":"Абылай Хан даңғылы","highway":"primary","importance_weight":3,"kind":"road","source":"OpenStreetMap contributors","sourceId":"osm-major-roads","source_url":"https://www.openstreetmap.org/way/1539730034"}},{"type":"Feature","id":"osm_way_1539730035","geometry":{"type":"LineString","coordinates":[[71.4835811,51.1554931],[71.4828292,51.1557807]]},"properties":{"osm_way_id":1539730035,"name":"Абылай Хан даңғылы","name_ru":"проспект Абылай Хана","name_kk":"Абылай Хан даңғылы","highway":"primary","importance_weight":3,"kind":"road","source":"OpenStreetMap contributors","sourceId":"osm-major-roads","source_url":"https://www.openstreetmap.org/way/1539730035"}},{"type":"Feature","id":"osm_way_1539730036","geometry":{"type":"LineString","coordinates":[[71.4845087,51.1551384],[71.4840985,51.1552953],[71.4835811,51.1554931]]},"properties":{"osm_way_id":1539730036,"name":"Абылай Хан даңғылы","name_ru":"проспект Абылай Хана","name_kk":"Абылай Хан даңғылы","highway":"primary","importance_weight":3,"kind":"road","source":"OpenStreetMap contributors","sourceId":"osm-major-roads","source_url":"https://www.openstreetmap.org/way/1539730036"}},{"type":"Feature","id":"osm_way_1539730037","geometry":{"type":"LineString","coordinates":[[71.4854896,51.1547633],[71.4845087,51.1551384]]},"properties":{"osm_way_id":1539730037,"name":"Абылай Хан даңғылы","name_ru":"проспект Абылай Хана","name_kk":"Абылай Хан даңғылы","highway":"primary","importance_weight":3,"kind":"road","source":"OpenStreetMap contributors","sourceId":"osm-major-roads","source_url":"https://www.openstreetmap.org/way/1539730037"}},{"type":"Feature","id":"osm_way_1539730040","geometry":{"type":"LineString","coordinates":[[71.4877761,51.1538889],[71.4863405,51.1544379],[71.4854896,51.1547633]]},"properties":{"osm_way_id":1539730040,"name":"Абылай Хан даңғылы","name_ru":"проспект Абылай Хана","name_kk":"Абылай Хан даңғылы","highway":"primary","importance_weight":3,"kind":"road","source":"OpenStreetMap contributors","sourceId":"osm-major-roads","source_url":"https://www.openstreetmap.org/way/1539730040"}},{"type":"Feature","id":"osm_way_1539730041","geometry":{"type":"LineString","coordinates":[[71.4884104,51.1536464],[71.4877761,51.1538889]]},"properties":{"osm_way_id":1539730041,"name":"Абылай Хан даңғылы","name_ru":"проспект Абылай Хана","name_kk":"Абылай Хан даңғылы","highway":"primary","importance_weight":3,"kind":"road","source":"OpenStreetMap contributors","sourceId":"osm-major-roads","source_url":"https://www.openstreetmap.org/way/1539730041"}},{"type":"Feature","id":"osm_way_1539730042","geometry":{"type":"LineString","coordinates":[[71.4892878,51.1533108],[71.4884104,51.1536464]]},"properties":{"osm_way_id":1539730042,"name":"Абылай Хан даңғылы","name_ru":"проспект Абылай Хана","name_kk":"Абылай Хан даңғылы","highway":"primary","importance_weight":3,"kind":"road","source":"OpenStreetMap contributors","sourceId":"osm-major-roads","source_url":"https://www.openstreetmap.org/way/1539730042"}},{"type":"Feature","id":"osm_way_1539730060","geometry":{"type":"LineString","coordinates":[[71.4957898,51.150813],[71.4944347,51.1513424],[71.4942319,51.1514201]]},"properties":{"osm_way_id":1539730060,"name":"Абылай Хан даңғылы","name_ru":"проспект Абылай Хана","name_kk":"Абылай Хан даңғылы","highway":"primary","importance_weight":3,"kind":"road","source":"OpenStreetMap contributors","sourceId":"osm-major-roads","source_url":"https://www.openstreetmap.org/way/1539730060"}},{"type":"Feature","id":"osm_way_1539730061","geometry":{"type":"LineString","coordinates":[[71.4965349,51.1505226],[71.4957898,51.150813]]},"properties":{"osm_way_id":1539730061,"name":"Абылай Хан даңғылы","name_ru":"проспект Абылай Хана","name_kk":"Абылай Хан даңғылы","highway":"primary","importance_weight":3,"kind":"road","source":"OpenStreetMap contributors","sourceId":"osm-major-roads","source_url":"https://www.openstreetmap.org/way/1539730061"}},{"type":"Feature","id":"osm_way_1539730062","geometry":{"type":"LineString","coordinates":[[71.4967106,51.1504541],[71.4965349,51.1505226]]},"properties":{"osm_way_id":1539730062,"name":"Абылай Хан даңғылы","name_ru":"проспект Абылай Хана","name_kk":"Абылай Хан даңғылы","highway":"primary","importance_weight":3,"kind":"road","source":"OpenStreetMap contributors","sourceId":"osm-major-roads","source_url":"https://www.openstreetmap.org/way/1539730062"}},{"type":"Feature","id":"osm_way_1539730072","geometry":{"type":"LineString","coordinates":[[71.4991555,51.1495243],[71.4984796,51.1497714],[71.4983068,51.1498327]]},"properties":{"osm_way_id":1539730072,"name":"Абылай Хан даңғылы","name_ru":"проспект Абылай Хана","name_kk":"Абылай Хан даңғылы","highway":"primary","importance_weight":3,"kind":"road","source":"OpenStreetMap contributors","sourceId":"osm-major-roads","source_url":"https://www.openstreetmap.org/way/1539730072"}},{"type":"Feature","id":"osm_way_1539730073","geometry":{"type":"LineString","coordinates":[[71.5000787,51.1491597],[71.4991555,51.1495243]]},"properties":{"osm_way_id":1539730073,"name":"Абылай Хан даңғылы","name_ru":"проспект Абылай Хана","name_kk":"Абылай Хан даңғылы","highway":"primary","importance_weight":3,"kind":"road","source":"OpenStreetMap contributors","sourceId":"osm-major-roads","source_url":"https://www.openstreetmap.org/way/1539730073"}},{"type":"Feature","id":"osm_way_1539730074","geometry":{"type":"LineString","coordinates":[[71.5013067,51.1486876],[71.5000787,51.1491597]]},"properties":{"osm_way_id":1539730074,"name":"Абылай Хан даңғылы","name_ru":"проспект Абылай Хана","name_kk":"Абылай Хан даңғылы","highway":"primary","importance_weight":3,"kind":"road","source":"OpenStreetMap contributors","sourceId":"osm-major-roads","source_url":"https://www.openstreetmap.org/way/1539730074"}},{"type":"Feature","id":"osm_way_1539730075","geometry":{"type":"LineString","coordinates":[[71.5025964,51.1482023],[71.5023421,51.1482993]]},"properties":{"osm_way_id":1539730075,"name":"Абылай Хан даңғылы","name_ru":"проспект Абылай Хана","name_kk":"Абылай Хан даңғылы","highway":"primary","importance_weight":3,"kind":"road","source":"OpenStreetMap contributors","sourceId":"osm-major-roads","source_url":"https://www.openstreetmap.org/way/1539730075"}},{"type":"Feature","id":"osm_way_1539730076","geometry":{"type":"LineString","coordinates":[[71.5023421,51.1482993],[71.5013067,51.1486876]]},"properties":{"osm_way_id":1539730076,"name":"Абылай Хан даңғылы","name_ru":"проспект Абылай Хана","name_kk":"Абылай Хан даңғылы","highway":"primary","importance_weight":3,"kind":"road","source":"OpenStreetMap contributors","sourceId":"osm-major-roads","source_url":"https://www.openstreetmap.org/way/1539730076"}},{"type":"Feature","id":"osm_way_1539730077","geometry":{"type":"LineString","coordinates":[[71.5031013,51.1479998],[71.5025964,51.1482023]]},"properties":{"osm_way_id":1539730077,"name":"Абылай Хан даңғылы","name_ru":"проспект Абылай Хана","name_kk":"Абылай Хан даңғылы","highway":"primary","importance_weight":3,"kind":"road","source":"OpenStreetMap contributors","sourceId":"osm-major-roads","source_url":"https://www.openstreetmap.org/way/1539730077"}},{"type":"Feature","id":"osm_way_1539730080","geometry":{"type":"LineString","coordinates":[[71.5050476,51.1472551],[71.5041394,51.1476026]]},"properties":{"osm_way_id":1539730080,"name":"Абылай Хан даңғылы","name_ru":"проспект Абылай Хана","name_kk":"Абылай Хан даңғылы","highway":"primary","importance_weight":3,"kind":"road","source":"OpenStreetMap contributors","sourceId":"osm-major-roads","source_url":"https://www.openstreetmap.org/way/1539730080"}},{"type":"Feature","id":"osm_way_1539960324","geometry":{"type":"LineString","coordinates":[[71.5081149,51.1530074],[71.5079562,51.1530678]]},"properties":{"osm_way_id":1539960324,"name":"Шәкәрім Құдайбердіұлы даңғылы","name_ru":"проспект Шaкaрима Кудайбердыулы","name_kk":"Шәкәрім Құдайбердіұлы даңғылы","highway":"secondary","importance_weight":2,"kind":"road","source":"OpenStreetMap contributors","sourceId":"osm-major-roads","source_url":"https://www.openstreetmap.org/way/1539960324"}},{"type":"Feature","id":"osm_way_1539960325","geometry":{"type":"LineString","coordinates":[[71.5079562,51.1530678],[71.5075309,51.1532297],[71.5069777,51.1534404],[71.5068571,51.1534863],[71.5055638,51.1539788],[71.5049849,51.1541992],[71.5043938,51.1544243],[71.5040498,51.1545534],[71.5031968,51.1548737],[71.5023819,51.1551885],[71.5020481,51.1553175]]},"properties":{"osm_way_id":1539960325,"name":"Шәкәрім Құдайбердіұлы даңғылы","name_ru":"проспект Шaкaрима Кудайбердыулы","name_kk":"Шәкәрім Құдайбердіұлы даңғылы","highway":"secondary","importance_weight":2,"kind":"road","source":"OpenStreetMap contributors","sourceId":"osm-major-roads","source_url":"https://www.openstreetmap.org/way/1539960325"}},{"type":"Feature","id":"osm_way_1540010669","geometry":{"type":"LineString","coordinates":[[71.5017111,51.146637],[71.5030172,51.1469894]]},"properties":{"osm_way_id":1540010669,"name":"Бауыржан Момышұлы даңғылы","name_ru":"проспект Бауыржана Момышулы","name_kk":"Бауыржан Момышұлы даңғылы","highway":"secondary","importance_weight":2,"kind":"road","source":"OpenStreetMap contributors","sourceId":"osm-major-roads","source_url":"https://www.openstreetmap.org/way/1540010669"}},{"type":"Feature","id":"osm_way_1540010670","geometry":{"type":"LineString","coordinates":[[71.5030172,51.1469894],[71.5032435,51.1470787],[71.5033769,51.1471288],[71.5034861,51.1471888],[71.5035625,51.1472576],[71.5037996,51.1475067]]},"properties":{"osm_way_id":1540010670,"name":"Бауыржан Момышұлы даңғылы","name_ru":"проспект Бауыржана Момышулы","name_kk":"Бауыржан Момышұлы даңғылы","highway":"secondary","importance_weight":2,"kind":"road","source":"OpenStreetMap contributors","sourceId":"osm-major-roads","source_url":"https://www.openstreetmap.org/way/1540010670"}},{"type":"Feature","id":"osm_way_1540010671","geometry":{"type":"LineString","coordinates":[[71.4958819,51.1449639],[71.4960846,51.1450174],[71.4967254,51.1451912],[71.4976694,51.1454714]]},"properties":{"osm_way_id":1540010671,"name":"Бауыржан Момышұлы даңғылы","name_ru":"проспект Бауыржана Момышулы","name_kk":"Бауыржан Момышұлы даңғылы","highway":"secondary","importance_weight":2,"kind":"road","source":"OpenStreetMap contributors","sourceId":"osm-major-roads","source_url":"https://www.openstreetmap.org/way/1540010671"}},{"type":"Feature","id":"osm_way_1540010672","geometry":{"type":"LineString","coordinates":[[71.4932439,51.1442147],[71.4952017,51.144772],[71.4956046,51.1448867],[71.4956525,51.1449004],[71.4958819,51.1449639]]},"properties":{"osm_way_id":1540010672,"name":"Бауыржан Момышұлы даңғылы","name_ru":"проспект Бауыржана Момышулы","name_kk":"Бауыржан Момышұлы даңғылы","highway":"secondary","importance_weight":2,"kind":"road","source":"OpenStreetMap contributors","sourceId":"osm-major-roads","source_url":"https://www.openstreetmap.org/way/1540010672"}},{"type":"Feature","id":"osm_way_1540010702","geometry":{"type":"LineString","coordinates":[[71.4976694,51.1454714],[71.4985169,51.1457136],[71.5004271,51.146272]]},"properties":{"osm_way_id":1540010702,"name":"Бауыржан Момышұлы даңғылы","name_ru":"проспект Бауыржана Момышулы","name_kk":"Бауыржан Момышұлы даңғылы","highway":"secondary","importance_weight":2,"kind":"road","source":"OpenStreetMap contributors","sourceId":"osm-major-roads","source_url":"https://www.openstreetmap.org/way/1540010702"}},{"type":"Feature","id":"osm_way_1540010704","geometry":{"type":"LineString","coordinates":[[71.5004271,51.146272],[71.5009678,51.1464272]]},"properties":{"osm_way_id":1540010704,"name":"Бауыржан Момышұлы даңғылы","name_ru":"проспект Бауыржана Момышулы","name_kk":"Бауыржан Момышұлы даңғылы","highway":"secondary","importance_weight":2,"kind":"road","source":"OpenStreetMap contributors","sourceId":"osm-major-roads","source_url":"https://www.openstreetmap.org/way/1540010704"}},{"type":"Feature","id":"osm_way_1540010705","geometry":{"type":"LineString","coordinates":[[71.5009678,51.1464272],[71.5017111,51.146637]]},"properties":{"osm_way_id":1540010705,"name":"Бауыржан Момышұлы даңғылы","name_ru":"проспект Бауыржана Момышулы","name_kk":"Бауыржан Момышұлы даңғылы","highway":"secondary","importance_weight":2,"kind":"road","source":"OpenStreetMap contributors","sourceId":"osm-major-roads","source_url":"https://www.openstreetmap.org/way/1540010705"}},{"type":"Feature","id":"osm_way_1540010738","geometry":{"type":"LineString","coordinates":[[71.4876245,51.1425991],[71.4877599,51.1426466],[71.4882849,51.1427934],[71.489825,51.1432345],[71.4911195,51.1436046]]},"properties":{"osm_way_id":1540010738,"name":"Бауыржан Момышұлы даңғылы","name_ru":"проспект Бауыржана Момышулы","name_kk":"Бауыржан Момышұлы даңғылы","highway":"secondary","importance_weight":2,"kind":"road","source":"OpenStreetMap contributors","sourceId":"osm-major-roads","source_url":"https://www.openstreetmap.org/way/1540010738"}},{"type":"Feature","id":"osm_way_1540024320","geometry":{"type":"LineString","coordinates":[[71.4682968,51.1612583],[71.4681203,51.1611828]]},"properties":{"osm_way_id":1540024320,"name":"Пушкин көшесі","name_ru":"улица Пушкина","name_kk":"Пушкин көшесі","highway":"secondary","importance_weight":2,"kind":"road","source":"OpenStreetMap contributors","sourceId":"osm-major-roads","source_url":"https://www.openstreetmap.org/way/1540024320"}},{"type":"Feature","id":"osm_way_1549054974","geometry":{"type":"LineString","coordinates":[[71.4131388,51.1260621],[71.4130986,51.1258753],[71.4130751,51.1257784],[71.4130405,51.1256241]]},"properties":{"osm_way_id":1549054974,"name":"Қабанбай Батыр даңғылы","name_ru":"проспект Кабанбай Батыра","name_kk":"Қабанбай Батыр даңғылы","highway":"secondary","importance_weight":2,"kind":"road","source":"OpenStreetMap contributors","sourceId":"osm-major-roads","source_url":"https://www.openstreetmap.org/way/1549054974"}},{"type":"Feature","id":"osm_way_1552919713","geometry":{"type":"LineString","coordinates":[[71.4532909,51.206587],[71.4536866,51.2063422],[71.4546771,51.2058923],[71.4547508,51.2058588],[71.4549552,51.205766],[71.4551716,51.2056725],[71.4557979,51.2053938],[71.4573001,51.204698],[71.458259,51.20427],[71.4584795,51.2041774],[71.4601431,51.2035232],[71.4602009,51.2035013],[71.4605604,51.2033651],[71.4612049,51.2031379],[71.4612849,51.2031096],[71.4614905,51.2030365],[71.4617359,51.2029517],[71.4623332,51.2027505],[71.4629904,51.2025293],[71.4630167,51.2025207],[71.4631966,51.2024618],[71.4639789,51.2022057],[71.4652914,51.2017759],[71.4681392,51.2008436],[71.4691482,51.20051],[71.4700394,51.2002171],[71.470116,51.2001919],[71.4703193,51.2001252],[71.4706054,51.2000327],[71.4711417,51.1998593],[71.4719577,51.1995884],[71.4720835,51.1995466],[71.4726369,51.1993629],[71.4736817,51.1990296]]},"properties":{"osm_way_id":1552919713,"name":"191-ші көше","name_ru":"191-я улица","name_kk":null,"highway":"secondary","importance_weight":2,"kind":"road","source":"OpenStreetMap contributors","sourceId":"osm-major-roads","source_url":"https://www.openstreetmap.org/way/1552919713"}},{"type":"Feature","id":"osm_way_1553223447","geometry":{"type":"LineString","coordinates":[[71.4247148,51.1075732],[71.4247538,51.1076811],[71.4249259,51.1081576]]},"properties":{"osm_way_id":1553223447,"name":"Түркістан көшесі","name_ru":"улица Туркестан","name_kk":"Түркістан көшесі","highway":"secondary","importance_weight":2,"kind":"road","source":"OpenStreetMap contributors","sourceId":"osm-major-roads","source_url":"https://www.openstreetmap.org/way/1553223447"}},{"type":"Feature","id":"osm_way_1553223448","geometry":{"type":"LineString","coordinates":[[71.4246079,51.1072773],[71.4246632,51.1074304]]},"properties":{"osm_way_id":1553223448,"name":"Түркістан көшесі","name_ru":"улица Туркестан","name_kk":"Түркістан көшесі","highway":"secondary","importance_weight":2,"kind":"road","source":"OpenStreetMap contributors","sourceId":"osm-major-roads","source_url":"https://www.openstreetmap.org/way/1553223448"}},{"type":"Feature","id":"osm_way_1556583069","geometry":{"type":"LineString","coordinates":[[71.537349,51.1173574],[71.537605,51.1173189]]},"properties":{"osm_way_id":1556583069,"name":"osm_way_1556583069","name_ru":null,"name_kk":null,"highway":"secondary","importance_weight":2,"kind":"road","source":"OpenStreetMap contributors","sourceId":"osm-major-roads","source_url":"https://www.openstreetmap.org/way/1556583069"}},{"type":"Feature","id":"osm_way_1556583071","geometry":{"type":"LineString","coordinates":[[71.5371895,51.1169499],[71.5374498,51.11691]]},"properties":{"osm_way_id":1556583071,"name":"А-91 көшесі","name_ru":"улица А-91","name_kk":null,"highway":"secondary","importance_weight":2,"kind":"road","source":"OpenStreetMap contributors","sourceId":"osm-major-roads","source_url":"https://www.openstreetmap.org/way/1556583071"}},{"type":"Feature","id":"osm_way_1556602746","geometry":{"type":"LineString","coordinates":[[71.5246276,51.1403349],[71.5260231,51.1417754],[71.5269902,51.1427776],[71.5271703,51.1429576],[71.5272801,51.1430716],[71.5277463,51.1435608]]},"properties":{"osm_way_id":1556602746,"name":"Рақымжан Қошқарбаев даңғылы","name_ru":"проспект Рахимжана Кошкарбаева","name_kk":"Рақымжан Қошқарбаев даңғылы","highway":"secondary","importance_weight":2,"kind":"road","source":"OpenStreetMap contributors","sourceId":"osm-major-roads","source_url":"https://www.openstreetmap.org/way/1556602746"}},{"type":"Feature","id":"osm_way_1556602792","geometry":{"type":"LineString","coordinates":[[71.5326791,51.1519949],[71.5337346,51.1530817]]},"properties":{"osm_way_id":1556602792,"name":"Рақымжан Қошқарбаев даңғылы","name_ru":"проспект Рахимжана Кошкарбаева","name_kk":"Рақымжан Қошқарбаев даңғылы","highway":"secondary","importance_weight":2,"kind":"road","source":"OpenStreetMap contributors","sourceId":"osm-major-roads","source_url":"https://www.openstreetmap.org/way/1556602792"}},{"type":"Feature","id":"osm_way_1556602794","geometry":{"type":"LineString","coordinates":[[71.5337346,51.1530817],[71.5338999,51.1532483]]},"properties":{"osm_way_id":1556602794,"name":"Рақымжан Қошқарбаев даңғылы","name_ru":"проспект Рахимжана Кошкарбаева","name_kk":"Рақымжан Қошқарбаев даңғылы","highway":"secondary","importance_weight":2,"kind":"road","source":"OpenStreetMap contributors","sourceId":"osm-major-roads","source_url":"https://www.openstreetmap.org/way/1556602794"}},{"type":"Feature","id":"osm_way_1556602795","geometry":{"type":"LineString","coordinates":[[71.5337185,51.1532521],[71.5335974,51.1531269]]},"properties":{"osm_way_id":1556602795,"name":"Рақымжан Қошқарбаев даңғылы","name_ru":"проспект Рахимжана Кошкарбаева","name_kk":"Рақымжан Қошқарбаев даңғылы","highway":"secondary","importance_weight":2,"kind":"road","source":"OpenStreetMap contributors","sourceId":"osm-major-roads","source_url":"https://www.openstreetmap.org/way/1556602795"}},{"type":"Feature","id":"osm_way_1556602797","geometry":{"type":"LineString","coordinates":[[71.5317794,51.1510705],[71.5326791,51.1519949]]},"properties":{"osm_way_id":1556602797,"name":"Рақымжан Қошқарбаев даңғылы","name_ru":"проспект Рахимжана Кошкарбаева","name_kk":"Рақымжан Қошқарбаев даңғылы","highway":"secondary","importance_weight":2,"kind":"road","source":"OpenStreetMap contributors","sourceId":"osm-major-roads","source_url":"https://www.openstreetmap.org/way/1556602797"}},{"type":"Feature","id":"osm_way_1556602798","geometry":{"type":"LineString","coordinates":[[71.5317975,51.1512664],[71.5312913,51.1507458]]},"properties":{"osm_way_id":1556602798,"name":"Рақымжан Қошқарбаев даңғылы","name_ru":"проспект Рахимжана Кошкарбаева","name_kk":"Рақымжан Қошқарбаев даңғылы","highway":"secondary","importance_weight":2,"kind":"road","source":"OpenStreetMap contributors","sourceId":"osm-major-roads","source_url":"https://www.openstreetmap.org/way/1556602798"}},{"type":"Feature","id":"osm_way_1556602799","geometry":{"type":"LineString","coordinates":[[71.5288869,51.1449525],[71.5290129,51.1449047]]},"properties":{"osm_way_id":1556602799,"name":"osm_way_1556602799","name_ru":null,"name_kk":null,"highway":"secondary","importance_weight":2,"kind":"road","source":"OpenStreetMap contributors","sourceId":"osm-major-roads","source_url":"https://www.openstreetmap.org/way/1556602799"}},{"type":"Feature","id":"osm_way_1556602800","geometry":{"type":"LineString","coordinates":[[71.5306631,51.1498582],[71.5310912,51.1503431],[71.5314217,51.150703]]},"properties":{"osm_way_id":1556602800,"name":"Рақымжан Қошқарбаев даңғылы","name_ru":"проспект Рахимжана Кошкарбаева","name_kk":"Рақымжан Қошқарбаев даңғылы","highway":"secondary","importance_weight":2,"kind":"road","source":"OpenStreetMap contributors","sourceId":"osm-major-roads","source_url":"https://www.openstreetmap.org/way/1556602800"}},{"type":"Feature","id":"osm_way_1556602801","geometry":{"type":"LineString","coordinates":[[71.5314217,51.150703],[71.5317794,51.1510705]]},"properties":{"osm_way_id":1556602801,"name":"Рақымжан Қошқарбаев даңғылы","name_ru":"проспект Рахимжана Кошкарбаева","name_kk":"Рақымжан Қошқарбаев даңғылы","highway":"secondary","importance_weight":2,"kind":"road","source":"OpenStreetMap contributors","sourceId":"osm-major-roads","source_url":"https://www.openstreetmap.org/way/1556602801"}},{"type":"Feature","id":"osm_way_1556602806","geometry":{"type":"LineString","coordinates":[[71.5279751,51.1437983],[71.5288652,51.1447486],[71.5290129,51.1449047],[71.5291403,51.1450395],[71.5293794,51.1453059],[71.529653,51.145647],[71.5298484,51.1459254],[71.5299752,51.1461607],[71.5300728,51.1463928],[71.5301373,51.1466262],[71.5301518,51.1468934],[71.5301474,51.1471801],[71.5300918,51.1476474],[71.5300319,51.1482211],[71.530025,51.1482872],[71.5300126,51.1485479],[71.5300375,51.1487578],[71.5300957,51.1489625],[71.5301809,51.1491685],[71.530316,51.1494097],[71.5305072,51.1496678],[71.5306631,51.1498582]]},"properties":{"osm_way_id":1556602806,"name":"Рақымжан Қошқарбаев даңғылы","name_ru":"проспект Рахимжана Кошкарбаева","name_kk":"Рақымжан Қошқарбаев даңғылы","highway":"secondary","importance_weight":2,"kind":"road","source":"OpenStreetMap contributors","sourceId":"osm-major-roads","source_url":"https://www.openstreetmap.org/way/1556602806"}},{"type":"Feature","id":"osm_way_1556602808","geometry":{"type":"LineString","coordinates":[[71.5277463,51.1435608],[71.5279751,51.1437983]]},"properties":{"osm_way_id":1556602808,"name":"Рақымжан Қошқарбаев даңғылы","name_ru":"проспект Рахимжана Кошкарбаева","name_kk":"Рақымжан Қошқарбаев даңғылы","highway":"secondary","importance_weight":2,"kind":"road","source":"OpenStreetMap contributors","sourceId":"osm-major-roads","source_url":"https://www.openstreetmap.org/way/1556602808"}},{"type":"Feature","id":"osm_way_1556602811","geometry":{"type":"LineString","coordinates":[[71.5239607,51.1396405],[71.5246276,51.1403349]]},"properties":{"osm_way_id":1556602811,"name":"Рақымжан Қошқарбаев даңғылы","name_ru":"проспект Рахимжана Кошкарбаева","name_kk":"Рақымжан Қошқарбаев даңғылы","highway":"secondary","importance_weight":2,"kind":"road","source":"OpenStreetMap contributors","sourceId":"osm-major-roads","source_url":"https://www.openstreetmap.org/way/1556602811"}},{"type":"Feature","id":"osm_way_1556602812","geometry":{"type":"LineString","coordinates":[[71.5219722,51.1375865],[71.5222246,51.1376363],[71.5223989,51.1376464],[71.5225906,51.1376305],[71.5226832,51.1376228],[71.5229059,51.1376144],[71.5231767,51.1376531],[71.523335,51.1377373],[71.5236866,51.1380955],[71.5240778,51.1384941],[71.5248674,51.1392988],[71.5248912,51.1393227],[71.525061,51.139379],[71.5252447,51.139387],[71.5257695,51.1393115]]},"properties":{"osm_way_id":1556602812,"name":"osm_way_1556602812","name_ru":null,"name_kk":null,"highway":"secondary","importance_weight":2,"kind":"road","source":"OpenStreetMap contributors","sourceId":"osm-major-roads","source_url":"https://www.openstreetmap.org/way/1556602812"}},{"type":"Feature","id":"osm_way_1556602813","geometry":{"type":"LineString","coordinates":[[71.5219722,51.1375865],[71.5224838,51.1381194],[71.5239607,51.1396405]]},"properties":{"osm_way_id":1556602813,"name":"Рақымжан Қошқарбаев даңғылы","name_ru":"проспект Рахимжана Кошкарбаева","name_kk":"Рақымжан Қошқарбаев даңғылы","highway":"secondary","importance_weight":2,"kind":"road","source":"OpenStreetMap contributors","sourceId":"osm-major-roads","source_url":"https://www.openstreetmap.org/way/1556602813"}},{"type":"Feature","id":"osm_way_1556608697","geometry":{"type":"LineString","coordinates":[[71.4866868,51.1259765],[71.486841,51.1260282],[71.4870622,51.1261065],[71.4877272,51.126304]]},"properties":{"osm_way_id":1556608697,"name":"osm_way_1556608697","name_ru":null,"name_kk":null,"highway":"secondary","importance_weight":2,"kind":"road","source":"OpenStreetMap contributors","sourceId":"osm-major-roads","source_url":"https://www.openstreetmap.org/way/1556608697"}},{"type":"Feature","id":"osm_way_1556608698","geometry":{"type":"LineString","coordinates":[[71.5207358,51.1362947],[71.5211418,51.1367235]]},"properties":{"osm_way_id":1556608698,"name":"osm_way_1556608698","name_ru":null,"name_kk":null,"highway":"secondary","importance_weight":2,"kind":"road","source":"OpenStreetMap contributors","sourceId":"osm-major-roads","source_url":"https://www.openstreetmap.org/way/1556608698"}},{"type":"Feature","id":"osm_way_1556608699","geometry":{"type":"LineString","coordinates":[[71.5217797,51.1374046],[71.5219722,51.1375865]]},"properties":{"osm_way_id":1556608699,"name":"Рақымжан Қошқарбаев даңғылы","name_ru":"проспект Рахимжана Кошкарбаева","name_kk":"Рақымжан Қошқарбаев даңғылы","highway":"secondary","importance_weight":2,"kind":"road","source":"OpenStreetMap contributors","sourceId":"osm-major-roads","source_url":"https://www.openstreetmap.org/way/1556608699"}},{"type":"Feature","id":"osm_way_1556608700","geometry":{"type":"LineString","coordinates":[[71.5211418,51.1367235],[71.5213722,51.1369588],[71.5214228,51.1370105],[71.5215945,51.1372031],[71.5217797,51.1374046]]},"properties":{"osm_way_id":1556608700,"name":"osm_way_1556608700","name_ru":null,"name_kk":null,"highway":"secondary","importance_weight":2,"kind":"road","source":"OpenStreetMap contributors","sourceId":"osm-major-roads","source_url":"https://www.openstreetmap.org/way/1556608700"}},{"type":"Feature","id":"osm_way_1556608701","geometry":{"type":"LineString","coordinates":[[71.5148444,51.1339809],[71.5175583,51.1347331],[71.5176418,51.1347563],[71.518665,51.1350516],[71.5192958,51.1352761],[71.5196657,51.1354524],[71.5200579,51.1356972],[71.5202984,51.1358723],[71.520541,51.1360892],[71.5207358,51.1362947]]},"properties":{"osm_way_id":1556608701,"name":"osm_way_1556608701","name_ru":null,"name_kk":null,"highway":"secondary","importance_weight":2,"kind":"road","source":"OpenStreetMap contributors","sourceId":"osm-major-roads","source_url":"https://www.openstreetmap.org/way/1556608701"}},{"type":"Feature","id":"osm_way_1556608702","geometry":{"type":"LineString","coordinates":[[71.5143645,51.1338532],[71.5145376,51.1339002],[71.5148444,51.1339809]]},"properties":{"osm_way_id":1556608702,"name":"osm_way_1556608702","name_ru":null,"name_kk":null,"highway":"secondary","importance_weight":2,"kind":"road","source":"OpenStreetMap contributors","sourceId":"osm-major-roads","source_url":"https://www.openstreetmap.org/way/1556608702"}},{"type":"Feature","id":"osm_way_1556608703","geometry":{"type":"LineString","coordinates":[[71.5143645,51.1338532],[71.5143165,51.1339347]]},"properties":{"osm_way_id":1556608703,"name":"Өзбекәлі Жәнібек көшесі","name_ru":"улица Озбек Али Жаныбек","name_kk":null,"highway":"secondary","importance_weight":2,"kind":"road","source":"OpenStreetMap contributors","sourceId":"osm-major-roads","source_url":"https://www.openstreetmap.org/way/1556608703"}},{"type":"Feature","id":"osm_way_1556608706","geometry":{"type":"LineString","coordinates":[[71.513495,51.1336054],[71.5141809,51.1338037],[71.5143645,51.1338532]]},"properties":{"osm_way_id":1556608706,"name":"osm_way_1556608706","name_ru":null,"name_kk":null,"highway":"secondary","importance_weight":2,"kind":"road","source":"OpenStreetMap contributors","sourceId":"osm-major-roads","source_url":"https://www.openstreetmap.org/way/1556608706"}},{"type":"Feature","id":"osm_way_1556608708","geometry":{"type":"LineString","coordinates":[[71.5113085,51.1329687],[71.5118015,51.1331072],[71.513495,51.1336054]]},"properties":{"osm_way_id":1556608708,"name":"osm_way_1556608708","name_ru":null,"name_kk":null,"highway":"secondary","importance_weight":2,"kind":"road","source":"OpenStreetMap contributors","sourceId":"osm-major-roads","source_url":"https://www.openstreetmap.org/way/1556608708"}},{"type":"Feature","id":"osm_way_1556608709","geometry":{"type":"LineString","coordinates":[[71.5094674,51.1325621],[71.5095332,51.1324713]]},"properties":{"osm_way_id":1556608709,"name":"osm_way_1556608709","name_ru":null,"name_kk":null,"highway":"secondary","importance_weight":2,"kind":"road","source":"OpenStreetMap contributors","sourceId":"osm-major-roads","source_url":"https://www.openstreetmap.org/way/1556608709"}},{"type":"Feature","id":"osm_way_1556608710","geometry":{"type":"LineString","coordinates":[[71.506663,51.1316489],[71.5082857,51.1321052],[71.5092783,51.132405],[71.5095332,51.1324713],[71.5097281,51.1325222],[71.5105671,51.1327593],[71.5113085,51.1329687]]},"properties":{"osm_way_id":1556608710,"name":"osm_way_1556608710","name_ru":null,"name_kk":null,"highway":"secondary","importance_weight":2,"kind":"road","source":"OpenStreetMap contributors","sourceId":"osm-major-roads","source_url":"https://www.openstreetmap.org/way/1556608710"}},{"type":"Feature","id":"osm_way_1556608712","geometry":{"type":"LineString","coordinates":[[71.5055202,51.1314454],[71.5055863,51.1313482]]},"properties":{"osm_way_id":1556608712,"name":"Қордай көшесі","name_ru":"улица Кордай","name_kk":null,"highway":"secondary","importance_weight":2,"kind":"road","source":"OpenStreetMap contributors","sourceId":"osm-major-roads","source_url":"https://www.openstreetmap.org/way/1556608712"}},{"type":"Feature","id":"osm_way_1556608713","geometry":{"type":"LineString","coordinates":[[71.5044858,51.1310359],[71.5055863,51.1313482],[71.5059482,51.1314461],[71.506663,51.1316489]]},"properties":{"osm_way_id":1556608713,"name":"osm_way_1556608713","name_ru":null,"name_kk":null,"highway":"secondary","importance_weight":2,"kind":"road","source":"OpenStreetMap contributors","sourceId":"osm-major-roads","source_url":"https://www.openstreetmap.org/way/1556608713"}},{"type":"Feature","id":"osm_way_1556608716","geometry":{"type":"LineString","coordinates":[[71.4983084,51.1292949],[71.5014479,51.1301916],[71.5015371,51.1302171],[71.5044858,51.1310359]]},"properties":{"osm_way_id":1556608716,"name":"osm_way_1556608716","name_ru":null,"name_kk":null,"highway":"secondary","importance_weight":2,"kind":"road","source":"OpenStreetMap contributors","sourceId":"osm-major-roads","source_url":"https://www.openstreetmap.org/way/1556608716"}},{"type":"Feature","id":"osm_way_1556608717","geometry":{"type":"LineString","coordinates":[[71.4960151,51.128661],[71.4968836,51.1289065],[71.4969968,51.1289385],[71.4971503,51.1289805],[71.4972997,51.1290213],[71.4975326,51.1290849],[71.4983084,51.1292949]]},"properties":{"osm_way_id":1556608717,"name":"osm_way_1556608717","name_ru":null,"name_kk":null,"highway":"secondary","importance_weight":2,"kind":"road","source":"OpenStreetMap contributors","sourceId":"osm-major-roads","source_url":"https://www.openstreetmap.org/way/1556608717"}},{"type":"Feature","id":"osm_way_1556608718","geometry":{"type":"LineString","coordinates":[[71.494441,51.128215],[71.4960151,51.128661]]},"properties":{"osm_way_id":1556608718,"name":"osm_way_1556608718","name_ru":null,"name_kk":null,"highway":"secondary","importance_weight":2,"kind":"road","source":"OpenStreetMap contributors","sourceId":"osm-major-roads","source_url":"https://www.openstreetmap.org/way/1556608718"}},{"type":"Feature","id":"osm_way_1556608720","geometry":{"type":"LineString","coordinates":[[71.4914279,51.1273421],[71.494441,51.128215]]},"properties":{"osm_way_id":1556608720,"name":"osm_way_1556608720","name_ru":null,"name_kk":null,"highway":"secondary","importance_weight":2,"kind":"road","source":"OpenStreetMap contributors","sourceId":"osm-major-roads","source_url":"https://www.openstreetmap.org/way/1556608720"}},{"type":"Feature","id":"osm_way_1556608722","geometry":{"type":"LineString","coordinates":[[71.486841,51.1260282],[71.4867428,51.1261527]]},"properties":{"osm_way_id":1556608722,"name":"osm_way_1556608722","name_ru":null,"name_kk":null,"highway":"secondary","importance_weight":2,"kind":"road","source":"OpenStreetMap contributors","sourceId":"osm-major-roads","source_url":"https://www.openstreetmap.org/way/1556608722"}},{"type":"Feature","id":"osm_way_1556608724","geometry":{"type":"LineString","coordinates":[[71.4877272,51.126304],[71.4911461,51.1272604],[71.4912418,51.1272872],[71.4914279,51.1273421]]},"properties":{"osm_way_id":1556608724,"name":"osm_way_1556608724","name_ru":null,"name_kk":null,"highway":"secondary","importance_weight":2,"kind":"road","source":"OpenStreetMap contributors","sourceId":"osm-major-roads","source_url":"https://www.openstreetmap.org/way/1556608724"}},{"type":"Feature","id":"osm_way_1556610645","geometry":{"type":"LineString","coordinates":[[71.5215945,51.1372031],[71.5214576,51.1372441]]},"properties":{"osm_way_id":1556610645,"name":"Төлебаев көшесі","name_ru":"улица Тулебаева","name_kk":null,"highway":"secondary","importance_weight":2,"kind":"road","source":"OpenStreetMap contributors","sourceId":"osm-major-roads","source_url":"https://www.openstreetmap.org/way/1556610645"}},{"type":"Feature","id":"osm_way_1556610646","geometry":{"type":"LineString","coordinates":[[71.5149252,51.1341035],[71.514588,51.1340082],[71.5144858,51.1339804],[71.5143165,51.1339347]]},"properties":{"osm_way_id":1556610646,"name":"Рақымжан Қошқарбаев даңғылы","name_ru":"проспект Рахимжана Кошкарбаева","name_kk":"Рақымжан Қошқарбаев даңғылы","highway":"secondary","importance_weight":2,"kind":"road","source":"OpenStreetMap contributors","sourceId":"osm-major-roads","source_url":"https://www.openstreetmap.org/way/1556610646"}},{"type":"Feature","id":"osm_way_1556610647","geometry":{"type":"LineString","coordinates":[[71.5214576,51.1372441],[71.5212788,51.1370571],[71.5208111,51.1365841],[71.5204207,51.1361815],[71.5201107,51.1359051]]},"properties":{"osm_way_id":1556610647,"name":"Рақымжан Қошқарбаев даңғылы","name_ru":"проспект Рахимжана Кошкарбаева","name_kk":"Рақымжан Қошқарбаев даңғылы","highway":"secondary","importance_weight":2,"kind":"road","source":"OpenStreetMap contributors","sourceId":"osm-major-roads","source_url":"https://www.openstreetmap.org/way/1556610647"}},{"type":"Feature","id":"osm_way_1556611127","geometry":{"type":"LineString","coordinates":[[71.4605471,51.030326],[71.4607418,51.030439]]},"properties":{"osm_way_id":1556611127,"name":"osm_way_1556611127","name_ru":null,"name_kk":null,"highway":"primary","importance_weight":3,"kind":"road","source":"OpenStreetMap contributors","sourceId":"osm-major-roads","source_url":"https://www.openstreetmap.org/way/1556611127"}},{"type":"Feature","id":"osm_way_1556615501","geometry":{"type":"LineString","coordinates":[[71.444848,51.1484944],[71.444692,51.1484882]]},"properties":{"osm_way_id":1556615501,"name":"Мұзафар Әлімбаев көшесі","name_ru":"улица Музафара Алимбаева","name_kk":null,"highway":"secondary","importance_weight":2,"kind":"road","source":"OpenStreetMap contributors","sourceId":"osm-major-roads","source_url":"https://www.openstreetmap.org/way/1556615501"}},{"type":"Feature","id":"osm_way_1556619145","geometry":{"type":"LineString","coordinates":[[71.5038299,51.1477197],[71.5036707,51.1475577],[71.5034055,51.1472925],[71.5033172,51.1472323],[71.5032242,51.1471835],[71.5028576,51.1470682],[71.5010574,51.1465426],[71.500564,51.146398],[71.5004327,51.1463598],[71.4967533,51.1452954],[71.4961001,51.1451161],[71.4960246,51.1450953],[71.4958278,51.1450427],[71.4956005,51.1449835],[71.4941858,51.1445818],[71.4878201,51.1427742],[71.4876935,51.1427383],[71.487561,51.1426911]]},"properties":{"osm_way_id":1556619145,"name":"osm_way_1556619145","name_ru":null,"name_kk":null,"highway":"secondary","importance_weight":2,"kind":"road","source":"OpenStreetMap contributors","sourceId":"osm-major-roads","source_url":"https://www.openstreetmap.org/way/1556619145"}},{"type":"Feature","id":"osm_way_1556619146","geometry":{"type":"LineString","coordinates":[[71.4874341,51.1426465],[71.4872495,51.1425853]]},"properties":{"osm_way_id":1556619146,"name":"osm_way_1556619146","name_ru":null,"name_kk":null,"highway":"secondary","importance_weight":2,"kind":"road","source":"OpenStreetMap contributors","sourceId":"osm-major-roads","source_url":"https://www.openstreetmap.org/way/1556619146"}},{"type":"Feature","id":"osm_way_1556619147","geometry":{"type":"LineString","coordinates":[[71.487561,51.1426911],[71.4874341,51.1426465]]},"properties":{"osm_way_id":1556619147,"name":"osm_way_1556619147","name_ru":null,"name_kk":null,"highway":"secondary","importance_weight":2,"kind":"road","source":"OpenStreetMap contributors","sourceId":"osm-major-roads","source_url":"https://www.openstreetmap.org/way/1556619147"}},{"type":"Feature","id":"osm_way_1556619148","geometry":{"type":"LineString","coordinates":[[71.4876245,51.1425991],[71.487561,51.1426911]]},"properties":{"osm_way_id":1556619148,"name":"Мағжан Жұмабаев даңғылы","name_ru":"проспект Жумабаева","name_kk":"Мағжан Жұмабаев даңғылы","highway":"secondary","importance_weight":2,"kind":"road","source":"OpenStreetMap contributors","sourceId":"osm-major-roads","source_url":"https://www.openstreetmap.org/way/1556619148"}},{"type":"Feature","id":"osm_way_1556619149","geometry":{"type":"LineString","coordinates":[[71.4874341,51.1426465],[71.4874972,51.1425583]]},"properties":{"osm_way_id":1556619149,"name":"Мағжан Жұмабаев даңғылы","name_ru":"проспект Жумабаева","name_kk":"Мағжан Жұмабаев даңғылы","highway":"secondary","importance_weight":2,"kind":"road","source":"OpenStreetMap contributors","sourceId":"osm-major-roads","source_url":"https://www.openstreetmap.org/way/1556619149"}},{"type":"Feature","id":"osm_way_1556619150","geometry":{"type":"LineString","coordinates":[[71.4958278,51.1450427],[71.4958819,51.1449639]]},"properties":{"osm_way_id":1556619150,"name":"Төлебаев көшесі","name_ru":"улица Тулебаева","name_kk":null,"highway":"secondary","importance_weight":2,"kind":"road","source":"OpenStreetMap contributors","sourceId":"osm-major-roads","source_url":"https://www.openstreetmap.org/way/1556619150"}},{"type":"Feature","id":"osm_way_1556621726","geometry":{"type":"LineString","coordinates":[[71.5037996,51.1475067],[71.503963,51.1476693],[71.5041211,51.1478329],[71.5044072,51.1481351]]},"properties":{"osm_way_id":1556621726,"name":"osm_way_1556621726","name_ru":null,"name_kk":null,"highway":"secondary","importance_weight":2,"kind":"road","source":"OpenStreetMap contributors","sourceId":"osm-major-roads","source_url":"https://www.openstreetmap.org/way/1556621726"}},{"type":"Feature","id":"osm_way_1556621728","geometry":{"type":"LineString","coordinates":[[71.5044072,51.1481351],[71.5045027,51.1482266]]},"properties":{"osm_way_id":1556621728,"name":"osm_way_1556621728","name_ru":null,"name_kk":null,"highway":"secondary","importance_weight":2,"kind":"road","source":"OpenStreetMap contributors","sourceId":"osm-major-roads","source_url":"https://www.openstreetmap.org/way/1556621728"}},{"type":"Feature","id":"osm_way_1556621730","geometry":{"type":"LineString","coordinates":[[71.5045027,51.1482266],[71.5053395,51.1491064],[71.5053581,51.149126]]},"properties":{"osm_way_id":1556621730,"name":"osm_way_1556621730","name_ru":null,"name_kk":null,"highway":"secondary","importance_weight":2,"kind":"road","source":"OpenStreetMap contributors","sourceId":"osm-major-roads","source_url":"https://www.openstreetmap.org/way/1556621730"}},{"type":"Feature","id":"osm_way_1556621732","geometry":{"type":"LineString","coordinates":[[71.5053581,51.149126],[71.5054206,51.1491899],[71.505964,51.1497512],[71.5060631,51.1498516],[71.5072973,51.1511267],[71.5074079,51.1512442],[71.5074688,51.1513089],[71.5074961,51.1513382],[71.5080287,51.1518797],[71.5086339,51.152488],[71.5087858,51.152754]]},"properties":{"osm_way_id":1556621732,"name":"osm_way_1556621732","name_ru":null,"name_kk":null,"highway":"secondary","importance_weight":2,"kind":"road","source":"OpenStreetMap contributors","sourceId":"osm-major-roads","source_url":"https://www.openstreetmap.org/way/1556621732"}},{"type":"Feature","id":"osm_way_1556788453","geometry":{"type":"LineString","coordinates":[[71.4674414,51.1200636],[71.4673385,51.12008],[71.4672244,51.1200971]]},"properties":{"osm_way_id":1556788453,"name":"Жұмекен Нәжімеденов көшесі","name_ru":"улица Жумекена Нажимеденова","name_kk":null,"highway":"secondary","importance_weight":2,"kind":"road","source":"OpenStreetMap contributors","sourceId":"osm-major-roads","source_url":"https://www.openstreetmap.org/way/1556788453"}},{"type":"Feature","id":"osm_way_1556788454","geometry":{"type":"LineString","coordinates":[[71.4673984,51.1199677],[71.4674198,51.1200128],[71.4674414,51.1200636]]},"properties":{"osm_way_id":1556788454,"name":"Тәуелсіздік даңғылы","name_ru":"проспект Тауелсиздик","name_kk":"Тәуелсіздік даңғылы","highway":"secondary","importance_weight":2,"kind":"road","source":"OpenStreetMap contributors","sourceId":"osm-major-roads","source_url":"https://www.openstreetmap.org/way/1556788454"}},{"type":"Feature","id":"osm_way_1556788455","geometry":{"type":"LineString","coordinates":[[71.4671845,51.1199992],[71.4672952,51.119982],[71.4673984,51.1199677]]},"properties":{"osm_way_id":1556788455,"name":"Жұмекен Нәжімеденов көшесі","name_ru":"улица Жумекена Нажимеденова","name_kk":null,"highway":"secondary","importance_weight":2,"kind":"road","source":"OpenStreetMap contributors","sourceId":"osm-major-roads","source_url":"https://www.openstreetmap.org/way/1556788455"}},{"type":"Feature","id":"osm_way_1557337040","geometry":{"type":"LineString","coordinates":[[71.3216358,51.1942433],[71.3225147,51.1940286],[71.3235475,51.1937722],[71.3256004,51.1932757],[71.3318876,51.1917394],[71.3340675,51.1912067]]},"properties":{"osm_way_id":1557337040,"name":"Нұрғиса Тілендиев даңғылы","name_ru":"проспект Нургисы Тлендиева","name_kk":"Нұрғиса Тілендиев даңғылы","highway":"primary","importance_weight":3,"kind":"road","source":"OpenStreetMap contributors","sourceId":"osm-major-roads","source_url":"https://www.openstreetmap.org/way/1557337040"}},{"type":"Feature","id":"osm_way_1557366288","geometry":{"type":"LineString","coordinates":[[71.4120353,51.1460459],[71.4123984,51.1460921],[71.4137247,51.1462282],[71.4142015,51.1462779],[71.4149535,51.1463507],[71.4153242,51.146387],[71.416081,51.1464691],[71.4167021,51.1465356],[71.4177461,51.1466351],[71.417931,51.1466531],[71.4193857,51.1467968],[71.4210623,51.1469632],[71.4218971,51.1470399],[71.4220744,51.147055],[71.422279,51.1470744],[71.4225408,51.147107]]},"properties":{"osm_way_id":1557366288,"name":"Қорғалжын тас жолы","name_ru":null,"name_kk":null,"highway":"secondary","importance_weight":2,"kind":"road","source":"OpenStreetMap contributors","sourceId":"osm-major-roads","source_url":"https://www.openstreetmap.org/way/1557366288"}},{"type":"Feature","id":"osm_way_1557366290","geometry":{"type":"LineString","coordinates":[[71.4117286,51.1460068],[71.4120353,51.1460459]]},"properties":{"osm_way_id":1557366290,"name":"Қорғалжын тас жолы","name_ru":null,"name_kk":null,"highway":"primary","importance_weight":3,"kind":"road","source":"OpenStreetMap contributors","sourceId":"osm-major-roads","source_url":"https://www.openstreetmap.org/way/1557366290"}},{"type":"Feature","id":"osm_way_1557366291","geometry":{"type":"LineString","coordinates":[[71.4120353,51.1460459],[71.4120627,51.1461634]]},"properties":{"osm_way_id":1557366291,"name":"Тұран даңғылы","name_ru":"проспект Туран","name_kk":"Тұран даңғылы","highway":"primary","importance_weight":3,"kind":"road","source":"OpenStreetMap contributors","sourceId":"osm-major-roads","source_url":"https://www.openstreetmap.org/way/1557366291"}},{"type":"Feature","id":"osm_way_1557368647","geometry":{"type":"LineString","coordinates":[[71.426505,51.1682729],[71.4265958,51.1679659],[71.426778,51.1673253],[71.4268451,51.1670894],[71.4271115,51.1661018],[71.427224,51.165702],[71.4272752,51.1655125],[71.427339,51.1652873],[71.4275266,51.1646037]]},"properties":{"osm_way_id":1557368647,"name":"Республика даңғылы","name_ru":"проспект Республики","name_kk":"Республика даңғылы","highway":"primary","importance_weight":3,"kind":"road","source":"OpenStreetMap contributors","sourceId":"osm-major-roads","source_url":"https://www.openstreetmap.org/way/1557368647"}},{"type":"Feature","id":"osm_way_1557368651","geometry":{"type":"LineString","coordinates":[[71.4279325,51.1631626],[71.4280056,51.162899],[71.4280619,51.1627022],[71.4282883,51.1619475],[71.4283828,51.1615679],[71.4285625,51.1608988],[71.4285811,51.1608296],[71.4286154,51.1607076],[71.4287097,51.1603723],[71.4291864,51.1586771],[71.4292012,51.1586227],[71.4292291,51.1585199],[71.4294161,51.1578315],[71.4295718,51.1572462],[71.4296773,51.1568498],[71.4298079,51.1563632],[71.4299073,51.1560485],[71.429952,51.1559067],[71.4301126,51.1553886],[71.4302375,51.1551506],[71.4304209,51.1548794]]},"properties":{"osm_way_id":1557368651,"name":"Республика даңғылы","name_ru":"проспект Республики","name_kk":"Республика даңғылы","highway":"primary","importance_weight":3,"kind":"road","source":"OpenStreetMap contributors","sourceId":"osm-major-roads","source_url":"https://www.openstreetmap.org/way/1557368651"}},{"type":"Feature","id":"osm_way_1557368652","geometry":{"type":"LineString","coordinates":[[71.4275266,51.1646037],[71.4276655,51.164136],[71.4277136,51.1639605],[71.4279325,51.1631626]]},"properties":{"osm_way_id":1557368652,"name":"Республика даңғылы","name_ru":"проспект Республики","name_kk":"Республика даңғылы","highway":"primary","importance_weight":3,"kind":"road","source":"OpenStreetMap contributors","sourceId":"osm-major-roads","source_url":"https://www.openstreetmap.org/way/1557368652"}},{"type":"Feature","id":"osm_way_1557368653","geometry":{"type":"LineString","coordinates":[[71.4276775,51.1655675],[71.4274538,51.1655351]]},"properties":{"osm_way_id":1557368653,"name":"Кенесары көшесі","name_ru":"улица Кенесары","name_kk":null,"highway":"secondary","importance_weight":2,"kind":"road","source":"OpenStreetMap contributors","sourceId":"osm-major-roads","source_url":"https://www.openstreetmap.org/way/1557368653"}},{"type":"Feature","id":"osm_way_1557368654","geometry":{"type":"LineString","coordinates":[[71.4274538,51.1655351],[71.4272752,51.1655125]]},"properties":{"osm_way_id":1557368654,"name":"Кенесары көшесі","name_ru":"улица Кенесары","name_kk":null,"highway":"secondary","importance_weight":2,"kind":"road","source":"OpenStreetMap contributors","sourceId":"osm-major-roads","source_url":"https://www.openstreetmap.org/way/1557368654"}},{"type":"Feature","id":"osm_way_1557369221","geometry":{"type":"LineString","coordinates":[[71.4256479,51.1713611],[71.4256811,51.1712415],[71.4260311,51.1699493],[71.4260523,51.1698711],[71.4261619,51.1695082],[71.4262868,51.1690539],[71.4264342,51.168518],[71.4264755,51.1683783],[71.426505,51.1682729]]},"properties":{"osm_way_id":1557369221,"name":"Республика даңғылы","name_ru":"проспект Республики","name_kk":"Республика даңғылы","highway":"primary","importance_weight":3,"kind":"road","source":"OpenStreetMap contributors","sourceId":"osm-major-roads","source_url":"https://www.openstreetmap.org/way/1557369221"}},{"type":"Feature","id":"osm_way_1557369223","geometry":{"type":"LineString","coordinates":[[71.4382909,51.1729297],[71.4380861,51.1729059],[71.4358334,51.1726391],[71.4356821,51.1726203],[71.4354867,51.1725966],[71.4333324,51.1723358],[71.4321687,51.1721978],[71.4308825,51.1720507],[71.4307583,51.1720344],[71.4306445,51.1720218],[71.4285357,51.1717636],[71.427105,51.1716042],[71.4260518,51.1714775],[71.425939,51.1714639],[71.4257756,51.1714431]]},"properties":{"osm_way_id":1557369223,"name":"Сәкен Сейфуллин көшесі","name_ru":"улица Сакена Сейфуллина","name_kk":"Сәкен Сейфуллин көшесі","highway":"secondary","importance_weight":2,"kind":"road","source":"OpenStreetMap contributors","sourceId":"osm-major-roads","source_url":"https://www.openstreetmap.org/way/1557369223"}},{"type":"Feature","id":"osm_way_1557369224","geometry":{"type":"LineString","coordinates":[[71.4257946,51.1713784],[71.4257756,51.1714431]]},"properties":{"osm_way_id":1557369224,"name":"osm_way_1557369224","name_ru":null,"name_kk":null,"highway":"primary","importance_weight":3,"kind":"road","source":"OpenStreetMap contributors","sourceId":"osm-major-roads","source_url":"https://www.openstreetmap.org/way/1557369224"}},{"type":"Feature","id":"osm_way_1557369225","geometry":{"type":"LineString","coordinates":[[71.4256479,51.1713611],[71.4257946,51.1713784]]},"properties":{"osm_way_id":1557369225,"name":"Сәкен Сейфуллин көшесі","name_ru":"улица Сакена Сейфуллина","name_kk":"Сәкен Сейфуллин көшесі","highway":"secondary","importance_weight":2,"kind":"road","source":"OpenStreetMap contributors","sourceId":"osm-major-roads","source_url":"https://www.openstreetmap.org/way/1557369225"}},{"type":"Feature","id":"osm_way_1557376805","geometry":{"type":"LineString","coordinates":[[71.4768801,51.1994313],[71.4766549,51.1993913],[71.4765782,51.1993799],[71.4762332,51.1993285]]},"properties":{"osm_way_id":1557376805,"name":"osm_way_1557376805","name_ru":null,"name_kk":null,"highway":"secondary","importance_weight":2,"kind":"road","source":"OpenStreetMap contributors","sourceId":"osm-major-roads","source_url":"https://www.openstreetmap.org/way/1557376805"}},{"type":"Feature","id":"osm_way_1557376806","geometry":{"type":"LineString","coordinates":[[71.4762332,51.1993285],[71.4755218,51.1992708]]},"properties":{"osm_way_id":1557376806,"name":"osm_way_1557376806","name_ru":null,"name_kk":null,"highway":"secondary","importance_weight":2,"kind":"road","source":"OpenStreetMap contributors","sourceId":"osm-major-roads","source_url":"https://www.openstreetmap.org/way/1557376806"}},{"type":"Feature","id":"osm_way_1557376808","geometry":{"type":"LineString","coordinates":[[71.4755218,51.1992708],[71.4752641,51.1992508],[71.4750064,51.1992308],[71.4748607,51.1992256],[71.4747022,51.1992258],[71.4745123,51.1992329],[71.4744064,51.1992372]]},"properties":{"osm_way_id":1557376808,"name":"osm_way_1557376808","name_ru":null,"name_kk":null,"highway":"secondary","importance_weight":2,"kind":"road","source":"OpenStreetMap contributors","sourceId":"osm-major-roads","source_url":"https://www.openstreetmap.org/way/1557376808"}},{"type":"Feature","id":"osm_way_1557376811","geometry":{"type":"LineString","coordinates":[[71.4742497,51.1989145],[71.4729174,51.1993551],[71.4726273,51.1994728]]},"properties":{"osm_way_id":1557376811,"name":"osm_way_1557376811","name_ru":null,"name_kk":null,"highway":"secondary","importance_weight":2,"kind":"road","source":"OpenStreetMap contributors","sourceId":"osm-major-roads","source_url":"https://www.openstreetmap.org/way/1557376811"}},{"type":"Feature","id":"osm_way_1557376812","geometry":{"type":"LineString","coordinates":[[71.4736817,51.1990296],[71.4742497,51.1989145]]},"properties":{"osm_way_id":1557376812,"name":"osm_way_1557376812","name_ru":null,"name_kk":null,"highway":"secondary","importance_weight":2,"kind":"road","source":"OpenStreetMap contributors","sourceId":"osm-major-roads","source_url":"https://www.openstreetmap.org/way/1557376812"}},{"type":"Feature","id":"osm_way_1557376813","geometry":{"type":"LineString","coordinates":[[71.4726273,51.1994728],[71.4722662,51.1995974],[71.4717626,51.1997661],[71.4713558,51.1999015],[71.4707393,51.2001061],[71.4706688,51.2001295],[71.4704494,51.2002023],[71.4702046,51.2002847],[71.4696457,51.2004687],[71.4688988,51.2007146],[71.4687284,51.2007707],[71.4658196,51.2017297],[71.4652401,51.2019202],[71.463304,51.2025567],[71.4625224,51.2028137],[71.4619059,51.203016],[71.4618286,51.2030413],[71.461583,51.2031219],[71.461371,51.2031977],[71.4605955,51.2034719],[71.4605093,51.2035047],[71.4600342,51.2036854],[71.4593613,51.2039522],[71.4587765,51.2041752],[71.4576061,51.2046666],[71.4558577,51.2054843],[71.4553176,51.2057178],[71.455251,51.205749],[71.4550414,51.2058443],[71.4548293,51.2059388],[71.4541134,51.2062577],[71.4537861,51.2064034],[71.4532909,51.206587]]},"properties":{"osm_way_id":1557376813,"name":"osm_way_1557376813","name_ru":null,"name_kk":null,"highway":"secondary","importance_weight":2,"kind":"road","source":"OpenStreetMap contributors","sourceId":"osm-major-roads","source_url":"https://www.openstreetmap.org/way/1557376813"}},{"type":"Feature","id":"osm_way_1557376817","geometry":{"type":"LineString","coordinates":[[71.4703193,51.2001252],[71.4704494,51.2002023]]},"properties":{"osm_way_id":1557376817,"name":"osm_way_1557376817","name_ru":null,"name_kk":null,"highway":"secondary","importance_weight":2,"kind":"road","source":"OpenStreetMap contributors","sourceId":"osm-major-roads","source_url":"https://www.openstreetmap.org/way/1557376817"}},{"type":"Feature","id":"osm_way_1557376819","geometry":{"type":"LineString","coordinates":[[71.4720835,51.1995466],[71.4726273,51.1994728]]},"properties":{"osm_way_id":1557376819,"name":"osm_way_1557376819","name_ru":null,"name_kk":null,"highway":"secondary","importance_weight":2,"kind":"road","source":"OpenStreetMap contributors","sourceId":"osm-major-roads","source_url":"https://www.openstreetmap.org/way/1557376819"}},{"type":"Feature","id":"osm_way_1557376835","geometry":{"type":"LineString","coordinates":[[71.4614905,51.2030365],[71.461583,51.2031219]]},"properties":{"osm_way_id":1557376835,"name":"С-316 көшесі","name_ru":"улица С316","name_kk":null,"highway":"secondary","importance_weight":2,"kind":"road","source":"OpenStreetMap contributors","sourceId":"osm-major-roads","source_url":"https://www.openstreetmap.org/way/1557376835"}},{"type":"Feature","id":"osm_way_1557376839","geometry":{"type":"LineString","coordinates":[[71.4550414,51.2058443],[71.4549552,51.205766]]},"properties":{"osm_way_id":1557376839,"name":"osm_way_1557376839","name_ru":null,"name_kk":null,"highway":"secondary","importance_weight":2,"kind":"road","source":"OpenStreetMap contributors","sourceId":"osm-major-roads","source_url":"https://www.openstreetmap.org/way/1557376839"}},{"type":"Feature","id":"osm_way_1557379681","geometry":{"type":"LineString","coordinates":[[71.4630214,51.192513],[71.4628562,51.1926308]]},"properties":{"osm_way_id":1557379681,"name":"Михаил Шолохов көшесі","name_ru":"улица Михаила Шолохова","name_kk":null,"highway":"primary","importance_weight":3,"kind":"road","source":"OpenStreetMap contributors","sourceId":"osm-major-roads","source_url":"https://www.openstreetmap.org/way/1557379681"}},{"type":"Feature","id":"osm_way_1557379683","geometry":{"type":"LineString","coordinates":[[71.4561165,51.1828155],[71.456213,51.1829266]]},"properties":{"osm_way_id":1557379683,"name":"osm_way_1557379683","name_ru":null,"name_kk":null,"highway":"secondary","importance_weight":2,"kind":"road","source":"OpenStreetMap contributors","sourceId":"osm-major-roads","source_url":"https://www.openstreetmap.org/way/1557379683"}},{"type":"Feature","id":"osm_way_1557379691","geometry":{"type":"LineString","coordinates":[[71.4687649,51.1787396],[71.4687405,51.1788851]]},"properties":{"osm_way_id":1557379691,"name":"Жаһанша Досмұхамедұлы көшесі","name_ru":"улица Жаханша Досмухамедулы","name_kk":null,"highway":"secondary","importance_weight":2,"kind":"road","source":"OpenStreetMap contributors","sourceId":"osm-major-roads","source_url":"https://www.openstreetmap.org/way/1557379691"}},{"type":"Feature","id":"osm_way_1557379692","geometry":{"type":"LineString","coordinates":[[71.4687405,51.1788851],[71.4685326,51.1788199]]},"properties":{"osm_way_id":1557379692,"name":"osm_way_1557379692","name_ru":null,"name_kk":null,"highway":"secondary","importance_weight":2,"kind":"road","source":"OpenStreetMap contributors","sourceId":"osm-major-roads","source_url":"https://www.openstreetmap.org/way/1557379692"}},{"type":"Feature","id":"osm_way_1557379695","geometry":{"type":"LineString","coordinates":[[71.4777787,51.1754275],[71.4779112,51.1755133]]},"properties":{"osm_way_id":1557379695,"name":"Балочная көшесі","name_ru":"Балочная улица","name_kk":null,"highway":"secondary","importance_weight":2,"kind":"road","source":"OpenStreetMap contributors","sourceId":"osm-major-roads","source_url":"https://www.openstreetmap.org/way/1557379695"}},{"type":"Feature","id":"osm_way_1557382038","geometry":{"type":"LineString","coordinates":[[71.4240065,51.1773094],[71.4240153,51.1771365]]},"properties":{"osm_way_id":1557382038,"name":"Республика даңғылы","name_ru":"проспект Республики","name_kk":"Республика даңғылы","highway":"primary","importance_weight":3,"kind":"road","source":"OpenStreetMap contributors","sourceId":"osm-major-roads","source_url":"https://www.openstreetmap.org/way/1557382038"}},{"type":"Feature","id":"osm_way_1557382039","geometry":{"type":"LineString","coordinates":[[71.4240153,51.1771365],[71.4240677,51.1769567],[71.424416,51.1757679],[71.4245045,51.1754849],[71.4246975,51.1748329],[71.4247803,51.1745568],[71.4247923,51.174517],[71.424831,51.1743918],[71.4248603,51.1742828],[71.4249188,51.1740698]]},"properties":{"osm_way_id":1557382039,"name":"Республика даңғылы","name_ru":"проспект Республики","name_kk":"Республика даңғылы","highway":"primary","importance_weight":3,"kind":"road","source":"OpenStreetMap contributors","sourceId":"osm-major-roads","source_url":"https://www.openstreetmap.org/way/1557382039"}},{"type":"Feature","id":"osm_way_1557382041","geometry":{"type":"LineString","coordinates":[[71.4249188,51.1740698],[71.4250873,51.1734318],[71.4253314,51.1725381],[71.4254079,51.1722362],[71.4255794,51.1716124],[71.4256101,51.1714917],[71.4256299,51.1714255]]},"properties":{"osm_way_id":1557382041,"name":"Республика даңғылы","name_ru":"проспект Республики","name_kk":"Республика даңғылы","highway":"primary","importance_weight":3,"kind":"road","source":"OpenStreetMap contributors","sourceId":"osm-major-roads","source_url":"https://www.openstreetmap.org/way/1557382041"}},{"type":"Feature","id":"osm_way_1557382042","geometry":{"type":"LineString","coordinates":[[71.4257756,51.1714431],[71.4256299,51.1714255]]},"properties":{"osm_way_id":1557382042,"name":"Сәкен Сейфуллин көшесі","name_ru":"улица Сакена Сейфуллина","name_kk":"Сәкен Сейфуллин көшесі","highway":"secondary","importance_weight":2,"kind":"road","source":"OpenStreetMap contributors","sourceId":"osm-major-roads","source_url":"https://www.openstreetmap.org/way/1557382042"}},{"type":"Feature","id":"osm_way_1557382216","geometry":{"type":"LineString","coordinates":[[71.4256299,51.1714255],[71.4256479,51.1713611]]},"properties":{"osm_way_id":1557382216,"name":"Республика даңғылы","name_ru":"проспект Республики","name_kk":"Республика даңғылы","highway":"primary","importance_weight":3,"kind":"road","source":"OpenStreetMap contributors","sourceId":"osm-major-roads","source_url":"https://www.openstreetmap.org/way/1557382216"}},{"type":"Feature","id":"osm_way_1557395907","geometry":{"type":"LineString","coordinates":[[71.4150271,51.1887694],[71.4150251,51.1886609],[71.4151769,51.1881136]]},"properties":{"osm_way_id":1557395907,"name":"osm_way_1557395907","name_ru":null,"name_kk":null,"highway":"secondary","importance_weight":2,"kind":"road","source":"OpenStreetMap contributors","sourceId":"osm-major-roads","source_url":"https://www.openstreetmap.org/way/1557395907"}},{"type":"Feature","id":"osm_way_1557395908","geometry":{"type":"LineString","coordinates":[[71.4179409,51.1787754],[71.4178142,51.1787583]]},"properties":{"osm_way_id":1557395908,"name":"Ықылас Дүкенұлы көшесі","name_ru":"улица Ыкыласа Дукенулы","name_kk":null,"highway":"secondary","importance_weight":2,"kind":"road","source":"OpenStreetMap contributors","sourceId":"osm-major-roads","source_url":"https://www.openstreetmap.org/way/1557395908"}},{"type":"Feature","id":"osm_way_1557395909","geometry":{"type":"LineString","coordinates":[[71.4169464,51.1824239],[71.416827,51.1824109]]},"properties":{"osm_way_id":1557395909,"name":"Мәскеу көшесі","name_ru":"улица Маскеу","name_kk":null,"highway":"secondary","importance_weight":2,"kind":"road","source":"OpenStreetMap contributors","sourceId":"osm-major-roads","source_url":"https://www.openstreetmap.org/way/1557395909"}},{"type":"Feature","id":"osm_way_1557395910","geometry":{"type":"LineString","coordinates":[[71.4166107,51.1830827],[71.4166548,51.1829566]]},"properties":{"osm_way_id":1557395910,"name":"osm_way_1557395910","name_ru":null,"name_kk":null,"highway":"secondary","importance_weight":2,"kind":"road","source":"OpenStreetMap contributors","sourceId":"osm-major-roads","source_url":"https://www.openstreetmap.org/way/1557395910"}},{"type":"Feature","id":"osm_way_1557395911","geometry":{"type":"LineString","coordinates":[[71.4166548,51.1829566],[71.4167595,51.1826358],[71.4167908,51.1825398],[71.416827,51.1824109],[71.416859,51.1822905],[71.4169478,51.1819253],[71.4171902,51.1810222],[71.417263,51.1807503],[71.4173357,51.1804783],[71.4173886,51.1803036],[71.4174072,51.1802419],[71.4176464,51.1793182],[71.4178142,51.1787583],[71.4180151,51.1780194],[71.4181547,51.1774929],[71.4182233,51.177187]]},"properties":{"osm_way_id":1557395911,"name":"osm_way_1557395911","name_ru":null,"name_kk":null,"highway":"secondary","importance_weight":2,"kind":"road","source":"OpenStreetMap contributors","sourceId":"osm-major-roads","source_url":"https://www.openstreetmap.org/way/1557395911"}},{"type":"Feature","id":"osm_way_1557395912","geometry":{"type":"LineString","coordinates":[[71.4161272,51.1848419],[71.4165601,51.1832433],[71.4166107,51.1830827]]},"properties":{"osm_way_id":1557395912,"name":"osm_way_1557395912","name_ru":null,"name_kk":null,"highway":"secondary","importance_weight":2,"kind":"road","source":"OpenStreetMap contributors","sourceId":"osm-major-roads","source_url":"https://www.openstreetmap.org/way/1557395912"}},{"type":"Feature","id":"osm_way_1557395914","geometry":{"type":"LineString","coordinates":[[71.4157585,51.1860886],[71.4158772,51.1861025]]},"properties":{"osm_way_id":1557395914,"name":"Әлия Молдағұлова көшесі","name_ru":"улица Алии Молдагуловой","name_kk":null,"highway":"secondary","importance_weight":2,"kind":"road","source":"OpenStreetMap contributors","sourceId":"osm-major-roads","source_url":"https://www.openstreetmap.org/way/1557395914"}},{"type":"Feature","id":"osm_way_1557395915","geometry":{"type":"LineString","coordinates":[[71.4155286,51.1868995],[71.4156941,51.1863125],[71.4157306,51.1861831],[71.4157585,51.1860886],[71.4157898,51.1859866],[71.4161272,51.1848419]]},"properties":{"osm_way_id":1557395915,"name":"osm_way_1557395915","name_ru":null,"name_kk":null,"highway":"secondary","importance_weight":2,"kind":"road","source":"OpenStreetMap contributors","sourceId":"osm-major-roads","source_url":"https://www.openstreetmap.org/way/1557395915"}},{"type":"Feature","id":"osm_way_1557395916","geometry":{"type":"LineString","coordinates":[[71.4151769,51.1881136],[71.4154394,51.1872076],[71.4155286,51.1868995]]},"properties":{"osm_way_id":1557395916,"name":"osm_way_1557395916","name_ru":null,"name_kk":null,"highway":"secondary","importance_weight":2,"kind":"road","source":"OpenStreetMap contributors","sourceId":"osm-major-roads","source_url":"https://www.openstreetmap.org/way/1557395916"}},{"type":"Feature","id":"osm_way_1559048512","geometry":{"type":"LineString","coordinates":[[71.5144832,51.1125976],[71.5152491,51.1124768],[71.5178599,51.1120652],[71.5182777,51.1119994],[71.51886,51.1119076],[71.5189654,51.1118909],[71.5199846,51.1117302],[71.5206122,51.1116313],[71.5225448,51.1113208],[71.5243196,51.1110476],[71.5264143,51.1107166],[71.5275739,51.1105338],[71.5278379,51.1104922],[71.5282717,51.1104237],[71.5300244,51.1101538]]},"properties":{"osm_way_id":1559048512,"name":"Жұмекен Нәжімеденов көшесі","name_ru":"улица Жумекена Нажимеденова","name_kk":null,"highway":"secondary","importance_weight":2,"kind":"road","source":"OpenStreetMap contributors","sourceId":"osm-major-roads","source_url":"https://www.openstreetmap.org/way/1559048512"}},{"type":"Feature","id":"osm_way_1559064227","geometry":{"type":"LineString","coordinates":[[71.5121564,51.1130875],[71.512103,51.1129669],[71.5120675,51.1128855]]},"properties":{"osm_way_id":1559064227,"name":"А-52 көшесі","name_ru":"улица А-52","name_kk":null,"highway":"secondary","importance_weight":2,"kind":"road","source":"OpenStreetMap contributors","sourceId":"osm-major-roads","source_url":"https://www.openstreetmap.org/way/1559064227"}},{"type":"Feature","id":"osm_way_1559064230","geometry":{"type":"LineString","coordinates":[[71.5123403,51.1128469],[71.5123752,51.1129299],[71.5124165,51.1130489]]},"properties":{"osm_way_id":1559064230,"name":"А-52 көшесі","name_ru":"улица А-52","name_kk":null,"highway":"secondary","importance_weight":2,"kind":"road","source":"OpenStreetMap contributors","sourceId":"osm-major-roads","source_url":"https://www.openstreetmap.org/way/1559064230"}},{"type":"Feature","id":"osm_way_1559064231","geometry":{"type":"LineString","coordinates":[[71.5119331,51.1131232],[71.5114054,51.1132074],[71.5112467,51.1132327],[71.510593,51.1133347],[71.5099959,51.1134278],[71.5098783,51.1134459],[71.5088596,51.1136054],[71.5085181,51.1136588],[71.5083489,51.1136852],[71.5054002,51.1141462],[71.5052488,51.1141699],[71.5047249,51.114253],[71.5035794,51.1144348]]},"properties":{"osm_way_id":1559064231,"name":"Жұмекен Нәжімеденов көшесі","name_ru":"улица Жумекена Нажимеденова","name_kk":"Жұмекен Нәжімеденов көшесі","highway":"secondary","importance_weight":2,"kind":"road","source":"OpenStreetMap contributors","sourceId":"osm-major-roads","source_url":"https://www.openstreetmap.org/way/1559064231"}},{"type":"Feature","id":"osm_way_1559064232","geometry":{"type":"LineString","coordinates":[[71.5126575,51.1130107],[71.5124165,51.1130489],[71.5121564,51.1130875],[71.5119331,51.1131232]]},"properties":{"osm_way_id":1559064232,"name":"Жұмекен Нәжімеденов көшесі","name_ru":"улица Жумекена Нажимеденова","name_kk":"Жұмекен Нәжімеденов көшесі","highway":"secondary","importance_weight":2,"kind":"road","source":"OpenStreetMap contributors","sourceId":"osm-major-roads","source_url":"https://www.openstreetmap.org/way/1559064232"}},{"type":"Feature","id":"osm_way_1559064233","geometry":{"type":"LineString","coordinates":[[71.512625,51.1128905],[71.5130803,51.1128187],[71.5132243,51.112796]]},"properties":{"osm_way_id":1559064233,"name":"Жұмекен Нәжімеденов көшесі","name_ru":"улица Жумекена Нажимеденова","name_kk":null,"highway":"secondary","importance_weight":2,"kind":"road","source":"OpenStreetMap contributors","sourceId":"osm-major-roads","source_url":"https://www.openstreetmap.org/way/1559064233"}},{"type":"Feature","id":"osm_way_1559064234","geometry":{"type":"LineString","coordinates":[[71.5118858,51.1130041],[71.512103,51.1129669],[71.5123752,51.1129299],[71.512625,51.1128905]]},"properties":{"osm_way_id":1559064234,"name":"Жұмекен Нәжімеденов көшесі","name_ru":"улица Жумекена Нажимеденова","name_kk":null,"highway":"secondary","importance_weight":2,"kind":"road","source":"OpenStreetMap contributors","sourceId":"osm-major-roads","source_url":"https://www.openstreetmap.org/way/1559064234"}},{"type":"Feature","id":"osm_way_1559064239","geometry":{"type":"LineString","coordinates":[[71.5132243,51.112796],[71.5144832,51.1125976]]},"properties":{"osm_way_id":1559064239,"name":"Жұмекен Нәжімеденов көшесі","name_ru":"улица Жумекена Нажимеденова","name_kk":null,"highway":"secondary","importance_weight":2,"kind":"road","source":"OpenStreetMap contributors","sourceId":"osm-major-roads","source_url":"https://www.openstreetmap.org/way/1559064239"}},{"type":"Feature","id":"osm_way_1559064240","geometry":{"type":"LineString","coordinates":[[71.5088255,51.1134895],[71.5106936,51.113195],[71.5110042,51.113146],[71.511572,51.1130565],[71.5118858,51.1130041]]},"properties":{"osm_way_id":1559064240,"name":"Жұмекен Нәжімеденов көшесі","name_ru":"улица Жумекена Нажимеденова","name_kk":null,"highway":"secondary","importance_weight":2,"kind":"road","source":"OpenStreetMap contributors","sourceId":"osm-major-roads","source_url":"https://www.openstreetmap.org/way/1559064240"}},{"type":"Feature","id":"osm_way_1559098190","geometry":{"type":"LineString","coordinates":[[71.4734005,51.1190481],[71.4736211,51.1190145]]},"properties":{"osm_way_id":1559098190,"name":"Жұмекен Нәжімеденов көшесі","name_ru":"улица Жумекена Нажимеденова","name_kk":null,"highway":"secondary","importance_weight":2,"kind":"road","source":"OpenStreetMap contributors","sourceId":"osm-major-roads","source_url":"https://www.openstreetmap.org/way/1559098190"}},{"type":"Feature","id":"osm_way_1559098191","geometry":{"type":"LineString","coordinates":[[71.4731424,51.1190874],[71.4734005,51.1190481]]},"properties":{"osm_way_id":1559098191,"name":"Жұмекен Нәжімеденов көшесі","name_ru":"улица Жумекена Нажимеденова","name_kk":null,"highway":"secondary","importance_weight":2,"kind":"road","source":"OpenStreetMap contributors","sourceId":"osm-major-roads","source_url":"https://www.openstreetmap.org/way/1559098191"}},{"type":"Feature","id":"osm_way_1559098192","geometry":{"type":"LineString","coordinates":[[71.4734291,51.1191361],[71.473173,51.1191816]]},"properties":{"osm_way_id":1559098192,"name":"Жұмекен Нәжімеденов көшесі","name_ru":"улица Жумекена Нажимеденова","name_kk":null,"highway":"secondary","importance_weight":2,"kind":"road","source":"OpenStreetMap contributors","sourceId":"osm-major-roads","source_url":"https://www.openstreetmap.org/way/1559098192"}},{"type":"Feature","id":"osm_way_1559098193","geometry":{"type":"LineString","coordinates":[[71.4736573,51.1191003],[71.4734291,51.1191361]]},"properties":{"osm_way_id":1559098193,"name":"Жұмекен Нәжімеденов көшесі","name_ru":"улица Жумекена Нажимеденова","name_kk":null,"highway":"secondary","importance_weight":2,"kind":"road","source":"OpenStreetMap contributors","sourceId":"osm-major-roads","source_url":"https://www.openstreetmap.org/way/1559098193"}},{"type":"Feature","id":"osm_way_1559799731","geometry":{"type":"LineString","coordinates":[[71.4270334,51.1244631],[71.4270292,51.1244521]]},"properties":{"osm_way_id":1559799731,"name":"Ақмешіт көшесі","name_ru":"улица Акмешит","name_kk":"Ақмешіт көшесі","highway":"secondary","importance_weight":2,"kind":"road","source":"OpenStreetMap contributors","sourceId":"osm-major-roads","source_url":"https://www.openstreetmap.org/way/1559799731"}},{"type":"Feature","id":"osm_way_1561041863","geometry":{"type":"LineString","coordinates":[[71.469821,51.1376938],[71.4687655,51.1373905],[71.4680372,51.137192],[71.4671758,51.1369431],[71.467041,51.1369042]]},"properties":{"osm_way_id":1561041863,"name":"Бауыржан Момышұлы даңғылы","name_ru":"проспект Бауыржана Момышулы","name_kk":"Бауыржан Момышұлы даңғылы","highway":"secondary","importance_weight":2,"kind":"road","source":"OpenStreetMap contributors","sourceId":"osm-major-roads","source_url":"https://www.openstreetmap.org/way/1561041863"}},{"type":"Feature","id":"osm_way_1561042938","geometry":{"type":"LineString","coordinates":[[71.470522,51.1274716],[71.4707984,51.127427]]},"properties":{"osm_way_id":1561042938,"name":"Рақымжан Қошқарбаев даңғылы","name_ru":"проспект Рахимжана Кошкарбаева","name_kk":"Рақымжан Қошқарбаев даңғылы","highway":"secondary","importance_weight":2,"kind":"road","source":"OpenStreetMap contributors","sourceId":"osm-major-roads","source_url":"https://www.openstreetmap.org/way/1561042938"}},{"type":"Feature","id":"osm_way_1561042939","geometry":{"type":"LineString","coordinates":[[71.4577261,51.1294565],[71.4580272,51.1294079]]},"properties":{"osm_way_id":1561042939,"name":"Сарайшық көшесі","name_ru":"улица Сарайшык","name_kk":"Сарайшық көшесі","highway":"secondary","importance_weight":2,"kind":"road","source":"OpenStreetMap contributors","sourceId":"osm-major-roads","source_url":"https://www.openstreetmap.org/way/1561042939"}},{"type":"Feature","id":"osm_way_1561042940","geometry":{"type":"LineString","coordinates":[[71.4580941,51.1295628],[71.4578028,51.1296096]]},"properties":{"osm_way_id":1561042940,"name":"Сарайшық көшесі","name_ru":"улица Сарайшык","name_kk":"Сарайшық көшесі","highway":"secondary","importance_weight":2,"kind":"road","source":"OpenStreetMap contributors","sourceId":"osm-major-roads","source_url":"https://www.openstreetmap.org/way/1561042940"}},{"type":"Feature","id":"osm_way_1561042941","geometry":{"type":"LineString","coordinates":[[71.4582639,51.1295363],[71.4583419,51.1297328]]},"properties":{"osm_way_id":1561042941,"name":"Бауыржан Момышұлы даңғылы","name_ru":"проспект Бауыржана Момышулы","name_kk":"Бауыржан Момышұлы даңғылы","highway":"secondary","importance_weight":2,"kind":"road","source":"OpenStreetMap contributors","sourceId":"osm-major-roads","source_url":"https://www.openstreetmap.org/way/1561042941"}},{"type":"Feature","id":"osm_way_1561042942","geometry":{"type":"LineString","coordinates":[[71.458179,51.1297567],[71.4580941,51.1295628]]},"properties":{"osm_way_id":1561042942,"name":"Бауыржан Момышұлы даңғылы","name_ru":null,"name_kk":null,"highway":"secondary","importance_weight":2,"kind":"road","source":"OpenStreetMap contributors","sourceId":"osm-major-roads","source_url":"https://www.openstreetmap.org/way/1561042942"}},{"type":"Feature","id":"osm_way_1561042943","geometry":{"type":"LineString","coordinates":[[71.4708625,51.1275757],[71.4705852,51.1276189]]},"properties":{"osm_way_id":1561042943,"name":"Рақымжан Қошқарбаев даңғылы","name_ru":"проспект Рахимжана Кошкарбаева","name_kk":"Рақымжан Қошқарбаев даңғылы","highway":"secondary","importance_weight":2,"kind":"road","source":"OpenStreetMap contributors","sourceId":"osm-major-roads","source_url":"https://www.openstreetmap.org/way/1561042943"}},{"type":"Feature","id":"osm_way_1561052853","geometry":{"type":"LineString","coordinates":[[71.5085782,51.1135285],[71.5088255,51.1134895]]},"properties":{"osm_way_id":1561052853,"name":"Жұмекен Нәжімеденов көшесі","name_ru":"улица Жумекена Нажимеденова","name_kk":null,"highway":"secondary","importance_weight":2,"kind":"road","source":"OpenStreetMap contributors","sourceId":"osm-major-roads","source_url":"https://www.openstreetmap.org/way/1561052853"}}]}
